{"optimalDistance":944,"benchmark":"A-n45-k6","distanceSequence":[1064.6776410851899,1064.6776410851899,1064.6776410851899,1064.6776410851899,1064.6776410851899,1064.6776410851899,1064.6776410851899,1064.6776410851899,1064.6776410851899,1064.6776410851899,1061.3255740461004,1033.6505060272013,1033.6505060272013,1033.6505060272013,1033.6505060272013,1033.6505060272013,1032.2409518328311,1032.2409518328311,1032.2409518328311,1032.2409518328311,1032.2409518328311,1032.2409518328311,1032.2409518328311,1028.4680845042765,1028.4680845042765,1028.4680845042765,1028.4680845042765,1028.4680845042765,1000.9750735364773,1000.9750735364773,1000.9750735364773,1000.9750735364773,1000.9750735364773,1000.9750735364773,1000.9750735364773,1000.9750735364773,1000.9750735364773,1000.9750735364773,1000.9750735364773,1000.9750735364773,1000.9750735364773,995.7926520135526,995.7926520135526,995.7926520135526,995.7926520135526,995.7926520135526,995.7926520135526,995.7926520135526,995.7926520135526,995.7926520135526,995.7926520135526,995.7926520135526,995.7498608858573,995.7498608858573,992.9629188485584,992.9629188485584,992.9629188485584,992.9629188485584,992.9629188485584,992.392956019548,990.4633380970265,986.8622766001256,986.8622766001256,986.8622766001256,986.8622766001256,986.8622766001256,986.8622766001256,986.8622766001256,986.8622766001256,986.8622766001256,986.8622766001256,986.8622766001256,986.8622766001256,986.8622766001256,986.8622766001256,986.8622766001256,986.8622766001256,986.3570581582009,986.3570581582009,986.3570581582009,986.3570581582009,986.3570581582009,986.3570581582009,986.3570581582009,986.3570581582009,986.3570581582009,986.3570581582009,986.3570581582009,986.3570581582009,986.3570581582009,986.3570581582009,986.3570581582009,983.5053717338163,983.5053717338163,983.5053717338163,983.5053717338163,981.9127736600426,981.9127736600426,981.9127736600426,981.3232722481529,981.3232722481529,979.8175312944854,979.8175312944853,979.8175312944853,979.8175312944853,979.8175312944853,979.8175312944853,979.8175312944853,979.7306741743791,979.7306741743791,979.7306741743791,979.7306741743791,979.7306741743791,979.7306741743791,979.7306741743791,979.7306741743791,979.7306741743791,979.7306741743791,979.7306741743791,976.9675810305038,976.9675810305038,976.9675810305038,976.9675810305038,976.9675810305038,976.9675810305038,976.9675810305038,976.9675810305038,976.462362588579,976.462362588579,976.462362588579,976.462362588579,976.462362588579,976.462362588579,976.462362588579,976.462362588579,976.462362588579,976.462362588579,976.462362588579,976.462362588579,976.462362588579,976.462362588579,976.462362588579,976.462362588579,976.462362588579,976.462362588579,976.462362588579,976.462362588579,976.462362588579,976.462362588579,976.462362588579,976.462362588579,976.462362588579,976.462362588579,973.6106761641944,973.6106761641944,973.6106761641944,973.6106761641944,973.6106761641944,973.6106761641944,973.6106761641944,973.6106761641944,973.6106761641944,973.6106761641944,973.6106761641944,973.6106761641944,973.6106761641944,973.6106761641944,973.6106761641944,973.6106761641944,973.6106761641944,973.6106761641944,973.6106761641944,973.6106761641944,973.6106761641944,973.6106761641944,973.6106761641944,973.6106761641944,973.6106761641944,973.6106761641944,973.6106761641944,973.6106761641944,973.6106761641944,973.6106761641944,973.6106761641944,973.6106761641944,973.6106761641944,973.6106761641944,973.6106761641944,973.6106761641944,973.6106761641944,973.6106761641944,973.6106761641944,973.6106761641944,973.6106761641944,973.6106761641944,973.6106761641944,973.6106761641944,973.6106761641944,973.6106761641944,973.6106761641944,973.6106761641944,973.6106761641944,973.6106761641944,973.6106761641944,973.6106761641944,973.6106761641944,973.6106761641944,973.6106761641944,973.6106761641944,973.6106761641944,973.6106761641944,973.6106761641944,973.6106761641944,973.6106761641944,973.6106761641944,973.6106761641944,973.6106761641944,973.6106761641944,973.6106761641944,973.6106761641944,973.6106761641944,973.6106761641944,973.6106761641944,973.6106761641944,973.6106761641944,973.6106761641944,973.6106761641944,973.6106761641944,973.6106761641944,973.6106761641944,973.6106761641944,973.6106761641944,973.6106761641944,973.6106761641944,973.6106761641944,973.6106761641944,973.6106761641944,973.6106761641944,973.6106761641944,973.6106761641944,973.6106761641944,973.6106761641944,973.6106761641944,973.6106761641944,973.6106761641944,973.6106761641944,973.6106761641944,973.6106761641944,973.6106761641944,973.6106761641944,973.6106761641944,973.6106761641944,973.1054577222696,973.1054577222696,973.1054577222696,973.1054577222696,973.1054577222696,973.1054577222696,973.1054577222696,973.1054577222696,973.1054577222696,973.1054577222696,973.1054577222696,973.1054577222696,973.1054577222696,973.1054577222696,973.1054577222696,973.1054577222696,973.1054577222696,973.1054577222696,973.1054577222696,973.1054577222696,973.1054577222696,973.1054577222696,973.1054577222696,973.1054577222696,973.1054577222696,973.1054577222696,973.1054577222696,973.1054577222696,973.1054577222696,973.1054577222696,973.1054577222696,973.1054577222696,973.1054577222696,973.1054577222696,973.1054577222696,973.1054577222696,973.1054577222696,973.1054577222696,973.1054577222696,973.1054577222696,973.1054577222696,973.1054577222696,973.1054577222696,973.1054577222696,973.1054577222696,973.1054577222696,973.1054577222696,973.1054577222696,973.1054577222696,973.1054577222696,973.1054577222696,973.1054577222696,973.1054577222696,973.1054577222696,973.1054577222696,973.1054577222696,973.1054577222696,973.1054577222696,973.1054577222696,973.1054577222696,973.1054577222696,973.1054577222696,973.1054577222696,973.1054577222696,973.1054577222696,973.1054577222696,973.1054577222696,973.1054577222696,973.1054577222696,973.1054577222696,973.1054577222696,973.1054577222696,973.1054577222696,973.1054577222696,973.1054577222696,973.1054577222696,973.1054577222696,973.1054577222696,973.1054577222696,973.1054577222696,973.1054577222696,973.1054577222696,973.1054577222696,973.1054577222696,973.1054577222696,973.1054577222696,973.1054577222696,973.1054577222696,973.1054577222696,973.1054577222696,973.1054577222696,973.1054577222696,973.1054577222696,973.1054577222696,973.1054577222696,973.1054577222696,973.1054577222696,973.1054577222696,973.1054577222696,973.1054577222696,973.1054577222696,973.1054577222696,973.1054577222696,973.1054577222696,973.1054577222696,973.1054577222696,973.1054577222696,973.1054577222696,973.1054577222696,973.1054577222696,973.1054577222696,973.1054577222696,973.1054577222696,973.1054577222696,973.1054577222696,973.1054577222696,973.1054577222696,973.1054577222696,973.1054577222696,973.1054577222696,973.1054577222696,973.1054577222696,973.1054577222696,973.1054577222696,973.1054577222696,973.1054577222696,973.1054577222696,973.1054577222696,973.1054577222696,973.1054577222696,973.1054577222696,973.1054577222696,973.1054577222696,973.1054577222696,973.1054577222696,973.1054577222696,973.1054577222696,973.1054577222696,973.1054577222696,973.1054577222696,973.1054577222696,973.1054577222696,973.1054577222696,973.1054577222696,973.1054577222696,973.1054577222696,973.1054577222696,973.1054577222696,973.1054577222696,973.1054577222696,973.1054577222696,973.1054577222696,973.1054577222696,973.1054577222696,973.1054577222696,973.1054577222696,973.1054577222696,973.1054577222696,973.1054577222696,973.1054577222696,973.1054577222696,973.1054577222696,973.1054577222696,973.1054577222696,973.1054577222696,973.1054577222696,973.1054577222696,973.1054577222696,973.1054577222696,973.1054577222696,973.1054577222696,973.1054577222696,973.1054577222696,973.1054577222696,973.1054577222696,973.1054577222696,973.1054577222696,973.1054577222696,973.1054577222696,973.1054577222696,973.1054577222696,973.1054577222696,973.1054577222696,973.1054577222696,973.1054577222696,973.1054577222696,973.1054577222696,973.1054577222696,