{"Optimal":944,"benchmark":"A-n45-k6","front":[{"trucks":[[33,21,6,22,34,42,9,11,4],[10,23,17,5,43,37,40,13],[29,8,14,18,19,28],[27,30,44,12,41,31,20,35],[2,45,7,25,38,24],[15,36,32,39,3,26,16]],"fuel":1347.198671397333,"distance":956.5035007408774},{"distance":959.8604056071867,"fuel":1336.22051854311,"trucks":[[33,21,4,11,9,42,34,22,6],[10,23,17,5,43,37,40,13],[29,8,14,18,19,28],[27,30,44,12,41,31,20,35],[2,45,7,25,38,24],[15,36,32,39,3,26,16]]}]}