{"front":[{"distance":990.2383679161801,"fuel":1414.2999113958529,"trucks":[[33,21,6,22,34,42,9,11,4],[45,38,35,20,31,41,12,28],[15,36,2,7,25,27],[30,44,19,18,14],[23,17,5,43,37,40,13,3],[29,8,10,16,26,39,32,24]]},{"fuel":1403.3217585416298,"distance":993.5952727824895,"trucks":[[33,21,4,11,9,42,34,22,6],[45,38,35,20,31,41,12,28],[15,36,2,7,25,27],[30,44,19,18,14],[23,17,5,43,37,40,13,3],[29,8,10,16,26,39,32,24]]}],"Optimal":944,"benchmark":"A-n45-k6"}