{"benchmark":"B-n68-k9","front":[{"trucks":[[28,66,44,47,14,67],[32,5,61,36,48,65],[8,13,60,31,22,55,6,63,15],[43,68,37,33,7,59,11,29,19,25],[50,23,3,42,38,9],[16,57,34,2,53,58,27,62,52],[10,49,35,45,17,46,18,21],[64,20,51,39,12,41,24,54,40],[26,56,4,30]],"fuel":1902.915912823676,"distance":1343.1081260776687}],"Optimal":1272}