{"Optimal":1272,"front":[{"trucks":[[43,68,37,33,7,59,11,29,19,25],[2,57,34,16,32,5,61,36,65],[38,42,3,23,62,52,27],[41,56,24,40,12,4,51],[31,60,45,35,49,10,13,46,17],[28,48,66,44,67,8],[26,64,20,39,54],[47,14,63,15,6,55,22,58,21],[18,53,50,9,30]],"fuel":1902.8208115348948,"distance":1316.5287480659044}],"benchmark":"B-n68-k9"}