{"Optimal":1159,"front":[{"trucks":[[14,45,16,4,52,7,31,10,50,34,3],[47,6,38,51,2,37,49,17],[30,41,40,9,60,42,21,46,36,67],[58,43,12,64,18,33,11,55,27],[8,66,56,61,5,48,26,15,35],[63,57,39,69],[20,23,13,53,44],[29,28,22,68,62,65],[25,59,24,54,19,32]],"distance":1210.3507294075089,"fuel":1724.8411611435781},{"fuel":1724.6326147706718,"trucks":[[14,45,16,4,7,52,31,10,50,34,3],[47,6,38,51,17,49,37,2],[30,41,40,9,60,42,21,46,36,67],[58,43,12,64,33,18,11,55,27],[8,66,56,61,5,48,26,15,35],[63,57,39,69],[20,23,13,53,44],[29,28,22,68,62,65],[25,59,24,54,19,32]],"distance":1213.1338864185113},{"distance":1213.2413029464835,"trucks":[[14,45,16,4,52,7,31,10,50,34,3],[47,6,38,51,17,49,37,2],[30,41,40,9,60,42,21,46,36,67],[58,43,12,64,33,18,11,55,27],[8,66,56,61,5,48,26,15,35],[63,57,39,69],[20,23,13,53,44],[29,28,22,68,62,65],[25,59,24,54,19,32]],"fuel":1723.8646783661975},{"fuel":1716.428813300787,"distance":1213.5112164352433,"trucks":[[67,14,45,16,4,52,7,31,10,50,34,3],[47,6,38,51,17,49,37,2],[30,41,40,9,60,42,21,46,36],[58,43,12,64,18,33,11,55,27],[8,66,56,61,5,48,26,15,35],[63,57,39,69],[20,23,13,53,44],[29,28,22,68,62,65],[25,59,24,54,19,32]]}],"benchmark":"A-n69-k9"}