{"benchmark":"A-n32-k5","Optimal":784,"front":[{"distance":789.257323202798,"fuel":1099.8411706459165,"trucks":[[21,6,26,11,30,16,23,10,9],[7,4,3,24,29,5,12,19,15],[31,17,2,13],[27,8,14,18,20,32,22],[25,28]]}]}