{"optimalDistance":730,"benchmark":"A-n38-k5","distanceSequence":[825.2813030814885,825.2813030814885,825.2813030814885,825.2813030814885,825.2813030814885,825.2813030814885,825.2813030814885,819.6773074547783,796.9224745864292,796.9224745864292,796.9224745864292,796.9224745864292,796.9224745864292,796.9224745864292,796.9224745864292,796.9224745864292,796.9224745864292,796.9224745864292,796.9224745864292,796.9224745864292,796.9224745864292,792.0950362130983,792.0950362130983,792.0950362130983,792.0950362130983,792.0950362130983,792.0950362130983,792.0950362130983,792.0950362130983,792.0950362130983,792.0950362130983,792.0950362130983,792.0950362130983,792.0950362130983,792.0950362130983,792.0950362130983,792.0950362130983,792.0950362130983,792.0950362130983,792.0950362130983,792.0950362130983,792.0950362130983,792.0950362130983,792.0950362130983,792.0950362130983,792.0950362130983,792.0950362130983,792.0950362130983,792.0950362130983,792.0950362130983,792.0950362130983,792.0950362130983,792.0950362130983,792.0950362130983,792.0950362130983,792.0950362130983,792.0950362130983,792.0950362130983,792.0950362130983,792.0950362130983,792.0950362130983,792.0950362130983,792.0950362130983,792.0950362130983,792.0950362130983,792.0950362130983,792.0950362130983,792.0950362130983,792.0950362130983,792.0950362130983,792.0950362130983,792.0950362130983,792.0950362130983,792.0950362130983,792.0950362130983,792.0950362130983,792.0950362130983,792.0950362130983,792.0950362130983,792.0950362130983,792.0950362130983,792.0950362130983,792.0950362130983,792.0950362130983,792.0950362130983,792.0950362130983,792.0950362130983,792.0950362130983,792.0950362130983,792.0950362130983,792.0950362130983,792.0950362130983,792.0950362130983,792.0950362130983,792.0950362130983,792.0950362130983,792.0950362130983,792.0950362130983,792.0950362130983,792.0950362130983,792.0950362130983,792.0950362130983,792.0950362130983,792.0950362130983,792.0950362130983,792.0950362130983,792.0950362130983,792.0950362130983,792.0950362130983,792.0950362130983,792.0950362130983,792.0950362130983,792.0950362130983,792.0950362130983,792.0950362130983,792.0950362130983,792.0950362130983,792.0950362130983,792.0950362130983,792.0950362130983,792.0950362130983,792.0950362130983,792.0950362130983,792.0950362130983,792.0950362130983,792.0950362130983,792.0950362130983,792.0950362130983,792.0950362130983,792.0950362130983,792.0950362130983,792.0950362130983,792.0950362130983,792.0950362130983,792.0950362130983,792.0950362130983,792.0950362130983,792.0950362130983,792.0950362130983,792.0950362130983,792.0950362130983,792.0950362130983,792.0950362130983,792.0950362130983,792.0950362130983,792.0950362130983,792.0950362130983,792.0950362130983,792.0950362130983,792.0950362130983,792.0950362130983,792.0950362130983,792.0950362130983,792.0950362130983,792.0950362130983,792.0950362130983,792.0950362130983,792.0950362130983,792.0950362130983,792.0950362130983,792.0950362130983,792.0950362130983,792.0950362130983,792.0950362130983,792.0950362130983,792.0950362130983,792.0950362130983,792.0950362130983,792.0950362130983,792.0950362130983,792.0950362130983,792.0950362130983,792.0950362130983,792.0950362130983,792.0950362130983,792.0950362130983,792.0950362130983,792.0950362130983,792.0950362130983,792.0950362130983,792.0950362130983,792.0950362130983,792.0950362130983,792.0950362130983,792.0950362130983,792.0950362130983,792.0950362130983,792.0950362130983,792.0950362130983,792.0950362130983,792.0950362130983,792.0950362130983,792.0950362130983,792.0950362130983,792.0950362130983,792.0950362130983,792.0950362130983,792.0950362130983,792.0950362130983,792.0950362130983,792.0950362130983,792.0950362130983,792.0950362130983,792.0950362130983,792.0950362130983,792.0950362130983,792.0950362130983,792.0950362130983,792.0950362130983,792.0950362130983,792.0950362130983,792.0950362130983,792.0950362130983,792.0950362130983,792.0950362130983,792.0950362130983,792.0950362130983,792.0950362130983,792.0950362130983,792.0950362130983,792.0950362130983,792.0950362130983,792.0950362130983,792.0950362130983,792.0950362130983,792.0950362130983,792.0950362130983,792.0950362130983,792.0950362130983,792.0950362130983,792.0950362130983,792.0950362130983,792.0950362130983,792.0950362130983,792.0950362130983,792.0950362130983,792.0950362130983,792.0950362130983,792.0950362130983,792.0950362130983,792.0950362130983,792.0950362130983,792.0950362130983,792.0950362130983,792.0950362130983,792.0950362130983,792.0950362130983,792.0950362130983,792.0950362130983,792.0950362130983,792.0950362130983,792.0950362130983,792.0950362130983,792.0950362130983,792.0950362130983,792.0950362130983,792.0950362130983,792.0950362130983,792.0950362130983,792.0950362130983,791.8531296911004,791.8531296911004,791.8531296911004,791.8531296911004,791.8531296911004,791.8531296911004,791.8531296911004,791.8531296911004,791.8531296911004,791.8531296911004,791.8531296911004,791.8531296911004,791.8531296911004,791.8531296911004,791.8531296911004,791.8531296911004,789.9123070666386,789.9123070666386,789.9123070666386,789.9123070666386,789.9123070666386,789.9123070666386,789.9123070666386,789.9123070666386,789.9123070666386,789.9123070666386,789.9123070666386,789.9123070666386,789.9123070666386,789.9123070666386,789.9123070666386,789.9123070666386,789.9123070666386,789.9123070666386,789.9123070666386,789.9123070666386,789.9123070666386,789.9123070666386,789.9123070666386,789.9123070666386,789.9123070666386,789.9123070666386,789.9123070666386,789.9123070666386,789.9123070666386,789.9123070666386,789.9123070666386,789.9123070666386,789.9123070666386,789.9123070666386,789.9123070666386,789.9123070666386,789.9123070666386,789.9123070666386,789.9123070666386,789.9123070666386,789.9123070666386,789.9123070666386,789.9123070666386,789.9123070666386,789.9123070666386,789.9123070666386,789.9123070666386,789.9123070666386,789.9123070666386,789.9123070666386,789.9123070666386,789.9123070666386,789.9123070666386,789.9123070666386,789.9123070666386,789.9123070666386,789.9123070666386,789.9123070666386,789.9123070666386,789.9123070666386,789.9123070666386,789.9123070666386,789.9123070666386,789.9123070666386,789.9123070666386,789.9123070666386,789.9123070666386,789.9123070666386,789.9123070666386,789.9123070666386,789.9123070666386,789.9123070666386,789.9123070666386,789.9123070666386,789.9123070666386,789.9123070666386,789.9123070666386,789.9123070666386,789.9123070666386,789.9123070666386,789.9123070666386,789.9123070666386,789.9123070666386,789.9123070666386,789.9123070666386,789.9123070666386,789.9123070666386,789.9123070666386,789.9123070666386,789.9123070666386,789.9123070666386,789.9123070666386,788.3003104996956,788.3003104996956,788.3003104996956,788.3003104996956,788.3003104996956,788.3003104996956,788.3003104996956,788.3003104996956,788.3003104996956,788.3003104996956,788.3003104996956,788.3003104996956,788.3003104996956,788.3003104996956,788.3003104996956,788.3003104996956,788.3003104996956,788.3003104996956,788.3003104996956,788.3003104996956,788.3003104996956,788.3003104996956,788.3003104996956,788.3003104996956,788.3003104996956,788.3003104996956,788.3003104996956,788.3003104996956,788.3003104996956,788.3003104996956,788.3003104996956,788.3003104996956,788.3003104996956,788.3003104996956,788.3003104996956,788.3003104996956,788.3003104996956,788.3003104996956,788.3003104996956,788.3003104996956,788.3003104996956,788.3003104996956,788.3003104996956,788.3003104996956,788.3003104996956,788.3003104996956,788.3003104996956,788.3003104996956,788.3003104996956,788.3003104996956,788.3003104996956,788.3003104996956,788.3003104996956,788.3003104996956,788.3003104996956,788.3003104996956,788.3003104996956,788.3003104996956,788.3003104996956,788.3003104996956,788.3003104996956,788.3003104996956,788.3003104996956,788.3003104996956,788.3003104996956,788.3003104996956,788.3003104996956,788.3003104996956,788.3003104996956,788.3003104996956,788.3003104996956,788.3003104996956,