{"optimalDistance":835,"benchmark":"E-n33-k4","fuelSequence":[1264.888806905803,1264.888806905803,1264.888806905803,1264.888806905803,1264.888806905803,1264.888806905803,1264.888806905803,1264.888806905803,1264.888806905803,1264.888806905803,1264.888806905803,1264.888806905803,1264.888806905803,1264.888806905803,1264.888806905803,1264.888806905803,1264.888806905803,1264.888806905803,1264.888806905803,1264.888806905803,1264.888806905803,1264.888806905803,1264.888806905803,1264.888806905803,1264.888806905803,1264.888806905803,1264.888806905803,1264.888806905803,1258.1415639222566,1258.1415639222566,1258.1415639222566,1258.1415639222566,1258.1415639222566,1258.1415639222566,1258.1415639222566,1258.1415639222566,1258.1415639222566,1258.1415639222566,1258.1415639222566,1258.1415639222566,1258.1415639222566,1258.1415639222566,1258.1415639222566,1258.1415639222566,1258.1415639222566,1258.1415639222566,1258.1415639222566,1258.1415639222566,1249.6641636881745,1249.6641636881745,1249.6641636881745,1249.6641636881745,1249.6641636881745,1249.6641636881745,1242.6457449933455,1239.4711603364178,1239.4711603364178,1239.4711603364178,1239.4711603364178,1239.4711603364178,1239.4711603364178,1239.4711603364178,1239.4711603364178,1239.4711603364178,1239.4711603364178,1239.4711603364178,1239.4711603364178,1239.4711603364178,1239.4711603364178,1239.4711603364178,1239.4711603364178,1239.4711603364178,1239.4711603364178,1239.4711603364178,1239.4711603364178,1239.4711603364178,1239.4711603364178,1232.653594564214,1232.653594564214,1232.653594564214,1232.653594564214,1232.653594564214,1232.653594564214,1232.653594564214,1232.653594564214,1232.653594564214,1217.6800744109123,1217.6800744109123,1217.6800744109123,1217.6800744109123,1217.6800744109123,1217.6800744109123,1217.6800744109123,1217.6800744109123,1217.6800744109123,1217.6800744109123,1217.6800744109123,1217.6800744109123,1217.6800744109123,1217.6800744109123,1217.6800744109123,1217.6800744109123,1215.969595966064,1215.969595966064,1215.969595966064,1215.969595966064,1215.969595966064,1215.969595966064,1215.969595966064,1215.969595966064,1215.969595966064,1215.969595966064,1215.969595966064,1214.9576605679313,1214.9576605679313,1214.9576605679313,1214.9576605679313,1214.9576605679313,1214.9576605679313,1214.9576605679313,1214.9576605679313,1214.1210967738944,1214.1210967738944,1214.1210967738944,1214.1210967738944,1214.1210967738944,1214.1210967738944,1210.714792880596,1210.714792880596,1210.714792880596,1210.714792880596,1210.714792880596,1210.714792880596,1210.714792880596,1210.714792880596,1210.714792880596,1210.714792880596,1210.714792880596,1210.714792880596,1210.714792880596,1210.714792880596,1210.714792880596,1210.714792880596,1210.714792880596,1210.714792880596,1210.714792880596,1210.714792880596,1210.714792880596,1210.714792880596,1210.714792880596,1210.3675495400769,1209.8511961959075,1209.8511961959075,1209.8511961959075,1209.8511961959075,1209.8511961959075,1209.8511961959075,1209.8511961959075,1209.8511961959075,1209.8511961959075,1209.8511961959075,1208.7327094842003,1208.7327094842003,1208.7327094842003,1208.7327094842003,1208.7327094842003,1208.7327094842003,1208.7327094842003,1208.7327094842003,1208.7327094842003,1208.7327094842003,1208.7327094842003,1208.7327094842003,1208.7327094842003,1208.7327094842003,1208.326628916202,1208.326628916202,1208.326628916202,1208.326628916202,1208.326628916202,1208.326628916202,1208.326628916202,1208.326628916202,1208.326628916202,1208.326628916202,1208.326628916202,1208.326628916202,1208.326628916202,1208.326628916202,1208.326628916202,1208.326628916202,1208.326628916202,1208.326628916202,1208.326628916202,1208.326628916202,1208.326628916202,1208.326628916202,1208.326628916202,1208.326628916202,1208.326628916202,1208.326628916202,1208.326628916202,1206.9612456467785,1206.9612456467785,1206.9612456467785,1206.9612456467785,1206.9612456467785,1206.9612456467785,1206.9612456467785,1206.9612456467785,1206.9612456467785,1206.9612456467785,1206.9612456467785,1206.9612456467785,1206.9612456467785,1206.9612456467785,1206.9612456467785,1206.9612456467785,1206.9612456467785,1206.9612456467785,1206.9612456467785,1206.9612456467785,1206.9612456467785,1206.9612456467785,1206.9612456467785,1206.9612456467785,1206.9612456467785,1206.9612456467785,1206.9612456467785,1201.260926523566,1201.260926523566,1201.260926523566,1201.260926523566,1201.260926523566,1201.260926523566,1201.260926523566,1201.260926523566,1201.260926523566,1201.260926523566,1201.260926523566,1201.260926523566,1201.260926523566,1201.260926523566,1201.260926523566,1201.260926523566,1201.260926523566,1201.260926523566,1201.260926523566,1201.260926523566,1201.260926523566,1201.260926523566,1201.260926523566,1201.260926523566,1201.260926523566,1201.260926523566,1201.260926523566,1201.260926523566,1201.260926523566,1201.260926523566,1201.260926523566,1201.260926523566,1201.260926523566,1201.260926523566,1201.260926523566,1201.260926523566,1201.260926523566,1201.260926523566,1201.260926523566,1201.260926523566,1201.260926523566,1201.260926523566,1201.260926523566,1201.260926523566,1201.260926523566,1201.260926523566,1201.260926523566,1201.260926523566,1201.260926523566,1201.260926523566,1201.260926523566,1201.260926523566,1201.260926523566,1201.260926523566,1201.260926523566,1201.260926523566,1201.260926523566,1201.260926523566,1201.260926523566,1201.260926523566,1201.260926523566,1201.260926523566,1201.260926523566,1201.260926523566,1201.260926523566,1201.260926523566,1201.260926523566,1201.260926523566,1201.260926523566,1201.260926523566,1201.260926523566,1201.260926523566,1201.260926523566,1201.260926523566,1201.260926523566,1201.260926523566,1201.260926523566,1201.260926523566,1201.260926523566,1201.260926523566,1201.260926523566,1201.260926523566,1201.260926523566,1201.260926523566,1201.260926523566,1201.260926523566,1201.260926523566,1201.260926523566,1201.260926523566,1201.260926523566,1201.260926523566,1201.260926523566,1201.260926523566,1201.260926523566,1201.260926523566,1201.260926523566,1201.260926523566,1201.260926523566,1201.260926523566,1201.260926523566,1201.260926523566,1201.260926523566,1201.260926523566,1201.260926523566,1201.260926523566,1201.260926523566,1201.260926523566,1201.260926523566,1201.260926523566,1201.260926523566,1201.260926523566,1201.260926523566,1201.260926523566,1201.260926523566,1201.260926523566,1201.260926523566,1201.260926523566,1201.260926523566,1201.260926523566,1201.260926523566,1201.260926523566,1201.260926523566,1201.260926523566,1201.260926523566,1201.260926523566,1201.260926523566,1201.260926523566,1201.260926523566,1201.260926523566,1201.260926523566,1201.260926523566,1201.260926523566,1201.260926523566,1201.260926523566,1201.260926523566,1201.260926523566,1201.260926523566,1201.260926523566,1201.260926523566,1201.260926523566,1201.260926523566,1201.260926523566,1201.260926523566,1201.260926523566,1201.260926523566,1201.260926523566,1201.260926523566,1201.260926523566,1201.260926523566,1201.260926523566,1201.260926523566,1201.260926523566,1201.260926523566,1201.260926523566,1201.260926523566,1201.260926523566,1201.260926523566,1201.260926523566,1201.260926523566,1201.260926523566,1201.260926523566,1201.260926523566,1201.260926523566,1201.260926523566,1201.260926523566,1201.260926523566,1201.260926523566,1201.260926523566,1201.260926523566,1201.260926523566,1201.260926523566,1201.260926523566,1201.260926523566,1201.260926523566,1201.260926523566,1201.260926523566,1197.5073792897485,1197.5073792897485,1197.5073792897485,1197.5073792897485,1197.5073792897485,1197.5073792897485,1197.5073792897485,1197.5073792897485,1197.5073792897485,1197.5073792897485,1197.5073792897485,1197.5073792897485,1197.5073792897485,1197.5073792897485,1197.5073792897485,1197.5073792897485,1197.5073792897485,1197.5073792897485,1197.5073792897485,1197.5073792897485,1197.5073792897485,1197.5073792897485,1197.5073792897485,1197.5073792897485,1197.5073792897485,1197.5073792897485,1197.5073792897485,