{"front":[{"trucks":[[18,38,45,16,46,34,40,11,31,35,51,22,30],[47,13,15,26,25,44,8,24,7],[28,49,9,27,32,29,4,37,36,21],[12,39,6,50,10,17,3,23,2,33],[19,14,42,41,20,43,5,48]],"distance":554.6593434879419,"fuel":797.2651050284842},{"distance":557.3511790341856,"fuel":788.9895050622754,"trucks":[[18,38,45,16,46,34,40,11,31,35,51,22,30],[47,13,15,26,25,44,8,24,7],[28,49,9,27,32,29,4,37,36,21],[12,39,6,50,10,17,3,23,2,33],[48,19,14,42,41,20,43,5]]}],"benchmark":"E-n51-k5","Optimal":521}