{"benchmark":"E-n51-k5","Optimal":521,"front":[{"trucks":[[49,9,27,32,29,4,37,36,21,30,22,2],[6,50,11,40,31,35,51,17,10,39],[5,14,42,41,20,43,45,46,34,16,38,18],[47,12,3,23,33,28,24,8,44,25,7],[13,48,19,26,15]],"distance":569.011096308229,"fuel":821.6439850480951}]}