{"front":[{"trucks":[[7,24,8,44,25,15,26,14,41,20],[38,45,16,46,34,40,11,31,35,51,22,30],[28,49,9,27,32,29,4,37,36,21,47],[12,39,6,50,10,17,3,23,2,33],[48,19,5,42,43,18,13]],"distance":572.9203024064525,"fuel":813.0013401230735},{"trucks":[[7,24,8,44,25,15,26,14,41],[38,45,16,46,34,40,11,31,35,51,22,30],[28,49,9,27,32,29,4,37,36,21,47],[12,39,6,50,10,17,3,23,2,33],[48,19,5,42,20,43,18,13]],"distance":573.0915389535609,"fuel":809.4072757222392},{"fuel":808.1223729649959,"trucks":[[7,24,8,44,25,15,26,14,41,20],[38,45,16,46,34,40,11,31,35,51,22,30],[28,49,9,27,32,29,4,37,36,21,47],[12,39,6,50,10,17,3,23,2,33],[13,48,19,5,42,43,18]],"distance":576.9001399742319},{"trucks":[[7,24,8,44,25,15,26,14,41,20],[38,45,16,46,34,40,11,31,35,51,22,30],[28,49,9,27,32,29,4,37,36,21],[12,39,6,50,10,17,3,23,2,33],[47,13,48,19,5,42,43,18]],"distance":576.9582745807596,"fuel":805.783749225763}],"benchmark":"E-n51-k5","Optimal":521}