{"front":[{"distance":545.6632145644996,"fuel":772.8886440683033,"trucks":[[18,38,45,16,46,34,40,11,31,35,51,22,30],[19,26,14,42,41,20,43,5],[28,49,9,27,8,24,44,25,15,7],[48,13,6,39,50,10,17,12,47],[33,3,21,36,37,4,29,32,23,2]]},{"distance":547.3146634528085,"fuel":772.1682820078763,"trucks":[[38,45,16,46,34,40,11,31,35,51,22,30],[19,26,14,42,41,20,43,18,5],[28,49,9,27,8,24,44,25,15,7],[48,13,6,39,50,10,17,12,47],[33,3,21,36,37,4,29,32,23,2]]}],"benchmark":"E-n51-k5","Optimal":521}