{"benchmark":"A-n37-k6","front":[{"distance":984.840822022754,"trucks":[[11,12,13,23,24,29,3,34,6,2],[17,26,36,28],[19,5,27,31,16,33],[21,9,4,10,22,20],[7,32,35,18,14],[25,8,15,37,30]],"fuel":1411.0923613761076},{"fuel":1403.4235297536613,"trucks":[[5,22,10,34,3,29,24,23,13],[18,35,32,20,27,12],[26,33,16,31,11],[15,19,7,9,6,4,2,21],[14,36,28],[8,17,25,30,37]],"distance":1010.2076709319493},{"fuel":1402.6317032759664,"distance":1010.920560098906,"trucks":[[5,22,10,34,3,29,24,23,13],[18,35,32,20,27,12],[26,33,16,31,11],[15,19,7,21,2,4,6,9],[14,36,28],[8,17,25,30,37]]}],"Optimal":949}