{"benchmark":"B-n78-k10","optimalDistance":1221,"fuelSequence":[1928.4637095033577,1928.4637095033577,1928.4637095033577,1928.4637095033577,1928.4637095033577,1928.4637095033577,1928.4637095033577,1928.4637095033577,1928.4637095033577,1928.4637095033577,1928.4637095033577,1928.4637095033577,1928.4637095033577,1928.4637095033577,1928.4637095033577,1928.4637095033577,1928.4637095033577,1928.4637095033577,1928.4637095033577,1928.4637095033577,1928.4637095033577,1928.4637095033577,1928.4637095033577,1928.4637095033577,1928.4637095033577,1928.4637095033577,1928.4637095033577,1928.4637095033577,1928.4637095033577,1928.4637095033577,1928.4637095033577,1928.4637095033577,1928.4637095033577,1928.4637095033577,1928.4637095033577,1928.4637095033577,1928.4637095033577,1928.4637095033577,1928.4637095033577,1928.4637095033577,1928.4637095033577,1928.4637095033577,1928.4637095033577,1928.4637095033577,1928.4637095033577,1928.4637095033577,1928.4637095033577,1928.4637095033577,1928.4637095033577,1928.4637095033577,1928.4637095033577,1928.4637095033577,1928.4637095033577,1928.4637095033577,1928.4637095033577,1928.4637095033577,1928.4637095033577,1928.4637095033577,1928.4637095033577,1928.4637095033577,1928.4637095033577,1928.4637095033577,1928.4637095033577,1928.4637095033577,1928.4637095033577,1928.4637095033577,1928.4637095033577,1928.4637095033577,1928.4637095033577,1928.4637095033577,1928.4637095033577,1928.4637095033577,1928.4637095033577,1928.4637095033577,1928.4637095033577,1928.4637095033577,1928.4637095033577,1928.4637095033577,1928.4637095033577,1928.4637095033577,1928.4637095033577,1928.4637095033577,1928.4637095033577,1928.4637095033577,1928.4637095033577,1928.4637095033577,1928.4637095033577,1928.4637095033577,1928.4637095033577,1928.4637095033577,1928.4637095033577,1928.4637095033577,1928.4637095033577,1928.4637095033577,1928.4637095033577,1928.4637095033577,1928.4637095033577,1928.4637095033577,1928.4637095033577,1928.4637095033577,1928.4637095033577,1928.4637095033577,1928.4637095033577,1928.4637095033577,1928.4637095033577,1928.4637095033577,1925.4959453689692,1925.4959453689692,1925.4959453689692,1925.4959453689692,1925.4959453689692,1925.4959453689692,1925.4959453689692,1925.4959453689692,1925.4959453689692,1925.4959453689692,1925.4959453689692,1925.4959453689692,1925.4959453689692,1925.4959453689692,1925.4959453689692,1925.4959453689692,1925.4959453689692,1925.4959453689692,1925.4959453689692,1925.4959453689692,1925.4959453689692,1925.4959453689692,1925.4959453689692,1925.4959453689692,1925.4959453689692,1925.4959453689692,1925.4959453689692,1925.4959453689692,1925.4959453689692,1925.4959453689692,1925.4959453689692,1925.4959453689692,1925.4959453689692,1925.4959453689692,1925.4959453689692,1925.4959453689692,1925.0625779342345,1925.0625779342345,1925.0625779342345,1882.7949633935245,1882.7949633935245,1882.7949633935245,1882.7949633935245,1882.7949633935245,1882.7949633935245,1882.7949633935245,1882.7949633935245,1882.7949633935245,1882.7949633935245,1882.7949633935245,1882.7949633935245,1882.7949633935245,1882.7949633935245,1882.7949633935245,1882.7949633935245,1882.7949633935245,1882.7949633935245,1882.7949633935245,1882.7949633935245,1882.7949633935245,1882.7949633935245,1882.7949633935245,1882.7949633935245,1882.7949633935245,1882.7949633935245,1882.7949633935245,1882.7949633935245,1882.7949633935245,1882.7949633935245,1882.7949633935245,1882.7949633935245,1882.7949633935245,1882.7949633935245,1882.7949633935245,1882.7949633935245,1882.7949633935245,1882.7949633935245,1880.9579344256526,1880.9579344256526,1880.9579344256526,1880.9579344256526,1880.9579344256526,1880.9579344256526,1880.9579344256526,1880.9579344256526,1880.9579344256526,1880.9579344256526,1880.9579344256526,1880.9579344256526,1880.9579344256526,1880.9579344256526,1880.9579344256526,1880.9579344256526,1880.9579344256526,1880.9579344256526,1880.9579344256526,1880.9579344256526,1880.9579344256526,1880.9579344256526,1880.9579344256526,1880.9579344256526,1880.9579344256526,1880.9579344256526,1880.9579344256526,1880.9579344256526,1880.9579344256526,1880.9579344256526,1880.9579344256526,1880.9579344256526,1880.9579344256526,1880.9579344256526,1880.9579344256526,1880.9579344256526,1880.9579344256526,1880.9579344256526,1880.9579344256526,1880.9579344256526,1880.9579344256526,1880.9579344256526,1880.9579344256526,1880.9579344256526,1880.9579344256526,1880.9579344256526,1880.9579344256526,1880.9579344256526,1880.9579344256526,1877.6334858008752,1877.6334858008752,1877.6334858008752,1877.6334858008752,1877.6334858008752,1877.6334858008752,1877.6334858008752,1877.6334858008752,1877.6334858008752,1877.6334858008752,1877.6334858008752,1877.6334858008752,1877.6334858008752,1877.6334858008752,1877.6334858008752,1877.6334858008752,1877.6334858008752,1877.6334858008752,1877.6334858008752,1877.6334858008752,1877.6334858008752,1877.6334858008752,1877.6334858008752,1877.6334858008752,1877.6334858008752,1877.6334858008752,1877.6334858008752,1877.6334858008752,1877.6334858008752,1877.6334858008752,1877.6334858008752,1877.6334858008752,1877.6334858008752,1877.6334858008752,1877.6334858008752,1877.6334858008752,1877.6334858008752,1877.6334858008752,1877.6334858008752,1877.6334858008752,1877.5089631927553,1877.5089631927553,1877.5089631927553,1877.5089631927553,1877.5089631927553,1877.5089631927553,1877.5089631927553,1877.5089631927553,1877.5089631927553,1877.5089631927553,1877.5089631927553,1877.5089631927553,1877.5089631927553,1877.5089631927553,1877.5089631927553,1877.5089631927553,1877.5089631927553,1871.0223877978415,1871.0223877978415,1871.0223877978415,1871.0223877978415,1871.0223877978415,1871.0223877978415,1871.0223877978415,1871.0223877978415,1871.0223877978415,1871.0223877978415,1871.0223877978415,1871.0223877978415,1871.0223877978415,1871.0223877978415,1871.0223877978415,1871.0223877978415,1871.0223877978415,1871.0223877978415,1871.0223877978415,1871.0223877978415,1871.0223877978415,1871.0223877978415,1871.0223877978415,1871.0223877978415,1871.0223877978415,1871.0223877978415,1871.0223877978415,1871.0223877978415,1871.0223877978415,1871.0223877978415,1871.0223877978415,1871.0223877978415,1871.0223877978415,1871.0223877978415,1871.0223877978415,1871.0223877978415,1870.494106522456,1870.494106522456,1870.494106522456,1867.0657924923096,1864.7399316178053,1864.7399316178053,1864.7399316178053,1864.7399316178053,1864.7399316178053,1864.7399316178053,1864.7399316178053,1864.7399316178053,1864.7399316178053,1864.7399316178053,1864.7399316178053,1864.7399316178053,1864.7399316178053,1864.7399316178053,1864.7399316178053,1864.7399316178053,1864.7399316178053,1864.7399316178053,1864.7399316178053,1864.7399316178053,1864.7399316178053,1864.7399316178053,1864.7399316178053,1864.7399316178053,1864.7399316178053,1864.7399316178053,1864.7399316178053,1864.7399316178053,1864.7399316178053,1864.7399316178053,1864.7399316178053,1864.7399316178053,1864.7399316178053,1864.7399316178053,1864.7399316178053,1864.7399316178053,1864.7399316178053,1864.7399316178053,1864.7399316178053,1864.7399316178053,1864.7399316178053,1864.7399316178053,1864.7399316178053,1864.7399316178053,1864.7399316178053,1864.7399316178053,1864.7399316178053,1864.7399316178053,1864.7399316178053,1864.7399316178053,1864.7399316178053,1864.7399316178053,1864.7399316178053,1864.7399316178053,1864.2267013613757,1864.2267013613757,1864.2267013613757,1864.2267013613757,1864.2267013613757,1864.2267013613757,1864.2267013613757,1864.2267013613757,1864.2267013613757,1864.2267013613757,1864.2267013613757,1864.2267013613757,1864.2267013613757,1864.2267013613757,1859.8198044720068,1859.8198044720068,1859.8198044720068,1859.8198044720068,1858.0838875630773,1858.0838875630773,1858.0838875630773,1856.7356659537295,1856.7356659537295,1856.7356659537295,1856.7356659537295,1856.7356659537295,1856.7356659537295,1856.7356659537295,1856.7356659537295,1856.7356659537295,1856.7356659537295,1856.7356659537295,1856.7356659537295,1856.7356659537295,