{"Optimal":1221,"front":[{"distance":1305.7840761489888,"trucks":[[61,67,17,19,26,11,54,69],[68,47,46,77,33,74,76],[40,49,14,5,75,29,10,20],[9,72,23,16,13,35,52,57,25],[73,18,59,39,70,44,22,53,2],[66,30,58,8,32,4,21,55],[51,62,34,56,36,60,37,15,42],[64,50,6,31,38,71,48],[78,27,41,65,12,24,45],[3,28,63,7,43]],"fuel":1848.3849398577977},{"distance":1305.9152184064899,"trucks":[[61,67,17,19,26,11,54,69],[64,50,6,31,38,71,76,48],[40,49,14,5,75,29,10,20],[9,72,23,16,13,35,52,57,25],[73,18,59,39,70,44,22,53,2],[66,30,58,8,32,4,21,55],[51,62,34,56,36,60,37,15,42],[68,47,46,77,33,74],[78,27,41,65,12,24,45],[3,28,63,7,43]],"fuel":1845.933525146381}],"benchmark":"B-n78-k10"}