{"optimalDistance":1763,"benchmark":"A-n80-k10","fuelSequence":[2806.131277660696,2806.131277660696,2806.131277660696,2806.131277660696,2806.131277660696,2806.131277660696,2806.131277660696,2806.131277660696,2806.131277660696,2806.131277660696,2806.131277660696,2806.131277660696,2806.131277660696,2806.131277660696,2806.131277660696,2806.131277660696,2806.131277660696,2806.131277660696,2806.131277660696,2806.131277660696,2806.131277660696,2806.131277660696,2806.131277660696,2806.131277660696,2806.131277660696,2806.131277660696,2806.131277660696,2806.131277660696,2806.131277660696,2806.131277660696,2806.131277660696,2806.131277660696,2806.131277660696,2806.131277660696,2806.131277660696,2806.131277660696,2806.131277660696,2806.131277660696,2806.131277660696,2806.131277660696,2806.131277660696,2806.131277660696,2806.131277660696,2806.131277660696,2806.131277660696,2806.131277660696,2806.131277660696,2806.131277660696,2806.131277660696,2806.131277660696,2806.131277660696,2806.131277660696,2806.131277660696,2806.131277660696,2806.131277660696,2806.131277660696,2806.131277660696,2806.131277660696,2806.131277660696,2806.131277660696,2806.131277660696,2806.131277660696,2806.131277660696,2806.131277660696,2806.131277660696,2806.131277660696,2806.131277660696,2806.131277660696,2806.131277660696,2806.131277660696,2806.131277660696,2806.131277660696,2806.131277660696,2806.131277660696,2806.131277660696,2806.131277660696,2806.131277660696,2806.131277660696,2806.131277660696,2806.131277660696,2806.131277660696,2806.131277660696,2806.131277660696,2806.131277660696,2806.131277660696,2806.131277660696,2806.131277660696,2806.131277660696,2806.131277660696,2806.131277660696,2806.131277660696,2806.131277660696,2806.131277660696,2806.131277660696,2806.131277660696,2806.131277660696,2806.131277660696,2806.131277660696,2806.131277660696,2806.131277660696,2806.131277660696,2806.131277660696,2806.131277660696,2806.131277660696,2806.131277660696,2806.131277660696,2806.131277660696,2806.131277660696,2806.131277660696,2806.131277660696,2806.131277660696,2806.131277660696,2806.131277660696,2806.131277660696,2806.131277660696,2806.131277660696,2806.131277660696,2806.131277660696,2806.131277660696,2806.131277660696,2806.131277660696,2806.131277660696,2806.131277660696,2806.131277660696,2806.131277660696,2806.131277660696,2806.131277660696,2806.131277660696,2806.131277660696,2806.131277660696,2806.131277660696,2806.131277660696,2806.131277660696,2806.131277660696,2806.131277660696,2806.131277660696,2806.131277660696,2806.131277660696,2806.131277660696,2806.131277660696,2806.131277660696,2806.131277660696,2806.131277660696,2806.131277660696,2806.131277660696,2806.131277660696,2806.131277660696,2806.131277660696,2806.131277660696,2806.131277660696,2806.131277660696,2806.131277660696,2806.131277660696,2806.131277660696,2806.131277660696,2806.131277660696,2806.131277660696,2806.131277660696,2806.131277660696,2806.131277660696,2806.131277660696,2806.131277660696,2806.131277660696,2806.131277660696,2806.131277660696,2806.131277660696,2806.131277660696,2806.131277660696,2806.131277660696,2806.131277660696,2806.131277660696,2806.131277660696,2806.131277660696,2806.131277660696,2806.131277660696,2806.131277660696,2806.131277660696,2806.131277660696,2806.131277660696,2806.131277660696,2806.131277660696,2806.131277660696,2806.131277660696,2806.131277660696,2806.131277660696,2806.131277660696,2806.131277660696,2806.131277660696,2806.131277660696,2806.131277660696,2806.131277660696,2806.131277660696,2806.131277660696,2806.131277660696,2806.131277660696,2806.131277660696,2806.131277660696,2806.131277660696,2806.131277660696,2806.131277660696,2806.131277660696,2806.131277660696,2806.131277660696,2806.131277660696,2806.131277660696,2806.131277660696,2806.131277660696,2806.131277660696,2806.131277660696,2806.131277660696,2806.131277660696,2806.131277660696,2806.131277660696,2806.131277660696,2806.131277660696,2806.131277660696,2806.131277660696,2806.131277660696,2806.131277660696,2806.131277660696,2806.131277660696,2806.131277660696,2806.131277660696,2806.131277660696,2806.131277660696,2806.131277660696,2806.131277660696,2806.131277660696,2806.131277660696,2806.131277660696,2806.131277660696,2806.131277660696,2806.131277660696,2806.131277660696,2806.131277660696,2806.131277660696,2806.131277660696,2806.131277660696,2806.131277660696,2806.131277660696,2806.131277660696,2806.131277660696,2806.131277660696,2806.131277660696,2797.2041869743985,2797.2041869743985,2797.2041869743985,2797.2041869743985,2797.2041869743985,2797.2041869743985,2797.2041869743985,2797.2041869743985,2797.2041869743985,2797.2041869743985,2797.2041869743985,2797.2041869743985,2797.2041869743985,2797.2041869743985,2797.2041869743985,2797.2041869743985,2797.2041869743985,2797.2041869743985,2797.2041869743985,2797.2041869743985,2797.2041869743985,2797.2041869743985,2797.2041869743985,2797.2041869743985,2797.2041869743985,2797.2041869743985,2797.2041869743985,2797.2041869743985,2797.2041869743985,2797.2041869743985,2797.2041869743985,2797.2041869743985,2797.2041869743985,2797.2041869743985,2797.2041869743985,2797.2041869743985,2797.2041869743985,2797.2041869743985,2797.2041869743985,2797.2041869743985,2797.2041869743985,2797.2041869743985,2797.2041869743985,2797.2041869743985,2797.2041869743985,2797.2041869743985,2797.2041869743985,2797.2041869743985,2797.2041869743985,2797.2041869743985,2797.2041869743985,2797.2041869743985,2797.2041869743985,2797.2041869743985,2797.2041869743985,2797.2041869743985,2797.2041869743985,2797.2041869743985,2797.2041869743985,2797.2041869743985,2797.2041869743985,2797.2041869743985,2797.2041869743985,2797.2041869743985,2797.2041869743985,2797.2041869743985,2797.2041869743985,2797.2041869743985,2797.2041869743985,2797.2041869743985,2797.2041869743985,2797.2041869743985,2797.2041869743985,2797.2041869743985,2797.2041869743985,2797.2041869743985,2797.2041869743985,2797.2041869743985,2797.2041869743985,2797.2041869743985,2797.2041869743985,2797.2041869743985,2797.2041869743985,2797.2041869743985,2797.2041869743985,2797.2041869743985,2797.2041869743985,2797.2041869743985,2797.2041869743985,2797.2041869743985,2797.2041869743985,2797.2041869743985,2797.2041869743985,2797.2041869743985,2797.2041869743985,2797.2041869743985,2797.2041869743985,2797.2041869743985,2797.2041869743985,2797.2041869743985,2797.2041869743985,2797.2041869743985,2797.2041869743985,2797.2041869743985,2797.2041869743985,2797.2041869743985,2797.2041869743985,2797.2041869743985,2797.2041869743985,2797.2041869743985,2797.2041869743985,2797.2041869743985,2797.2041869743985,2797.2041869743985,2797.2041869743985,2797.2041869743985,2797.2041869743985,2797.2041869743985,2797.2041869743985,2797.2041869743985,2797.2041869743985,2797.2041869743985,2797.2041869743985,2797.2041869743985,2797.2041869743985,2797.2041869743985,2797.2041869743985,2797.2041869743985,2797.2041869743985,2797.2041869743985,2797.2041869743985,2797.2041869743985,2797.2041869743985,2797.2041869743985,2797.2041869743985,2797.2041869743985,2797.2041869743985,2797.2041869743985,2797.2041869743985,2797.2041869743985,2797.2041869743985,2797.2041869743985,2797.2041869743985,2797.2041869743985,2797.2041869743985,2797.2041869743985,2797.2041869743985,2797.2041869743985,2797.2041869743985,2797.2041869743985,2797.2041869743985,2797.2041869743985,2797.2041869743985,2797.2041869743985,2797.2041869743985,2797.2041869743985,2797.2041869743985,2797.2041869743985,2797.2041869743985,2797.2041869743985,2797.2041869743985,2797.2041869743985,2797.2041869743985,2797.2041869743985,2797.2041869743985,2797.2041869743985,2797.2041869743985,2797.2041869743985,2797.2041869743985,2797.2041869743985,2797.2041869743985,2797.2041869743985,2797.2041869743985,2797.2041869743985,2797.2041869743985,2797.2041869743985,2797.2041869743985,2797.2041869743985,2797.2041869743985,2797.2041869743985,2797.2041869743985,2797.2041869743985,2797.2041869743985,2797.2041869743985,2797.2041869743985,2797.2041869743985,