{"benchmark":"A-n80-k10","front":[{"distance":2025.9335863803228,"trucks":[[42,26,47,16,34,56,10,55,73,77,5],[53,29,80,49,19,12],[69,44,17,62,58,57,70,66,36,27,20,48],[39,59,33,23,46,51],[54,68,67,71,65,40,61,75,32],[28,60,31,7,25,35,3,9],[63,24,13,45,6,30,18],[22,11,15,72,64,38,79,21,76],[8,2,4,78,52,37],[50,74,43,14,41]],"fuel":2875.0356591106834},{"trucks":[[7,3,19,49],[73,77,51,46,23,33,5,55,34,16,48],[58,62,21,76,20,27,36,66,70,57],[68,54,52,78,4,75,40,61],[67,71,65,10,56,42,26,47],[14,43,37,39,59,74],[13,45,6,30,18,32,60,28],[64,12,25,31,79,69,17,44,9,38,35],[41,22,72,15,29,53,80,11],[2,8,24,63,50]],"fuel":2862.000551206192,"distance":2041.7638482397008}],"Optimal":1763}