{"Optimal":510,"benchmark":"P-n45-k5","front":[{"fuel":802.4909302903918,"distance":559.5178377524176,"trucks":[[23,9,27,32,29,4,37,36,21,30,22],[17,10,35,31,11,40,34,16,45,38],[15,26,25,44,8,24,28,7],[19,5,18,43,41,20,42,14],[13,6,39,3,2,33,12]]}]}