{"Optimal":510,"front":[{"fuel":806.0296267895394,"trucks":[[9,27,32,29,4,21,36,37,23,2],[18,38,45,16,34,11,40,31,35,22,30,10],[6,39,17,3,12,13,33],[7,15,26,25,44,8,24,28],[19,14,43,41,20,42,5]],"distance":565.58233405877},{"fuel":802.3119041480799,"trucks":[[18,38,45,16,34,40,11,31,35,22,30,10],[28,9,27,32,29,4,21,36,37,23],[6,39,17,3,12,13,33,2],[7,15,26,25,44,8,24],[19,14,43,41,20,42,5]],"distance":571.8183248765026}],"benchmark":"P-n45-k5"}