{"Optimal":510,"front":[{"trucks":[[20,42,41,43,45,16,34,40,11,31],[7,24,8,44,25,15,26,14],[33,2,23,9,27,32,29,4,37,36,21],[28,12,3,17,30,22,35,10,39],[13,19,5,18,38,6]],"distance":562.621976819319,"fuel":807.6460771290281}],"benchmark":"P-n45-k5"}