{"optimalDistance":829,"distanceSequence":[856.3796703956414,856.3796703956414,856.3796703956414,856.3796703956414,856.3796703956414,856.3796703956414,856.3796703956414,854.0659009184834,854.0659009184834,854.0659009184834,854.0659009184834,852.4773995612005,852.4773995612005,852.4773995612005,852.4773995612005,852.2057464278846,850.7431726738012,850.7431726738012,850.7431726738012,850.7411387995165,850.7411387995165,850.7411387995165,850.7411387995165,850.7411387995165,850.1005408658821,850.1005408658821,849.0069119121172,849.0069119121172,849.0069119121172,849.0069119121172,848.1341730791112,848.1341730791112,848.1341730791112,848.1341730791112,848.1341730791112,848.1341730791112,847.9757421136669,847.9757421136669,847.6873550272505,847.3915733397403,847.3915733397403,847.3915733397403,847.3915733397403,847.3915733397403,847.3915733397403,847.3915733397403,847.3915733397403,846.7723706977295,846.7723706977295,846.7723706977295,846.7723706977295,846.7723706977295,846.7723706977295,846.7723706977295,846.7723706977295,846.7723706977295,846.7723706977295,844.5632842264985,844.5632842264985,844.5632842264985,844.5632842264985,844.5632842264985,844.5632842264985,844.5632842264985,843.8206844871273,843.8206844871273,843.8206844871273,843.8206844871273,843.8206844871273,843.8206844871273,843.8206844871273,843.8206844871273,843.8206844871273,843.8206844871273,843.8206844871273,842.7010375779186,842.7010375779186,842.7010375779186,842.2264000741072,842.2264000741072,842.0676546179878,842.0676546179878,842.0676546179878,842.0676546179878,842.0676546179878,842.0676546179878,842.0676546179878,841.7665510600539,841.7665510600539,841.7665510600539,841.7665510600539,841.7665510600539,841.7665510600539,841.7665510600539,841.7665510600539,841.7665510600539,841.7665510600539,841.5930171141765,841.5930171141765,841.5930171141765,841.5930171141765,841.5930171141765,841.5930171141765,841.5930171141765,841.5930171141765,841.5930171141765,841.5930171141765,841.5930171141765,841.5930171141765,841.5930171141765,841.5930171141765,841.5930171141765,841.5930171141765,841.5930171141765,841.5930171141765,841.5930171141765,841.5930171141765,841.5930171141765,841.5930171141765,841.5930171141765,841.5930171141765,841.5930171141765,841.5930171141765,841.5930171141765,841.5930171141765,841.5930171141765,841.5930171141765,841.5930171141765,841.5930171141765,841.5930171141765,841.5930171141765,841.5930171141765,841.5930171141765,841.5930171141765,841.5930171141765,841.5930171141765,841.5930171141765,841.5930171141765,841.5930171141765,841.5930171141765,841.5930171141765,841.5242310351978,841.5242310351978,841.5242310351978,841.5242310351978,841.5242310351978,841.5242310351978,841.5242310351978,841.5242310351978,841.5242310351978,841.5242310351978,841.5242310351978,841.5242310351978,841.5242310351978,841.5242310351978,841.5242310351978,841.5242310351978,841.5242310351978,841.5242310351978,841.5242310351978,841.5242310351978,841.5242310351978,841.5242310351978,841.5242310351978,841.5242310351978,841.5242310351978,841.5242310351978,841.5242310351978,841.5242310351978,841.2231274772637,841.2231274772637,841.2231274772637,841.2231274772637,841.2231274772637,841.2231274772637,841.2231274772637,841.2231274772637,841.2231274772637,841.2231274772637,841.2231274772637,841.2231274772637,841.2231274772637,841.2231274772637,841.2231274772637,841.2231274772637,841.2231274772637,841.2231274772637,841.2231274772637,841.2231274772637,841.2231274772637,841.2231274772637,841.2231274772637,841.2231274772637,841.2231274772637,841.2231274772637,841.2231274772637,841.2231274772637,841.2231274772637,841.2231274772637,841.2231274772637,841.2231274772637,841.2231274772637,841.2231274772637,841.2231274772637,841.2231274772637,841.2231274772637,841.2231274772637,841.2231274772637,841.2231274772637,841.2231274772637,841.2231274772637,841.2231274772637,841.2231274772637,841.2231274772637,841.2231274772637,841.2231274772637,841.2231274772637,841.2231274772637,841.2231274772637,841.2231274772637,841.2231274772637,841.2231274772637,841.2231274772637,841.2231274772637,841.2231274772637,841.2231274772637,841.2231274772637,841.2231274772637,841.2231274772637,841.2231274772637,841.2231274772637,841.2231274772637,841.2231274772637,841.2231274772637,841.2231274772637,841.2231274772637,841.2231274772637,841.2231274772637,841.2231274772637,841.2231274772637,841.2231274772637,841.2231274772637,841.2231274772637,841.2231274772637,841.2231274772637,841.2231274772637,841.2231274772637,841.2231274772637,841.2231274772637,841.2231274772637,841.2231274772637,841.2231274772637,841.2231274772637,841.2231274772637,841.2231274772637,841.2231274772637,841.2231274772637,841.2231274772637,841.2231274772637,841.2231274772637,841.2231274772637,841.2231274772637,841.2231274772637,841.2231274772637,841.2231274772637,841.2231274772637,841.2231274772637,841.2231274772637,841.2231274772637,841.2231274772637,841.2231274772637,841.2231274772637,841.2231274772637,841.2231274772637,841.2231274772637,841.2231274772637,841.2231274772637,841.2231274772637,841.2231274772637,841.2231274772637,841.2231274772637,841.2231274772637,841.2231274772637,841.2231274772637,841.2231274772637,841.2231274772637,841.2231274772637,841.2231274772637,841.2231274772637,841.2231274772637,841.2231274772637,841.2231274772637,841.2231274772637,841.2231274772637,841.2231274772637,841.2231274772637,841.2231274772637,841.2231274772637,841.2231274772637,841.2231274772637,841.2231274772637,841.2231274772637,841.2231274772637,841.2231274772637,841.2231274772637,841.2231274772637,841.2231274772637,841.2231274772637,841.2231274772637,841.2231274772637,841.2231274772637,841.2231274772637,841.2231274772637,841.2231274772637,841.2231274772637,841.2231274772637,841.2231274772637,841.2231274772637,841.2231274772637,841.2231274772637,841.2231274772637,841.2231274772637,841.2231274772637,841.2231274772637,841.2231274772637,841.2231274772637,841.2231274772637,841.2231274772637,841.2231274772637,841.2231274772637,841.2231274772637,841.2231274772637,841.2231274772637,841.2231274772637,841.2231274772637,841.2231274772637,841.2231274772637,841.2231274772637,841.2231274772637,841.2231274772637,841.2231274772637,841.2231274772637,841.2231274772637,841.2231274772637,841.2231274772637,841.2231274772637,841.2231274772637,841.2231274772637,841.2231274772637,841.2231274772637,841.2231274772637,841.2231274772637,841.2231274772637,841.2231274772637,841.2231274772637,841.2231274772637,841.2231274772637,841.2231274772637,841.2231274772637,841.2231274772637,841.2231274772637,841.2231274772637,841.2231274772637,841.2231274772637,841.2231274772637,841.2231274772637,841.2231274772637,841.2231274772637,841.2231274772637,841.2231274772637,841.2231274772637,841.2231274772637,841.2231274772637,841.2231274772637,841.2231274772637,841.2231274772637,841.2231274772637,841.2231274772637,841.2231274772637,841.2231274772637,841.2231274772637,841.2231274772637,841.2231274772637,841.2231274772637,841.2231274772637,841.2231274772637,841.2231274772637,841.2231274772637,841.2231274772637,841.2231274772637,841.2231274772637,841.2231274772637,841.2231274772637,841.2231274772637,841.2231274772637,841.2231274772637,841.2231274772637,841.2231274772637,841.2231274772637,841.2231274772637,841.2231274772637,841.2231274772637,841.2231274772637,841.2231274772637,841.2231274772637,841.2231274772637,841.2231274772637,841.2231274772637,841.2231274772637,841.2231274772637,841.2231274772637,841.2231274772637,841.2231274772637,841.2231274772637,841.2231274772637,841.2231274772637,841.2231274772637,841.2231274772637,841.2231274772637,841.2231274772637,841.2231274772637,841.2231274772637,841.2231274772637,841.2231274772637,841.2231274772637,841.2231274772637,841.2231274772637,841.2231274772637,841.2231274772637,841.2231274772637,841.2231274772637,841.2231274772637,841.2231274772637,841.2231274772637,841.2231274772637,841.2231274772637,841.2231274772637,841.2231274772637,841.2231274772637,841.2231274772637,841.2231274772637,841.2231274772637,