{"front":[{"trucks":[[14,9,37,13,33],[2,15,18,29,35,34,12,7],[17,21,41,11,24,30],[20,27,6,16,32,23,8,31],[25,36,3,4,19,22,38,10],[5,40,39,28,26]],"distance":849.5279861982583,"fuel":1223.5709705393083},{"trucks":[[14,9,37,13,33],[2,15,18,29,35,34,12,7],[17,21,41,11,24,30],[20,27,6,16,32,23,8,31],[25,36,3,10,38,4,19,22],[5,40,39,28,26]],"fuel":1221.8903940351995,"distance":851.050460185266},{"trucks":[[14,9,37,13,33],[2,15,18,29,35,34,12,7],[17,21,41,11,24,30],[20,27,6,16,32,23,8,31],[25,36,3,10,38,22,19,4],[5,40,39,28,26]],"distance":852.588024548658,"fuel":1221.5779460357396}],"Optimal":829,"benchmark":"B-n41-k6"}