{"benchmark":"E-n101-k8","Optimal":817,"front":[{"fuel":1421.0119181456319,"distance":1006.4838018105058,"trucks":[[78,4,80,79,35,36,72,66,67,21,31,71,11,2],[19,49,8,83,48,20,12,65,50,37,47,9,46],[29,77,51,34,82,10,52,33,91,64,63,89,32],[88,43,44,16,58,3,42,23,75,76,57,24,40,68],[97,95,7,6,85,18,87,17,45,15,39,98,92],[54,41,22,74,73,5,56,26,55,25,30,69,81,13],[59,14,53,70,28,27],[93,94,38,96,100,101,99,60,86,62,90,61,84]]}]}