{"front":[{"trucks":[[2,71,32,89,63,11,64,91,33,52,10,82,34],[29,77,78,4,80,79,35,36,72,66,67,21,31],[73,75,23,42,76,57,24,40,68,26,56,5],[14,88,3,58,16,44,39,15,45,62,17,87,92],[13,27,59,54,95,7,90,100,86],[83,49,48,37,50,65,12,20,8,60,38],[28,70,51,81,69,30,25,55,74,22,41],[96,94,99,101,97,93,98,43,46,9,47,18,85,6,61,84,19,53]],"distance":1016.3122189282788,"fuel":1434.825250571563},{"trucks":[[97,96,95,7,86,92,101,38,17,62,87],[99,94,100,60,93,98,88,3,58,16,44,15,45,39],[83,49,48,37,50,65,12,20,63,11],[69,81,25,30,55,13,27,22,74,41,59,14,43,54],[78,4,80,79,35,36,72,66,67,21,31,71,2,70],[29,77,51,34,82,10,52,33,91,64,89,32,28],[73,75,23,42,76,57,24,40,68,5,26,56],[90,53,84,18,85,6,19,46,61,9,47,8]],"distance":1031.2279475008268,"fuel":1431.02352151273}],"benchmark":"E-n101-k8","Optimal":817}