{"front":[{"fuel":1431.6368881310507,"trucks":[[22,74,73,42,23,75,76,57,24,68,40,26,56],[8,83,49,48,20,12,65,50,37,47,9,46],[53,19,84,61,6,85,18,87,62,17,15,45,39,38,92],[52,10,82,34,51,2,70,32,89,63,64,91,33],[28,90,7,99,97,95,54,59,60,94,100,14,93],[11,71,31,21,67,66,72,36,35,79,30,25,55,5],[13,81,69,78,4,80,77,29,27,41],[101,86,98,96,3,58,16,44,43,88]],"distance":1020.0051190734836}],"benchmark":"E-n101-k8","Optimal":817}