{"benchmark":"E-n101-k8","Optimal":817,"front":[{"trucks":[[95,96,94,86,92,101,99,38,93,60,100,97,7],[29,77,78,4,80,79,35,36,72,66,67,21,31],[69,51,34,82,10,52,33,64,91,11,71,2,70],[74,22,27,13,81,30,25,55,5,57,40,56,42,75,68,26],[53,8,83,49,48,37,50,65,12,20,63],[62,17,87,45,15,39,44,16,58,3,88,98,43],[90,19,84,61,6,85,18,46,9,47,89,32,28],[54,41,59,14,76,24,23,73]],"fuel":1388.172322470628,"distance":995.3112585877387}]}