{"optimalDistance":568,"distanceSequence":[637.3540222138886,637.3540222138886,637.3540222138886,637.3540222138886,637.3540222138886,637.3540222138886,637.3540222138886,637.3540222138886,637.3540222138886,633.1479427564772,633.1479427564772,633.1479427564772,632.9532851366741,632.9532851366741,632.9532851366741,632.9532851366741,632.9532851366741,632.7940904459208,632.7940904459208,632.7940904459208,632.7940904459208,632.7940904459208,625.5865762862218,625.5865762862218,625.5865762862218,625.5865762862218,625.5865762862218,625.5865762862218,625.5865762862218,625.4273815954682,625.4273815954682,625.4273815954682,625.4273815954682,625.4273815954682,625.4273815954682,621.026644518254,621.026644518254,621.026644518254,621.026644518254,619.7397504410385,619.7397504410385,619.7397504410385,619.7397504410385,619.7397504410385,619.7397504410385,619.7397504410385,619.7397504410385,619.7397504410385,618.2229196649344,618.2229196649344,618.2229196649344,618.2229196649344,618.2229196649344,618.2229196649344,618.2229196649344,618.2229196649344,618.2229196649344,618.2229196649344,618.2229196649344,618.2229196649344,616.7850493762571,616.7850493762571,616.7850493762571,616.7850493762571,614.1435274880891,614.1435274880891,614.1435274880891,614.1435274880891,614.1435274880891,614.1435274880891,614.1435274880891,614.1435274880891,614.1435274880891,614.1435274880891,614.1435274880891,614.1435274880891,614.1435274880891,614.1435274880891,614.1435274880891,613.4313849581442,613.4313849581442,613.4313849581442,612.895479588977,612.7056571994119,612.7056571994119,612.7056571994119,612.7056571994119,612.7056571994119,612.7056571994119,612.7056571994119,612.7056571994119,612.7056571994119,612.7056571994119,612.7056571994119,612.7056571994119,612.7056571994119,612.7056571994119,612.7056571994119,612.7056571994119,612.183337059032,612.183337059032,611.4576093003,611.4576093003,611.4576093003,611.4576093003,611.4576093003,611.4576093003,611.4576093003,611.4576093003,611.4576093003,611.4576093003,611.4576093003,611.4576093003,611.4576093003,611.4576093003,611.4576093003,611.4576093003,611.4576093003,611.4576093003,611.4576093003,611.4576093003,611.4576093003,611.4576093003,611.4576093003,611.4576093003,611.4576093003,611.4576093003,611.4576093003,611.4576093003,611.4576093003,611.4576093003,611.4576093003,611.4576093003,611.4576093003,611.4576093003,611.4576093003,611.4576093003,611.4576093003,611.4576093003,611.4576093003,611.4576093003,611.4576093003,611.4576093003,611.4576093003,611.4576093003,611.4576093003,611.4576093003,611.4576093003,611.4576093003,611.4576093003,611.4576093003,611.4576093003,611.4576093003,611.4576093003,611.4576093003,611.4576093003,611.4576093003,611.4576093003,611.4576093003,611.4576093003,611.4576093003,611.4576093003,611.4576093003,611.4576093003,611.4576093003,611.4576093003,611.4576093003,611.4576093003,611.4576093003,611.4576093003,611.4576093003,611.4576093003,611.4576093003,611.4576093003,611.4576093003,611.4576093003,611.4576093003,611.4576093003,611.4576093003,611.4576093003,611.4576093003,611.4576093003,611.4576093003,611.4576093003,611.4576093003,611.4576093003,611.4576093003,611.4576093003,611.4576093003,611.4576093003,611.4576093003,611.4576093003,611.4576093003,611.4576093003,611.4576093003,611.4576093003,611.4576093003,611.4576093003,611.4576093003,611.4576093003,611.4576093003,611.4576093003,611.4576093003,611.4576093003,611.4576093003,611.4576093003,611.4576093003,611.4576093003,611.4576093003,611.4576093003,611.4576093003,611.4576093003,611.4576093003,611.4576093003,611.4576093003,611.4576093003,611.4576093003,611.4576093003,611.4576093003,611.4576093003,611.4576093003,611.4576093003,611.4576093003,610.6932499620106,610.6932499620106,610.6932499620106,610.6932499620106,610.6932499620106,610.6932499620106,610.6932499620106,610.6932499620106,610.6932499620106,610.6932499620106,610.6932499620106,610.6932499620106,610.6932499620106,610.6932499620106,610.6932499620106,610.6932499620106,610.6932499620106,610.6932499620106,610.6932499620106,610.6932499620106,610.6932499620106,610.6932499620106,610.6932499620106,610.6932499620106,610.6932499620106,610.6932499620106,610.6932499620106,610.6932499620106,610.6932499620106,610.6932499620106,610.6932499620106,610.6932499620106,610.6932499620106,610.6932499620106,610.6932499620106,610.6932499620106,610.6932499620106,610.6932499620106,610.6932499620106,610.6932499620106,610.6932499620106,610.6932499620106,610.6932499620106,610.6932499620106,610.6932499620106,610.6932499620106,610.6932499620106,610.6932499620106,610.6932499620106,610.6932499620106,610.6932499620106,610.6932499620106,610.6932499620106,610.6932499620106,610.6932499620106,610.6932499620106,610.6932499620106,610.6932499620106,610.6932499620106,610.6932499620106,610.6932499620106,610.6932499620106,610.6932499620106,610.6932499620106,610.6932499620106,610.6932499620106,610.6932499620106,610.6932499620106,610.6932499620106,610.6932499620106,610.6932499620106,610.6932499620106,610.6932499620106,610.6932499620106,610.6932499620106,610.6932499620106,610.6932499620106,610.6932499620106,610.6932499620106,610.6932499620106,610.6932499620106,610.6932499620106,610.6932499620106,610.6932499620106,610.6932499620106,610.6932499620106,610.6932499620106,610.6932499620106,610.6932499620106,610.6932499620106,610.6932499620106,610.6932499620106,610.6932499620106,610.6932499620106,610.6932499620106,610.6932499620106,610.6932499620106,610.6932499620106,610.6932499620106,610.6932499620106,610.6932499620106,610.6932499620106,610.6932499620106,610.6932499620106,610.6932499620106,610.6932499620106,610.6932499620106,610.6932499620106,610.6932499620106,610.6932499620106,610.6932499620106,610.6932499620106,610.6932499620106,610.6932499620106,610.6932499620106,610.6932499620106,610.6932499620106,610.6932499620106,610.6932499620106,610.6932499620106,610.6932499620106,610.6932499620106,610.6932499620106,610.6932499620106,610.6932499620106,610.6932499620106,610.6932499620106,610.6932499620106,610.6932499620106,610.6932499620106,610.6932499620106,610.6932499620106,610.6932499620106,610.6932499620106,610.6932499620106,610.6932499620106,610.6932499620106,610.6932499620106,610.6932499620106,610.6932499620106,610.6932499620106,610.6932499620106,610.6932499620106,610.6932499620106,610.6932499620106,610.6932499620106,610.6932499620106,610.6932499620106,610.6932499620106,610.6932499620106,610.6932499620106,610.6932499620106,610.6932499620106,610.6932499620106,610.6932499620106,610.6932499620106,610.6932499620106,610.6932499620106,610.6932499620106,610.6932499620106,610.6932499620106,610.6932499620106,610.6932499620106,610.6932499620106,610.6932499620106,610.6932499620106,610.6932499620106,610.6932499620106,610.6932499620106,610.6932499620106,610.6932499620106,610.6932499620106,610.6932499620106,610.6932499620106,610.6932499620106,610.6932499620106,610.6932499620106,610.6932499620106,610.6932499620106,610.6932499620106,610.6932499620106,610.6932499620106,610.6932499620106,610.6932499620106,610.6932499620106,610.6932499620106,610.6932499620106,610.6932499620106,610.6932499620106,610.6932499620106,610.6932499620106,610.6932499620106,610.6932499620106,610.6932499620106,610.6932499620106,610.6932499620106,610.6932499620106,610.6932499620106,610.6932499620106,610.6932499620106,610.6932499620106,610.6932499620106,610.6932499620106,610.6932499620106,610.6932499620106,610.6932499620106,610.6932499620106,610.6932499620106,610.6932499620106,610.6932499620106,610.6932499620106,610.6932499620106,610.6932499620106,610.6932499620106,610.6932499620106,610.6932499620106,610.6932499620106,610.6932499620106,610.6932499620106,610.6932499620106,610.6932499620106,610.6932499620106,610.6932499620106,610.6932499620106,610.6932499620106,610.6932499620106,610.6932499620106,610.6932499620106,610.6932499620106,610.6932499620106,610.6932499620106,610.6932499620106,610.6932499620106,610.6932499620106,610.6932499620106,610.6932499620106,610.6932499620106,610.6932499620106,610.6932499620106,