{"front":[{"distance":603.8210104836618,"fuel":835.070149343825,"trucks":[[54,15,12,39,11,32],[27,8,36,9,20,55,14,16,21,38,6],[34,2,44,42,43,23,29,22],[13,40,10,26,51,19,25,50,24,17],[47,35,53,28,46,30,37,48,49],[18,41,33,45,4,52],[5,31,3,7]]},{"distance":606.5899818109029,"fuel":834.3149724351582,"trucks":[[54,15,12,39,11,32],[27,8,36,9,20,55,14,16,21,38,6],[34,2,44,42,43,23,29,22],[13,40,10,26,51,19,25,50,24,17],[47,35,53,28,46,30,49,48,37],[18,41,33,45,4,52],[5,31,3,7]]}],"Optimal":568,"benchmark":"P-n55-k7"}