{"front":[{"trucks":[[9,27,32,29,4,21,36,37,30,22,51,10],[2,23,3,17,35,31,40,11,50,39],[14,42,20,41,43,45,16,46,34,38,18,5],[47,28,7,49,24,8,44,25,15,26],[19,48,13,6,12,33]],"fuel":842.5712364024839,"distance":577.598444904263}],"benchmark":"E-n51-k5","Optimal":521}