{"optimalDistance":1221,"fuelSequence":[1958.939356078776,1958.939356078776,1958.939356078776,1958.939356078776,1958.939356078776,1958.939356078776,1958.939356078776,1958.939356078776,1958.939356078776,1958.939356078776,1952.3591788544838,1952.3591788544838,1952.3591788544838,1926.3768431969472,1926.3768431969472,1926.3768431969472,1926.3768431969472,1925.7526036198021,1925.7526036198021,1925.7526036198021,1925.7526036198021,1925.7526036198021,1922.4558076546175,1917.7309301834528,1917.7309301834528,1917.7309301834528,1917.7309301834528,1917.7309301834528,1917.7309301834528,1917.7309301834528,1916.965533292698,1916.965533292698,1916.965533292698,1916.3412937155524,1916.3412937155524,1916.3412937155524,1916.3412937155524,1916.3412937155524,1914.5322700456156,1909.146501332964,1909.146501332964,1908.5920993372986,1908.5920993372986,1908.5920993372986,1908.5920993372986,1908.5920993372986,1889.0657125558164,1887.6760760879163,1887.6760760879163,1887.6760760879163,1887.6760760879163,1887.6760760879163,1887.6760760879163,1887.6760760879163,1887.6760760879163,1884.8397569252456,1877.0241931092667,1877.0241931092667,1877.0241931092667,1877.0241931092667,1877.0241931092667,1877.0241931092667,1877.0241931092667,1877.0241931092667,1877.0241931092667,1877.0241931092667,1877.0241931092667,1877.0241931092667,1876.3999535321216,1876.3999535321216,1876.3999535321216,1876.3999535321216,1876.3999535321216,1876.3999535321216,1876.3999535321216,1876.3999535321216,1874.0671391385115,1874.0671391385115,1874.0671391385115,1874.0671391385115,1873.2012933942844,1873.2012933942844,1873.2012933942844,1873.2012933942844,1873.2012933942844,1873.2012933942844,1873.2012933942844,1873.0805585861997,1873.0805585861997,1873.0805585861997,1873.0805585861997,1870.1412933942845,1870.1412933942845,1870.1412933942845,1863.755660952441,1863.755660952441,1863.755660952441,1863.755660952441,1863.755660952441,1860.3333199772746,1860.3333199772746,1860.3333199772746,1860.3333199772746,1860.3333199772746,1859.7297178072513,1859.7297178072513,1859.7297178072513,1859.7297178072513,1859.7297178072513,1859.6089829991665,1859.6089829991665,1859.6089829991665,1859.6089829991665,1859.6089829991665,1859.6089829991665,1859.6089829991665,1859.6089829991665,1859.6089829991665,1859.6089829991665,1859.6089829991665,1859.6089829991665,1859.6089829991665,1859.6089829991665,1859.084660836756,1859.084660836756,1859.084660836756,1859.084660836756,1859.084660836756,1859.084660836756,1859.084660836756,1859.084660836756,1859.084660836756,1859.084660836756,1856.186642024,1856.186642024,1856.186642024,1855.6623198615896,1855.6623198615896,1855.6623198615896,1855.6623198615896,1855.6623198615896,1855.6623198615896,1855.6623198615896,1855.6623198615896,1855.6623198615896,1855.6623198615896,1855.6623198615896,1855.6623198615896,1855.6623198615896,1855.6623198615896,1855.6623198615896,1855.6623198615896,1855.6623198615896,1855.6623198615896,1855.6623198615896,1855.6623198615896,1855.6623198615896,1855.6623198615896,1855.6623198615896,1855.6623198615896,1855.6623198615896,1855.6623198615896,1855.6623198615896,1855.6623198615896,1855.6623198615896,1855.6623198615896,1855.6623198615896,1855.6623198615896,1855.6623198615896,1855.6623198615896,1855.6623198615896,1855.6623198615896,1855.6623198615896,1855.6623198615896,1855.6623198615896,1855.6623198615896,1855.6623198615896,1855.6623198615896,1855.6623198615896,1855.6623198615896,1855.6623198615896,1855.6623198615896,1855.6623198615896,1855.6623198615896,1855.6623198615896,1855.6623198615896,1855.6623198615896,1855.6623198615896,1855.6623198615896,1855.6623198615896,1855.6623198615896,1855.6623198615896,1855.6623198615896,1855.6623198615896,1855.6623198615896,1855.6623198615896,1855.6623198615896,1855.6623198615896,1855.6623198615896,1855.6623198615896,1855.6623198615896,1855.6623198615896,1855.6623198615896,1855.6623198615896,1855.6623198615896,1855.6623198615896,1855.6623198615896,1855.6623198615896,1855.6623198615896,1855.6623198615896,1855.6623198615896,1855.6623198615896,1855.6623198615896,1855.6623198615896,1855.6623198615896,1855.6623198615896,1851.6492791122464,1851.6492791122464,1851.6492791122464,1851.6492791122464,1851.6492791122464,1851.6492791122464,1851.6492791122464,1851.6492791122464,1851.6492791122464,1851.6492791122464,1851.6492791122464,1851.6492791122464,1851.6492791122464,1851.6492791122464,1851.6492791122464,1851.6492791122464,1851.6492791122464,1851.6492791122464,1851.6492791122464,1851.4616187340412,1851.4616187340412,1851.4616187340412,1851.4616187340412,1851.4616187340412,1851.4616187340412,1851.4616187340412,1851.4616187340412,1851.4616187340412,1851.4616187340412,1851.4616187340412,1851.4616187340412,1851.4616187340412,1851.4616187340412,1851.4616187340412,1851.4616187340412,1851.4616187340412,1851.4616187340412,1851.4616187340412,1851.4616187340412,1851.4616187340412,1851.4616187340412,1851.4616187340412,1851.4616187340412,1851.4616187340412,1851.4616187340412,1851.4616187340412,1851.4616187340412,1851.4616187340412,1851.4616187340412,1851.4616187340412,1851.4616187340412,1851.4616187340412,1851.4616187340412,1851.4616187340412,1851.4616187340412,1851.4616187340412,1851.4616187340412,1851.4616187340412,1851.4616187340412,1849.5951016670194,1849.5951016670194,1849.5951016670194,1849.5951016670194,1849.5951016670194,1849.5951016670194,1849.5951016670194,1844.967745655067,1844.967745655067,1844.967745655067,1844.967745655067,1844.967745655067,1844.967745655067,1844.967745655067,1844.967745655067,1844.967745655067,1844.967745655067,1844.967745655067,1844.967745655067,1844.967745655067,1844.967745655067,1844.967745655067,1844.967745655067,1844.967745655067,1843.373342849339,1843.373342849339,1843.373342849339,1843.373342849339,1843.373342849339,1841.4032931158115,1841.4032931158115,1841.4032931158115,1841.4032931158115,1841.4032931158115,1841.4032931158115,1841.4032931158115,1841.4032931158115,1841.4032931158115,1841.4032931158115,1841.4032931158115,1841.4032931158115,1841.4032931158115,1841.4032931158115,1841.4032931158115,1841.4032931158115,1841.4032931158115,1841.4032931158115,1841.4032931158115,1841.4032931158115,1841.4032931158115,1841.4032931158115,1841.4032931158115,1841.4032931158115,1841.4032931158115,1841.4032931158115,1841.4032931158115,1841.4032931158115,1841.4032931158115,1841.4032931158115,1841.4032931158115,1841.4032931158115,1841.4032931158115,1841.4032931158115,1841.4032931158115,1841.4032931158115,1841.4032931158115,1841.4032931158115,1841.4032931158115,1841.4032931158115,1841.4032931158115,1841.4032931158115,1841.4032931158115,1841.4032931158115,1841.4032931158115,1841.4032931158115,1841.4032931158115,1841.4032931158115,1841.4032931158115,1841.4032931158115,1841.4032931158115,1841.4032931158115,1841.4032931158115,1841.4032931158115,1841.4032931158115,1841.4032931158115,1841.4032931158115,1841.4032931158115,1841.4032931158115,1841.4032931158115,1841.4032931158115,1841.4032931158115,1841.4032931158115,1841.4032931158115,1841.4032931158115,1841.4032931158115,1841.4032931158115,1841.4032931158115,1841.4032931158115,1841.4032931158115,1841.4032931158115,1841.4032931158115,1841.4032931158115,1841.4032931158115,1841.4032931158115,1841.4032931158115,1841.4032931158115,1841.4032931158115,1841.4032931158115,1841.4032931158115,1841.4032931158115,1841.4032931158115,1841.4032931158115,1841.4032931158115,1841.4032931158115,1841.4032931158115,1841.4032931158115,1841.4032931158115,1841.4032931158115,1841.4032931158115,1841.4032931158115,1841.4032931158115,1841.4032931158115,1841.4032931158115,1841.4032931158115,1841.4032931158115,1841.4032931158115,1841.4032931158115,1841.4032931158115,1841.4032931158115,1841.4032931158115,1841.4032931158115,1841.4032931158115,1841.4032931158115,1841.4032931158115,1841.4032931158115,1841.4032931158115,1841.4032931158115,1841.4032931158115,1841.4032931158115,1841.4032931158115,1841.4032931158115,1841.4032931158115,1841.4032931158115,1841.4032931158115,1841.4032931158115,1841.4032931158115,1841.4032931158115,