{"optimalDistance":1221,"benchmark":"B-n78-k10","distanceSequence":[1411.1222012500043,1411.1222012500043,1411.1222012500043,1404.399271564604,1404.399271564604,1404.399271564604,1403.5615492247725,1403.5615492247725,1403.5615492247725,1403.5615492247725,1400.123029896562,1400.123029896562,1400.123029896562,1400.123029896562,1398.287919144509,1398.287919144509,1398.287919144509,1398.287919144509,1398.287919144509,1398.287919144509,1396.473625987101,1390.4699051926673,1390.4699051926673,1390.4699051926673,1390.4699051926673,1390.4699051926673,1390.4699051926673,1390.4699051926673,1390.3585891991029,1390.3585891991029,1388.497282584828,1388.497282584828,1388.497282584828,1388.497282584828,1388.497282584828,1388.497282584828,1388.497282584828,1388.276522051092,1388.276522051092,1385.74824092901,1385.74824092901,1385.74824092901,1385.74824092901,1385.74824092901,1382.385930164733,1382.385930164733,1382.385930164733,1382.385930164733,1376.8965869624617,1376.8965869624617,1376.8965869624617,1376.8965869624617,1371.3969931634158,1369.1131780163964,1369.1131780163964,1369.1131780163964,1369.1131780163964,1369.1131780163964,1369.1131780163964,1369.1131780163964,1369.0217126285945,1369.0217126285945,1369.0217126285945,1369.0217126285945,1365.4979722979194,1365.4979722979194,1365.4979722979194,1365.4979722979194,1365.4979722979194,1365.4979722979194,1365.4979722979194,1361.1687675939131,1361.1687675939131,1361.1687675939131,1361.1687675939131,1361.1687675939131,1360.630254551464,1360.630254551464,1360.630254551464,1360.630254551464,1360.630254551464,1360.630254551464,1359.9946566345325,1358.8445992181782,1358.8445992181782,1358.8445992181782,1358.8445992181782,1358.8445992181782,1358.8445992181782,1358.8445992181782,1358.8445992181782,1358.8445992181782,1356.4963988714653,1356.4963988714653,1356.4963988714653,1356.4963988714653,1356.4963988714653,1356.4963988714653,1356.4963988714653,1356.3182532865922,1356.3182532865922,1353.0961307067837,1353.0961307067837,1350.3123083023506,1350.3123083023506,1350.3123083023506,1350.3123083023506,1350.3123083023506,1350.0290454899227,1350.0290454899227,1350.0290454899227,1346.6767624825657,1346.6767624825657,1346.6767624825657,1346.6767624825657,1342.8764884814118,1342.8764884814118,1342.8764884814118,1342.8764884814118,1342.8764884814118,1342.8764884814118,1342.5948638511577,1342.5948638511577,1342.5948638511577,1342.5948638511577,1342.0377249181965,1342.0377249181965,1342.0377249181965,1338.0236473945827,1338.0236473945827,1338.0236473945827,1338.0236473945827,1338.0236473945827,1338.0236473945827,1338.0236473945827,1337.4835993505558,1337.4835993505558,1336.9370174827227,1336.9370174827227,1334.623379229901,1334.623379229901,1334.623379229901,1334.623379229901,1334.623379229901,1334.623379229901,1333.3655647965209,1333.3655647965209,1333.3655647965209,1333.3655647965209,1333.3655647965209,1333.3655647965209,1333.3655647965209,1329.9652966318392,1329.9652966318392,1329.9652966318392,1329.9652966318392,1329.9652966318392,1329.9652966318392,1329.9652966318392,1329.9652966318392,1327.0575089598121,1327.0575089598121,1327.0575089598121,1327.0575089598121,1323.313892287493,1323.313892287493,1323.313892287493,1323.313892287493,1323.313892287493,1323.313892287493,1323.313892287493,1323.313892287493,1323.313892287493,1323.313892287493,1323.0306294750653,1322.1568880238303,1322.1568880238303,1322.1568880238303,1322.111469628676,1322.111469628676,1322.111469628676,1322.111469628676,1322.111469628676,1322.111469628676,1322.111469628676,1318.4674122257409,1318.4674122257409,1318.4674122257409,1318.4219938305866,1318.4219938305866,1318.4219938305866,1318.4219938305866,1318.4219938305866,1318.310283903987,1318.310283903987,1317.9106858410364,1317.9106858410364,1317.8309171613316,1315.40249623196,1315.40249623196,1315.40249623196,1315.40249623196,1314.8457698472555,1314.8457698472555,1314.8457698472555,1314.8457698472555,1314.8457698472555,1314.8457698472555,1314.8457698472555,1314.8457698472555,1314.8457698472555,1314.1963971535713,1314.1963971535713,1314.1963971535713,1314.1963971535713,1314.1963971535713,1314.1963971535713,1314.1963971535713,1314.1963971535713,1314.1963971535713,1314.1963971535713,1314.1963971535713,1314.1963971535713,1314.1963971535713,1314.1963971535713,1314.1963971535713,1314.1963971535713,1314.1963971535713,1314.1963971535713,1314.1963971535713,1314.1963971535713,1314.0182515686981,1314.0182515686981,1314.0182515686981,1314.0182515686981,1314.0182515686981,1314.0182515686981,1314.0182515686981,1314.0182515686981,1314.0182515686981,1314.0182515686981,1314.0182515686981,1314.0182515686981,1314.0182515686981,1314.0182515686981,1314.0182515686981,1314.0182515686981,1314.0182515686981,1314.0182515686981,1314.0182515686981,1314.0182515686981,1314.0182515686981,1314.0182515686981,1314.0182515686981,1314.0182515686981,1314.0182515686981,1314.0182515686981,1313.5322135601014,1313.5322135601014,1313.5322135601014,1313.5322135601014,1313.5322135601014,1313.5322135601014,1313.5322135601014,1313.5322135601014,1313.5322135601014,1313.5322135601014,1313.5322135601014,1313.5322135601014,1313.5322135601014,1313.5322135601014,1313.5322135601014,1313.5322135601014,1313.5322135601014,1312.8828408664172,1312.8828408664172,1312.8828408664172,1312.8828408664172,1312.8828408664172,1312.8828408664172,1312.8828408664172,1312.8828408664172,1312.8828408664172,1312.8828408664172,1312.8828408664172,1312.8828408664172,1312.8828408664172,1312.8828408664172,1312.8828408664172,1312.8828408664172,1312.8828408664172,1312.8828408664172,1312.8828408664172,1312.8828408664172,1312.8828408664172,1312.8828408664172,1312.8828408664172,1312.8828408664172,1312.8828408664172,1312.8828408664172,1312.8828408664172,1312.8828408664172,1312.8828408664172,1312.8828408664172,1312.8828408664172,1312.8828408664172,1312.8828408664172,1312.8828408664172,1312.8828408664172,1312.8828408664172,1312.556882324625,1312.556882324625,1312.556882324625,1312.556882324625,1312.556882324625,1312.51094715386,1312.51094715386,1312.51094715386,1312.51094715386,1312.51094715386,1312.51094715386,1312.51094715386,1312.51094715386,1312.51094715386,1312.51094715386,1312.51094715386,1312.51094715386,1312.51094715386,1312.51094715386,1312.51094715386,1312.51094715386,1312.51094715386,1312.51094715386,1312.51094715386,1312.51094715386,1312.51094715386,1312.51094715386,1312.51094715386,1312.51094715386,1312.51094715386,1312.51094715386,1312.51094715386,1312.51094715386,1312.51094715386,1312.51094715386,1312.51094715386,1312.51094715386,1312.51094715386,1312.51094715386,1312.51094715386,1312.51094715386,1312.51094715386,1312.51094715386,1312.51094715386,1312.51094715386,1312.51094715386,1312.51094715386,1312.51094715386,1312.51094715386,1312.51094715386,1312.51094715386,1312.51094715386,1312.51094715386,1312.51094715386,1312.51094715386,1312.51094715386,1312.51094715386,1312.51094715386,1312.51094715386,1312.51094715386,1312.51094715386,1312.51094715386,1312.51094715386,1312.51094715386,1312.51094715386,1312.51094715386,1312.51094715386,1312.51094715386,1312.51094715386,1312.51094715386,1312.51094715386,1312.51094715386,1312.51094715386,1312.51094715386,1312.51094715386,1312.51094715386,1312.51094715386,1312.51094715386,1312.51094715386,1312.51094715386,1312.51094715386,1312.51094715386,1312.51094715386,1312.51094715386,1312.51094715386,1312.51094715386,1312.51094715386,1312.51094715386,1312.51094715386,1312.51094715386,1312.51094715386,1312.51094715386,1312.51094715386,1312.51094715386,1312.51094715386,1312.51094715386,1312.51094715386,1312.51094715386,1312.51094715386,1312.51094715386,1312.51094715386,1312.51094715386,1312.51094715386,1312.51094715386,1312.51094715386,1312.51094715386,1312.51094715386,1311.8458417485854,1311.8458417485854,1311.8458417485854,1311.8458417485854,1311.8458417485854,1311.8458417485854,1311.8458417485854,1311.8458417485854,1311.8458417485854,1311.8458417485854,1311.8458417485854,1311.8458417485854,1311.8458417485854,1311.8458417485854,1311.8458417485854,