{"front":[{"trucks":[[17,67,61,7,75,51,63],[73,57,9,16,13,35,47],[49,5,60,36,56,34,62],[72,23,52,46,32,74,77,33,8],[43,19,26,11,69,54],[31,4,21,55,14,40,29,20,10,37,15,42],[18,59,39,70,68,44,22,53,25],[66,76,38,71,30,58],[3,28,64,6,50,48],[2,78,24,45,27,12,65,41]],"fuel":1823.2102473794698,"distance":1276.3295417571615},{"trucks":[[17,67,61,7,63,51,75],[73,57,9,16,13,35,47],[49,5,60,36,56,34,62],[72,23,52,46,32,74,77,33,8],[43,19,26,11,69,54],[31,4,21,55,40,14,29,20,10,37,15,42],[18,59,39,70,68,44,22,53,25],[66,76,38,71,30,58],[3,28,64,6,50,48],[2,78,24,45,27,12,65,41]],"fuel":1822.4327239681602,"distance":1282.0689782394295},{"trucks":[[17,67,61,7,63,51,75],[73,57,9,16,13,35,47],[62,49,5,60,36,56,34],[72,23,52,46,32,74,77,33,8],[43,19,26,11,69,54],[31,4,21,55,40,14,29,20,10,37,15,42],[18,59,39,70,68,44,22,53,25],[66,76,38,71,30,58],[3,28,64,6,50,48],[2,78,24,45,27,12,65,41]],"fuel":1822.3444673444224,"distance":1282.308691706852}],"Optimal":1221,"benchmark":"B-n78-k10"}