{"optimalDistance":742,"distanceSequence":[806.7813557058676,790.99964860934,790.99964860934,790.99964860934,790.99964860934,783.9798601751964,783.9798601751964,783.9798601751964,778.1534901008919,778.1534901008919,778.1534901008919,778.1534901008919,760.5883568520792,760.5883568520792,760.5883568520792,760.5883568520792,760.5830811837219,760.5830811837219,760.5830811837219,758.2764792762698,758.2764792762698,758.2764792762698,757.2706980966433,757.2088806905596,757.2088806905596,757.0418640691468,757.0418640691468,756.3541359969566,756.3541359969566,756.3541359969566,755.6243894768921,755.6243894768921,755.6243894768921,755.6243894768921,755.6243894768921,755.6243894768921,755.6243894768921,755.6243894768921,755.6243894768921,755.6243894768921,755.6243894768921,755.6243894768921,755.6243894768921,755.6243894768921,755.6243894768921,755.6243894768921,755.6243894768921,755.6243894768921,755.6243894768921,755.6243894768921,755.6243894768921,755.6243894768921,755.6243894768921,755.6243894768921,755.6243894768921,755.6243894768921,755.6243894768921,755.6243894768921,755.6243894768921,755.6243894768921,755.6243894768921,755.6243894768921,755.6243894768921,755.6243894768921,755.6243894768921,755.6243894768921,755.6243894768921,755.6243894768921,755.6243894768921,755.6243894768921,755.6243894768921,755.6243894768921,755.6243894768921,755.6243894768921,755.6243894768921,755.6243894768921,755.6243894768921,755.6243894768921,755.6243894768921,755.6243894768921,755.6243894768921,755.6243894768921,755.6243894768921,755.6243894768921,755.6243894768921,755.6243894768921,755.6243894768921,755.6243894768921,755.6243894768921,755.6243894768921,755.6243894768921,755.6243894768921,755.6243894768921,755.6243894768921,755.6243894768921,755.6243894768921,755.6243894768921,755.6243894768921,755.6243894768921,755.6243894768921,755.6243894768921,755.6243894768921,755.6243894768921,755.6243894768921,755.6243894768921,755.6243894768921,755.6243894768921,755.6243894768921,755.6243894768921,755.6243894768921,755.6243894768921,755.6243894768921,755.6243894768921,755.6243894768921,755.6243894768921,755.6243894768921,755.6243894768921,755.6243894768921,755.6243894768921,755.6243894768921,755.6243894768921,755.6243894768921,755.6243894768921,755.6243894768921,755.6243894768921,755.6243894768921,755.6243894768921,755.6243894768921,755.6243894768921,755.6243894768921,755.6243894768921,755.6243894768921,755.6243894768921,755.6243894768921,755.6243894768921,755.6243894768921,755.6243894768921,755.6243894768921,755.6243894768921,755.6243894768921,755.6243894768921,755.6243894768921,755.6243894768921,755.6243894768921,748.6090421726803,748.6090421726803,748.6090421726803,748.6090421726803,748.6090421726803,748.6090421726803,748.6090421726803,748.6090421726803,748.6090421726803,748.6090421726803,748.6090421726803,748.6090421726803,748.6090421726803,748.6090421726803,748.432148015915,748.432148015915,748.432148015915,748.432148015915,748.432148015915,748.432148015915,748.432148015915,748.432148015915,748.432148015915,748.432148015915,748.432148015915,748.432148015915,748.432148015915,748.432148015915,748.432148015915,748.432148015915,748.432148015915,748.432148015915,748.432148015915,748.432148015915,748.432148015915,748.432148015915,748.432148015915,748.432148015915,748.432148015915,748.432148015915,748.432148015915,748.432148015915,748.432148015915,748.432148015915,748.432148015915,748.432148015915,748.432148015915,748.432148015915,748.432148015915,748.432148015915,748.432148015915,748.432148015915,748.432148015915,748.432148015915,748.432148015915,748.432148015915,748.432148015915,748.432148015915,748.432148015915,748.432148015915,748.432148015915,748.432148015915,748.432148015915,748.432148015915,748.432148015915,748.432148015915,748.432148015915,748.432148015915,748.432148015915,748.432148015915,748.432148015915,748.432148015915,748.432148015915,748.432148015915,748.432148015915,748.432148015915,748.432148015915,748.432148015915,748.432148015915,748.432148015915,748.432148015915,748.432148015915,748.432148015915,748.432148015915,748.432148015915,748.432148015915,748.432148015915,748.432148015915,748.432148015915,748.432148015915,748.432148015915,748.432148015915,748.432148015915,748.432148015915,748.432148015915,748.432148015915,748.432148015915,748.432148015915,748.432148015915,748.432148015915,748.432148015915,748.432148015915,748.432148015915,748.432148015915,748.432148015915,748.432148015915,748.432148015915,748.432148015915,748.432148015915,748.432148015915,748.432148015915,748.432148015915,748.432148015915,748.432148015915,748.432148015915,748.432148015915,748.432148015915,748.432148015915,748.432148015915,748.432148015915,748.432148015915,748.432148015915,748.432148015915,748.432148015915,748.432148015915,748.432148015915,748.432148015915,748.432148015915,748.432148015915,748.432148015915,748.432148015915,748.432148015915,748.432148015915,748.432148015915,748.432148015915,748.432148015915,748.432148015915,748.432148015915,748.432148015915,748.432148015915,748.432148015915,748.432148015915,748.432148015915,748.432148015915,748.432148015915,748.432148015915,748.432148015915,748.432148015915,748.432148015915,748.432148015915,748.432148015915,748.432148015915,748.432148015915,748.432148015915,748.432148015915,748.432148015915,748.432148015915,748.432148015915,748.432148015915,748.432148015915,748.432148015915,748.432148015915,748.432148015915,748.432148015915,748.432148015915,748.432148015915,748.432148015915,748.432148015915,748.432148015915,748.432148015915,748.432148015915,748.432148015915,748.432148015915,748.432148015915,748.432148015915,748.432148015915,748.432148015915,748.432148015915,748.432148015915,748.432148015915,748.432148015915,748.432148015915,748.432148015915,748.432148015915,748.432148015915,748.432148015915,748.432148015915,748.432148015915,748.432148015915,748.432148015915,748.432148015915,748.432148015915,748.432148015915,748.432148015915,748.432148015915,748.432148015915,748.432148015915,748.432148015915,748.432148015915,748.432148015915,748.432148015915,748.432148015915,748.432148015915,748.432148015915,748.432148015915,748.432148015915,748.432148015915,748.432148015915,748.432148015915,748.432148015915,748.432148015915,748.432148015915,748.432148015915,748.432148015915,748.432148015915,748.432148015915,748.432148015915,748.432148015915,748.432148015915,748.432148015915,748.432148015915,748.432148015915,748.432148015915,748.432148015915,748.432148015915,748.432148015915,748.432148015915,748.432148015915,748.432148015915,748.432148015915,748.432148015915,748.432148015915,748.432148015915,748.432148015915,748.432148015915,748.432148015915,748.432148015915,748.432148015915,748.432148015915,748.432148015915,748.432148015915,748.432148015915,748.432148015915,748.432148015915,748.432148015915,748.432148015915,748.432148015915,748.432148015915,748.432148015915,748.432148015915,748.432148015915,748.432148015915,748.432148015915,748.432148015915,748.432148015915,748.432148015915,748.432148015915,748.432148015915,748.432148015915,748.432148015915,748.432148015915,748.432148015915,748.432148015915,748.432148015915,748.432148015915,748.432148015915,748.432148015915,748.432148015915,748.432148015915,748.432148015915,748.432148015915,748.432148015915,748.432148015915,748.432148015915,748.432148015915,748.432148015915,748.432148015915,748.432148015915,748.432148015915,748.432148015915,748.432148015915,748.432148015915,748.432148015915,748.432148015915,748.432148015915,748.432148015915,748.432148015915,748.432148015915,748.432148015915,748.432148015915,748.432148015915,748.432148015915,748.432148015915,748.432148015915,748.432148015915,748.432148015915,748.432148015915,748.432148015915,748.432148015915,748.432148015915,748.432148015915,748.432148015915,748.432148015915,748.432148015915,748.432148015915,748.432148015915,748.432148015915,748.432148015915,748.432148015915,748.432148015915,748.432148015915,748.432148015915,748.432148015915,748.432148015915,748.432148015915,