{"optimalDistance":742,"fuelSequence":[1119.257148728795,1119.257148728795,1119.257148728795,1119.257148728795,1119.257148728795,1119.257148728795,1119.257148728795,1119.257148728795,1119.257148728795,1119.257148728795,1119.257148728795,1119.257148728795,1119.257148728795,1119.257148728795,1119.257148728795,1119.257148728795,1119.257148728795,1119.257148728795,1119.257148728795,1119.257148728795,1119.257148728795,1119.257148728795,1119.257148728795,1119.257148728795,1119.257148728795,1119.257148728795,1119.257148728795,1119.257148728795,1119.257148728795,1119.257148728795,1119.257148728795,1119.257148728795,1119.257148728795,1119.257148728795,1119.257148728795,1119.257148728795,1119.257148728795,1119.257148728795,1119.257148728795,1119.257148728795,1119.257148728795,1119.257148728795,1119.257148728795,1119.257148728795,1119.257148728795,1119.257148728795,1119.257148728795,1119.257148728795,1117.9513919799724,1117.9513919799724,1117.9513919799724,1117.9513919799724,1117.9513919799724,1117.9513919799724,1106.0076008975511,1106.0076008975511,1106.0076008975511,1106.0076008975511,1106.0076008975511,1106.0076008975511,1106.0076008975511,1106.0076008975511,1106.0076008975511,1106.0076008975511,1106.0076008975511,1106.0076008975511,1106.0076008975511,1106.0076008975511,1106.0076008975511,1106.0076008975511,1106.0076008975511,1106.0076008975511,1106.0076008975511,1106.0076008975511,1106.0076008975511,1106.0076008975511,1106.0076008975511,1106.0076008975511,1106.0076008975511,1106.0076008975511,1106.0076008975511,1106.0076008975511,1106.0076008975511,1106.0076008975511,1106.0076008975511,1106.0076008975511,1106.0076008975511,1106.0076008975511,1106.0076008975511,1106.0076008975511,1106.0076008975511,1106.0076008975511,1106.0076008975511,1106.0076008975511,1106.0076008975511,1106.0076008975511,1106.0076008975511,1106.0076008975511,1106.0076008975511,1106.0076008975511,1106.0076008975511,1106.0076008975511,1106.0076008975511,1106.0076008975511,1106.0076008975511,1106.0076008975511,1106.0076008975511,1106.0076008975511,1106.0076008975511,1106.0076008975511,1106.0076008975511,1106.0076008975511,1106.0076008975511,1106.0076008975511,1106.0076008975511,1106.0076008975511,1106.0076008975511,1106.0076008975511,1106.0076008975511,1106.0076008975511,1106.0076008975511,1106.0076008975511,1106.0076008975511,1106.0076008975511,1106.0076008975511,1106.0076008975511,1106.0076008975511,1106.0076008975511,1106.0076008975511,1106.0076008975511,1106.0076008975511,1106.0076008975511,1106.0076008975511,1106.0076008975511,1106.0076008975511,1106.0076008975511,1106.0076008975511,1106.0076008975511,1106.0076008975511,1106.0076008975511,1106.0076008975511,1106.0076008975511,1106.0076008975511,1106.0076008975511,1106.0076008975511,1106.0076008975511,1106.0076008975511,1106.0076008975511,1106.0076008975511,1106.0076008975511,1106.0076008975511,1106.0076008975511,1106.0076008975511,1106.0076008975511,1106.0076008975511,1106.0076008975511,1106.0076008975511,1106.0076008975511,1106.0076008975511,1106.0076008975511,1106.0076008975511,1106.0076008975511,1106.0076008975511,1106.0076008975511,1106.0076008975511,1106.0076008975511,1106.0076008975511,1106.0076008975511,1106.0076008975511,1106.0076008975511,1106.0076008975511,1106.0076008975511,1102.8855747106857,1102.8855747106857,1102.8855747106857,1102.8855747106857,1102.8855747106857,1102.8855747106857,1102.8855747106857,1102.8855747106857,1102.8855747106857,1102.8855747106857,1102.8855747106857,1102.8855747106857,1102.8855747106857,1102.8855747106857,1102.8855747106857,1102.8855747106857,1102.8855747106857,1102.8855747106857,1102.8855747106857,1102.8855747106857,1102.8855747106857,1102.8855747106857,1102.8855747106857,1102.8855747106857,1102.8855747106857,1102.8855747106857,1102.8855747106857,1102.8855747106857,1102.8855747106857,1102.8855747106857,1102.8855747106857,1102.8855747106857,1102.8855747106857,1102.8855747106857,1102.8855747106857,1102.8855747106857,1102.8855747106857,1102.8855747106857,1102.8855747106857,1102.8855747106857,1102.8855747106857,1102.8855747106857,1102.8855747106857,1102.8855747106857,1102.8855747106857,1102.8855747106857,1102.8855747106857,1102.8855747106857,1102.8855747106857,1102.8855747106857,1102.8855747106857,1102.8855747106857,1102.8855747106857,1102.8855747106857,1102.8855747106857,1102.8855747106857,1102.8855747106857,1102.8855747106857,1102.8855747106857,1102.8855747106857,1102.8855747106857,1102.8855747106857,1102.8855747106857,1102.8855747106857,1102.8855747106857,1102.8855747106857,1102.8855747106857,1102.8855747106857,1102.8855747106857,1102.8855747106857,1102.8855747106857,1102.8855747106857,1102.8855747106857,1102.8855747106857,1102.8855747106857,1102.8855747106857,1102.8855747106857,1102.8855747106857,1102.8855747106857,1102.8855747106857,1102.8855747106857,1102.8855747106857,1102.8855747106857,1102.8855747106857,1102.8855747106857,1102.8855747106857,1102.8855747106857,1102.8855747106857,1102.8855747106857,1102.8855747106857,1102.8855747106857,1102.8855747106857,1102.8855747106857,1102.8855747106857,1102.8855747106857,1102.8855747106857,1102.8855747106857,1102.8855747106857,1102.8855747106857,1102.8855747106857,1102.8855747106857,1102.8855747106857,1102.8855747106857,1102.8855747106857,1102.8855747106857,1102.8855747106857,1102.8855747106857,1102.8855747106857,1102.8855747106857,1102.8855747106857,1102.8855747106857,1102.8855747106857,1102.8855747106857,1102.8855747106857,1102.8855747106857,1102.8855747106857,1102.8855747106857,1102.8855747106857,1102.8855747106857,1102.8855747106857,1102.8855747106857,1102.8855747106857,1102.8855747106857,1102.8855747106857,1102.8855747106857,1102.8855747106857,1102.8855747106857,1102.8855747106857,1102.8855747106857,1102.8855747106857,1102.8855747106857,1102.8855747106857,1102.8855747106857,1102.8855747106857,1102.8855747106857,1100.4275346464965,1100.4275346464965,1100.4275346464965,1100.4275346464965,1100.4275346464965,1100.4275346464965,1100.4275346464965,1100.4275346464965,1100.4275346464965,1100.4275346464965,1100.4275346464965,1100.4275346464965,1100.4275346464965,1100.4275346464965,1100.4275346464965,1100.4275346464965,1100.4275346464965,1100.4275346464965,1100.4275346464965,1100.4275346464965,1100.4275346464965,1100.4275346464965,1100.4275346464965,1100.4275346464965,1100.4275346464965,1100.4275346464965,1100.4275346464965,1100.4275346464965,1100.4275346464965,1100.4275346464965,1100.4275346464965,1100.4275346464965,1100.4275346464965,1100.4275346464965,1100.4275346464965,1100.4275346464965,1100.4275346464965,1100.4275346464965,1100.4275346464965,1100.4275346464965,1100.4275346464965,1100.4275346464965,1100.4275346464965,1100.4275346464965,1100.4275346464965,1100.4275346464965,1100.4275346464965,1100.4275346464965,1100.4275346464965,1100.4275346464965,1100.4275346464965,1100.4275346464965,1100.4275346464965,1100.4275346464965,1100.4275346464965,1100.4275346464965,1100.4275346464965,1100.4275346464965,1100.4275346464965,1100.4275346464965,1100.4275346464965,1100.4275346464965,1100.4275346464965,1100.4275346464965,1100.4275346464965,1100.4275346464965,1100.4275346464965,1100.4275346464965,1100.4275346464965,1100.4275346464965,1100.4275346464965,1100.4275346464965,1100.4275346464965,1100.4275346464965,1100.4275346464965,1100.4275346464965,1100.4275346464965,1100.4275346464965,1100.4275346464965,1100.4275346464965,1100.4275346464965,1100.4275346464965,1100.4275346464965,1100.4275346464965,1100.4275346464965,1100.4275346464965,1100.4275346464965,1100.4275346464965,1100.4275346464965,1100.4275346464965,1100.4275346464965,1100.4275346464965,1100.4275346464965,1100.4275346464965,1100.4275346464965,1100.4275346464965,1100.4275346464965,1100.4275346464965,1100.4275346464965,1100.4275346464965,1100.4275346464965,1100.4275346464965,1100.4275346464965,1093.4345378978883,1093.4345378978883,1093.4345378978883,1093.4345378978883,1093.4345378978883,1093.4345378978883,1093.4345378978883,1093.4345378978883,1093.4345378978883,1093.4345378978883,1093.4345378978883,