{"benchmark":"B-n43-k6","Optimal":742,"front":[{"trucks":[[11,32,13,39,16,17,8,35,40,18,43],[21,34,22,6,19,20,15,29,38],[10,27,7,25,23,4],[5,36,42,28,26,33,30,41],[9,3,2,24,37],[31,14,12]],"distance":766.7777158155932,"fuel":1078.9386441236281}]}