{"Optimal":742,"front":[{"fuel":1086.827551601205,"trucks":[[37,9,3,24,2],[35,40,18,8,17,16,39,13,32,11],[10,43,27,7,25,23],[21,34,22,6,19,20,15,29,38],[5,36,42,28,26,33,30,41],[12,31,4,14]],"distance":777.8523322794591}],"benchmark":"B-n43-k6"}