{"Optimal":742,"front":[{"distance":773.2865698450391,"trucks":[[40,35,18,8,17,16,32,13,39,43],[10,27,7,25,23,4],[37,9,3,2,24,11],[21,22,6,34,19,20,15,29,38],[42,36,41,26,28,33,30,5],[31,14,12]],"fuel":1090.130779175981}],"benchmark":"B-n43-k6"}