{"optimalDistance":631,"distanceSequence":[714.1969938729889,714.1969938729889,714.1969938729889,714.1969938729889,714.1969938729889,714.1969938729889,714.1969938729889,711.8144015374716,711.8144015374716,707.7586748106609,707.7586748106609,707.7586748106609,707.7586748106609,707.7586748106609,707.7586748106609,707.7586748106609,707.7586748106609,705.0118180925843,705.0118180925843,705.0118180925843,702.648743162334,702.648743162334,699.4267129000597,699.4267129000597,699.2624992758189,699.2624992758189,699.2624992758189,697.5945229327615,697.5945229327615,694.3167812517328,694.3167812517328,694.3167812517328,694.3167812517328,694.3167812517328,693.6773940832942,688.5674624349673,688.5674624349673,688.5674624349673,688.5674624349673,688.5674624349673,688.5674624349673,687.1420542946616,686.4045182807214,686.4045182807214,686.4045182807214,686.4045182807214,686.4045182807214,686.4045182807214,686.4045182807214,686.4045182807214,686.4045182807214,686.4045182807214,686.4045182807214,686.4045182807214,686.4045182807214,686.4045182807214,686.4045182807214,684.9791101404157,684.9791101404157,684.9791101404157,684.9791101404157,684.9791101404157,684.9791101404157,684.9791101404157,684.9791101404157,684.9791101404157,684.9791101404157,684.9791101404157,684.9791101404157,682.7188093315657,682.7188093315657,682.7188093315657,682.7188093315657,682.7188093315657,682.7188093315657,682.7188093315657,682.7188093315657,682.7188093315657,682.7188093315657,682.7188093315657,682.7188093315657,682.7188093315657,682.7188093315657,682.7188093315657,682.7188093315657,682.7188093315657,682.7188093315657,682.7188093315657,682.7188093315657,682.7188093315657,682.7188093315657,682.7188093315657,682.7188093315657,682.7188093315657,682.7188093315657,682.7188093315657,682.7188093315657,682.7188093315657,682.7188093315657,682.7188093315657,682.7188093315657,682.7188093315657,682.7188093315657,682.7188093315657,682.7188093315657,682.7188093315657,682.7188093315657,682.7188093315657,682.7188093315657,682.7188093315657,682.7188093315657,682.7188093315657,682.7188093315657,682.7188093315657,682.7188093315657,682.7188093315657,682.7188093315657,682.7188093315657,682.7188093315657,682.7188093315657,682.7188093315657,682.7188093315657,682.7188093315657,682.7188093315657,682.7188093315657,682.7188093315657,682.7188093315657,682.7188093315657,682.7188093315657,682.7188093315657,682.7188093315657,682.7188093315657,682.7188093315657,682.7188093315657,682.7188093315657,682.7188093315657,682.7188093315657,682.7188093315657,682.7188093315657,682.7188093315657,682.7188093315657,682.7188093315657,682.7188093315657,682.7188093315657,682.7188093315657,682.7188093315657,682.7188093315657,682.7188093315657,682.7188093315657,682.7188093315657,682.7188093315657,682.7188093315657,682.7188093315657,682.7188093315657,682.7188093315657,682.7188093315657,682.7188093315657,682.7188093315657,682.7188093315657,682.7188093315657,682.7188093315657,682.7188093315657,679.9263112319359,679.9263112319359,679.9263112319359,679.9263112319359,679.9263112319359,679.9263112319359,679.9263112319359,679.9263112319359,679.9263112319359,679.9263112319359,679.9263112319359,679.9263112319359,679.9263112319359,679.9263112319359,679.9263112319359,679.9263112319359,679.9263112319359,679.9263112319359,679.9263112319359,679.9263112319359,679.9263112319359,679.9263112319359,679.9263112319359,679.9263112319359,679.9263112319359,679.9263112319359,679.9263112319359,679.9263112319359,678.5009030916302,678.5009030916302,678.5009030916302,678.5009030916302,678.5009030916302,678.5009030916302,678.5009030916302,678.5009030916302,678.5009030916302,678.5009030916302,678.5009030916302,678.5009030916302,678.5009030916302,678.5009030916302,678.5009030916302,678.5009030916302,678.5009030916302,678.5009030916302,678.5009030916302,678.5009030916302,678.5009030916302,678.5009030916302,678.5009030916302,678.5009030916302,678.5009030916302,678.5009030916302,678.5009030916302,678.5009030916302,678.5009030916302,678.5009030916302,678.5009030916302,678.5009030916302,678.5009030916302,678.5009030916302,678.5009030916302,678.5009030916302,678.5009030916302,678.5009030916302,678.5009030916302,678.5009030916302,678.5009030916302,678.5009030916302,678.5009030916302,678.5009030916302,678.5009030916302,678.5009030916302,678.5009030916302,678.5009030916302,678.5009030916302,678.5009030916302,678.5009030916302,678.5009030916302,678.5009030916302,678.5009030916302,678.5009030916302,678.5009030916302,678.5009030916302,678.5009030916302,678.5009030916302,678.5009030916302,678.5009030916302,678.5009030916302,678.5009030916302,678.5009030916302,678.5009030916302,678.5009030916302,678.5009030916302,678.5009030916302,678.5009030916302,678.5009030916302,678.5009030916302,678.5009030916302,678.5009030916302,678.5009030916302,678.5009030916302,678.5009030916302,678.5009030916302,678.5009030916302,678.5009030916302,678.5009030916302,678.5009030916302,678.5009030916302,678.5009030916302,678.5009030916302,678.5009030916302,678.5009030916302,678.5009030916302,678.5009030916302,678.5009030916302,678.5009030916302,678.5009030916302,678.5009030916302,678.5009030916302,678.5009030916302,678.5009030916302,678.5009030916302,678.5009030916302,678.5009030916302,678.5009030916302,678.5009030916302,678.5009030916302,678.5009030916302,678.5009030916302,678.5009030916302,678.5009030916302,678.5009030916302,678.5009030916302,678.5009030916302,678.5009030916302,678.5009030916302,678.5009030916302,678.5009030916302,678.5009030916302,678.5009030916302,678.5009030916302,678.5009030916302,678.5009030916302,678.5009030916302,678.5009030916302,678.5009030916302,678.5009030916302,678.5009030916302,678.5009030916302,678.5009030916302,678.5009030916302,678.5009030916302,678.5009030916302,678.5009030916302,678.5009030916302,678.5009030916302,678.5009030916302,678.5009030916302,678.5009030916302,678.5009030916302,678.5009030916302,678.5009030916302,678.5009030916302,678.5009030916302,678.5009030916302,678.5009030916302,678.5009030916302,678.5009030916302,678.5009030916302,678.5009030916302,678.5009030916302,678.5009030916302,678.5009030916302,678.5009030916302,678.5009030916302,678.5009030916302,678.5009030916302,678.5009030916302,678.5009030916302,678.5009030916302,678.5009030916302,678.5009030916302,678.5009030916302,678.5009030916302,678.5009030916302,678.5009030916302,678.5009030916302,678.5009030916302,678.5009030916302,678.5009030916302,678.5009030916302,678.5009030916302,678.5009030916302,678.5009030916302,678.5009030916302,678.5009030916302,678.5009030916302,678.5009030916302,678.5009030916302,678.5009030916302,678.5009030916302,678.5009030916302,678.5009030916302,678.5009030916302,678.5009030916302,678.5009030916302,678.5009030916302,678.5009030916302,678.5009030916302,678.5009030916302,678.5009030916302,678.5009030916302,678.5009030916302,678.5009030916302,678.5009030916302,678.5009030916302,678.5009030916302,678.5009030916302,678.5009030916302,678.5009030916302,678.5009030916302,678.5009030916302,678.5009030916302,678.5009030916302,678.5009030916302,678.5009030916302,678.5009030916302,678.5009030916302,678.5009030916302,678.5009030916302,678.5009030916302,678.5009030916302,678.5009030916302,678.5009030916302,678.5009030916302,678.5009030916302,678.5009030916302,678.5009030916302,678.5009030916302,678.5009030916302,678.5009030916302,678.5009030916302,678.5009030916302,678.5009030916302,678.5009030916302,678.5009030916302,678.5009030916302,678.5009030916302,678.5009030916302,678.5009030916302,678.5009030916302,678.5009030916302,678.5009030916302,678.5009030916302,678.5009030916302,678.5009030916302,678.5009030916302,678.5009030916302,678.5009030916302,678.5009030916302,678.5009030916302,678.5009030916302,678.5009030916302,678.5009030916302,678.5009030916302,678.5009030916302,678.5009030916302,678.5009030916302,678.5009030916302,678.5009030916302,678.5009030916302,678.5009030916302,678.5009030916302,678.5009030916302,678.5009030916302,678.5009030916302,678.5009030916302,678.5009030916302,