{"Optimal":631,"front":[{"trucks":[[32,11,39,12,16],[3,29,23,43,42,44,24],[34,2,17,50,25,19,4],[13,40,10,26,33,45],[46,30,6,38,21,14,28],[31,49,48,37,22,7],[35,47,9,20,15,36],[18,41,27,8,5]],"fuel":981.1629672141423,"distance":691.3730887755447},{"trucks":[[32,11,39,12,16],[3,29,23,43,42,44,24],[34,2,17,50,25,19,4],[13,40,10,26,33,45],[46,30,6,38,21,14,28],[7,31,49,48,37,22],[35,47,9,20,15,36],[18,41,27,8,5]],"fuel":980.3784738637855,"distance":693.449665132787},{"trucks":[[12,39,11,32,16],[3,29,23,43,42,44,24],[34,2,17,50,25,19,4],[13,40,10,26,33,45],[46,30,6,38,21,14,28],[7,31,49,48,37,22],[35,47,9,20,15,36],[18,41,27,8,5]],"fuel":979.6998071838836,"distance":704.4424487609449}],"benchmark":"P-n50-k8"}