{"front":[{"distance":660.9103417798916,"fuel":934.4165170544181,"trucks":[[11,39,12,15],[30,6,37,38,21,16,14,28],[35,47,9,20,36,8,27],[7,34,2,44,42,43,23],[13,10,26,19,25,18],[46,49,48,22,29],[41,45,33,40,32],[5,31,3,24,50,17,4]]},{"distance":662.5450264867852,"fuel":929.5370630990894,"trucks":[[11,39,12,15],[30,6,37,38,21,16,14,28],[35,47,9,20,36,8,27],[7,34,2,44,42,43,23],[18,13,10,26,19,25],[46,49,48,22,29],[41,45,33,32,40],[5,31,3,24,50,17,4]]},{"distance":663.224265084624,"fuel":926.6120654745143,"trucks":[[11,39,12,15],[30,6,37,38,21,16,14,28],[35,47,9,20,36,8,27],[7,34,2,44,42,43,23],[18,13,10,26,19,25],[46,49,48,22,29],[41,45,33,40,32],[5,31,3,24,50,17,4]]}],"benchmark":"P-n50-k8","Optimal":631}