{"front":[{"distance":715.0390384879026,"trucks":[[42,46,30,38,8,16],[44,24,51,23,39,10,13,6,41],[19,11,9,18,45,52,15,29,47],[54,7,25,43,48,40,5,27,22],[34,12,56,21,32,31,55,35,3,20,26],[2,53,17,36,28],[49,37,33,50,14,4]],"fuel":1031.1228972502208},{"distance":726.2576369689293,"fuel":1007.032919710754,"trucks":[[42,46,30,38,16,8,20],[44,24,51,23,39,10,13,6,41],[47,9,29,52,15,45,18,11,19],[54,7,25,43,48,40,5,27,22],[3,55,31,35,32,21,56,12],[28,36,17,53,2,26],[49,37,33,50,34,14,4]]},{"trucks":[[42,46,30,38,16,8,20],[44,24,51,23,39,10,13,6,41],[19,47,9,29,52,15,45,18,11],[54,7,25,43,48,40,5,27,22],[3,55,31,35,32,21,56,12],[28,36,17,53,2,26],[49,37,33,50,34,14,4]],"fuel":1005.4775738900821,"distance":726.5828244899096}],"benchmark":"B-n56-k7","Optimal":707}