{"optimalDistance":747,"benchmark":"B-n52-k7","fuelSequence":[1135.3843714248803,1135.3843714248803,1135.3843714248803,1132.0957358939154,1127.0605101727003,1127.0605101727003,1120.6226154745796,1116.6437070667648,1116.6437070667648,1110.31842838231,1110.31842838231,1107.419558510183,1107.419558510183,1106.6224933234446,1099.856666040329,1094.104208512666,1094.104208512666,1090.3705902058045,1087.9094612395863,1087.9094612395863,1087.9094612395863,1084.9841028283934,1084.9841028283934,1084.9841028283934,1084.9841028283934,1084.9841028283934,1080.6248588415006,1080.6248588415006,1080.6248588415006,1080.6248588415006,1080.4282912457013,1080.4282912457013,1080.4282912457013,1080.4282912457013,1080.4282912457013,1079.30648286944,1079.30648286944,1079.30648286944,1079.1687519780933,1079.1687519780933,1079.1687519780933,1079.1687519780933,1079.1687519780933,1079.1687519780933,1078.3975418092873,1078.3975418092873,1078.3975418092873,1078.0459052130157,1076.473508567228,1076.473508567228,1076.473508567228,1076.418104004626,1076.418104004626,1074.9764364262808,1074.9764364262808,1074.9764364262808,1074.9764364262808,1074.9764364262808,1074.9764364262808,1074.9764364262808,1074.9764364262808,1074.9764364262808,1074.9764364262808,1072.7491193940675,1072.633328615946,1072.633328615946,1072.633328615946,1072.633328615946,1072.633328615946,1071.49745321979,1071.49745321979,1071.49745321979,1071.49745321979,1070.0543749874612,1070.0543749874612,1070.0543749874612,1068.6125149399966,1068.6125149399966,1068.6125149399966,1068.6125149399966,1068.6125149399966,1068.6125149399966,1068.6125149399966,1068.6125149399966,1068.6125149399966,1068.5436462095831,1068.5436462095831,1068.5436462095831,1068.5436462095831,1066.9849062007263,1066.9849062007263,1066.9849062007263,1066.9849062007263,1066.9849062007263,1066.9849062007263,1066.58162866249,1066.58162866249,1066.58162866249,1064.7132630692222,1064.7132630692222,1064.7132630692222,1064.7132630692222,1064.7132630692222,1064.7132630692222,1064.7132630692222,1064.7132630692222,1064.7132630692222,1064.7132630692222,1064.7132630692222,1064.7132630692222,1064.7132630692222,1064.7132630692222,1064.7132630692222,1064.7132630692222,1064.7132630692222,1063.575318488482,1063.575318488482,1063.575318488482,1063.575318488482,1063.575318488482,1063.575318488482,1062.8483017466556,1062.8483017466556,1062.8483017466556,1062.8483017466556,1062.8483017466556,1062.8483017466556,1062.8483017466556,1062.8483017466556,1062.8483017466556,1062.8483017466556,1062.8483017466556,1062.8483017466556,1062.8483017466556,1062.8483017466556,1062.1992945038385,1062.1992945038385,1062.1992945038385,1062.1992945038385,1062.1992945038385,1062.1992945038385,1062.1992945038385,1062.1992945038385,1062.1992945038385,1062.1992945038385,1062.1992945038385,1062.1992945038385,1062.1992945038385,1062.1992945038385,1061.3668762210689,1061.3668762210689,1061.3668762210689,1061.3668762210689,1061.3668762210689,1061.3668762210689,1061.3668762210689,1061.3668762210689,1061.3668762210689,1061.3668762210689,1061.3668762210689,1061.3668762210689,1061.3668762210689,1061.3668762210689,1061.3668762210689,1061.3668762210689,1061.3668762210689,1061.3668762210689,1061.3668762210689,1061.3668762210689,1061.3668762210689,1061.3668762210689,1061.3668762210689,1061.3668762210689,1061.3668762210689,1061.3668762210689,1061.3668762210689,1061.3668762210689,1061.3668762210689,1061.3668762210689,1061.3668762210689,1061.3668762210689,1061.3668762210689,1061.3668762210689,1061.3668762210689,1061.3668762210689,1061.3668762210689,1061.3668762210689,1061.3668762210689,1061.3668762210689,1061.3668762210689,1061.3668762210689,1061.3668762210689,1061.3668762210689,1061.3668762210689,1061.3668762210689,1061.3668762210689,1061.3668762210689,1061.3668762210689,1061.3668762210689,1061.3668762210689,1061.3668762210689,1061.3668762210689,1061.3668762210689,1061.3668762210689,1061.3668762210689,1061.3668762210689,1061.3668762210689,1061.3668762210689,1061.3668762210689,1061.3668762210689,1061.3668762210689,1061.3668762210689,1061.3668762210689,1061.3668762210689,1061.3668762210689,1061.3668762210689,1061.3668762210689,1061.3668762210689,1061.3668762210689,1061.3668762210689,1061.3668762210689,1061.3668762210689,1061.3668762210689,1061.3668762210689,1061.3668762210689,1061.3668762210689,1061.3668762210689,1061.3668762210689,1061.3668762210689,1061.3668762210689,1061.3668762210689,1061.3668762210689,1061.3668762210689,1061.3668762210689,1061.3668762210689,1061.3668762210689,1061.3668762210689,1061.3668762210689,1061.3668762210689,1061.3668762210689,1061.3668762210689,1061.3668762210689,1061.3668762210689,1061.3668762210689,1061.3668762210689,1061.3668762210689,1061.3668762210689,1061.3668762210689,1061.3668762210689,1061.3668762210689,1061.3668762210689,1061.3668762210689,1061.3668762210689,1061.3668762210689,1061.3668762210689,1061.3668762210689,1061.3668762210689,1061.3668762210689,1061.3668762210689,1061.3668762210689,1061.3668762210689,1061.3668762210689,1061.3668762210689,1061.3668762210689,1061.3668762210689,1061.3668762210689,1061.3668762210689,1061.3668762210689,1061.3668762210689,1061.3668762210689,1061.3668762210689,1061.3668762210689,1061.3668762210689,1061.3668762210689,1061.3668762210689,1061.3668762210689,1061.3668762210689,1061.3668762210689,1061.3668762210689,1061.3668762210689,1061.3668762210689,1061.3668762210689,1061.3668762210689,1061.3668762210689,1061.3668762210689,1061.3668762210689,1061.3668762210689,1061.3668762210689,1061.3668762210689,1061.3668762210689,1061.3668762210689,1061.3668762210689,1061.3668762210689,1061.3668762210689,1061.3668762210689,1061.3668762210689,1061.3668762210689,1061.3668762210689,1061.3668762210689,1061.3668762210689,1061.3668762210689,1061.3668762210689,1061.3668762210689,1061.3668762210689,1061.3668762210689,1061.3668762210689,1061.3668762210689,1061.3668762210689,1061.3668762210689,1061.3668762210689,1061.3668762210689,1061.3668762210689,1061.3668762210689,1061.3668762210689,1061.3668762210689,1061.3668762210689,1061.3668762210689,1061.3668762210689,1061.3668762210689,1061.3668762210689,1061.3668762210689,1061.3668762210689,1061.3668762210689,1061.3668762210689,1061.3668762210689,1061.3668762210689,1061.3668762210689,1061.3668762210689,1061.3668762210689,1061.3668762210689,1061.3668762210689,1061.3668762210689,1061.3668762210689,1061.3668762210689,1061.3668762210689,1061.3668762210689,1061.3668762210689,1061.3668762210689,1061.3668762210689,1061.3668762210689,1061.3668762210689,1061.3668762210689,1061.3668762210689,1061.3668762210689,1061.3668762210689,1061.3668762210689,1061.3668762210689,1061.3668762210689,1061.3668762210689,1061.3668762210689,1061.3668762210689,1061.3668762210689,1061.3668762210689,1061.3668762210689,1061.3668762210689,1061.3668762210689,1061.3668762210689,1061.3668762210689,1061.3668762210689,1061.3668762210689,1061.3668762210689,1061.3668762210689,1061.3668762210689,1061.3668762210689,1061.3668762210689,1061.3668762210689,1061.3668762210689,1061.3668762210689,1061.3668762210689,1061.3668762210689,1061.3668762210689,1061.3668762210689,1061.3668762210689,1061.3668762210689,1061.3668762210689,1061.3668762210689,1061.3668762210689,1061.3668762210689,1061.3668762210689,1061.3668762210689,1061.3668762210689,1061.3668762210689,1061.3668762210689,1061.3668762210689,1061.3668762210689,1061.3668762210689,1061.3668762210689,1061.3668762210689,1061.3668762210689,1061.3668762210689,1061.3668762210689,1061.3668762210689,1061.3668762210689,1061.3668762210689,1061.3668762210689,1061.3668762210689,1061.3668762210689,1061.3668762210689,1061.3668762210689,1061.3668762210689,1061.3668762210689,1061.3668762210689,1061.3668762210689,1061.3668762210689,1061.3668762210689,1061.3668762210689,1061.3668762210689,1061.3668762210689,1061.3668762210689,1061.3668762210689,1061.3668762210689,1061.3668762210689,1061.3668762210689,1061.3668762210689,1061.3668762210689,1061.3668762210689,1061.3668762210689,1061.3668762210689,1061.3668762210689,1061.3668762210689,