{"front":[{"trucks":[[27,23,18,51,13,24,46,5],[41,43,21,19,31,2,37],[10,17,14,47,50,16,20,35,33,39],[29,12,22,15,40,25,32,4],[45,11,30,28,9,6,52],[36,34,8,44,3,49],[42,26,7,48,38]],"distance":756.7487719517967,"fuel":1050.333796539342},{"fuel":1049.261648830174,"trucks":[[27,23,18,51,13,24,46,5],[41,43,21,19,31,2],[10,17,14,47,50,16,20,33,35,39],[29,12,22,15,40,25,32,4],[45,11,30,28,9,6,52],[36,34,8,44,3,49],[42,26,37,7,48,38]],"distance":757.3860520348691}],"benchmark":"B-n52-k7","Optimal":747}