{"optimalDistance":534,"distanceSequence":[569.9353406979305,569.9353406979305,569.9353406979305,569.9353406979305,569.9353406979305,569.9353406979305,569.9353406979305,569.9353406979305,569.9353406979305,569.9353406979305,569.9353406979305,569.9353406979305,569.9353406979305,569.9353406979305,569.9353406979305,569.9353406979305,569.9353406979305,569.9353406979305,569.9353406979305,569.9353406979305,569.9353406979305,566.3424582798698,566.3424582798698,566.3424582798698,566.3424582798698,566.3424582798698,566.3424582798698,566.3424582798698,566.3424582798698,566.3424582798698,566.3424582798698,566.3424582798698,566.3424582798698,566.3424582798698,566.3424582798698,566.3424582798698,566.3424582798698,566.3424582798698,566.3424582798698,566.3424582798698,566.3424582798698,566.3424582798698,566.3424582798698,566.3424582798698,566.3424582798698,566.3424582798698,566.3424582798698,566.3424582798698,566.3424582798698,566.3424582798698,566.3424582798698,566.3424582798698,566.3424582798698,566.3424582798698,566.3424582798698,566.3424582798698,565.9596442942673,565.9596442942673,565.9596442942673,565.9596442942673,565.9596442942673,565.9596442942673,565.9596442942673,565.9596442942673,565.9596442942673,565.9596442942673,565.9596442942673,565.9596442942673,565.9596442942673,565.9596442942673,565.9596442942673,565.9596442942673,565.9596442942673,565.9596442942673,565.9596442942673,565.9596442942673,565.9596442942673,565.9596442942673,565.9596442942673,565.9596442942673,565.9596442942673,565.9596442942673,565.9596442942673,565.9596442942673,565.9596442942673,565.9596442942673,565.9596442942673,565.9596442942673,565.9596442942673,565.9596442942673,565.9596442942673,565.9596442942673,565.9596442942673,565.9596442942673,565.9596442942673,565.9596442942673,565.9596442942673,565.9596442942673,565.9596442942673,565.9596442942673,565.9596442942673,565.9596442942673,565.9596442942673,565.9596442942673,565.9596442942673,565.9596442942673,565.9596442942673,565.9596442942673,565.9596442942673,565.9596442942673,565.9596442942673,565.9596442942673,565.9596442942673,565.9596442942673,565.9596442942673,565.9596442942673,565.9596442942673,565.9596442942673,565.9596442942673,565.9596442942673,565.9596442942673,565.9596442942673,565.9596442942673,565.9596442942673,565.9596442942673,565.9596442942673,565.9596442942673,565.9596442942673,565.9596442942673,565.9596442942673,565.9596442942673,565.9596442942673,565.9596442942673,565.9596442942673,565.9596442942673,565.9596442942673,565.9596442942673,565.9596442942673,565.9596442942673,565.9596442942673,565.9596442942673,565.9596442942673,565.9596442942673,565.9596442942673,565.9596442942673,565.9596442942673,565.9596442942673,565.9596442942673,565.9596442942673,565.9596442942673,565.9596442942673,565.9596442942673,565.9596442942673,565.9596442942673,565.9596442942673,565.9596442942673,565.9596442942673,565.9596442942673,565.9596442942673,565.9596442942673,565.9596442942673,565.9596442942673,565.9596442942673,565.9596442942673,565.9596442942673,565.9596442942673,565.9596442942673,565.9596442942673,565.9596442942673,565.9596442942673,565.9596442942673,565.9596442942673,565.9596442942673,565.9596442942673,565.9596442942673,565.9596442942673,565.7940610221451,565.7940610221451,565.7940610221451,565.7940610221451,565.7940610221451,565.7940610221451,565.7940610221451,565.7940610221451,565.7940610221451,565.7940610221451,565.7940610221451,565.7940610221451,565.7940610221451,565.7940610221451,565.7940610221451,565.7940610221451,565.7940610221451,565.7940610221451,565.7940610221451,565.7940610221451,565.7940610221451,565.7940610221451,565.7940610221451,565.7940610221451,565.7940610221451,565.7940610221451,565.7940610221451,562.7195762286674,562.7195762286674,562.7195762286674,562.7195762286674,562.7195762286674,562.7195762286674,562.7195762286674,562.7195762286674,562.7195762286674,562.7195762286674,562.7195762286674,562.7195762286674,562.7195762286674,562.7195762286674,562.7195762286674,562.7195762286674,562.7195762286674,562.7195762286674,562.7195762286674,562.7195762286674,562.7195762286674,562.7195762286674,562.7195762286674,562.7195762286674,562.7195762286674,562.7195762286674,562.7195762286674,562.7195762286674,562.7195762286674,562.7195762286674,562.7195762286674,562.7195762286674,562.7195762286674,562.7195762286674,562.7195762286674,562.7195762286674,562.7195762286674,562.7195762286674,562.7195762286674,562.7195762286674,562.7195762286674,562.7195762286674,562.7195762286674,562.7195762286674,562.7195762286674,562.7195762286674,562.7195762286674,562.7195762286674,562.7195762286674,562.7195762286674,562.7195762286674,562.7195762286674,562.7195762286674,562.7195762286674,562.7195762286674,562.7195762286674,562.7195762286674,562.7195762286674,562.7195762286674,562.7195762286674,562.7195762286674,562.7195762286674,562.7195762286674,562.7195762286674,562.7195762286674,562.7195762286674,562.7195762286674,562.7195762286674,562.7195762286674,562.7195762286674,562.7195762286674,562.7195762286674,562.7195762286674,562.7195762286674,562.7195762286674,562.7195762286674,562.7195762286674,562.7195762286674,562.7195762286674,562.7195762286674,562.7195762286674,562.7195762286674,562.7195762286674,562.7195762286674,562.7195762286674,562.7195762286674,562.7195762286674,562.7195762286674,562.7195762286674,562.7195762286674,562.7195762286674,562.7195762286674,562.7195762286674,562.7195762286674,562.7195762286674,562.7195762286674,562.7195762286674,562.7195762286674,562.7195762286674,562.7195762286674,562.7195762286674,562.7195762286674,562.7195762286674,562.7195762286674,562.7195762286674,562.7195762286674,562.7195762286674,562.7195762286674,562.7195762286674,562.7195762286674,562.7195762286674,562.7195762286674,562.7195762286674,562.7195762286674,562.7195762286674,562.7195762286674,562.7195762286674,562.7195762286674,562.7195762286674,562.7195762286674,562.7195762286674,562.7195762286674,562.7195762286674,562.7195762286674,562.7195762286674,562.7195762286674,562.7195762286674,562.7195762286674,562.7195762286674,562.7195762286674,562.7195762286674,562.7195762286674,562.7195762286674,562.7195762286674,562.7195762286674,562.7195762286674,562.7195762286674,562.7195762286674,562.7195762286674,562.7195762286674,562.7195762286674,562.7195762286674,562.7195762286674,562.7195762286674,562.7195762286674,562.7195762286674,562.7195762286674,562.7195762286674,562.7195762286674,562.7195762286674,562.7195762286674,562.7195762286674,562.7195762286674,562.7195762286674,562.7195762286674,562.7195762286674,562.7195762286674,562.7195762286674,562.7195762286674,562.7195762286674,562.7195762286674,562.7195762286674,562.7195762286674,562.7195762286674,562.7195762286674,562.7195762286674,562.7195762286674,562.7195762286674,562.7195762286674,562.7195762286674,562.7195762286674,562.7195762286674,562.7195762286674,562.7195762286674,562.7195762286674,562.7195762286674,562.7195762286674,562.7195762286674,562.7195762286674,562.7195762286674,562.7195762286674,562.7195762286674,562.7195762286674,562.7195762286674,562.7195762286674,562.7195762286674,562.7195762286674,562.7195762286674,562.7195762286674,562.7195762286674,562.7195762286674,562.7195762286674,562.7195762286674,562.7195762286674,562.7195762286674,562.7195762286674,562.7195762286674,562.7195762286674,562.7195762286674,562.7195762286674,562.7195762286674,562.7195762286674,562.7195762286674,562.7195762286674,562.7195762286674,562.7195762286674,562.7195762286674,562.7195762286674,562.7195762286674,562.7195762286674,562.7195762286674,562.7195762286674,562.7195762286674,562.7195762286674,562.7195762286674,562.7195762286674,562.7195762286674,562.7195762286674,562.7195762286674,562.7195762286674,562.7195762286674,562.7195762286674,562.7195762286674,562.7195762286674,562.7195762286674,562.7195762286674,562.7195762286674,562.7195762286674,562.7195762286674,562.7195762286674,562.7195762286674,562.7195762286674,562.7195762286674,562.7195762286674,562.7195762286674,562.7195762286674,562.7195762286674,562.7195762286674,562.7195762286674,