{"optimalDistance":1763,"fuelSequence":[2818.7834716354764,2818.7834716354764,2818.7834716354764,2818.7834716354764,2818.7834716354764,2818.5686342731215,2799.959488644936,2799.959488644936,2799.959488644936,2799.959488644936,2799.959488644936,2799.959488644936,2797.6563998129513,2793.4275202899507,2793.4275202899507,2793.4275202899507,2785.4815891906605,2785.4815891906605,2785.4815891906605,2785.4815891906605,2785.4815891906605,2781.1909135136907,2781.1909135136907,2781.1909135136907,2781.1909135136907,2779.049635271254,2771.077103903659,2771.077103903659,2771.077103903659,2771.077103903659,2770.375976010955,2763.8724904035544,2763.8724904035544,2763.8724904035544,2763.8724904035544,2763.8724904035544,2763.8724904035544,2763.8724904035544,2763.8724904035544,2763.8724904035544,2760.5802376887436,2758.057456314648,2758.057456314648,2758.057456314648,2737.2297862992514,2737.2297862992514,2737.2297862992514,2737.2297862992514,2737.2297862992514,2737.2297862992514,2737.2297862992514,2737.2297862992514,2737.2297862992514,2737.2297862992514,2737.2297862992514,2737.2297862992514,2737.2297862992514,2737.2297862992514,2737.2297862992514,2737.2297862992514,2735.3338995665817,2735.3338995665817,2732.701608140122,2731.5333533487865,2731.5333533487865,2731.5333533487865,2731.5333533487865,2731.5333533487865,2731.5333533487865,2731.5333533487865,2731.5333533487865,2731.5333533487865,2731.5333533487865,2731.5333533487865,2731.5333533487865,2731.5333533487865,2731.5333533487865,2719.6973625725377,2719.6973625725377,2719.6973625725377,2719.6973625725377,2719.6973625725377,2719.6973625725377,2719.6973625725377,2719.6973625725377,2719.6973625725377,2717.801475839868,2717.801475839868,2717.801475839868,2717.801475839868,2717.801475839868,2717.801475839868,2715.49861760884,2715.49861760884,2715.49861760884,2715.49861760884,2715.49861760884,2715.49861760884,2715.49861760884,2715.49861760884,2715.49861760884,2715.49861760884,2715.49861760884,2715.49861760884,2715.49861760884,2714.038404082368,2714.038404082368,2714.038404082368,2714.038404082368,2714.038404082368,2714.038404082368,2714.038404082368,2714.038404082368,2714.038404082368,2714.038404082368,2714.038404082368,2714.038404082368,2714.038404082368,2714.038404082368,2714.038404082368,2714.038404082368,2714.038404082368,2714.038404082368,2714.038404082368,2714.038404082368,2714.038404082368,2714.038404082368,2714.038404082368,2714.038404082368,2709.1349902422025,2709.1349902422025,2709.1349902422025,2709.1349902422025,2709.1349902422025,2709.1349902422025,2709.1349902422025,2709.1349902422025,2709.1349902422025,2709.1349902422025,2709.1349902422025,2709.1349902422025,2709.1349902422025,2708.3419711319034,2708.3419711319034,2708.2025491688555,2708.2025491688555,2708.2025491688555,2708.2025491688555,2708.2025491688555,2708.2025491688555,2708.2025491688555,2708.2025491688555,2708.2025491688555,2708.2025491688555,2708.2025491688555,2708.2025491688555,2708.2025491688555,2708.2025491688555,2708.2025491688555,2708.2025491688555,2708.2025491688555,2708.2025491688555,2708.2025491688555,2708.2025491688555,2708.2025491688555,2708.2025491688555,2708.2025491688555,2708.2025491688555,2708.2025491688555,2708.2025491688555,2708.2025491688555,2708.2025491688555,2708.2025491688555,2708.2025491688555,2708.2025491688555,2708.2025491688555,2708.2025491688555,2708.2025491688555,2708.2025491688555,2708.2025491688555,2708.2025491688555,2708.2025491688555,2708.2025491688555,2708.2025491688555,2708.2025491688555,2708.2025491688555,2708.2025491688555,2708.2025491688555,2708.2025491688555,2708.2025491688555,2708.2025491688555,2708.2025491688555,2708.2025491688555,2708.2025491688555,2708.2025491688555,2708.2025491688555,2708.2025491688555,2708.2025491688555,2708.2025491688555,2708.2025491688555,2705.8890691958154,2705.8890691958154,2705.8890691958154,2705.8890691958154,2705.8890691958154,2705.8890691958154,2705.8890691958154,2705.8890691958154,2705.0960500855163,2705.0960500855163,2705.0960500855163,2705.0960500855163,2703.8942491676003,2703.8942491676003,2703.8942491676003,2703.8942491676003,2703.8942491676003,2703.8942491676003,2703.8942491676003,2703.8942491676003,2703.8942491676003,2703.8942491676003,2703.8942491676003,2703.8942491676003,2703.8942491676003,2703.8942491676003,2703.8942491676003,2703.8942491676003,2703.8942491676003,2703.8942491676003,2703.8942491676003,2703.8942491676003,2703.8942491676003,2703.8942491676003,2703.8942491676003,2703.8942491676003,2703.8942491676003,2703.8942491676003,2703.8942491676003,2703.101230057301,2703.101230057301,2703.101230057301,2703.101230057301,2703.101230057301,2703.101230057301,2703.101230057301,2703.101230057301,2703.101230057301,2703.101230057301,2703.101230057301,2703.101230057301,2703.101230057301,2703.101230057301,2703.101230057301,2703.101230057301,2703.101230057301,2703.101230057301,2703.101230057301,2703.101230057301,2703.101230057301,2703.101230057301,2703.101230057301,2703.101230057301,2703.101230057301,2703.101230057301,2703.101230057301,2703.101230057301,2703.101230057301,2703.101230057301,2703.101230057301,2703.101230057301,2703.101230057301,2703.101230057301,2703.101230057301,2703.101230057301,2703.101230057301,2703.101230057301,2703.101230057301,2703.101230057301,2703.101230057301,2703.101230057301,2703.101230057301,2703.101230057301,2703.101230057301,2703.101230057301,2703.101230057301,2703.101230057301,2703.101230057301,2703.101230057301,2703.101230057301,2703.101230057301,2703.101230057301,2703.101230057301,2703.101230057301,2703.101230057301,2703.101230057301,2703.101230057301,2703.101230057301,2703.101230057301,2703.101230057301,2703.101230057301,2703.101230057301,2703.101230057301,2703.101230057301,2703.101230057301,2703.101230057301,2702.168788983954,2702.168788983954,2702.168788983954,2702.168788983954,2702.168788983954,2702.168788983954,2702.168788983954,2702.168788983954,2702.168788983954,2702.168788983954,2702.168788983954,2702.168788983954,2702.168788983954,2702.168788983954,2702.168788983954,2702.168788983954,2702.168788983954,2702.168788983954,2702.168788983954,2702.168788983954,2702.168788983954,2702.168788983954,2702.168788983954,2702.168788983954,2702.168788983954,2702.168788983954,2702.168788983954,2702.168788983954,2702.168788983954,2702.168788983954,2702.168788983954,2702.168788983954,2702.168788983954,2702.168788983954,2702.168788983954,2702.168788983954,2702.168788983954,2702.168788983954,2702.168788983954,2702.168788983954,2702.168788983954,2702.168788983954,2702.168788983954,2702.168788983954,2702.168788983954,2702.168788983954,2702.168788983954,2702.168788983954,2702.168788983954,2702.168788983954,2702.168788983954,2702.168788983954,2702.168788983954,2702.168788983954,2702.168788983954,2702.168788983954,2702.168788983954,2702.168788983954,2702.168788983954,2702.168788983954,2702.168788983954,2702.168788983954,2702.168788983954,2702.168788983954,2702.168788983954,2702.168788983954,2702.168788983954,2702.168788983954,2702.168788983954,2702.168788983954,2702.168788983954,2702.168788983954,2702.168788983954,2702.168788983954,2702.168788983954,2702.168788983954,2702.168788983954,2702.168788983954,2702.168788983954,2702.168788983954,2702.168788983954,2702.168788983954,2702.168788983954,2702.168788983954,2702.168788983954,2702.168788983954,2702.168788983954,2702.168788983954,2702.168788983954,2702.168788983954,2702.168788983954,2702.168788983954,2702.168788983954,2702.168788983954,2702.168788983954,2702.168788983954,2702.168788983954,2702.168788983954,2702.168788983954,2702.168788983954,2702.168788983954,2702.168788983954,2702.168788983954,2702.168788983954,2702.168788983954,2702.168788983954,2702.168788983954,2702.168788983954,2702.168788983954,2702.168788983954,2702.168788983954,2702.168788983954,2702.168788983954,2702.168788983954,2702.168788983954,2702.168788983954,2702.168788983954,2702.168788983954,2702.168788983954,2702.168788983954,2702.168788983954,2702.168788983954,2702.168788983954,2702.168788983954,2702.168788983954,2702.168788983954,