{"optimalDistance":1763,"benchmark":"A-n80-k10","fuelSequence":[2805.011016215266,2805.011016215266,2805.011016215266,2805.011016215266,2794.9312092307773,2794.9312092307773,2793.4277721495155,2793.4277721495155,2793.4277721495155,2793.4277721495155,2787.273994892639,2787.273994892639,2778.3255834428733,2778.3255834428733,2778.3255834428733,2778.3255834428733,2776.392559917914,2776.392559917914,2765.990130088572,2765.990130088572,2765.990130088572,2765.990130088572,2765.990130088572,2765.990130088572,2752.626930325658,2752.626930325658,2752.626930325658,2752.626930325658,2752.626930325658,2752.626930325658,2740.871944728032,2740.871944728032,2740.871944728032,2740.871944728032,2738.7925992233027,2738.7925992233027,2738.3356231394805,2733.6211843508718,2733.6211843508718,2733.6211843508718,2732.721529980091,2732.721529980091,2732.721529980091,2730.5622299914003,2730.5622299914003,2730.5622299914003,2730.5622299914003,2730.5622299914003,2730.5622299914003,2730.5622299914003,2722.936261270215,2722.936261270215,2722.936261270215,2722.936261270215,2720.776961281524,2720.776961281524,2720.776961281524,2720.776961281524,2720.776961281524,2692.2361725512906,2692.2361725512906,2692.2361725512906,2692.2361725512906,2692.2361725512906,2692.2361725512906,2692.2361725512906,2692.2361725512906,2692.2361725512906,2692.2361725512906,2692.2361725512906,2692.2361725512906,2682.4509038414144,2682.4509038414144,2682.4509038414144,2682.4509038414144,2682.4509038414144,2682.4509038414144,2682.4509038414144,2682.4509038414144,2682.4509038414144,2682.4509038414144,2682.4509038414144,2682.4509038414144,2682.4509038414144,2682.4509038414144,2682.4509038414144,2682.4509038414144,2682.4509038414144,2680.3133658857296,2680.3133658857296,2680.3133658857296,2679.1954892200665,2679.1954892200665,2679.1954892200665,2679.1954892200665,2679.1954892200665,2679.1954892200665,2679.1954892200665,2679.1954892200665,2679.1954892200665,2679.1954892200665,2679.1954892200665,2679.1954892200665,2679.1954892200665,2679.1954892200665,2679.1954892200665,2673.0873520912,2673.0873520912,2671.9694754255365,2671.9694754255365,2671.9694754255365,2671.9694754255365,2671.9694754255365,2671.9694754255365,2671.9694754255365,2671.9694754255365,2671.9694754255365,2671.9694754255365,2671.9694754255365,2671.9694754255365,2671.9694754255365,2671.9694754255365,2671.9694754255365,2671.9694754255365,2671.9694754255365,2671.9694754255365,2671.9694754255365,2671.9694754255365,2671.2122150183814,2671.2122150183814,2671.2122150183814,2671.2122150183814,2671.2122150183814,2671.2122150183814,2671.2122150183814,2671.2122150183814,2671.2122150183814,2671.2122150183814,2671.2122150183814,2671.2122150183814,2671.2122150183814,2670.053692746849,2670.053692746849,2667.6511965695536,2667.6511965695536,2667.6511965695536,2667.6511965695536,2667.6511965695536,2667.6511965695536,2664.687660421548,2664.687660421548,2664.687660421548,2664.687660421548,2664.687660421548,2664.687660421548,2664.687660421548,2664.687660421548,2664.687660421548,2664.687660421548,2664.687660421548,2664.687660421548,2664.687660421548,2664.687660421548,2664.687660421548,2663.173677522567,2663.173677522567,2663.173677522567,2662.5501224658633,2662.5501224658633,2662.5501224658633,2662.5501224658633,2662.5501224658633,2662.5501224658633,2662.5501224658633,2662.5501224658633,2662.5501224658633,2662.5501224658633,2662.5501224658633,2662.5501224658633,2662.5501224658633,2662.5501224658633,2662.5501224658633,2662.5501224658633,2662.5501224658633,2662.5501224658633,2662.5501224658633,2662.5501224658633,2662.234433735737,2662.234433735737,2662.234433735737,2661.5788902020117,2661.5788902020117,2661.5788902020117,2658.867431834391,2658.867431834391,2658.867431834391,2658.867431834391,2658.867431834391,2658.867431834391,2652.7036680410956,2652.7036680410956,2652.7036680410956,2652.7036680410956,2652.7036680410956,2652.7036680410956,2646.3731299917436,2646.3731299917436,2646.3731299917436,2646.3731299917436,2646.3731299917436,2646.3731299917436,2646.3731299917436,2646.3731299917436,2646.3731299917436,2646.3731299917436,2646.3731299917436,2646.3731299917436,2646.3731299917436,2646.3731299917436,2646.3731299917436,2646.3731299917436,2646.3731299917436,2646.3731299917436,2646.3731299917436,2646.3731299917436,2642.8043731268926,2642.8043731268926,2642.8043731268926,2642.8043731268926,2642.8043731268926,2642.8043731268926,2642.8043731268926,2642.8043731268926,2642.8043731268926,2642.8043731268926,2642.8043731268926,2642.8043731268926,2642.8043731268926,2642.8043731268926,2642.8043731268926,2642.8043731268926,2642.8043731268926,2642.8043731268926,2642.8043731268926,2642.8043731268926,2642.8043731268926,2642.8043731268926,2642.8043731268926,2642.8043731268926,2642.8043731268926,2642.8043731268926,2642.8043731268926,2642.8043731268926,2642.8043731268926,2642.8043731268926,2642.8043731268926,2642.8043731268926,2642.8043731268926,2642.8043731268926,2642.8043731268926,2642.8043731268926,2642.8043731268926,2642.8043731268926,2642.8043731268926,2642.8043731268926,2642.8043731268926,2642.8043731268926,2642.8043731268926,2638.0974200602395,2638.0974200602395,2638.0974200602395,2638.0974200602395,2638.0974200602395,2638.0974200602395,2638.0974200602395,2638.0974200602395,2638.0974200602395,2638.0974200602395,2638.0974200602395,2638.0974200602395,2638.0974200602395,2638.0974200602395,2638.0974200602395,2638.0974200602395,2638.0974200602395,2638.0974200602395,2638.0974200602395,2638.0974200602395,2636.7704197229536,2636.7704197229536,2636.7704197229536,2636.7704197229536,2636.7704197229536,2636.7704197229536,2636.7704197229536,2636.7704197229536,2636.7704197229536,2636.7704197229536,2636.7704197229536,2636.7704197229536,2636.7704197229536,2636.7704197229536,2636.7704197229536,2636.7704197229536,2636.7704197229536,2636.7704197229536,2636.7704197229536,2636.7704197229536,2636.7704197229536,2636.7704197229536,2636.7704197229536,2636.7704197229536,2636.7704197229536,2636.7704197229536,2636.7704197229536,2636.7704197229536,2636.7704197229536,2636.7704197229536,2636.7704197229536,2636.7704197229536,2636.7704197229536,2636.7704197229536,2636.7704197229536,2636.7704197229536,2636.7704197229536,2636.7704197229536,2636.7704197229536,2636.7704197229536,2636.7704197229536,2636.7704197229536,2636.7704197229536,2636.7704197229536,2636.7704197229536,2636.7704197229536,2636.7704197229536,2636.7704197229536,2631.076227470084,2631.076227470084,2631.076227470084,2631.076227470084,2631.076227470084,2631.076227470084,2631.076227470084,2631.076227470084,2631.076227470084,2631.076227470084,2631.076227470084,2631.076227470084,2631.076227470084,2631.076227470084,2631.076227470084,2631.076227470084,2631.076227470084,2631.076227470084,2631.076227470084,2631.076227470084,2631.076227470084,2631.076227470084,2625.017931940001,2625.017931940001,2625.017931940001,2625.017931940001,2625.017931940001,2625.017931940001,2625.017931940001,2625.017931940001,2625.017931940001,2622.357805902316,2622.357805902316,2622.357805902316,2622.357805902316,2622.357805902316,2622.357805902316,2622.357805902316,2622.357805902316,2622.357805902316,2622.357805902316,2622.357805902316,2622.357805902316,2622.357805902316,2622.357805902316,2622.357805902316,2622.357805902316,2617.797403039541,2617.797403039541,2617.797403039541,2617.797403039541,2617.797403039541,2617.797403039541,2617.797403039541,2613.105717414434,2613.105717414434,2613.105717414434,2613.105717414434,2613.105717414434,2613.105717414434,2613.105717414434,2613.105717414434,2613.105717414434,2613.105717414434,2613.105717414434,2613.105717414434,2613.105717414434,2613.105717414434,2613.105717414434,2613.105717414434,2613.105717414434,2613.105717414434,2613.105717414434,2613.105717414434,2613.105717414434,2613.105717414434,2613.105717414434,2603.9905976030404,2603.9905976030404,2603.9905976030404,2603.9905976030404,2603.9905976030404,2603.9905976030404,2603.9905976030404,2603.9905976030404,2603.9905976030404,2603.9905976030404,2603.9905976030404,2603.9905976030404,