{"benchmark":"A-n80-k10","Optimal":1763,"front":[{"distance":1891.6941526337446,"fuel":2703.1113385326985,"trucks":[[37,68,67,71,77,73,46,51,74],[2,8,11,72,15,29,53],[21,76,58,62,17,44,69,9,79,25],[52,47,26,42,48,20,27,36,66,70,57,56,16,34,65],[54,40,61,32,18,30,75],[80,49,19,38,3,35],[39,59,33,5,23,10,55],[13,45,6,24,63,64],[78,4,28,60,31,7,12],[50,43,14,22,41]]},{"trucks":[[74,37,67,68,71,77,73,46,51],[8,11,72,53,29,15,22],[21,76,58,62,17,44,69,9,79,25],[65,47,26,42,48,20,27,36,66,70,57,56,16,34],[54,40,61,32,18,30,75],[80,49,19,3,38,35],[39,59,33,5,23,10,55],[13,45,6,24,63,64],[52,78,4,28,60,31,7,12],[50,43,14,2,41]],"distance":1894.1252734236346,"fuel":2698.2392769278167},{"distance":1898.342045056694,"fuel":2693.7605487484234,"trucks":[[74,37,68,67,71,77,73,46,51],[22,8,11,72,53,29,15],[21,76,58,62,17,44,69,9,79,25],[52,65,47,26,42,48,20,27,36,66,70,57,56,16,34],[54,40,61,32,18,30,75],[80,49,19,3,38,35],[39,59,33,5,23,10,55],[13,45,6,24,63,64],[78,4,28,60,31,7,12],[50,43,14,2,41]]}]}