{"front":[{"fuel":1205.6114407633854,"distance":842.3431568591075,"trucks":[[22,48,37,61,21,38,6],[7,34,2,44,57,24,64],[29,62,65,42,43,23,63],[36,15,60,20,55,14,58,16],[59,11,39,12,54],[8,9,53,28,46,30,49],[17,50,25,19,51,56,26,40],[35,47,5,31,3],[52,4,45,33,10,32],[18,41,13,27]]},{"fuel":1205.2472486516442,"distance":842.4886987436284,"trucks":[[22,48,37,61,21,38,6],[7,34,2,44,57,24,64],[29,62,65,43,42,23,63],[36,15,60,20,55,14,58,16],[59,11,39,12,54],[8,9,53,28,46,30,49],[17,50,25,19,51,56,26,40],[35,47,5,31,3],[52,4,45,33,10,32],[18,41,13,27]]},{"fuel":1203.899077339687,"distance":846.5825346554705,"trucks":[[22,48,37,61,21,38,6],[7,34,2,44,57,24,64],[63,29,62,65,42,43,23],[36,15,60,20,55,14,58,16],[59,11,39,12,54],[8,9,53,28,46,30,49],[17,50,25,19,51,56,26,40],[35,47,5,31,3],[52,4,45,33,10,32],[18,41,13,27]]},{"fuel":1203.5147332747042,"distance":846.7280765399912,"trucks":[[22,48,37,61,21,38,6],[7,34,2,44,57,24,64],[63,29,62,65,43,42,23],[36,15,60,20,55,14,58,16],[59,11,39,12,54],[8,9,53,28,46,30,49],[17,50,25,19,51,56,26,40],[35,47,5,31,3],[52,4,45,33,10,32],[18,41,13,27]]}],"Optimal":792,"benchmark":"P-n65-k10"}