{"optimalDistance":724,"benchmark":"F-n45-k4","distanceSequence":[807.2816706010511,807.2816706010511,807.2816706010511,789.8350493536341,789.8350493536341,786.5243066891941,786.5243066891941,786.5243066891941,785.7065525539417,785.7065525539417,778.9771800481583,778.9771800481583,778.9771800481583,775.4707318008662,775.4707318008662,774.9405437494515,774.1212373621215,772.9121100492739,772.9121100492739,772.9121100492739,772.9121100492739,772.9121100492739,772.9121100492739,772.9121100492739,764.2022622643434,764.2022622643434,764.2022622643434,764.2022622643434,763.3497753373767,762.8050919965908,762.8050919965908,762.8050919965908,762.8050919965908,762.8050919965908,762.8050919965908,762.8050919965908,761.5177372580979,761.5177372580979,761.5177372580979,752.9819681796,752.9819681796,752.9819681796,752.9819681796,752.9819681796,752.9819681796,752.9819681796,752.9819681796,752.9819681796,752.9819681796,752.9819681796,752.9819681796,752.9796484771954,752.9796484771954,752.9796484771954,752.9796484771954,752.9796484771954,752.9796484771954,752.9796484771954,752.9796484771954,752.9796484771954,747.8567055220908,747.8567055220908,747.8567055220908,747.8567055220908,747.8567055220908,747.8567055220908,747.8567055220908,747.8567055220908,747.8567055220908,747.8567055220908,747.8543858196862,747.8543858196862,747.8543858196862,747.8543858196862,747.8543858196862,747.8543858196862,747.8543858196862,747.8543858196862,747.8543858196862,747.8543858196862,747.8543858196862,747.8543858196862,747.6224914980007,747.6224914980007,747.6224914980007,747.6224914980007,747.6224914980007,747.6224914980007,747.6224914980007,747.6224914980007,743.9352564288193,743.9352564288193,743.9352564288193,743.9352564288193,743.9352564288193,743.9352564288193,743.9352564288193,743.9352564288193,743.9352564288193,743.9352564288193,743.9352564288193,743.9352564288193,743.9352564288193,743.9352564288193,743.9352564288193,743.9352564288193,743.9352564288193,743.9352564288193,743.9352564288193,743.9352564288193,743.9352564288193,743.9352564288193,743.9352564288193,743.9352564288193,743.9352564288193,743.9352564288193,743.9352564288193,743.9352564288193,743.9352564288193,743.9352564288193,743.9352564288193,743.9352564288193,743.9352564288193,743.9352564288193,743.9352564288193,743.9352564288193,743.9352564288193,743.9352564288193,743.9352564288193,741.1643669802683,738.1338611778749,738.1338611778749,738.1338611778749,738.1338611778749,738.1338611778749,737.3860786300656,737.3860786300656,737.3860786300656,737.3860786300656,737.3860786300656,737.3860786300656,737.3860786300656,737.3860786300656,737.3860786300656,737.3860786300656,737.3860786300656,737.3860786300656,737.3860786300656,737.3860786300656,737.3860786300656,737.3860786300656,737.3860786300656,737.3860786300656,737.3860786300656,737.3860786300656,737.3860786300656,737.3860786300656,737.3860786300656,737.3860786300656,737.3860786300656,737.3860786300656,737.3860786300656,737.3860786300656,737.3860786300656,737.3860786300656,737.3860786300656,737.3860786300656,737.3860786300656,737.3860786300656,737.3860786300656,737.3860786300656,737.3860786300656,737.3860786300656,737.3860786300656,737.3860786300656,737.3860786300656,737.3860786300656,737.3860786300656,737.3860786300656,737.3860786300656,737.3860786300656,737.3860786300656,737.3860786300656,737.3860786300656,737.3860786300656,737.3860786300656,737.3860786300656,737.3860786300656,737.3860786300656,737.3860786300656,737.3860786300656,737.3860786300656,737.3860786300656,737.3860786300656,737.3860786300656,737.3860786300656,737.3860786300656,737.3860786300656,737.3860786300656,737.3860786300656,737.3860786300656,737.3860786300656,737.3860786300656,737.3860786300656,737.3860786300656,737.3860786300656,737.3860786300656,737.3860786300656,737.3860786300656,737.3860786300656,737.242802092392,737.242802092392,737.242802092392,737.242802092392,737.242802092392,737.242802092392,737.242802092392,737.242802092392,737.242802092392,737.242802092392,737.242802092392,737.242802092392,737.242802092392,737.242802092392,737.242802092392,737.242802092392,737.242802092392,737.242802092392,737.242802092392,737.242802092392,737.242802092392,737.242802092392,737.242802092392,737.242802092392,737.242802092392,737.242802092392,737.242802092392,737.242802092392,737.242802092392,737.242802092392,737.242802092392,737.242802092392,737.242802092392,737.242802092392,737.242802092392,737.242802092392,737.242802092392,737.242802092392,737.242802092392,737.242802092392,737.242802092392,737.242802092392,737.242802092392,737.242802092392,737.242802092392,737.242802092392,737.242802092392,737.242802092392,737.242802092392,737.242802092392,737.242802092392,737.242802092392,737.242802092392,737.242802092392,737.242802092392,737.242802092392,737.242802092392,737.242802092392,737.242802092392,737.242802092392,737.242802092392,737.242802092392,737.242802092392,737.242802092392,737.242802092392,737.242802092392,737.242802092392,737.242802092392,737.242802092392,737.242802092392,737.242802092392,737.242802092392,737.242802092392,737.242802092392,736.8398778098511,736.8398778098511,736.8398778098511,736.8398778098511,736.8398778098511,734.3052961086531,734.3052961086531,734.3052961086531,734.3052961086531,734.3052961086531,734.3052961086531,734.3052961086531,734.3052961086531,734.3052961086531,734.3052961086531,734.3052961086531,734.3052961086531,734.3052961086531,734.3052961086531,734.3052961086531,734.3052961086531,734.3052961086531,734.3052961086531,734.3052961086531,734.3052961086531,734.3052961086531,734.3052961086531,734.3052961086531,734.3052961086531,734.3052961086531,734.3052961086531,734.3052961086531,734.3052961086531,734.3052961086531,734.3052961086531,734.3052961086531,734.3052961086531,734.3052961086531,734.3052961086531,734.3052961086531,734.3052961086531,734.3052961086531,734.3052961086531,734.3052961086531,734.3052961086531,734.3052961086531,734.3052961086531,734.3052961086531,734.3052961086531,734.3052961086531,734.3052961086531,734.3052961086531,734.3052961086531,734.3052961086531,734.3052961086531,734.3052961086531,733.2841539825552,733.2841539825552,733.2841539825552,733.2841539825552,733.2841539825552,733.2841539825552,732.9981308488652,732.9981308488652,732.9981308488652,732.9981308488652,732.9981308488652,732.9981308488652,732.9981308488652,732.9981308488652,732.9981308488652,732.9981308488652,732.9981308488652,732.9981308488652,732.9981308488652,732.9981308488652,732.9981308488652,732.9981308488652,732.9981308488652,732.9981308488652,732.9981308488652,732.9981308488652,732.9981308488652,732.9981308488652,732.9981308488652,732.9981308488652,732.9981308488652,732.9981308488652,732.9981308488652,732.9981308488652,732.9981308488652,732.9981308488652,732.9981308488652,732.9981308488652,732.9981308488652,732.9981308488652,732.9981308488652,732.9981308488652,732.9981308488652,732.9981308488652,732.9981308488652,732.9981308488652,732.9981308488652,732.9981308488652,732.9981308488652,732.9981308488652,732.9981308488652,732.9981308488652,732.9981308488652,732.9981308488652,732.9981308488652,732.9981308488652,732.9981308488652,732.9981308488652,732.9981308488652,732.9981308488652,732.9981308488652,732.9981308488652,732.9981308488652,732.9981308488652,732.9981308488652,732.9981308488652,732.9981308488652,732.9981308488652,732.9981308488652,732.9981308488652,732.9981308488652,732.9981308488652,732.9981308488652,732.9981308488652,732.9981308488652,732.9981308488652,732.9981308488652,732.9981308488652,732.9981308488652,732.9981308488652,732.9981308488652,732.9981308488652,732.9981308488652,732.9981308488652,732.9981308488652,732.9981308488652,732.9981308488652,732.9981308488652,732.9981308488652,732.9981308488652,732.9981308488652,732.9981308488652,732.9981308488652,732.9981308488652,732.9981308488652,732.9981308488652,732.9981308488652,732.9981308488652,732.9981308488652,732.9981308488652,732.9981308488652,732.9981308488652,732.9981308488652,732.9981308488652,732.9981308488652,732.9981308488652,