{"benchmark":"P-n70-k10","optimalDistance":827,"distanceSequence":[947.1014220271911,947.1014220271911,947.1014220271911,943.1799789440654,943.1799789440652,943.1799789440652,943.1799789440652,943.1799789440652,933.0378433203343,933.0378433203343,933.0378433203343,933.0378433203343,933.0378433203343,933.0378433203343,933.0378433203343,933.0378433203343,933.0378433203343,933.0378433203343,933.0378433203343,927.4975039547422,927.4975039547422,927.4975039547422,927.4975039547422,926.8331024174937,926.8331024174937,926.8331024174937,926.8331024174937,926.8331024174937,926.8331024174937,926.8331024174937,926.8331024174937,926.8331024174937,926.8331024174937,926.8331024174937,926.8331024174937,926.8331024174937,926.8331024174937,921.9719065450189,921.9719065450189,921.9719065450189,921.9719065450189,921.9719065450189,921.0610962780531,921.0610962780531,921.0610962780531,921.0610962780531,921.0610962780531,916.8089742406577,916.8089742406577,916.8089742406577,916.8089742406577,916.8089742406577,916.8089742406577,916.8089742406577,916.8089742406577,916.8089742406577,916.8089742406577,916.8089742406577,916.8089742406577,916.8089742406577,914.7252825782967,914.7252825782967,914.7252825782967,914.7252825782967,913.1822755039381,913.1822755039381,912.8828110106089,912.8828110106089,912.8828110106089,912.8828110106089,912.8828110106089,912.8828110106089,912.8828110106089,912.8828110106089,912.8828110106089,907.1108048711684,907.1108048711684,907.1108048711684,907.1108048711684,907.1108048711684,906.3033872080968,906.3033872080968,906.3033872080968,906.3033872080968,906.3033872080968,906.3033872080968,906.3033872080968,906.3033872080968,906.3033872080968,906.3033872080968,906.3033872080968,906.3033872080968,906.3033872080968,906.3033872080968,906.3033872080968,906.3033872080968,906.3033872080968,905.7646433496667,905.7646433496667,905.7646433496667,905.7646433496667,905.7646433496667,905.7646433496667,905.7646433496667,905.7646433496667,905.7646433496667,905.7646433496667,905.7646433496667,905.7646433496667,899.9926372102261,899.9926372102261,898.9421836333058,898.9421836333058,898.9421836333058,898.9421836333058,898.9421836333058,893.1701774938653,893.1701774938653,893.1701774938653,893.1701774938653,893.1701774938653,893.1701774938653,893.1701774938653,893.1701774938653,893.1701774938653,893.1701774938653,893.1701774938653,893.1701774938653,893.1701774938653,893.1701774938653,893.1701774938653,893.1701774938653,893.1701774938653,893.1701774938653,893.1701774938653,893.1701774938653,893.1701774938653,893.1701774938653,893.1701774938653,893.1701774938653,893.1701774938653,893.1701774938653,893.1701774938653,893.1701774938653,893.1701774938653,893.1701774938653,893.1701774938653,893.1701774938653,893.1701774938653,893.1701774938653,893.1701774938653,892.97055264711,892.97055264711,892.97055264711,892.97055264711,892.97055264711,892.97055264711,892.97055264711,892.97055264711,892.97055264711,892.97055264711,892.97055264711,892.97055264711,892.97055264711,892.97055264711,892.97055264711,892.97055264711,892.97055264711,892.97055264711,892.97055264711,892.97055264711,892.97055264711,892.97055264711,892.97055264711,892.97055264711,892.97055264711,892.97055264711,892.97055264711,887.1985465076696,887.1985465076696,887.1985465076696,887.1985465076696,887.1985465076696,887.1985465076696,887.1985465076696,887.1985465076696,887.1985465076696,887.1985465076696,887.1985465076696,887.1985465076696,887.1985465076696,887.1985465076696,887.1985465076696,887.1985465076696,887.1985465076696,887.1985465076696,887.1985465076696,887.1985465076696,887.1985465076696,887.1985465076696,887.1985465076696,887.1985465076696,887.1985465076696,887.1985465076696,887.1985465076696,887.1985465076696,887.1985465076696,887.1985465076696,887.1985465076696,887.1985465076696,887.1985465076696,887.1985465076696,887.1985465076696,887.1985465076696,887.1985465076696,887.1985465076696,887.1985465076696,887.1985465076696,887.1985465076696,887.1985465076696,887.1985465076696,887.1985465076696,887.1985465076696,887.1985465076696,887.1985465076696,887.1985465076696,887.1985465076696,887.1985465076696,887.1985465076696,887.1985465076696,887.1985465076696,887.1985465076696,887.1985465076696,887.1985465076696,887.1985465076696,887.1985465076696,887.1985465076696,887.1985465076696,887.1985465076696,887.1985465076696,887.1985465076696,887.1985465076696,887.1985465076696,887.1985465076696,887.1985465076696,887.1985465076696,887.1985465076696,887.1985465076696,887.1985465076696,887.1985465076696,887.1985465076696,887.1985465076696,887.1985465076696,887.1985465076696,887.1985465076696,887.1985465076696,887.1985465076696,887.1985465076696,887.1985465076696,887.1985465076696,887.1985465076696,887.1985465076696,887.1985465076696,887.1985465076696,887.1985465076696,887.1985465076696,887.1985465076696,887.1985465076696,887.1985465076696,887.1985465076696,887.1985465076696,887.1985465076696,887.1985465076696,887.1985465076696,887.1985465076696,887.1985465076696,887.1985465076696,887.1985465076696,887.1985465076696,887.1985465076696,887.1985465076696,887.1985465076696,887.1985465076696,887.1985465076696,887.1985465076696,887.1985465076696,887.1985465076696,887.1985465076696,887.1985465076696,887.1985465076696,887.1985465076696,887.1985465076696,887.1985465076696,887.1985465076696,887.1985465076696,887.1985465076696,887.1985465076696,887.1985465076696,887.1985465076696,887.1985465076696,887.1985465076696,887.1985465076696,887.1985465076696,887.1985465076696,887.1985465076696,887.1985465076696,887.1985465076696,887.1985465076696,887.1985465076696,887.1985465076696,887.1985465076696,887.1985465076696,887.1985465076696,887.1985465076696,887.1985465076696,887.1985465076696,887.1985465076696,887.1985465076696,887.1985465076696,887.1985465076696,887.1985465076696,887.1985465076696,887.1985465076696,887.1985465076696,887.1985465076696,887.1985465076696,887.1985465076696,887.1985465076696,887.1985465076696,887.1985465076696,887.1985465076696,887.1985465076696,887.1985465076696,887.1985465076696,887.1985465076696,887.1985465076696,887.1985465076696,887.1985465076696,887.1985465076696,887.1985465076696,887.1985465076696,887.1985465076696,887.1985465076696,887.1985465076696,887.1985465076696,887.1985465076696,887.1985465076696,887.1985465076696,887.1985465076696,887.1985465076696,887.1985465076696,887.1985465076696,887.1985465076696,887.1985465076696,887.1985465076696,887.1985465076696,887.1985465076696,887.1985465076696,887.1985465076696,887.1985465076696,887.1985465076696,887.1985465076696,887.1985465076696,887.1985465076696,887.1985465076696,887.1985465076696,887.1985465076696,887.1985465076696,887.1985465076696,887.1985465076696,887.1985465076696,887.1985465076696,887.1985465076696,887.1985465076696,887.1985465076696,887.1985465076696,887.1985465076696,887.1985465076696,887.1985465076696,887.1985465076696,887.1985465076696,887.1985465076696,887.1985465076696,887.1985465076696,887.1985465076696,887.1985465076696,887.1985465076696,887.1985465076696,887.1985465076696,887.1985465076696,887.1985465076696,887.1985465076696,887.1985465076696,887.1985465076696,887.1985465076696,887.1985465076696,887.1985465076696,887.1985465076696,887.1985465076696,887.1985465076696,887.1985465076696,887.1985465076696,887.1985465076696,887.1985465076696,887.1985465076696,887.1985465076696,887.1985465076696,887.1985465076696,887.1985465076696,887.1985465076696,887.1985465076696,887.1985465076696,887.1985465076696,887.1985465076696,887.1985465076696,887.1985465076696,887.1985465076696,887.1985465076696,887.1985465076696,887.1985465076696,887.1985465076696,887.1985465076696,887.1985465076696,887.1985465076696,887.1985465076696,887.1985465076696,887.1985465076696,887.1985465076696,887.1985465076696,887.1985465076696,887.1985465076696,887.1985465076696,887.1985465076696,887.1985465076696,887.1985465076696,887.1985465076696,887.1985465076696,887.1985465076696,887.1985465076696,887.1985465076696,887.1985465076696,887.1985465076696,887.1985465076696,