{"benchmark":"P-n70-k10","Optimal":827,"front":[{"trucks":[[22,48,37,70,61,21,38,16,36],[34,2,44,43,42,57,24,64],[11,39,66,67,12],[52,17,50,25,19,51,56,26,40],[8,54,15,60,20,55,14],[4,45,33,10,32,59],[35,47,9,53,28,58,6],[5,46,30,49,31,3],[69,7,63,23,65,62,29],[68,27,13,41,18]],"fuel":1247.1831668847567,"distance":880.2456558867887},{"distance":881.5155535547419,"fuel":1246.5718027329058,"trucks":[[22,48,37,70,61,21,38,16,36],[34,2,44,43,42,57,24,64],[11,39,66,67,12],[52,17,50,25,19,51,56,26,40],[8,54,15,60,20,55,14],[4,45,33,10,32,59],[35,47,9,53,28,58,6],[5,46,30,49,31,3],[7,63,29,62,65,23,69],[68,27,13,41,18]]},{"trucks":[[22,48,37,70,61,21,38,16,36],[34,2,44,43,42,57,24,64],[11,39,66,67,12],[52,17,50,25,19,51,56,26,40],[8,54,15,60,20,55,14],[4,45,33,10,32,59],[35,47,9,53,28,58,6],[5,46,30,49,31,3],[69,7,63,29,62,65,23],[68,27,13,41,18]],"fuel":1245.6577012481255,"distance":884.4850336831516}]}