{"Optimal":830,"front":[{"trucks":[[75,22,48,37,70,72,61,71,21,38],[4,33,51,19,56,26,10,40],[52,17,64,42,57,24,50,25,45],[27,8,39,66,11,32,73,13],[76,31,6,16,58,14,55,20,36],[34,74,2,44,43,65,23,63],[7,69,3,29,62,49,30],[5,46,28,53,47,35],[18,41,59,12,54],[68,9,15,60,67]],"fuel":1276.370418600235,"distance":898.8708804288383}],"benchmark":"E-n76-k10"}