{"benchmark":"B-n66-k9","front":[{"distance":1353.1036890209693,"trucks":[[12,58,32,46,14,57,23,44],[21,18,24,55,54,53],[42,19,56,52,35,36,20,39],[51,48,62,63,17,29],[6,34,66,9,41,59,33],[25,37,22,40,15,30,4,16,61,5],[43,28,10,13,50],[60,65,45,64,47,27],[2,8,31,38,49,26,11,3,7]],"fuel":1943.8463235870004},{"distance":1353.2512696556323,"fuel":1943.8014745063215,"trucks":[[12,58,32,46,14,57,23,44],[21,18,24,55,54,53],[42,19,56,52,35,36,20,39],[51,48,62,17,63,29],[6,34,66,9,41,59,33],[25,37,22,40,15,30,4,16,61,5],[43,28,10,13,50],[60,65,45,64,47,27],[2,8,31,38,49,26,11,3,7]]}],"Optimal":1316}