{"front":[{"distance":224.409492395345,"fuel":319.9181967695816,"trucks":[[7,3,8,10,17,15,6,20],[2,5,12,16,13,11,4,19,18,9,14]]}],"benchmark":"P-n20-k2","Optimal":216}