{"Optimal":216,"front":[{"distance":224.97830226367205,"fuel":321.85365270640796,"trucks":[[20,6,15,17,10,14,9,19,18,4,11],[7,8,3,13,16,12,5,2]]}],"benchmark":"P-n20-k2"}