{"Optimal":735,"front":[{"fuel":1216.828297186991,"trucks":[[49,48,22,70,37,72,61,71,21,38,6],[36,47,35,53,28,46,30,16,58,14,55],[63,74,2,44,42,43,65,23,62,29,75],[41,33,45,4,50,25,19,51,26,56],[52,7,69,31,3,34,17,57,24,64],[8,54,15,60,67,66,39,73,40],[9,20,12,11,59,32,10],[68,27,13,18,76,5]],"distance":859.2260807617361}],"benchmark":"E-n76-k8"}