{"front":[{"distance":566.1643757636131,"fuel":807.4126715386874,"trucks":[[31,35,51,22,30,21,36,37,4,29,23],[7,15,25,44,8,24,49,9,27,32,2],[47,12,39,50,11,40,34,46,16,45,38,18],[19,26,14,42,41,20,43,5],[48,13,6,10,17,3,33,28]]}],"Optimal":521,"benchmark":"E-n51-k5"}