{"benchmark":"B-n31-k5","front":[{"trucks":[[27,29,13,9,24,31],[8,18,14,7,10,23],[30,15,16,12,25,2,20],[22,17,19,26,6,4,5],[21,28,11,3]],"fuel":952.4206775447473,"distance":691.0738856091848}],"Optimal":672}