{"Optimal":672,"benchmark":"B-n31-k5","front":[{"distance":683.570698834021,"trucks":[[27,29,13,9,24,31],[4,2,20,25,12,16,15],[22,17,19,26,6,7,10,23],[5,30,14,18,8],[21,11,28,3]],"fuel":942.0352139212077}]}