{"front":[{"fuel":1196.26705310349,"distance":839.8908299862777,"trucks":[[3,20,34,26,36,15,32,38],[8,9,5,17,11,28,35,23],[31,21,33,19,22,24,18,37,2],[25,4,39,13,10,29,30],[6,27,12,7],[16,14]]}],"Optimal":831,"benchmark":"A-n39-k6"}