{"Optimal":450,"front":[{"trucks":[[8,15],[6,10,4],[11,13,16],[2],[9,14],[7],[5,12],[3]],"distance":451.33508020861797,"fuel":642.9343172178773},{"fuel":626.269869050406,"distance":451.94709212981843,"trucks":[[9],[8,10,14],[6,15],[2,4],[7],[5,12],[3],[11,13,16]]},{"distance":451.9470921298185,"trucks":[[8,10,14],[11,13,16],[6,15],[9],[3],[7],[5,12],[2,4]],"fuel":626.2698690504059}],"benchmark":"P-n16-k8"}