{"benchmark":"P-n16-k8","front":[{"distance":451.33508020861797,"fuel":642.9343172178773,"trucks":[[8,15],[6,10,4],[2],[11,13,16],[9,14],[7],[5,12],[3]]},{"fuel":626.269869050406,"distance":451.94709212981843,"trucks":[[9],[8,10,14],[6,15],[2,4],[7],[3],[5,12],[11,13,16]]},{"fuel":626.2698690504059,"distance":451.9470921298185,"trucks":[[6,15],[11,13,16],[8,10,14],[9],[7],[5,12],[3],[2,4]]}],"Optimal":450}