{"front":[{"trucks":[[6,10,4],[8,15],[9,14],[11,13,16],[7],[3],[5,12],[2]],"fuel":642.9343172178774,"distance":451.33508020861797},{"trucks":[[3],[2,4],[9],[6,15],[8,10,14],[7],[5,12],[11,13,16]],"distance":451.94709212981843,"fuel":626.269869050406},{"fuel":626.2698690504059,"distance":451.9470921298185,"trucks":[[8,10,14],[6,15],[9],[11,13,16],[5,12],[7],[3],[2,4]]}],"benchmark":"P-n16-k8","Optimal":450}