{"front":[{"trucks":[[3],[9],[2,4],[6,15],[8,10,14],[7],[5,12],[11,13,16]],"distance":451.94709212981843,"fuel":626.269869050406},{"trucks":[[9],[5,12],[8,10,14],[6,15],[11,13,16],[7],[3],[2,4]],"fuel":626.2698690504059,"distance":451.9470921298185}],"benchmark":"P-n16-k8","Optimal":450}