{"optimalDistance":1034,"fuelSequence":[1644.1804860834923,1644.1804860834923,1644.1804860834923,1644.1804860834923,1644.1804860834923,1644.1804860834923,1644.1804860834923,1644.1804860834923,1644.1804860834923,1644.1804860834923,1644.180486083492,1644.180486083492,1642.2186736576455,1642.2186736576455,1637.1081961881007,1637.1081961881007,1637.1081961881007,1637.1081961881007,1637.1081961881007,1637.1081961881007,1637.1081961881007,1637.1081961881007,1637.1081961881007,1637.1081961881007,1637.1081961881007,1637.1081961881007,1637.1081961881007,1637.1081961881007,1637.1081961881007,1637.1081961881007,1637.1081961881007,1637.1081961881007,1637.1081961881007,1637.1081961881007,1637.1081961881007,1637.1081961881007,1637.1081961881007,1637.1081961881007,1637.1081961881007,1637.1081961881007,1637.1081961881007,1637.1081961881007,1637.1081961881007,1632.9410322279937,1632.9410322279937,1632.9410322279937,1632.9410322279937,1625.2409031346604,1625.2409031346604,1625.2409031346604,1625.2409031346604,1625.2409031346604,1625.2409031346604,1625.2409031346604,1625.2409031346604,1625.2409031346604,1625.2409031346604,1625.2409031346604,1625.2409031346604,1625.2409031346604,1619.9749674381035,1619.9749674381035,1619.9749674381035,1619.9749674381035,1619.9749674381035,1619.9749674381035,1619.9749674381035,1619.9749674381035,1619.9749674381035,1619.9749674381035,1619.9749674381035,1619.9749674381035,1619.9749674381035,1619.9749674381035,1619.9749674381035,1619.9749674381035,1619.9749674381035,1619.9749674381035,1619.9749674381035,1619.9749674381035,1619.9749674381035,1619.9749674381035,1619.9749674381035,1619.9749674381035,1619.9749674381035,1619.9749674381035,1619.9749674381035,1619.9749674381035,1619.9749674381035,1619.9749674381035,1619.9749674381035,1619.9749674381035,1619.9749674381035,1619.9749674381035,1619.9749674381035,1619.9749674381035,1619.9749674381035,1619.9749674381035,1619.9749674381035,1619.9749674381035,1619.9749674381035,1619.9749674381035,1619.9749674381035,1619.9749674381035,1619.9749674381035,1619.9749674381035,1616.0057789458037,1616.0057789458037,1616.0057789458037,1616.0057789458037,1616.0057789458037,1616.0057789458037,1616.0057789458037,1616.0057789458037,1616.0057789458037,1616.0057789458037,1616.0057789458037,1616.0057789458037,1616.0057789458037,1616.0057789458037,1616.0057789458037,1616.0057789458037,1615.3328507159747,1615.3328507159747,1615.3328507159747,1615.3328507159747,1615.3328507159747,1615.3328507159747,1615.3328507159747,1615.3328507159747,1615.3328507159747,1615.3328507159747,1615.3328507159747,1615.3328507159747,1613.4177694892785,1613.4177694892785,1613.4177694892785,1613.4177694892785,1613.4177694892785,1613.4177694892785,1613.4177694892785,1613.4177694892785,1613.4177694892785,1613.4177694892785,1613.4177694892785,1613.4177694892785,1613.4177694892785,1613.4177694892785,1613.4177694892785,1613.4177694892785,1613.4177694892785,1613.4177694892785,1613.4177694892785,1613.4177694892785,1613.4177694892785,1613.4177694892785,1613.4177694892785,1613.4177694892785,1613.4177694892785,1613.3145530987817,1613.3145530987817,1613.3145530987817,1613.3145530987817,1613.3145530987817,1613.3145530987817,1613.3145530987817,1613.3145530987817,1613.3145530987817,1613.3145530987817,1607.2746143150596,1607.2746143150596,1607.2746143150596,1607.2746143150596,1607.2746143150596,1607.2746143150596,1607.2746143150596,1607.2746143150596,1607.2746143150596,1607.2746143150596,1607.2746143150596,1607.2746143150596,1607.2746143150596,1607.2746143150596,1607.2746143150596,1607.2746143150596,1607.2746143150596,1607.2746143150596,1607.2746143150596,1607.2746143150596,1607.2746143150596,1607.2746143150596,1607.2746143150596,1607.2746143150596,1607.2746143150596,1607.2746143150596,1607.2746143150596,1607.2746143150596,1607.2746143150596,1607.2746143150596,1607.2746143150596,1607.2746143150596,1607.2746143150596,1607.2746143150596,1607.2746143150596,1607.2746143150596,1607.2746143150596,1607.2746143150596,1607.2746143150596,1607.2746143150596,1607.2746143150596,1607.2746143150596,1607.2746143150596,1607.2746143150596,1607.2746143150596,1607.2746143150596,1607.2746143150596,1607.2746143150596,1607.2746143150596,1607.2746143150596,1607.2746143150596,1607.2746143150596,1607.2746143150596,1607.2746143150596,1607.2746143150596,1607.2746143150596,1607.2746143150596,1607.2746143150596,1607.2746143150596,1607.2746143150596,1607.2746143150596,1607.2746143150596,1607.2746143150596,1607.2746143150596,1607.2746143150596,1607.2746143150596,1607.2746143150596,1607.2746143150596,1607.2746143150596,1607.2746143150596,1607.2746143150596,1607.2746143150596,1607.2746143150596,1607.2746143150596,1607.2746143150596,1607.2746143150596,1607.2746143150596,1607.2746143150596,1607.2746143150596,1607.2746143150596,1607.2746143150596,1607.2746143150596,1607.2746143150596,1607.2746143150596,1607.2746143150596,1607.2746143150596,1607.2746143150596,1607.2746143150596,1607.2746143150596,1607.2746143150596,1607.2746143150596,1607.2746143150596,1607.2746143150596,1607.2746143150596,1607.2746143150596,1607.2746143150596,1607.2746143150596,1607.2746143150596,1607.2746143150596,1607.2746143150596,1607.2746143150596,1607.2746143150596,1607.2746143150596,1607.2746143150596,1607.2746143150596,1607.2746143150596,1607.2746143150596,1607.2746143150596,1607.2746143150596,1607.2746143150596,1607.2746143150596,1607.2746143150596,1607.2746143150596,1607.2746143150596,1607.2746143150596,1607.2746143150596,1607.2746143150596,1607.2746143150596,1607.2746143150596,1607.2746143150596,1607.2746143150596,1607.2746143150596,1607.2746143150596,1607.2746143150596,1607.2746143150596,1607.2746143150596,1607.2746143150596,1607.2746143150596,1607.2746143150596,1607.2746143150596,1607.2746143150596,1607.2746143150596,1607.2746143150596,1607.2746143150596,1607.2746143150596,1607.2746143150596,1607.2746143150596,1607.2746143150596,1607.2746143150596,1607.2746143150596,1607.2746143150596,1607.2746143150596,1607.2746143150596,1607.2746143150596,1607.2746143150596,1607.2746143150596,1607.2746143150596,1607.2746143150596,1607.2746143150596,1607.2746143150596,1607.2746143150596,1607.2746143150596,1607.2746143150596,1607.2746143150596,1607.2746143150596,1607.2746143150596,1607.2746143150596,1607.2746143150596,1607.2746143150596,1607.2746143150596,1607.2746143150596,1607.2746143150596,1607.2746143150596,1607.2746143150596,1607.2746143150596,1607.2746143150596,1607.2746143150596,1607.2746143150596,1607.2746143150596,1607.2746143150596,1607.2746143150596,1607.2746143150596,1607.2746143150596,1607.2746143150596,1607.2746143150596,1607.2746143150596,1607.2746143150596,1607.2746143150596,1607.2746143150596,1607.2746143150596,1607.2746143150596,1607.2746143150596,1607.2746143150596,1607.2746143150596,1607.2746143150596,1607.2746143150596,1607.2746143150596,1607.2746143150596,1607.2746143150596,1607.2746143150596,1607.2746143150596,1607.2746143150596,1607.2746143150596,1607.2746143150596,1607.2746143150596,1607.2746143150596,1607.2746143150596,1607.2746143150596,1607.2746143150596,1607.2746143150596,1607.2746143150596,1607.2746143150596,1607.2746143150596,1607.2746143150596,1607.2746143150596,1607.2746143150596,1607.2746143150596,1607.2746143150596,1607.2746143150596,1607.2746143150596,1607.2746143150596,1607.2746143150596,1607.2746143150596,1607.2746143150596,1607.2746143150596,1607.2746143150596,1607.2746143150596,1607.2746143150596,1607.2746143150596,1607.2746143150596,1607.2746143150596,1607.2746143150596,1607.2746143150596,1607.2746143150596,1607.2746143150596,1607.2746143150596,1607.2746143150596,1607.2746143150596,1607.2746143150596,1607.2746143150596,1607.2746143150596,1607.2746143150596,1607.2746143150596,1607.2746143150596,1607.2746143150596,1607.2746143150596,1607.2746143150596,1607.2746143150596,1607.0525835464678,1607.0525835464678,1607.0525835464678,1607.0525835464678,1607.0525835464678,1607.0525835464678,1607.0525835464678,1607.0525835464678,1607.0525835464678,1607.0525835464678,1607.0525835464678,1607.0525835464678,