{"front":[{"distance":1121.302176707722,"trucks":[[26,7,54,47,55,6,3],[40,29,2,17,49,19,36,48],[13,23,27,5,44,33,43,34],[45,61,12,32,53,58,18,51],[9,42,21,30,37,22,28,57],[16,4,11,41,60,46,38,31],[10,52,35,59,25,20],[8,24,15,56,14],[39,50]],"fuel":1630.467274291101},{"trucks":[[26,7,54,47,55,6,3],[40,29,2,17,49,19,36,48],[13,23,27,5,44,33,43,34],[45,61,12,32,53,58,18,51],[9,42,21,30,37,22,28,57],[16,31,38,46,60,41,11,4],[10,52,35,59,25,20],[8,24,15,56,14],[39,50]],"distance":1121.5960440308459,"fuel":1619.5405601389932},{"fuel":1618.023548437689,"trucks":[[26,7,54,47,55,6,3],[40,29,2,17,49,19,36,48],[13,23,27,5,44,33,43,34],[45,61,12,32,53,58,18,51],[9,42,21,30,37,22,28,57],[4,16,31,38,46,60,41,11],[10,52,35,59,25,20],[8,24,15,56,14],[39,50]],"distance":1125.449337946511},{"distance":1130.2677563025686,"fuel":1610.918165978382,"trucks":[[45,61,12,32,53,58,18,51],[26,7,9,6,55,47,3],[40,29,2,17,49,36,19,48,28],[13,23,44,5,27,33,43,34],[54,42,21,30,37,22,57],[10,52,35,59,25,20],[8,24,15,56,14],[4,16,31,38,46,60,11],[39,50,41]]}],"benchmark":"A-n61-k9","Optimal":1034}