{"benchmark":"P-n40-k5","Optimal":458,"front":[{"trucks":[[39,10,17,22,30,21,36,37,4,2],[19,5,20,14,26,15],[12,35,31,11,40,34,16,38,18],[7,25,24,8,9,27,32,29,23,28],[13,6,33,3]],"fuel":703.5335825659041,"distance":497.073304156823}]}