{"front":[{"trucks":[[18,38,16,34,11,40,31,35,22,30,10],[33,3,17,21,36,37,4,28],[19,5,20,14,26,15],[7,25,24,8,9,27,32,29,23,2],[13,12,39,6]],"distance":494.59421894141315,"fuel":705.3681418851062},{"trucks":[[33,2,23,29,32,27,9,8,24,25],[28,7,15,26,14,20,5,18],[39,10,17,21,36,37,4,3],[12,30,22,35,31,40,11,34,16,38],[19,13,6]],"distance":498.49454265207794,"fuel":703.5602079138107}],"Optimal":458,"benchmark":"P-n40-k5"}