{"benchmark":"P-n40-k5","Optimal":458,"front":[{"trucks":[[2,23,32,29,4,37,36,21,30,22,17],[19,5,20,14,26,15],[7,25,24,8,9,27,28],[39,10,35,31,40,11,34,16,38,18],[13,3,33,12,6]],"distance":494.00471062680856,"fuel":704.4174838905363},{"trucks":[[17,22,30,21,36,37,4,29,32,27,2],[39,10,35,31,11,40,34,16,38,18],[28,7,25,24,8,9,23],[19,5,20,14,26,15],[13,6,3,33,12]],"distance":497.1888735828121,"fuel":699.915413662309}]}