{"Optimal":458,"benchmark":"P-n40-k5","front":[{"trucks":[[17,10,35,31,11,40,34,16,38],[9,27,32,29,4,37,36,21,30,22],[28,2,23,3,33,7,25,8,24],[13,6,39,12],[19,15,26,14,20,5,18]],"distance":505.7438233407699,"fuel":706.9443883832416},{"trucks":[[13,38,16,34,40,11,31,35],[12,3,17,10,39,6],[9,27,32,29,4,37,36,21,30,22],[28,2,23,33,7,25,8,24],[19,15,26,14,20,5,18]],"distance":512.7821568324772,"fuel":705.7198944264642}]}