{"benchmark":"A-n48-k7","Optimal":1073,"front":[{"fuel":1594.2981916324927,"trucks":[[30,22,31,47,14,25,5,12,43,10],[3,11,34,29,35,46,8],[28,16,9,40,27,21],[7,23,39,20,26,4,38],[19,45,36,33,37,41],[24,44,32,2,6,13],[15,18,17,48,42]],"distance":1134.9355975443748}]}