{"benchmark":"A-n48-k7","Optimal":1073,"front":[{"distance":1145.476744710019,"fuel":1616.6217814981974,"trucks":[[30,22,31,47,14,25,5,12,43,10,35],[33,39,26,20,38,4,21,27],[6,2,7,23,37],[45,19,36,24,44,32,13],[46,28,16,9,40,8,41],[15,18,48,17],[42,3,11,34,29]]},{"distance":1145.9001666208842,"fuel":1614.455851728973,"trucks":[[30,22,31,47,14,25,5,12,43,10,35],[33,39,20,26,38,4,21,27],[6,2,7,23,37],[45,19,36,24,44,32,13],[46,28,16,9,40,8,41],[15,18,48,17],[42,3,11,34,29]]},{"distance":1146.636194576715,"fuel":1609.4464176489346,"trucks":[[30,22,31,47,14,25,5,12,43,10,35],[33,39,26,20,38,4,21,27],[6,2,7,23,37],[45,19,36,24,44,32,13],[41,46,28,16,9,40,8],[15,18,48,17],[42,3,11,34,29]]},{"distance":1147.0596164875803,"fuel":1607.28048787971,"trucks":[[30,22,31,47,14,25,5,12,43,10,35],[33,39,20,26,38,4,21,27],[6,2,7,23,37],[45,19,36,24,44,32,13],[41,46,28,16,9,40,8],[15,18,48,17],[42,3,11,34,29]]}]}