{"front":[{"distance":1155.2259491150069,"trucks":[[30,22,31,47,14,25,5,12,43,10,35],[6,2,7,23,26,39],[37,8,28,9,16,46],[33,20,38,4,21,27,40,41],[42,3,11,34,29,48],[36,19,45,24,44,32,13],[15,18,17]],"fuel":1648.8825708890508}],"Optimal":1073,"benchmark":"A-n48-k7"}