{"Optimal":1032,"front":[{"distance":1046.8915902732751,"fuel":1512.6896080613133,"trucks":[[22,45,21,2,10,50,31],[42,28,32,33,38,13,9],[16,24,51,46,48,26,25,23,47],[19,40,30,14],[34,49,20,4,36,18,41],[44,27,29,8,15,43,5],[6,37,11,3,39,35,17,12,7]]}],"benchmark":"B-n51-k7"}