{"benchmark":"B-n51-k7","front":[{"distance":1048.0540595779182,"fuel":1525.4030059924494,"trucks":[[42,28,32,33,38,13,9],[40,30,14,43,15,44],[22,45,10,50,31,25,23,47,26],[49,34,20,4,36,18,6],[46,48,24,51,16,21,2],[7,8,29,27,12,5,17],[37,41,11,3,39,35,19]]},{"trucks":[[42,28,32,33,38,13,9],[40,30,14,43,15,44],[22,45,10,50,31,25,23,47,26],[34,49,20,4,36,18,6],[46,48,24,51,16,21,2],[7,8,29,27,12,5,17],[37,41,11,3,39,35,19]],"distance":1048.4210110702347,"fuel":1525.1352116458793}],"Optimal":1032}