{"Optimal":694,"front":[{"distance":757.9753311220489,"trucks":[[30,6,16,21,38,37,48],[8,54,15,20,55,14],[28,53,35,47,9,36],[13,41,33,45,4],[52,17,50,25,19,51,26],[34,2,44,42,43,23,24],[27,11,32,10,40],[7,18,39,12],[31,49,22,29],[46,5,3]],"fuel":1053.0901447127594}],"benchmark":"P-n55-k10"}