{"Optimal":211,"benchmark":"P-n21-k2","front":[{"fuel":318.45456777016125,"distance":223.742894882718,"trucks":[[21,6,15,18,10,14,9,19,20,4,11],[7,8,3,13,16,12,5,2,17]]}]}