{"benchmark":"P-n21-k2","front":[{"trucks":[[5,12,16,13,4,20,19,9,14,10,11,2],[17,7,3,8,18,15,6,21]],"distance":229.4603001786961,"fuel":326.71958603334764},{"trucks":[[21,6,15,18,10,14,9,19,20,4],[7,8,3,13,16,12,5,11,2,17]],"distance":230.7775384082683,"fuel":325.5380644833373},{"trucks":[[21,6,15,18,10,14,9,19,20,4],[7,8,3,11,5,12,16,13,2,17]],"distance":231.51844486953073,"fuel":324.47610780363806},{"trucks":[[21,6,15,18,10,14,9,19,20,4,11],[17,7,8,3,13,16,5,12,2]],"distance":232.2898333111047,"fuel":323.77164171894333}],"Optimal":211}