{"Optimal":211,"front":[{"fuel":317.4510944488936,"distance":224.99168388534412,"trucks":[[7,8,3,11,13,16,12,5,2,17],[21,6,15,18,10,14,9,19,20,4]]}],"benchmark":"P-n21-k2"}