{"front":[{"distance":226.58306969050824,"trucks":[[2,11,5,12,16,13,4,20,19,9,14,10],[17,7,3,8,18,15,6,21]],"fuel":323.06614444049444},{"distance":227.16289500313627,"trucks":[[21,6,15,18,10,14,9,19,20,4],[17,7,8,3,11,13,16,12,5,2]],"fuel":317.08040018802177}],"Optimal":211,"benchmark":"P-n21-k2"}