{"Optimal":211,"benchmark":"P-n21-k2","front":[{"trucks":[[21,6,15,18,10,14,9,19,20,4,2],[7,8,3,11,13,16,12,5,17]],"fuel":318.67970762305447,"distance":225.25544227147725},{"trucks":[[21,6,15,18,10,14,9,19,20,4,11],[17,7,8,3,13,16,12,5,2]],"fuel":317.99377368682076,"distance":225.91410600051012}]}