{"front":[{"trucks":[[46,48,25,4,43],[60,56,27,34,59,18,51],[12,50,36,5,22,42,24,28,40,14],[21,41,7,33,30,44,9],[54,15,61,6,19,31,2,55,10,26,32,35,58,62],[37,17,38,23,45,3,53],[57,49,13,47,20,39],[29,16,8,11,52]],"distance":1363.5540819324312,"fuel":1942.5453631464106},{"distance":1364.4386594695268,"fuel":1941.599286055315,"trucks":[[46,48,25,4,43],[60,56,27,34,59,18,51],[12,50,36,5,22,42,24,28,40,14],[21,41,7,33,30,44,9],[54,15,61,6,19,31,2,55,10,26,32,35,58,62],[53,37,17,38,23,45,3],[57,49,13,47,20,39],[29,16,8,11,52]]},{"distance":1364.906420170492,"trucks":[[46,48,25,4,43],[60,56,27,34,59,18,51],[12,50,36,5,22,42,24,28,40,14],[21,41,7,33,30,44,9],[54,15,61,6,19,31,2,55,10,26,32,35,58,62],[37,17,38,23,45,3,53],[29,57,49,13,39,20,47],[16,8,11,52]],"fuel":1931.9993414266326},{"fuel":1931.0532643355368,"distance":1365.7909977075876,"trucks":[[46,48,25,4,43],[60,56,27,34,59,18,51],[12,50,36,5,22,42,24,28,40,14],[21,41,7,33,30,44,9],[54,15,61,6,19,31,2,55,10,26,32,35,58,62],[53,37,17,38,23,45,3],[29,57,49,13,39,20,47],[16,8,11,52]]}],"Optimal":1288,"benchmark":"A-n62-k8"}