{"benchmark":"B-n67-k10","front":[{"trucks":[[33,66,38,24,9,20],[51,15,12,36,50,2,21],[64,49,10,54,40],[18,8,30,25,60,52],[27,3,67,17,42,44,28,11,39,19],[62,63,58,31,4,61],[43,45,41,65,35,7,37,5,47],[48,32,34],[26,22,55,56,23,53,46,13,59],[6,29,57,14,16]],"fuel":1589.8405781090464,"distance":1130.6991912440956},{"distance":1133.0086484222911,"trucks":[[28,60,9,24,38,66,33],[12,2,50,36,20,21,15],[59,16,57,56,55,23,53,46,13],[64,49,10,54,40],[62,63,58,31,4,61],[43,45,41,65,35,7,37,5,47],[48,34,32,19,3,27],[18,8,25,30,52,67,17],[6,29,14,22,26],[39,42,44,11,51]],"fuel":1588.7347769718738}],"Optimal":1032}