{"Optimal":1032,"front":[{"trucks":[[39,8,25,60,30,52],[63,62,58,31,4,61],[49,10,54,37,7,35,41,65],[12,21,20,36,50,2],[13,59,57,16,56,55,23,53,46],[33,66,38,9,24,19],[51,15,5,47,40,45,43],[6,29,14,22,26,64],[48,34,32,27],[18,11,28,44,17,67,42,3]],"fuel":1575.9598491322556,"distance":1122.5196904346114},{"trucks":[[29,14,59,16,57,56,55],[48,34,27,3,67,17,42,19],[12,2,50,36,20,21],[44,28,11,39,18,37,54],[52,25,8,51,15,47,5],[40,43,45,41,65,35,7],[63,62,31,58,4,61],[30,60,33,66,38,24,9],[6,64,26,22,10,49],[13,23,53,46,32]],"fuel":1573.4821144887596,"distance":1138.2467378776641}],"benchmark":"B-n67-k10"}