{"benchmark":"B-n31-k5","Optimal":672,"front":[{"fuel":932.3352869861598,"distance":676.0884122584414,"trucks":[[22,17,19,6,26,5,30],[8,18,14,10,7,23],[27,29,13,24,31,9],[4,2,20,25,12,16,15],[21,28,11,3]]}]}