{"front":[{"distance":667.6277251256129,"trucks":[[68,27,8,60,15,20,55,14,58,16,38,21,71,61,72,37,70,62,22,48,6],[13,41,33,10,40,59,11,32,56,26,51,19,25,50,4,45,52,18],[5,46,30,49,75,29,63,74,2,23,65,43,44,42,57,24,64,17,7],[76,69,34,3,31,28,53,35,47,9,36,54,12,67,66,39,73]],"fuel":957.545720703187},{"trucks":[[68,27,8,54,15,20,55,14,58,16,38,21,71,61,72,37,70,62,22,48,6],[13,41,33,10,40,59,11,32,56,26,51,19,25,50,4,45,52,18],[5,46,30,49,75,29,63,74,2,23,65,43,44,42,57,24,64,17,7],[76,69,34,3,31,28,53,35,47,9,36,60,12,67,66,39,73]],"distance":668.7383742555096,"fuel":950.5754278592741}],"benchmark":"P-n76-k4","Optimal":593}