{"Optimal":569,"benchmark":"E-n23-k3","front":[{"fuel":737.8292156067203,"trucks":[[19,20,21,23,18,15,16,17,4,3,2,7,12],[11,14],[13,8,10,9,6,5,22]],"distance":573.6290926582402},{"distance":574.0150528150333,"fuel":726.9112060602147,"trucks":[[19,20,21,23,18,15,16,17,4,3,2,7],[11,14],[13,12,10,8,9,6,5,22]]}]}