{"Optimal":1598,"benchmark":"B-n57-k9","front":[{"distance":1641.3182834973156,"trucks":[[21,12,45,35,15,43],[8,3,17,24,27,40],[55,53,25,28,19,29,10],[6,48,37,22,42,26,52,16,9],[31,50,36,34,49,39,13],[57,23,4,41,33],[7,51,56,32,18,11,47],[2,46,44,20,14,38],[30,54,5]],"fuel":2342.9996164908425},{"distance":1641.629073056837,"trucks":[[21,12,45,35,15,43],[8,3,17,24,27,40],[55,53,25,28,19,29,10],[6,48,37,22,42,26,52,16,9],[31,50,36,34,49,39,13],[57,23,4,41,33],[7,51,56,32,18,11,47],[2,46,44,20,14,38],[54,30,5]],"fuel":2342.9934548415995},{"distance":1642.232379767287,"trucks":[[21,12,45,35,15,43],[8,3,17,24,27,40],[55,53,25,28,19,29,10],[6,48,37,22,42,26,52,16,9],[31,50,36,34,49,39,13],[57,23,4,41,33],[7,51,47,11,18,32,56],[2,46,44,20,14,38],[30,54,5]],"fuel":2340.8276094535336},{"distance":1642.5431693268083,"trucks":[[21,12,45,35,15,43],[8,3,17,24,27,40],[55,53,25,28,19,29,10],[6,48,37,22,42,26,52,16,9],[31,50,36,34,49,39,13],[57,23,4,41,33],[7,51,47,11,18,32,56],[2,46,44,20,14,38],[54,30,5]],"fuel":2340.8214478042905}]}