{"optimalDistance":829,"fuelSequence":[1252.228343382003,1252.228343382003,1252.228343382003,1252.228343382003,1252.228343382003,1252.228343382003,1252.228343382003,1252.228343382003,1252.228343382003,1252.228343382003,1252.228343382003,1252.228343382003,1252.228343382003,1252.228343382003,1252.228343382003,1252.228343382003,1252.228343382003,1252.228343382003,1252.228343382003,1252.228343382003,1252.228343382003,1252.228343382003,1252.228343382003,1252.228343382003,1252.228343382003,1252.228343382003,1252.228343382003,1252.228343382003,1252.228343382003,1252.228343382003,1252.228343382003,1252.228343382003,1252.228343382003,1252.228343382003,1252.228343382003,1252.228343382003,1252.228343382003,1252.228343382003,1252.228343382003,1252.228343382003,1252.228343382003,1252.228343382003,1252.228343382003,1252.228343382003,1252.228343382003,1252.228343382003,1252.228343382003,1252.228343382003,1252.228343382003,1252.228343382003,1252.228343382003,1252.228343382003,1252.228343382003,1252.228343382003,1252.228343382003,1252.228343382003,1252.228343382003,1252.228343382003,1252.228343382003,1252.228343382003,1252.228343382003,1252.228343382003,1252.228343382003,1252.228343382003,1252.228343382003,1252.228343382003,1252.228343382003,1252.228343382003,1252.228343382003,1252.228343382003,1252.228343382003,1252.228343382003,1252.228343382003,1252.228343382003,1252.228343382003,1252.228343382003,1252.228343382003,1252.228343382003,1252.228343382003,1252.228343382003,1252.228343382003,1252.228343382003,1252.228343382003,1252.228343382003,1252.228343382003,1252.228343382003,1252.228343382003,1252.228343382003,1252.228343382003,1252.228343382003,1252.228343382003,1252.228343382003,1252.228343382003,1252.228343382003,1252.228343382003,1252.228343382003,1252.228343382003,1252.228343382003,1252.228343382003,1252.228343382003,1252.228343382003,1252.228343382003,1252.228343382003,1252.228343382003,1252.228343382003,1252.228343382003,1252.228343382003,1252.228343382003,1252.228343382003,1252.228343382003,1252.228343382003,1252.228343382003,1252.228343382003,1252.228343382003,1252.228343382003,1252.228343382003,1252.228343382003,1252.228343382003,1252.228343382003,1252.228343382003,1252.228343382003,1252.228343382003,1252.228343382003,1252.228343382003,1252.228343382003,1252.228343382003,1252.228343382003,1252.228343382003,1252.228343382003,1252.228343382003,1252.228343382003,1252.228343382003,1252.228343382003,1252.228343382003,1252.228343382003,1252.228343382003,1240.06027193323,1240.06027193323,1240.06027193323,1240.06027193323,1240.06027193323,1240.06027193323,1240.06027193323,1240.06027193323,1240.06027193323,1240.06027193323,1240.06027193323,1240.06027193323,1240.06027193323,1240.06027193323,1240.06027193323,1240.06027193323,1240.06027193323,1240.06027193323,1240.06027193323,1240.06027193323,1240.06027193323,1240.06027193323,1240.06027193323,1240.06027193323,1240.06027193323,1240.06027193323,1240.06027193323,1240.06027193323,1240.06027193323,1240.06027193323,1240.06027193323,1240.06027193323,1240.06027193323,1240.06027193323,1240.06027193323,1240.06027193323,1240.06027193323,1240.06027193323,1240.06027193323,1240.06027193323,1240.06027193323,1240.06027193323,1240.06027193323,1240.06027193323,1240.06027193323,1240.06027193323,1240.06027193323,1240.06027193323,1240.06027193323,1240.06027193323,1240.06027193323,1240.06027193323,1240.06027193323,1240.06027193323,1240.06027193323,1240.06027193323,1240.06027193323,1240.06027193323,1240.06027193323,1240.06027193323,1240.06027193323,1240.06027193323,1240.06027193323,1240.06027193323,1240.06027193323,1240.06027193323,1240.06027193323,1240.06027193323,1240.06027193323,1240.06027193323,1240.06027193323,1240.06027193323,1240.06027193323,1240.06027193323,1240.06027193323,1240.06027193323,1240.06027193323,1240.06027193323,1240.06027193323,1240.06027193323,1240.06027193323,1240.06027193323,1240.06027193323,1240.06027193323,1240.06027193323,1240.06027193323,1240.06027193323,1240.06027193323,1240.06027193323,1240.06027193323,1240.06027193323,1240.06027193323,1240.06027193323,1240.06027193323,1240.06027193323,1240.06027193323,1240.06027193323,1240.06027193323,1240.06027193323,1240.06027193323,1240.06027193323,1240.06027193323,1240.06027193323,1240.06027193323,1240.06027193323,1240.06027193323,1240.06027193323,1240.06027193323,1240.06027193323,1240.06027193323,1240.06027193323,1240.06027193323,1240.06027193323,1240.06027193323,1240.06027193323,1240.06027193323,1240.06027193323,1240.06027193323,1240.06027193323,1240.06027193323,1240.06027193323,1240.06027193323,1240.06027193323,1240.06027193323,1240.06027193323,1240.06027193323,1240.06027193323,1240.06027193323,1240.06027193323,1240.06027193323,1240.06027193323,1240.06027193323,1240.06027193323,1240.06027193323,1240.06027193323,1240.06027193323,1240.06027193323,1240.06027193323,1240.06027193323,1240.06027193323,1240.06027193323,1240.06027193323,1240.06027193323,1240.06027193323,1240.06027193323,1240.06027193323,1240.06027193323,1240.06027193323,1240.06027193323,1240.06027193323,1240.06027193323,1240.06027193323,1240.06027193323,1240.06027193323,1240.06027193323,1240.06027193323,1240.06027193323,1240.06027193323,1240.06027193323,1240.06027193323,1240.06027193323,1240.06027193323,1240.06027193323,1240.06027193323,1240.06027193323,1240.06027193323,1240.06027193323,1240.06027193323,1240.06027193323,1240.06027193323,1240.06027193323,1240.06027193323,1240.06027193323,1240.06027193323,1240.06027193323,1240.06027193323,1240.06027193323,1240.06027193323,1240.06027193323,1240.06027193323,1240.06027193323,1240.06027193323,1240.06027193323,1240.06027193323,1240.06027193323,1240.06027193323,1240.06027193323,1240.06027193323,1240.06027193323,1240.06027193323,1240.06027193323,1240.06027193323,1240.06027193323,1240.06027193323,1240.06027193323,1240.06027193323,1240.06027193323,1240.06027193323,1240.06027193323,1240.06027193323,1240.06027193323,1240.06027193323,1240.06027193323,1240.06027193323,1240.06027193323,1237.3593022315372,1237.3593022315372,1237.3593022315372,1237.3593022315372,1237.3593022315372,1237.3593022315372,1237.3593022315372,1237.3593022315372,1237.3593022315372,1237.3593022315372,1237.3593022315372,1237.3593022315372,1237.3593022315372,1237.3593022315372,1237.3593022315372,1237.3593022315372,1237.3593022315372,1237.3593022315372,1237.3593022315372,1231.420753307383,1231.420753307383,1231.420753307383,1230.9957258166867,1230.9957258166867,1230.9957258166867,1230.9957258166867,1227.6111362339416,1227.6111362339416,1227.6111362339416,1227.6111362339416,1227.6111362339416,1227.6111362339416,1227.6111362339416,1227.6111362339416,1227.6111362339416,1227.6111362339416,1227.6111362339416,1227.6111362339416,1227.6111362339416,1227.6111362339416,1227.6111362339416,1227.6111362339416,1227.6111362339416,1227.6111362339416,1227.6111362339416,1227.6111362339416,1227.6111362339416,1227.6111362339416,1227.6111362339416,1227.6111362339416,1227.6111362339416,1227.6111362339416,1227.6111362339416,1227.6111362339416,1227.6111362339416,1227.6111362339416,1227.6111362339416,1227.6111362339416,1227.6111362339416,1227.6111362339416,1227.6111362339416,1227.6111362339416,1227.6111362339416,1227.6111362339416,1227.6111362339416,1227.6111362339416,1227.6111362339416,1227.6111362339416,1227.6111362339416,1227.6111362339416,1227.6111362339416,1227.6111362339416,1227.6111362339416,1227.6111362339416,1227.6111362339416,1227.6111362339416,1227.6111362339416,1227.6111362339416,1227.6111362339416,1227.6111362339416,1227.6111362339416,1227.6111362339416,1227.6111362339416,1227.6111362339416,1227.6111362339416,1227.6111362339416,1227.6111362339416,1227.6111362339416,1227.6111362339416,1227.6111362339416,1227.6111362339416,1227.6111362339416,1227.6111362339416,1227.6111362339416,1227.6111362339416,1227.6111362339416,1227.6111362339416,1227.6111362339416,1227.6111362339416,1227.6111362339416,1227.6111362339416,1227.6111362339416,1227.6111362339416,1227.6111362339416,1227.6111362339416,1227.6111362339416,