{"optimalDistance":829,"fuelSequence":[1219.58387199009,1219.58387199009,1219.58387199009,1219.58387199009,1219.58387199009,1219.58387199009,1219.58387199009,1219.58387199009,1219.58387199009,1219.58387199009,1219.58387199009,1219.58387199009,1219.58387199009,1219.58387199009,1219.58387199009,1219.58387199009,1219.58387199009,1219.58387199009,1219.58387199009,1219.58387199009,1219.58387199009,1219.58387199009,1219.58387199009,1219.58387199009,1219.58387199009,1219.58387199009,1219.58387199009,1219.58387199009,1219.58387199009,1219.58387199009,1219.58387199009,1219.58387199009,1219.58387199009,1219.58387199009,1219.58387199009,1219.58387199009,1219.58387199009,1219.58387199009,1219.58387199009,1219.58387199009,1219.58387199009,1219.58387199009,1219.58387199009,1219.58387199009,1219.58387199009,1219.58387199009,1219.58387199009,1219.58387199009,1219.58387199009,1219.58387199009,1219.58387199009,1219.58387199009,1219.58387199009,1219.58387199009,1219.58387199009,1219.58387199009,1219.58387199009,1219.58387199009,1219.58387199009,1219.58387199009,1219.58387199009,1219.58387199009,1219.58387199009,1219.58387199009,1219.58387199009,1219.58387199009,1219.58387199009,1219.58387199009,1219.58387199009,1219.58387199009,1219.58387199009,1219.58387199009,1219.58387199009,1219.58387199009,1219.58387199009,1219.58387199009,1219.58387199009,1219.58387199009,1219.58387199009,1219.58387199009,1219.58387199009,1219.58387199009,1219.58387199009,1219.58387199009,1219.58387199009,1219.58387199009,1219.58387199009,1219.58387199009,1219.58387199009,1219.58387199009,1219.58387199009,1219.58387199009,1219.58387199009,1219.58387199009,1219.58387199009,1219.58387199009,1219.58387199009,1219.58387199009,1219.58387199009,1219.58387199009,1219.58387199009,1219.58387199009,1219.58387199009,1219.58387199009,1219.58387199009,1219.58387199009,1219.58387199009,1219.58387199009,1219.58387199009,1219.58387199009,1219.58387199009,1219.58387199009,1219.58387199009,1219.58387199009,1219.58387199009,1219.58387199009,1219.58387199009,1219.58387199009,1219.58387199009,1219.58387199009,1219.58387199009,1219.58387199009,1219.58387199009,1219.58387199009,1219.58387199009,1219.58387199009,1219.58387199009,1219.58387199009,1219.58387199009,1219.58387199009,1219.58387199009,1219.58387199009,1219.58387199009,1219.58387199009,1219.58387199009,1218.7486598907465,1218.7486598907465,1218.7486598907465,1218.7486598907465,1218.7486598907465,1218.7486598907465,1218.7486598907465,1218.7486598907465,1218.7486598907465,1218.7486598907465,1218.7486598907465,1218.7486598907465,1218.7486598907465,1218.7486598907465,1218.7486598907465,1218.7486598907465,1218.7486598907465,1218.7486598907465,1218.7486598907465,1218.7486598907465,1218.7486598907465,1218.7486598907465,1218.7486598907465,1218.7486598907465,1218.7486598907465,1218.7486598907465,1218.7486598907465,1218.7486598907465,1218.7486598907465,1218.7486598907465,1218.7486598907465,1218.7486598907465,1218.7486598907465,1218.7486598907465,1218.7486598907465,1218.7486598907465,1218.7486598907465,1218.7486598907465,1218.7486598907465,1218.7486598907465,1218.7486598907465,1218.7486598907465,1218.7486598907465,1218.7486598907465,1218.7486598907465,1218.7486598907465,1218.7486598907465,1218.7486598907465,1218.7486598907465,1218.7486598907465,1218.7486598907465,1218.7486598907465,1218.7486598907465,1218.7486598907465,1218.7486598907465,1218.7486598907465,1218.7486598907465,1218.7486598907465,1218.7486598907465,1218.7486598907465,1218.7486598907465,1218.7486598907465,1218.7486598907465,1218.7486598907465,1218.7486598907465,1218.7486598907465,1218.7486598907465,1218.7486598907465,1218.7486598907465,1218.7486598907465,1218.7486598907465,1218.7486598907465,1218.7486598907465,1218.7486598907465,1218.7486598907465,1218.7486598907465,1218.7486598907465,1218.7486598907465,1218.7486598907465,1218.7486598907465,1218.7486598907465,1218.7486598907465,1218.7486598907465,1218.7486598907465,1218.7486598907465,1218.7486598907465,1218.7486598907465,1218.7486598907465,1218.7486598907465,1218.7486598907465,1218.7486598907465,1218.7486598907465,1218.7486598907465,1218.7486598907465,1218.7486598907465,1218.7486598907465,1218.7486598907465,1218.7486598907465,1218.7486598907465,1218.7486598907465,1218.7486598907465,1218.7486598907465,1218.7486598907465,1218.7486598907465,1218.7486598907465,1218.7486598907465,1218.7486598907465,1218.7486598907465,1218.7486598907465,1218.7486598907465,1218.7486598907465,1218.7486598907465,1218.7486598907465,1218.7486598907465,1218.7486598907465,1218.7486598907465,1218.7486598907465,1218.7486598907465,1218.7486598907465,1218.7486598907465,1218.7486598907465,1218.7486598907465,1218.7486598907465,1218.7486598907465,1218.7486598907465,1218.7486598907465,1218.7486598907465,1218.7486598907465,1218.7486598907465,1218.7486598907465,1218.7486598907465,1218.7486598907465,1218.7486598907465,1218.7486598907465,1218.7486598907465,1218.7486598907465,1218.7486598907465,1218.7486598907465,1218.7486598907465,1218.7486598907465,1218.7486598907465,1218.7486598907465,1218.7486598907465,1218.7486598907465,1218.7486598907465,1218.7486598907465,1218.7486598907465,1218.7486598907465,1218.7486598907465,1218.7486598907465,1218.7486598907465,1218.7486598907465,1218.7486598907465,1218.7486598907465,1218.7486598907465,1218.7486598907465,1218.7486598907465,1218.7486598907465,1218.7486598907465,1218.7486598907465,1218.7486598907465,1218.7486598907465,1218.7486598907465,1218.7486598907465,1218.7486598907465,1218.7486598907465,1218.7486598907465,1218.7486598907465,1218.7486598907465,1218.7486598907465,1218.7486598907465,1218.7486598907465,1218.7486598907465,1218.7486598907465,1218.7486598907465,1218.7486598907465,1218.7486598907465,1218.7486598907465,1218.7486598907465,1218.7486598907465,1218.7486598907465,1218.7486598907465,1218.7486598907465,1218.7486598907465,1218.7486598907465,1218.7486598907465,1218.7486598907465,1218.7486598907465,1218.7486598907465,1218.7486598907465,1218.7486598907465,1218.7486598907465,1218.7486598907465,1218.7486598907465,1218.7486598907465,1215.989577744366,1215.989577744366,1215.989577744366,1215.989577744366,1215.989577744366,1215.989577744366,1215.989577744366,1215.989577744366,1215.989577744366,1215.989577744366,1215.989577744366,1215.989577744366,1215.989577744366,1215.989577744366,1215.989577744366,1215.989577744366,1215.989577744366,1215.989577744366,1215.989577744366,1215.989577744366,1215.989577744366,1215.989577744366,1215.989577744366,1215.989577744366,1215.989577744366,1215.989577744366,1215.989577744366,1215.989577744366,1215.989577744366,1215.989577744366,1215.989577744366,1215.989577744366,1215.989577744366,1215.989577744366,1215.989577744366,1215.989577744366,1215.989577744366,1215.989577744366,1215.989577744366,1215.989577744366,1215.989577744366,1215.989577744366,1215.989577744366,1215.989577744366,1215.989577744366,1215.989577744366,1215.989577744366,1215.989577744366,1215.989577744366,1215.989577744366,1215.989577744366,1215.989577744366,1215.989577744366,1215.989577744366,1215.989577744366,1215.989577744366,1215.989577744366,1215.989577744366,1215.989577744366,1215.989577744366,1215.989577744366,1215.989577744366,1215.989577744366,1215.989577744366,1215.989577744366,1215.989577744366,1215.989577744366,1215.989577744366,1215.989577744366,1215.989577744366,1215.989577744366,1215.989577744366,1215.989577744366,1215.989577744366,1215.989577744366,1215.989577744366,1215.989577744366,1215.989577744366,1215.989577744366,1215.989577744366,1215.989577744366,1215.989577744366,1215.989577744366,1215.989577744366,1215.989577744366,1215.989577744366,1215.989577744366,1215.989577744366,1215.989577744366,1215.989577744366,1215.989577744366,1215.989577744366,1215.989577744366,1215.989577744366,1215.989577744366,1215.989577744366,1215.989577744366,1215.989577744366,1215.989577744366,1215.989577744366,1215.989577744366,1215.989577744366,1215.989577744366,1215.989577744366,1215.989577744366,1215.989577744366,1215.989577744366,1215.989577744366,