{"optimalDistance":829,"distanceSequence":[870.7640994437282,870.7640994437282,870.7640994437282,870.7640994437282,870.7640994437282,870.7640994437282,870.7640994437282,870.7640994437282,870.7640994437282,870.7640994437282,870.7640994437282,870.7640994437282,870.7640994437282,870.7640994437282,870.7640994437282,870.7640994437282,870.7640994437282,870.7640994437282,870.7640994437282,870.7640994437282,870.7640994437282,870.7640994437282,870.7640994437282,870.7640994437282,870.7640994437282,870.7640994437282,870.7640994437282,870.7640994437282,870.7640994437282,870.7640994437282,870.7640994437282,870.7640994437282,870.7640994437282,870.7640994437282,870.7640994437282,870.7640994437282,870.7640994437282,870.7640994437282,870.7640994437282,870.7640994437282,870.7640994437282,862.550725590125,862.550725590125,862.550725590125,862.550725590125,862.550725590125,862.550725590125,862.550725590125,862.550725590125,862.550725590125,862.550725590125,862.550725590125,862.550725590125,862.550725590125,862.550725590125,862.550725590125,862.550725590125,862.550725590125,862.550725590125,858.0368871635168,858.0368871635168,858.0368871635168,858.0368871635168,858.0368871635168,858.0368871635168,858.0368871635168,858.0368871635168,858.0368871635168,858.0368871635168,858.0368871635168,857.2156375966299,857.2156375966299,857.2156375966299,857.2156375966299,857.2156375966299,857.2156375966299,857.2156375966299,857.2156375966299,857.2156375966299,857.2156375966299,857.2156375966299,857.2156375966299,852.9745255023427,852.9745255023427,852.9745255023427,852.9745255023427,852.9745255023427,852.9745255023427,852.9745255023427,852.9745255023427,852.9745255023427,852.9745255023427,852.9745255023427,852.9745255023427,852.9745255023427,852.9745255023427,852.9745255023427,852.9745255023427,852.9745255023427,852.9745255023427,852.9745255023427,852.9745255023427,852.9745255023427,852.9745255023427,852.9745255023427,852.9745255023427,852.9745255023427,852.9745255023427,852.9745255023427,852.9745255023427,852.9745255023427,852.9745255023427,852.9745255023427,852.9745255023427,852.9745255023427,852.9745255023427,852.9745255023427,852.9745255023427,852.9745255023427,852.9745255023427,852.9745255023427,852.9745255023427,852.9745255023427,852.9745255023427,852.9745255023427,852.9745255023427,852.9745255023427,852.9745255023427,852.9745255023427,852.9745255023427,850.848670185351,850.848670185351,850.848670185351,848.868311376293,848.868311376293,848.868311376293,848.868311376293,848.868311376293,848.868311376293,848.868311376293,848.868311376293,848.868311376293,848.868311376293,848.868311376293,848.868311376293,848.868311376293,848.868311376293,848.868311376293,848.868311376293,848.868311376293,848.868311376293,848.868311376293,848.868311376293,848.868311376293,848.868311376293,848.868311376293,848.868311376293,848.4631313476467,846.4827725385887,846.4827725385887,846.4827725385887,846.4827725385887,846.4827725385887,846.4827725385887,846.4827725385887,846.4827725385887,846.4827725385887,846.4827725385887,846.4827725385887,846.4827725385887,846.4827725385887,846.4827725385887,846.4827725385887,846.4827725385887,846.4827725385887,846.468053826058,846.468053826058,846.468053826058,846.468053826058,846.468053826058,846.468053826058,846.468053826058,846.468053826058,846.468053826058,846.468053826058,846.468053826058,846.468053826058,846.468053826058,846.468053826058,846.468053826058,846.468053826058,846.468053826058,846.468053826058,846.468053826058,846.468053826058,846.468053826058,846.468053826058,846.468053826058,846.468053826058,846.468053826058,846.468053826058,846.468053826058,846.468053826058,846.468053826058,846.468053826058,845.6416744435105,845.6416744435105,845.6416744435105,845.6416744435105,845.6416744435105,844.9671749308151,844.9671749308151,844.9671749308151,844.9671749308151,844.9671749308151,844.9671749308151,844.9671749308151,844.9671749308151,844.9671749308151,844.2096405000837,844.2096405000837,844.2096405000837,844.2096405000837,844.2096405000837,844.2096405000837,844.2096405000837,844.2096405000837,844.2096405000837,843.8267122798732,843.8267122798732,843.8267122798732,843.8267122798732,843.8267122798732,843.8267122798732,843.8267122798732,843.8267122798732,843.8267122798732,843.8267122798732,843.8267122798732,843.8267122798732,843.8267122798732,843.8267122798732,843.8267122798732,843.8267122798732,843.8267122798732,843.8267122798732,843.8267122798732,843.8267122798732,843.8267122798732,843.8267122798732,843.8267122798732,843.8267122798732,843.8267122798732,843.8267122798732,843.8267122798732,843.8267122798732,843.8267122798732,842.5816360931108,842.5816360931108,842.5816360931108,842.5816360931108,842.5816360931108,842.5816360931108,842.5816360931108,842.5816360931108,842.5816360931108,842.5816360931108,842.5816360931108,842.5816360931108,842.5816360931108,842.5816360931108,842.5816360931108,842.5816360931108,842.5816360931108,842.5816360931108,842.5816360931108,842.5816360931108,842.5816360931108,842.5816360931108,842.5816360931108,842.5816360931108,842.5816360931108,842.5816360931108,842.5816360931108,842.5816360931108,842.5816360931108,842.5816360931108,842.5816360931108,842.5816360931108,842.5816360931108,842.5816360931108,842.5816360931108,842.5816360931108,842.5816360931108,842.5816360931108,842.5816360931108,842.5816360931108,842.5816360931108,842.5816360931108,842.5816360931108,842.5816360931108,842.5816360931108,842.5816360931108,842.5816360931108,842.5816360931108,842.5816360931108,842.5816360931108,842.5816360931108,842.5816360931108,842.5816360931108,842.5816360931108,842.5816360931108,842.5816360931108,842.5816360931108,842.5816360931108,842.5816360931108,842.5816360931108,842.5816360931108,842.5816360931108,842.5816360931108,842.5816360931108,842.5816360931108,842.5816360931108,842.5816360931108,842.5816360931108,842.5816360931108,842.5816360931108,842.5816360931108,842.5816360931108,842.5816360931108,842.5816360931108,842.5816360931108,842.5816360931108,842.5816360931108,842.5816360931108,842.5816360931108,842.5816360931108,842.5816360931108,842.5816360931108,842.5816360931108,842.5816360931108,842.5816360931108,842.5816360931108,842.5816360931108,842.5816360931108,842.5816360931108,842.5816360931108,842.5816360931108,842.5816360931108,842.5816360931108,842.5816360931108,842.5816360931108,842.5816360931108,842.5816360931108,842.5816360931108,842.5816360931108,842.5816360931108,842.5816360931108,842.5816360931108,842.5816360931108,842.5816360931108,842.5816360931108,842.5816360931108,842.5816360931108,842.5816360931108,842.5816360931108,842.5816360931108,842.5816360931108,842.5816360931108,842.5816360931108,842.5816360931108,842.5816360931108,842.5816360931108,842.5816360931108,842.5816360931108,842.5816360931108,842.5816360931108,842.5816360931108,842.5816360931108,842.5816360931108,842.5816360931108,842.5816360931108,842.5816360931108,842.5816360931108,842.5816360931108,842.5816360931108,842.5816360931108,842.5816360931108,842.5816360931108,842.5816360931108,842.5816360931108,842.5816360931108,842.5816360931108,842.5816360931108,842.5816360931108,842.5816360931108,842.5816360931108,842.5816360931108,842.5816360931108,842.5816360931108,842.5816360931108,842.5816360931108,842.5816360931108,842.5816360931108,842.5816360931108,842.5816360931108,842.5816360931108,842.5816360931108,842.5816360931108,842.5816360931108,842.5816360931108,842.5816360931108,842.5816360931108,842.5816360931108,842.5816360931108,842.5816360931108,842.5816360931108,842.5816360931108,842.5816360931108,842.5816360931108,842.5816360931108,842.5816360931108,842.5816360931108,842.5816360931108,842.5816360931108,842.5816360931108,842.5816360931108,842.5816360931108,842.5816360931108,842.5816360931108,842.5816360931108,842.5816360931108,842.5816360931108,842.5816360931108,842.5816360931108,842.5816360931108,842.5816360931108,842.5816360931108,842.5816360931108,842.5816360931108,842.5816360931108,842.5816360931108,842.5816360931108,842.5816360931108,842.5816360931108,842.5816360931108,