{"front":[{"distance":868.1183324912357,"fuel":1243.5889670995316,"trucks":[[25,36,3,10,38,19,22,4],[2,15,18,29,35,12,34,7],[5,40,39,28,20,27],[37,33,13,24,11,16],[31,9,8,17,21,41,30],[26,6,14,32,23]]},{"distance":868.9285788653915,"fuel":1234.4842575961043,"trucks":[[25,36,3,38,10,4,19,22],[2,29,18,15,14,32,23],[37,33,13,24,11,31],[6,21,8,17,41,9,16],[26,7,34,35,12,30],[39,28,20,27,40,5]]},{"distance":869.4705800427635,"fuel":1234.1575200116595,"trucks":[[25,36,3,38,10,4,19,22],[2,29,18,15,14,32,23],[37,33,13,24,11,16],[6,21,17,8,41,9,31],[26,7,34,12,35,30],[39,28,20,27,40,5]]},{"distance":871.8929941590903,"fuel":1233.8185717114013,"trucks":[[25,36,3,38,10,4,19,22],[2,29,18,15,14,21,23],[37,33,13,24,11,16],[6,32,8,17,41,9,31],[26,7,34,12,35,30],[39,28,20,27,40,5]]}],"benchmark":"B-n41-k6","Optimal":829}