{"benchmark":"P-n16-k8","Optimal":450,"front":[{"trucks":[[6,15],[8,10,14],[11,13,16],[5,12],[2,4],[7],[3],[9]],"distance":451.9470921298185,"fuel":626.269869050406}]}