{"benchmark":"P-n16-k8","Optimal":450,"front":[{"distance":451.33508020861797,"fuel":642.9343172178774,"trucks":[[11,13,16],[9,14],[6,10,4],[2],[8,15],[5,12],[3],[7]]},{"distance":451.9470921298185,"fuel":626.269869050406,"trucks":[[11,13,16],[8,10,14],[2,4],[6,15],[7],[5,12],[3],[9]]}]}