{"benchmark":"A-n62-k8","front":[{"distance":1397.6062370339,"trucks":[[2,10,25,48,4,54],[35,32,26,12,50,36,5,22,42,24,28,55,14,29],[15,6,61,47,43,40,46,31,19],[8,60,56,27,34,59,18,51],[21,41,7,33,58,44,9],[53,37,3,45,23,38,17],[52,11,30,62],[16,20,39,13,49,57]],"fuel":1990.310975344679}],"Optimal":1288}