{"Optimal":1288,"front":[{"trucks":[[13,43,4,25,48,46],[56,60,27,34,59,18,51,8],[41,58,36,50,12,26,6],[52,11,9,44,30,62,7,33],[19,2,10,55,40,28,24,42,22,5,32,35,61,14],[38,23,45,3,47,31,39,15,53],[21,16,29,49,57,20,54],[37,17]],"distance":1436.5195384765248,"fuel":2034.4277771657883},{"trucks":[[52,11,9,44,30,62,7,33],[25,40,28,24,42,22,5,12,50],[47,46,48,43,4],[20,39,14,15,6,61,35,32,26,10,55,2,19,31],[56,27,51,18,59,34,36],[53,37,17,38,3,45,23],[13,57,41,60,58],[16,29,8,21,49,54]],"distance":1437.1776257756592,"fuel":2031.4032757527862},{"trucks":[[46,48,25,4,43,39,14],[56,60,27,34,59,18,51,8],[52,11,9,44,30,62,7,33],[41,58,36,50,12,26,21],[19,2,10,55,40,28,24,42,22,5,32],[29,16,54,13,49,57,15,6,61,35],[53,37,17,20],[38,23,45,3,47,31]],"distance":1441.5972426243522,"fuel":2012.3185438909418}],"benchmark":"A-n62-k8"}