{"Optimal":1288,"front":[{"fuel":1996.323203368823,"trucks":[[35,32,26,12,50,36,5,22,42,24,28,8],[44,30,62,41,7,33,58],[60,56,27,34,59,18,51],[53,37,17,38,23,45,3],[21,2,43,4,46,31,19],[47,48,25,40,55,10],[13,49,57,15,6,61,14,39,20,54,29],[16,11,9,52]],"distance":1418.4794829553355},{"fuel":1991.5500150037396,"trucks":[[13,49,57,15,6,61,14,39,20,54,8,29],[53,37,17,38,23,45,3],[44,30,62,41,7,33,58],[60,56,27,34,59,18,51],[47,48,25,40,55,10],[16,11,9,52],[35,32,26,12,50,36,5,22,42,24,28],[21,2,43,4,46,31,19]],"distance":1418.9211522404019}],"benchmark":"A-n62-k8"}