{"Optimal":1288,"benchmark":"A-n62-k8","front":[{"trucks":[[11,52,9,44,30,62,58],[16,29,8,21,41,7,33],[53,37,17,38,23,45,3],[60,56,27,34,59,18,51],[46,48,25,43,4],[47,40,28,24,42,22,10,5,12,55,19],[57,49,54,13,39,14,20],[31,2,36,50,26,35,32,61,6,15]],"distance":1453.520292993842,"fuel":2021.5513454519387}]}