{"benchmark":"P-n50-k10","Optimal":696,"front":[{"fuel":1052.0143374707839,"trucks":[[46,30,6,38,21,16],[8,36,15,20,14,28],[10,26,19,25,50,4],[17,24,44,42,43,23,2],[29,22,37,48],[39,11,32,40],[18,45,33,41],[35,47,9,12],[31,49,3,34],[5,7,13,27]],"distance":735.9705103990107},{"trucks":[[46,30,6,38,21,16],[8,36,15,20,14,28],[10,26,19,25,50,4],[17,24,44,42,43,23,2],[29,22,37,48],[39,11,32,40],[41,33,45,7],[35,47,9,12],[34,3,31,49],[5,18,13,27]],"distance":736.3367549885937,"fuel":1051.5476871134106},{"trucks":[[46,30,6,38,21,16],[8,36,15,20,14,28],[10,26,19,25,50,4],[17,24,44,42,43,23,2],[29,22,37,48],[39,11,32,40],[18,41,33,45],[35,47,9,12],[31,49,3,34],[5,7,13,27]],"fuel":1046.6946278980486,"distance":736.5029961951939}]}