{"optimalDistance":1073,"distanceSequence":[1215.3040386287018,1215.3040386287018,1215.3040386287018,1215.3040386287018,1215.3040386287018,1215.3040386287018,1215.3040386287018,1215.3040386287018,1215.3040386287018,1215.3040386287018,1215.3040386287018,1215.3040386287018,1215.3040386287018,1215.3040386287018,1215.3040386287018,1215.3040386287018,1215.3040386287018,1215.3040386287018,1215.3040386287018,1215.3040386287018,1215.3040386287018,1215.3040386287018,1215.3040386287018,1215.3040386287018,1206.1247346790406,1206.1247346790406,1206.1247346790406,1206.1247346790406,1206.1247346790406,1206.1247346790406,1206.1247346790406,1206.1247346790406,1206.1247346790406,1206.1247346790406,1206.1247346790406,1206.1247346790406,1206.1247346790406,1206.1247346790406,1206.1247346790406,1206.1247346790406,1206.1247346790406,1206.1247346790406,1206.1247346790406,1206.1247346790406,1206.1247346790406,1193.7634328154786,1193.7634328154786,1193.7634328154786,1193.7634328154786,1193.7634328154786,1193.7634328154786,1192.7578958935042,1192.7578958935042,1192.7578958935042,1192.7578958935042,1192.7578958935042,1192.7578958935042,1192.7578958935042,1192.7578958935042,1192.7578958935042,1192.7578958935042,1192.7578958935042,1192.7578958935042,1192.7578958935042,1192.7578958935042,1192.7578958935042,1192.7578958935042,1192.7578958935042,1192.7578958935042,1192.7578958935042,1192.7578958935042,1192.7578958935042,1192.398412251226,1192.398412251226,1192.398412251226,1192.398412251226,1192.398412251226,1192.398412251226,1192.398412251226,1192.398412251226,1192.398412251226,1192.398412251226,1192.398412251226,1192.398412251226,1192.398412251226,1192.398412251226,1192.398412251226,1192.398412251226,1192.398412251226,1192.398412251226,1192.398412251226,1192.398412251226,1192.398412251226,1192.398412251226,1192.398412251226,1192.398412251226,1192.398412251226,1192.398412251226,1192.398412251226,1192.398412251226,1192.398412251226,1192.398412251226,1192.398412251226,1192.398412251226,1192.398412251226,1192.398412251226,1192.398412251226,1192.398412251226,1192.398412251226,1192.398412251226,1192.398412251226,1192.398412251226,1192.398412251226,1192.398412251226,1192.398412251226,1192.398412251226,1192.398412251226,1192.398412251226,1192.398412251226,1192.398412251226,1192.398412251226,1192.398412251226,1192.398412251226,1192.398412251226,1192.398412251226,1192.398412251226,1192.398412251226,1192.398412251226,1192.398412251226,1192.398412251226,1184.2455105833446,1184.2455105833446,1184.2455105833446,1184.2455105833446,1184.2455105833446,1184.2455105833446,1184.2455105833446,1184.2455105833446,1184.2455105833446,1184.2455105833446,1184.2455105833446,1184.2455105833446,1184.2455105833446,1184.2455105833446,1184.2455105833446,1184.2455105833446,1184.2455105833446,1184.2455105833446,1184.2455105833446,1184.2455105833446,1184.2455105833446,1184.2455105833446,1184.2455105833446,1184.2455105833446,1184.2455105833446,1184.2455105833446,1184.2455105833446,1184.2455105833446,1184.2455105833446,1184.2455105833446,1184.2455105833446,1184.2455105833446,1184.2455105833446,1184.2455105833446,1184.2455105833446,1184.2455105833446,1184.2455105833446,1184.2455105833446,1184.2455105833446,1184.2455105833446,1184.2455105833446,1184.2455105833446,1184.2455105833446,1184.2455105833446,1184.2455105833446,1184.2455105833446,1184.2455105833446,1184.2455105833446,1184.2455105833446,1184.2455105833446,1184.2455105833446,1184.2455105833446,1184.2455105833446,1184.2455105833446,1184.2455105833446,1184.2455105833446,1184.2455105833446,1184.2455105833446,1184.2455105833446,1184.2455105833446,1184.2455105833446,1184.2455105833446,1184.2455105833446,1184.2455105833446,1184.2455105833446,1184.2455105833446,1184.2455105833446,1184.2455105833446,1184.2455105833446,1184.2455105833446,1184.2455105833446,1184.2455105833446,1179.877519949314,1179.877519949314,1179.877519949314,1179.877519949314,1179.877519949314,1179.877519949314,1179.877519949314,1179.877519949314,1179.877519949314,1179.877519949314,1179.877519949314,1179.877519949314,1179.877519949314,1179.877519949314,1179.877519949314,1179.877519949314,1179.877519949314,1179.877519949314,1179.877519949314,1179.877519949314,1179.877519949314,1179.877519949314,1179.877519949314,1179.877519949314,1179.877519949314,1179.877519949314,1179.877519949314,1179.877519949314,1179.877519949314,1179.877519949314,1179.877519949314,1179.877519949314,1179.877519949314,1178.6048350032738,1178.6048350032738,1178.6048350032738,1178.6048350032738,1178.6048350032738,1178.6048350032738,1178.6048350032738,1178.6048350032738,1178.6048350032738,1178.6048350032738,1178.6048350032738,1178.6048350032738,1178.6048350032738,1178.6048350032738,1178.6048350032738,1178.6048350032738,1178.6048350032738,1178.6048350032738,1178.6048350032738,1178.6048350032738,1178.6048350032738,1178.6048350032738,1178.6048350032738,1178.6048350032738,1178.6048350032738,1178.6048350032738,1178.6048350032738,1178.6048350032738,1178.6048350032738,1178.6048350032738,1178.6048350032738,1178.6048350032738,1178.6048350032738,1178.6048350032738,1178.6048350032738,1178.6048350032738,1178.6048350032738,1178.6048350032738,1178.6048350032738,1178.6048350032738,1178.6048350032738,1178.6048350032738,1178.6048350032738,1178.6048350032738,1178.6048350032738,1178.6048350032738,1178.6048350032738,1178.6048350032738,1178.6048350032738,1178.5443054032291,1177.1886660793339,1177.1886660793339,1177.1886660793339,1177.1886660793339,1177.1886660793339,1177.1886660793339,1177.1886660793339,1177.1886660793339,1177.1886660793339,1177.1886660793339,1177.1886660793339,1177.1886660793339,1173.9686909275235,1173.9686909275235,1173.9686909275235,1173.9686909275235,1173.9686909275235,1173.9686909275235,1173.9686909275235,1173.9686909275235,1173.9686909275235,1173.9686909275235,1173.9686909275235,1173.9686909275235,1173.9686909275235,1173.9686909275235,1173.9686909275235,1173.9686909275235,1173.9686909275235,1173.9686909275235,1173.9686909275235,1173.9686909275235,1173.9686909275235,1173.9686909275235,1173.9686909275235,1173.9686909275235,1166.2100849715205,1166.2100849715205,1166.2100849715205,1166.2100849715205,1166.2100849715205,1166.2100849715205,1166.2100849715205,1166.2100849715205,1166.2100849715205,1166.2100849715205,1161.0157135862346,1161.0157135862346,1161.0157135862346,1161.0157135862346,1161.0157135862346,1161.0157135862346,1161.0157135862346,1161.0157135862346,1161.0157135862346,1161.0157135862346,1161.0157135862346,1161.0157135862346,1161.0157135862346,1161.0157135862346,1161.0157135862346,1161.0157135862346,1161.0157135862346,1161.0157135862346,1161.0157135862346,1161.0157135862346,1161.0157135862346,1161.0157135862346,1161.0157135862346,1161.0157135862346,1159.027591295948,1159.027591295948,1159.027591295948,1159.027591295948,1159.027591295948,1159.027591295948,1159.027591295948,1159.027591295948,1159.027591295948,1159.027591295948,1159.027591295948,1159.027591295948,1159.027591295948,1159.027591295948,1159.027591295948,1159.027591295948,1159.027591295948,1159.027591295948,1159.027591295948,1159.027591295948,1159.027591295948,1159.027591295948,1159.027591295948,1159.027591295948,1159.027591295948,1159.027591295948,1159.027591295948,1159.027591295948,1159.027591295948,1159.027591295948,1159.027591295948,1159.027591295948,1159.027591295948,1159.027591295948,1159.027591295948,1159.027591295948,1159.027591295948,1159.027591295948,1159.027591295948,1159.027591295948,1159.027591295948,1158.6815203537715,1158.6815203537715,1158.6815203537715,1158.6815203537715,1158.6815203537715,1158.6815203537715,1158.6815203537715,1158.6815203537715,1158.6815203537715,1158.6815203537715,1158.6815203537715,1158.6815203537715,1158.6815203537715,1158.6815203537715,1158.6815203537715,1158.6815203537715,1158.6815203537715,1158.6815203537715,1158.6815203537715,1158.6815203537715,1158.6815203537715,1158.6815203537715,1158.6815203537715,1158.6815203537715,1158.6815203537715,1158.6815203537715,1158.6815203537715,1158.6815203537715,1158.6815203537715,