{"Optimal":1073,"front":[{"distance":1141.0240053694974,"trucks":[[34,12,16,3,52,18],[4,15,47,21,27,32,37],[7,46,2],[13,33,11,6,54,41,39,17],[26,42,51,49,19,30],[44,36,10,50,40,48],[20,14,55,24,53,25,45],[29,28,23,31,5,8,43],[9,22,35,38]],"fuel":1604.1103139697916},{"distance":1141.0240053694977,"trucks":[[7,46,2],[13,33,11,6,54,41,39,17],[34,12,16,3,52,18],[20,14,55,24,53,25,45],[26,42,51,49,19,30],[29,28,23,31,5,8,43],[44,36,10,50,40,48],[4,15,47,21,27,32,37],[9,22,35,38]],"fuel":1604.1103139697914},{"distance":1144.49923893325,"trucks":[[20,14,55,24,53,25,45],[44,36,10,50,40,48],[7,46,2],[4,15,47,21,27,32,37],[29,28,23,31,5,8,43],[26,42,30,19,49,51],[13,33,11,6,54,41,39,17],[34,12,16,3,52,18],[9,22,35,38]],"fuel":1602.874145889662},{"distance":1145.9181430202652,"trucks":[[7,46,2],[29,28,23,31,5,8,43],[13,33,11,6,54,41,39,17],[44,36,10,50,40,48],[26,42,30,19,49,51],[34,12,16,3,52,18],[38,15,47,21,32,27,37],[20,14,55,24,53,25,45],[9,22,4,35]],"fuel":1602.3629904980899}],"benchmark":"A-n55-k9"}