{"optimalDistance":1162,"distanceSequence":[1344.4651166971178,1344.4651166971178,1344.4651166971178,1344.4651166971178,1344.4651166971178,1344.4651166971178,1344.4651166971178,1344.4651166971178,1344.4651166971178,1344.4651166971178,1344.4651166971178,1344.4651166971178,1344.0628520724222,1343.229048719618,1343.229048719618,1340.2959410307549,1340.2959410307549,1340.2959410307549,1340.2959410307549,1340.2959410307549,1335.2074256108926,1335.2074256108926,1335.2074256108926,1335.2074256108926,1335.2074256108926,1335.2074256108926,1334.427343974146,1334.427343974146,1334.427343974146,1334.427343974146,1334.427343974146,1334.427343974146,1334.3257289385626,1334.3257289385626,1334.3257289385626,1334.3257289385626,1333.870037485024,1330.0489707080058,1330.0489707080058,1330.0489707080058,1330.0489707080058,1330.0489707080058,1330.0489707080058,1329.865527650823,1329.865527650823,1329.865527650823,1321.5321869050981,1321.5321869050981,1321.5321869050981,1321.5321869050981,1321.5321869050981,1321.5321869050981,1321.5321869050981,1321.5321869050981,1321.5321869050981,1321.5321869050981,1321.5321869050981,1321.5321869050981,1321.0273676108814,1318.5836644638966,1316.4436714852359,1316.4436714852359,1316.4436714852359,1316.4436714852359,1316.4436714852359,1316.293141191268,1316.293141191268,1316.293141191268,1316.293141191268,1316.293141191268,1315.207603507736,1315.207603507736,1315.207603507736,1315.207603507736,1313.4951490440344,1313.4951490440344,1313.4951490440344,1313.4951490440344,1313.4951490440344,1313.4951490440344,1313.4951490440344,1313.4951490440344,1313.4951490440344,1313.4951490440344,1313.3446187500665,1313.3446187500665,1313.3446187500665,1313.3446187500665,1312.46420795034,1310.9767635467165,1310.9767635467165,1310.9767635467165,1308.02671866902,1308.02671866902,1308.02671866902,1308.02671866902,1308.02671866902,1308.02671866902,1308.02671866902,1308.02671866902,1308.02671866902,1307.287954552516,1307.287954552516,1307.287954552516,1307.287954552516,1307.287954552516,1307.287954552516,1307.287954552516,1303.59191625641,1303.59191625641,1303.59191625641,1303.59191625641,1303.59191625641,1303.59191625641,1300.343860782444,1300.343860782444,1300.343860782444,1300.343860782444,1300.343860782444,1300.343860782444,1300.343860782444,1300.343860782444,1300.343860782444,1300.343860782444,1300.343860782444,1300.193330488476,1300.193330488476,1300.193330488476,1300.193330488476,1296.3860376105874,1296.3860376105874,1296.3860376105874,1296.3860376105874,1296.3860376105874,1296.3860376105874,1296.3860376105874,1296.3860376105874,1296.3860376105874,1295.3537658798646,1295.3537658798646,1295.3537658798646,1295.3537658798646,1295.3537658798646,1295.3537658798646,1295.3537658798646,1295.3537658798646,1294.107945809149,1294.107945809149,1294.107945809149,1294.107945809149,1294.107945809149,1294.107945809149,1294.107945809149,1294.107945809149,1294.107945809149,1294.107945809149,1294.107945809149,1293.1549429386484,1293.1549429386484,1293.1549429386484,1288.0937920511074,1271.7490343371442,1271.7490343371442,1271.7490343371442,1271.7490343371442,1271.7490343371442,1271.7490343371442,1271.7490343371442,1271.7490343371442,1271.7490343371442,1271.7490343371442,1271.7490343371442,1271.7490343371442,1271.7490343371442,1271.7490343371442,1271.7490343371442,1271.7490343371442,1271.7490343371442,1271.7490343371442,1271.7490343371442,1271.5439656135445,1271.5439656135445,1271.5439656135445,1271.5439656135445,1271.5439656135445,1271.5439656135445,1271.5439656135445,1271.3934353195768,1271.3934353195768,1271.3934353195768,1271.3934353195768,1271.3934353195768,1271.3934353195768,1271.3934353195768,1269.0872648551015,1269.0872648551015,1269.0872648551015,1269.0872648551015,1269.0872648551015,1269.0872648551015,1269.0872648551015,1269.0872648551015,1269.0872648551015,1269.0872648551015,1269.0872648551015,1269.0872648551015,1269.0872648551015,1269.0872648551015,1269.0872648551015,1269.0872648551015,1269.0872648551015,1269.0872648551015,1269.0872648551015,1269.0872648551015,1269.0872648551015,1269.0872648551015,1269.0872648551015,1269.0872648551015,1269.0872648551015,1269.0872648551015,1269.0872648551015,1267.0313396475813,1267.0313396475813,1267.0313396475813,1267.0313396475813,1267.0313396475813,1267.0313396475813,1267.0313396475813,1267.0313396475813,1267.0313396475813,1267.0313396475813,1267.0313396475813,1266.8808093536136,1266.8808093536136,1266.8808093536136,1266.8808093536136,1266.8808093536136,1266.4674213867513,1266.4674213867513,1266.4674213867513,1266.4674213867513,1266.4674213867513,1266.4674213867513,1266.4674213867513,1266.4674213867513,1266.4674213867513,1266.4674213867513,1266.4527977093253,1266.4527977093253,1266.1812763744242,1266.1812763744242,1266.1812763744242,1266.1812763744242,1266.1812763744242,1266.1812763744242,1266.1812763744242,1266.1812763744242,1266.1812763744242,1266.1812763744242,1266.1812763744242,1265.8936219230682,1265.8936219230682,1265.8936219230682,1265.8936219230682,1265.8936219230682,1265.8936219230682,1264.704827902658,1264.704827902658,1264.704827902658,1264.704827902658,1264.704827902658,1257.3740048957302,1257.3740048957302,1257.3740048957302,1257.3740048957302,1257.3740048957302,1257.3740048957302,1257.3740048957302,1257.3740048957302,1257.3740048957302,1257.3740048957302,1257.3740048957302,1257.3740048957302,1257.3740048957302,1257.3740048957302,1257.3740048957302,1257.3740048957302,1257.3740048957302,1255.8975564239643,1255.8975564239643,1255.8975564239643,1255.8975564239643,1255.8975564239643,1255.8975564239643,1255.8975564239643,1255.8975564239643,1255.8975564239643,1255.8975564239643,1255.8975564239643,1255.8975564239643,1255.8975564239643,1255.8975564239643,1255.8975564239643,1255.8975564239643,1255.8975564239643,1255.8975564239643,1255.8975564239643,1255.8975564239643,1255.8975564239643,1255.8975564239643,1255.7470261299964,1255.7470261299964,1255.7470261299964,1255.6293786454264,1255.6293786454264,1255.6293786454264,1255.6293786454264,1255.6293786454264,1253.1263322503924,1253.1263322503924,1253.1263322503924,1253.1263322503924,1253.1263322503924,1253.1263322503924,1253.1263322503924,1253.1263322503924,1253.1263322503924,1253.1263322503924,1253.1263322503924,1253.1263322503924,1253.1263322503924,1253.1263322503924,1253.1263322503924,1253.1263322503924,1253.1263322503924,1253.1263322503924,1253.1263322503924,1253.1263322503924,1253.1263322503924,1253.1263322503924,1252.9758019564244,1252.9758019564244,1252.9758019564244,1252.9758019564244,1252.8386777990363,1252.8386777990363,1252.8386777990363,1252.6881475050686,1252.6881475050686,1252.6881475050686,1252.6881475050686,1252.6881475050686,1252.6881475050686,1252.6881475050686,1252.6881475050686,1252.6881475050686,1252.6881475050686,1252.6881475050686,1252.6881475050686,1252.6881475050686,1252.6881475050686,1252.6881475050686,1252.6881475050686,1252.6881475050686,1252.6881475050686,1252.6881475050686,1252.6881475050686,1252.6881475050686,1252.6881475050686,1248.1340178956832,1248.1340178956832,1248.1340178956832,1248.1340178956832,1248.1340178956832,1248.1340178956832,1248.1340178956832,1248.1340178956832,1248.1340178956832,1248.1340178956832,1248.1340178956832,1248.1340178956832,1248.1340178956832,1248.1340178956832,1248.1340178956832,1248.1340178956832,1248.1340178956832,1248.1340178956832,1248.1340178956832,1248.1340178956832,1248.1340178956832,1247.7478799009511,1247.7478799009511,1247.7478799009511,1247.7478799009511,1247.7478799009511,1247.7478799009511,1247.7478799009511,1247.7478799009511,1247.7478799009511,1247.7478799009511,1247.7478799009511,1247.7478799009511,1247.7478799009511,1247.7478799009511,1247.7478799009511,1247.7478799009511,1247.7478799009511,1247.7478799009511,1247.7478799009511,1247.7478799009511,1247.7478799009511,1247.7478799009511,1247.7478799009511,1247.7478799009511,1247.7478799009511,1247.7478799009511,1247.7478799009511,1247.7478799009511,1247.7478799009511,1247.7478799009511,1247.7478799009511,1247.7478799009511,1247.7478799009511,