{"Optimal":1162,"front":[{"trucks":[[116,115,107,108,109,110,121],[133,82,113,126,112,111,123,124,125,127,128,129,130,118],[59,56,55,54,103,102,36,37,100,101,99,98,97,38,96,41,4,42,40,46,95,94,105,104,57,58],[78,65,33,2,76,48,24,25,23,92,22,26,27,28,29,31,30,93,91,90,17,14,16,15,89],[87,86,85,84,66,131,120,132,117,122,114],[47,119,19,18,72,67,34,81,69,70,71,68,134,79,64,80,135,74],[73,75,77,35,49,50,51,52,53,63,62,61,60,32,106,39,44,45,43,3,5,6,7,8,9,10,11,12,13,88,21,83,20]],"distance":1324.8261332429433,"fuel":1859.0448472519765},{"trucks":[[116,115,107,108,109,110,121],[133,82,113,126,112,111,123,124,125,127,128,129,130,118],[56,57,104,102,36,37,100,101,99,98,97,38,96,41,4,42,40,46,95,94,105,103,54,55,58],[78,65,33,2,76,48,24,25,23,92,22,26,27,28,29,31,30,93,91,90,17,14,16,15,89],[87,86,85,84,66,131,120,132,117,122,114],[47,119,19,18,72,67,34,81,69,70,71,68,134,80,64,79,135,74],[73,75,77,35,49,50,51,52,53,63,62,61,60,32,59,106,39,44,45,43,3,5,6,7,8,9,10,11,12,13,88,21,83,20]],"fuel":1858.604306470946,"distance":1326.418959132996}],"benchmark":"F-n135-k7"}