{"Optimal":1162,"front":[{"distance":1270.5354138985267,"trucks":[[82,113,128,122,121,110,109,108,107],[119,133,114,130,129,127,126,112,125,124,123,111],[96,99,101,100,37,36,102,105,104,57,106,58,56,55,54,103,53,52,51,63,62,61],[47,67,72,18,19,34,81,69,70,71,68,134,80,64,79],[76,2,49,50,35,33,135,77,65,78,75,48,74,73,24,25,23,26,27,28,29,91,90,88,87,86,85,84],[92,22,21,83,20,66,131,120,116,115,117,132,118],[31,30,93,17,14,16,15,89,8,12,13,11,10,9,7,6,5,3,43,42,4,44,45,41,38,98,97,39,40,46,95,94,59,32,60]],"fuel":1771.4513552006672},{"distance":1274.4490077490746,"fuel":1766.4804502143706,"trucks":[[82,113,128,122,121,110,109,108,107],[119,133,114,130,129,127,126,112,125,124,123,111],[96,99,101,100,37,36,102,105,104,57,106,58,56,55,54,103,53,52,51,63,62,61],[47,67,72,18,19,34,81,69,70,71,68,134,80,64,79],[76,2,49,50,35,33,135,77,65,78,75,48,74,73,24,25,23,26,27,28,29,91,90,88,87,86,85,84],[92,22,21,83,20,66,131,120,116,115,132,117,118],[31,32,59,94,95,46,40,39,97,98,38,41,45,44,42,4,43,3,5,6,7,9,10,11,13,12,8,89,15,16,14,17,93,30,60]]},{"fuel":1765.1087828947282,"distance":1279.3949951802829,"trucks":[[82,113,128,122,121,110,109,108,107],[119,133,114,130,129,127,126,112,125,124,123,111],[96,99,101,100,37,36,102,105,104,57,106,58,56,55,54,103,53,52,51,63,62,61],[47,67,72,18,19,34,81,69,70,71,68,134,80,64,79],[76,2,49,50,35,33,135,77,65,78,75,48,74,73,24,25,23,26,27,28,29,91,90,88,87,86,85,84],[92,22,21,83,20,66,131,118,132,117,115,116,120],[31,30,93,17,14,16,15,89,8,12,13,11,10,9,7,6,5,3,43,42,4,44,45,41,38,98,97,39,40,46,95,94,59,32,60]]},{"trucks":[[82,113,128,122,121,110,109,108,107],[119,133,114,130,129,127,126,112,125,124,123,111],[96,99,101,100,37,36,102,105,104,57,106,58,56,55,54,103,53,52,51,63,62,61],[47,67,72,18,19,34,81,69,70,71,68,134,80,64,79],[76,2,49,50,35,33,135,77,65,78,75,48,74,73,24,25,23,26,27,28,29,91,90,88,87,86,85,84],[92,22,21,83,20,66,131,118,132,117,115,116,120],[31,59,94,95,46,40,39,97,98,38,41,45,44,42,4,43,3,5,6,7,9,10,11,13,12,8,89,15,16,14,17,93,30,32,60]],"fuel":1759.4636397773077,"distance":1282.2224063412118}],"benchmark":"F-n135-k7"}