{"optimalDistance":831,"benchmark":"A-n39-k6","distanceSequence":[911.5827125852995,911.5827125852995,911.5827125852995,911.5827125852995,911.5827125852995,911.5827125852995,911.5827125852995,911.5827125852995,911.5827125852995,911.5827125852995,911.5827125852995,911.5827125852995,911.5827125852995,911.5827125852995,911.5827125852995,911.5827125852995,911.5827125852995,911.5827125852995,911.5827125852995,911.5827125852995,911.5827125852995,911.5827125852995,911.5827125852995,911.5827125852995,911.5827125852995,911.5827125852995,911.5827125852995,911.5827125852995,911.5827125852995,911.5827125852995,911.5827125852995,911.5827125852995,911.5827125852995,911.5827125852995,905.287365564527,905.287365564527,905.287365564527,905.2873655645269,905.2873655645269,905.2873655645269,905.2873655645269,905.2873655645269,905.2873655645269,905.2873655645269,905.2873655645269,905.2873655645269,905.2873655645269,905.2873655645269,905.2873655645269,905.2873655645269,905.2873655645269,905.2873655645269,905.2873655645269,905.2873655645269,905.2873655645269,905.2873655645269,905.2873655645269,905.2873655645269,905.2873655645269,905.2873655645269,905.2873655645269,905.2873655645269,905.2873655645269,905.2873655645269,905.2873655645269,905.2873655645269,905.2873655645269,905.2873655645269,905.2873655645269,905.2873655645269,905.2873655645269,905.2873655645269,905.2873655645269,905.2873655645269,905.2873655645269,905.2873655645269,905.2873655645269,905.2873655645269,905.2873655645269,905.2873655645269,905.2873655645269,905.2873655645269,905.2873655645269,905.2873655645269,905.2873655645269,905.2873655645269,905.2873655645269,905.2873655645269,905.2873655645269,888.7133908591479,888.7133908591479,888.7133908591479,888.7133908591479,887.4221349116715,887.4221349116715,887.4221349116715,887.4221349116715,887.4221349116715,887.4221349116715,887.4221349116715,887.4221349116715,887.4221349116715,887.4221349116715,887.4221349116715,887.4221349116715,887.4221349116715,887.4221349116715,887.4221349116715,887.4221349116715,887.4221349116715,887.4221349116715,887.4221349116715,887.4221349116715,879.8808822390151,879.8808822390151,879.8808822390151,879.8808822390151,879.8808822390151,879.8808822390151,879.8808822390151,879.8808822390151,879.8808822390151,879.8808822390151,879.8808822390151,879.8808822390151,879.8808822390151,879.8808822390151,879.8808822390151,879.8808822390151,879.8808822390151,879.8808822390151,879.8808822390151,879.8808822390151,879.8808822390151,879.8808822390151,879.8808822390151,879.8808822390151,879.8808822390151,879.8808822390151,879.8808822390151,879.8808822390151,879.8808822390151,879.8808822390151,879.8808822390151,879.8808822390151,879.8808822390151,879.8808822390151,879.8808822390151,879.8808822390151,879.8808822390151,879.8808822390151,879.8808822390151,879.8808822390151,879.8808822390151,879.8808822390151,879.8808822390151,879.8808822390151,879.8808822390151,879.8808822390151,879.8808822390151,879.8808822390151,879.8808822390151,879.8808822390151,879.8808822390151,879.8808822390151,879.8808822390151,879.8808822390151,879.8808822390151,879.8808822390151,879.8808822390151,879.8808822390151,879.8808822390151,879.8808822390151,879.8808822390151,879.8808822390151,879.8808822390151,879.8808822390151,879.8808822390151,879.8808822390151,879.8808822390151,879.8808822390151,879.8808822390151,879.8808822390151,879.8808822390151,879.8808822390151,879.8808822390151,879.8808822390151,879.8808822390151,879.8808822390151,879.8808822390151,879.8808822390151,879.8808822390151,879.8808822390151,879.8808822390151,879.8808822390151,879.8808822390151,879.8808822390151,879.8808822390151,879.8808822390151,879.8808822390151,879.8808822390151,879.8808822390151,879.8808822390151,879.8808822390151,879.8808822390151,879.8808822390151,879.8808822390151,879.8808822390151,879.8808822390151,879.8808822390151,879.8808822390151,879.8808822390151,879.8808822390151,879.8808822390151,879.8808822390151,879.8808822390151,879.8808822390151,879.8808822390151,879.6299135993645,879.6299135993645,879.6299135993645,879.6299135993645,879.6299135993645,879.6299135993645,879.6299135993645,879.6299135993645,879.6299135993645,879.6299135993645,879.6299135993645,879.6299135993645,879.6299135993645,879.6299135993645,879.6299135993645,879.6299135993645,879.6299135993645,879.6299135993645,879.6299135993645,879.6299135993645,879.6299135993645,879.6299135993645,879.6299135993645,879.6299135993645,879.6299135993645,879.6299135993645,879.6299135993645,879.6299135993645,879.6299135993645,879.6299135993645,879.6299135993645,879.6299135993645,879.6299135993645,879.6299135993645,879.6299135993645,879.6299135993645,879.6299135993645,879.6299135993645,879.6299135993645,879.6299135993645,879.6299135993645,879.6299135993645,879.6299135993645,879.6299135993645,879.6299135993645,879.6299135993645,879.6299135993645,879.6299135993645,879.6299135993645,879.6299135993645,879.6299135993645,879.6299135993645,879.6299135993645,879.6299135993645,879.6299135993645,879.6299135993645,879.6299135993645,879.6299135993645,879.6299135993645,879.6299135993645,879.6299135993645,879.6299135993645,878.7940046801099,878.7940046801099,878.7940046801099,878.7940046801099,878.7940046801099,876.5502472957053,876.5502472957053,876.5502472957053,876.5502472957053,876.5502472957053,876.5502472957053,876.5502472957053,876.5502472957053,876.5502472957053,876.5502472957053,876.5502472957053,876.5502472957053,876.5502472957053,876.5502472957053,876.5502472957053,876.5502472957053,876.5502472957053,876.5502472957053,876.5502472957053,876.5502472957053,876.5502472957053,876.5502472957053,876.5502472957053,876.5502472957053,876.5502472957053,876.5502472957053,876.5502472957053,876.5502472957053,876.5502472957053,876.5502472957053,876.5502472957053,876.5502472957053,876.5502472957053,876.5502472957053,876.5502472957053,876.5502472957053,876.5502472957053,876.5502472957053,876.5502472957053,876.5502472957053,876.5502472957053,876.5502472957053,876.5502472957053,876.5502472957053,876.5502472957053,876.5502472957053,876.5502472957053,876.5502472957053,876.5502472957053,876.5502472957053,876.5502472957053,876.5502472957053,876.5502472957053,876.5502472957053,876.5502472957053,876.5502472957053,876.5502472957053,876.5502472957053,876.5502472957053,876.5502472957053,876.5502472957053,876.5502472957053,876.5502472957053,876.5502472957053,876.5502472957053,876.5502472957053,876.5502472957053,876.5502472957053,876.5502472957053,876.5502472957053,876.5502472957053,876.5502472957053,876.5502472957053,876.5502472957053,876.5502472957053,876.5502472957053,876.5502472957053,876.2817329819142,876.2817329819142,876.2817329819142,876.2817329819142,876.2817329819142,876.2817329819142,876.2817329819142,876.2817329819142,876.2817329819142,876.2817329819142,876.2817329819142,876.2817329819142,876.2817329819142,876.2817329819142,876.2817329819142,876.2817329819142,876.2817329819142,876.2817329819142,876.2817329819142,876.2817329819142,876.2817329819142,876.2817329819142,876.2817329819142,876.2817329819142,876.2817329819142,876.2817329819142,876.2817329819142,876.2817329819142,876.2817329819142,876.2817329819142,876.2817329819142,876.2817329819142,876.2817329819142,876.2817329819142,876.2817329819142,876.2817329819142,876.2817329819142,876.2817329819142,876.2817329819142,876.2817329819142,876.2817329819142,876.2817329819142,876.2817329819142,876.2817329819142,876.2817329819142,876.2817329819142,876.2817329819142,876.2817329819142,876.2817329819142,876.2817329819142,876.2817329819142,876.2817329819142,876.2817329819142,876.2817329819142,876.2817329819142,876.2817329819142,876.2817329819142,876.2817329819142,876.2817329819142,876.2817329819142,876.2817329819142,876.2817329819142,876.2817329819142,876.2817329819142,876.2817329819142,876.2817329819142,876.2817329819142,876.2817329819142,876.2817329819142,876.2817329819142,876.2817329819142,876.2817329819142,876.2817329819142,876.2817329819142,876.2817329819142,876.2817329819142,876.2817329819142,876.2817329819142,