{"benchmark":"A-n39-k6","optimalDistance":831,"fuelSequence":[1259.7192730333309,1259.7192730333309,1259.7192730333309,1259.7192730333309,1259.7192730333309,1259.7192730333309,1259.7192730333309,1259.7192730333309,1259.7192730333309,1259.7192730333309,1259.7192730333309,1259.7192730333309,1259.7192730333309,1259.7192730333309,1259.7192730333309,1259.7192730333309,1259.7192730333309,1259.7192730333309,1254.2071138615481,1254.2071138615481,1254.2071138615481,1254.2071138615481,1254.2071138615481,1254.2071138615481,1254.2071138615481,1254.2071138615481,1254.2071138615481,1254.2071138615481,1254.2071138615481,1254.2071138615481,1254.2071138615481,1254.2071138615481,1254.2071138615481,1254.2071138615481,1254.2071138615481,1254.2071138615481,1254.2071138615481,1254.2071138615481,1254.2071138615481,1254.2071138615481,1254.2071138615481,1254.2071138615481,1254.2071138615481,1254.2071138615481,1254.2071138615481,1254.2071138615481,1254.2071138615481,1254.2071138615481,1254.2071138615481,1254.2071138615481,1254.2071138615481,1254.2071138615481,1254.2071138615481,1254.2071138615481,1254.2071138615481,1254.2071138615481,1254.2071138615481,1254.2071138615481,1248.0905678683714,1248.0905678683714,1248.0905678683714,1248.0905678683714,1248.0905678683714,1248.0905678683714,1248.0905678683714,1248.0905678683714,1248.0905678683714,1248.0905678683714,1248.0905678683714,1248.0905678683714,1248.0905678683714,1248.0905678683714,1248.0905678683714,1248.0905678683714,1248.0905678683714,1248.0905678683714,1239.9162765319986,1239.9162765319986,1239.9162765319986,1239.9162765319986,1239.9162765319986,1239.9162765319986,1239.9162765319986,1239.9162765319986,1239.9162765319986,1239.9162765319986,1239.9162765319986,1239.9162765319986,1222.7077649255934,1222.7077649255934,1222.7077649255934,1222.7077649255934,1222.7077649255934,1222.7077649255934,1222.7077649255934,1222.7077649255934,1222.7077649255934,1222.7077649255934,1222.7077649255934,1222.7077649255934,1222.7077649255934,1222.7077649255934,1222.7077649255934,1222.7077649255934,1222.7077649255934,1222.7077649255934,1222.7077649255934,1222.7077649255934,1222.7077649255934,1222.7077649255934,1222.7077649255934,1222.7077649255934,1222.7077649255934,1222.7077649255934,1222.7077649255934,1222.7077649255934,1222.7077649255934,1222.7077649255934,1222.7077649255934,1222.7077649255934,1222.7077649255934,1222.7077649255934,1219.5924393462658,1219.5924393462658,1219.5924393462658,1219.5924393462658,1219.5924393462658,1219.5924393462658,1219.5924393462658,1219.5924393462658,1219.5924393462658,1219.5924393462658,1219.5924393462658,1219.5924393462658,1219.5924393462658,1217.4811168882043,1217.4811168882043,1217.4811168882043,1217.4811168882043,1217.4811168882043,1217.4811168882043,1217.4811168882043,1217.4811168882043,1217.4811168882043,1217.4811168882043,1217.4811168882043,1217.4811168882043,1217.4811168882043,1217.4811168882043,1217.4811168882043,1217.4811168882043,1217.4811168882043,1217.4811168882043,1217.4811168882043,1217.4811168882043,1217.4811168882043,1217.4811168882043,1217.4811168882043,1217.4811168882043,1217.4811168882043,1217.4811168882043,1217.4811168882043,1217.4811168882043,1217.4811168882043,1217.4811168882043,1217.4811168882043,1217.4811168882043,1217.4811168882043,1217.4811168882043,1217.4811168882043,1217.4811168882043,1217.4811168882043,1217.4811168882043,1217.4811168882043,1217.4811168882043,1217.4811168882043,1217.4811168882043,1217.4811168882043,1217.4811168882043,1217.4811168882043,1217.4811168882043,1217.4811168882043,1217.4811168882043,1217.4811168882043,1217.4811168882043,1217.4811168882043,1217.4811168882043,1217.4811168882043,1217.4811168882043,1217.4811168882043,1217.4811168882043,1217.4811168882043,1217.4811168882043,1217.4811168882043,1217.4811168882043,1217.4811168882043,1217.4811168882043,1217.4811168882043,1217.4811168882043,1217.4811168882043,1217.4811168882043,1217.4811168882043,1217.4811168882043,1217.4811168882043,1217.4811168882043,1217.4811168882043,1217.4811168882043,1217.4811168882043,1217.4811168882043,1217.4811168882043,1217.4811168882043,1217.4811168882043,1217.4811168882043,1217.4811168882043,1217.4811168882043,1217.4811168882043,1217.4811168882043,1217.4811168882043,1217.4811168882043,1217.4811168882043,1217.4811168882043,1217.4811168882043,1217.4811168882043,1217.4811168882043,1217.4811168882043,1217.4811168882043,1217.4811168882043,1217.4811168882043,1217.4811168882043,1217.4811168882043,1217.4811168882043,1217.4811168882043,1217.4811168882043,1217.4811168882043,1217.4811168882043,1217.4811168882043,1217.4811168882043,1217.4811168882043,1217.4811168882043,1217.4811168882043,1217.4811168882043,1217.4811168882043,1217.4811168882043,1217.4811168882043,1217.4811168882043,1217.4811168882043,1217.4811168882043,1217.4811168882043,1217.4811168882043,1217.4811168882043,1217.4811168882043,1217.4811168882043,1217.4811168882043,1217.4811168882043,1217.4811168882043,1217.4811168882043,1217.4811168882043,1217.4811168882043,1217.4811168882043,1217.4811168882043,1217.4811168882043,1217.4811168882043,1217.4811168882043,1217.4811168882043,1217.4811168882043,1217.4811168882043,1217.4811168882043,1217.4811168882043,1217.4811168882043,1217.4811168882043,1217.4811168882043,1217.4811168882043,1217.4811168882043,1217.4811168882043,1217.4811168882043,1217.4811168882043,1217.4811168882043,1217.4811168882043,1217.4811168882043,1217.4811168882043,1217.4811168882043,1217.4811168882043,1217.4811168882043,1217.4811168882043,1217.4811168882043,1217.4811168882043,1217.4811168882043,1217.4811168882043,1217.4811168882043,1217.4811168882043,1217.4811168882043,1217.4811168882043,1217.4811168882043,1217.4811168882043,1217.4811168882043,1217.4811168882043,1217.4811168882043,1217.4811168882043,1217.4811168882043,1217.4811168882043,1217.4811168882043,1217.4811168882043,1217.4811168882043,1217.4811168882043,1217.4811168882043,1215.8513990932106,1215.8513990932106,1215.8513990932106,1215.8513990932106,1215.8513990932106,1215.8513990932106,1215.8513990932106,1215.8513990932106,1215.8513990932106,1215.8513990932106,1215.8513990932106,1215.8513990932106,1215.8513990932106,1215.8513990932106,1215.8513990932106,1215.8513990932106,1215.8513990932106,1215.8513990932106,1215.8513990932106,1215.8513990932106,1215.8513990932106,1215.8513990932106,1215.8513990932106,1215.8513990932106,1215.8513990932106,1215.8513990932106,1215.8513990932106,1215.8513990932106,1215.8513990932106,1215.8513990932106,1215.8513990932106,1215.8513990932106,1215.8513990932106,1215.8513990932106,1215.8513990932106,1215.8513990932106,1215.8513990932106,1215.8513990932106,1215.8513990932106,1215.8513990932106,1215.8513990932106,1215.8513990932106,1215.8513990932106,1215.8513990932106,1215.8513990932106,1215.8513990932106,1215.8513990932106,1215.8513990932106,1215.8513990932106,1215.8513990932106,1215.8513990932106,1215.8513990932106,1215.8513990932106,1215.8513990932106,1215.465216011296,1215.465216011296,1215.465216011296,1215.465216011296,1215.465216011296,1215.465216011296,1215.465216011296,1215.465216011296,1215.465216011296,1215.465216011296,1215.465216011296,1215.465216011296,1215.465216011296,1215.465216011296,1215.465216011296,1215.465216011296,1215.465216011296,1215.465216011296,1215.465216011296,1215.465216011296,1215.465216011296,1215.465216011296,1215.465216011296,1215.465216011296,1215.465216011296,1215.465216011296,1215.465216011296,1215.465216011296,1215.465216011296,1215.465216011296,1215.465216011296,1215.465216011296,1215.465216011296,1215.465216011296,1215.465216011296,1215.465216011296,1215.465216011296,1215.465216011296,1215.465216011296,1215.465216011296,1215.465216011296,1215.465216011296,1215.465216011296,1215.465216011296,1215.465216011296,1215.465216011296,1215.465216011296,1215.465216011296,1215.465216011296,1215.465216011296,1215.465216011296,1215.465216011296,1215.465216011296,1215.465216011296,1215.465216011296,1215.465216011296,1215.465216011296,1215.465216011296,1215.465216011296,1215.465216011296,1215.465216011296,1215.465216011296,