{"front":[{"distance":859.302234322804,"fuel":1218.953458845699,"trucks":[[3,20,34,36,26,15,32,38],[25,4,39,13,30,10,29,6],[9,8,5,17,11,28,35,23],[16,14],[31,21,33,19,22,24,18,2,37],[27,7,12]]},{"fuel":1215.055862416822,"trucks":[[9,8,5,17,11,28,35,23],[31,21,33,19,22,24,2],[25,4,39,13,30,29,10,6],[27,12,37,18,7],[3,20,34,36,26,15,32,38],[16,14]],"distance":867.4098251800468},{"trucks":[[3,20,34,36,26,15,32,38],[25,4,39,13,30,10,29,6],[9,8,5,17,11,28,35,23],[27,12,37,2,7],[31,21,33,19,22,24,18],[16,14]],"distance":868.0010613471339,"fuel":1207.9308306773326}],"benchmark":"A-n39-k6","Optimal":831}