{"front":[{"trucks":[[39,13,38,32,15,26,36,16],[25,4,30,29,10,6,27],[22,19,23,35,28,17,11,33],[31,21,8,9,3,34,20,5],[12,7,37,2,24,18],[14]],"fuel":1231.166804646027,"distance":881.9156251069519},{"fuel":1189.6236975342867,"trucks":[[31,21,8,9,3,34,20,5],[27,12,7,37,2,24,18],[22,19,23,35,28,17,11,33],[25,4,30,29,10,6],[13,39,38,32,15,26,36],[16,14]],"distance":881.967479120577}],"benchmark":"A-n39-k6","Optimal":831}