{"benchmark":"A-n44-k6","Optimal":937,"front":[{"distance":997.2489306055413,"trucks":[[3,42,15,39,10,37,23,7],[27,11,12,17,21,19,2,36],[20,25,34,6,33,22,38,43,40],[31,24,41,30,44,14],[32,8,29,28,16,9],[5,18,4,26,13,35]],"fuel":1412.6024710352779},{"distance":998.6636186793136,"trucks":[[3,42,15,39,10,37,23,7],[27,11,12,17,21,19,2,36],[32,9,28,16,29,8],[20,34,25,6,22,33,38,43,40],[31,24,41,30,44,14],[18,13,26,4,5,35]],"fuel":1404.4655530587077}]}