{"Optimal":937,"front":[{"fuel":1410.0127865271993,"distance":1006.5391842557724,"trucks":[[28,34,25,6,22,33,38,43],[31,24,41,30,44,14],[27,11,12,17,19,36,2,21],[5,18,40,13,4,26,7],[3,42,15,39,10,37,23],[32,9,35,20,16,29,8]]}],"benchmark":"A-n44-k6"}