{"benchmark":"A-n37-k5","front":[{"trucks":[[2,13,3,20,21,24,15,18],[35,37,30,33,29,32,19,36,27,16],[17,23,14,34,6,7,11],[31,26,9,28,12,10,25,4],[22,8,5]],"distance":705.3543852907617,"fuel":921.2526158418998},{"trucks":[[2,13,3,20,21,24,15,18],[16,35,37,30,33,29,32,19,36,27],[17,23,14,34,6,7,11],[31,26,9,28,12,10,25,4],[22,8,5]],"fuel":914.8715244684972,"distance":705.406612325968}],"Optimal":669}