{"Optimal":669,"front":[{"fuel":955.8291366084662,"distance":725.1103545972787,"trucks":[[35,37,30,33,29,32,19,36,27,16],[18,15,24,21,20,3,7,11],[17,23,14,6,34,5,8],[31,26,9,28,12,10,25],[22,2,13,4]]},{"trucks":[[16,35,37,30,33,29,32,19,36,27],[18,15,24,21,20,3,7,11],[17,23,14,6,34,5,8],[31,26,9,28,12,10,25],[22,2,13,4]],"distance":725.1625816324852,"fuel":949.4480452350638}],"benchmark":"A-n37-k5"}