{"benchmark":"A-n37-k5","front":[{"trucks":[[2,13,3,20,21,24,15,18],[23,14,11,7,6,34,5,8],[35,37,30,33,29,32,19,36,27,16],[31,26,9,28,12,10,25,4],[22,17]],"distance":676.212315661969,"fuel":920.021504983917},{"fuel":913.6404136105145,"distance":676.2645426971753,"trucks":[[2,13,3,20,21,24,15,18],[23,14,11,7,6,34,5,8],[16,35,37,30,33,29,32,19,36,27],[31,26,9,28,12,10,25,4],[22,17]]}],"Optimal":669}