{"optimalDistance":554,"fuelSequence":[857.4098253783654,857.4098253783654,857.4098253783654,849.1793741272804,849.1793741272804,849.1793741272804,849.1793741272804,849.1793741272804,849.0216860956197,849.0216860956197,849.0216860956197,843.6491130900479,843.6491130900479,842.7399423473148,842.7399423473148,842.7399423473148,841.4041743147053,841.4041743147053,841.4041743147053,841.4041743147053,841.4041743147053,841.4041743147053,841.4041743147053,836.1936474954988,836.1936474954988,836.1936474954988,836.1936474954988,836.1936474954988,836.1936474954988,836.1936474954988,832.658641629344,831.2795685235318,831.2795685235318,825.922162993426,825.922162993426,825.922162993426,825.922162993426,825.922162993426,825.922162993426,825.922162993426,825.922162993426,825.922162993426,825.922162993426,825.922162993426,821.8996685611077,821.8996685611077,821.8996685611077,821.8996685611077,821.8996685611077,821.8996685611077,821.8996685611077,821.8996685611077,821.8996685611077,821.8996685611077,821.8996685611077,821.8996685611077,821.8996685611077,821.8996685611077,821.8996685611077,821.8996685611077,821.8996685611077,821.8996685611077,821.8996685611077,821.8996685611077,821.8996685611077,821.8996685611077,821.8996685611077,821.8996685611077,821.8996685611077,821.8996685611077,819.2346540565958,819.2346540565958,819.2346540565958,819.2346540565958,819.2346540565958,819.2346540565958,819.2346540565958,819.2346540565958,819.2346540565958,819.2346540565958,819.2346540565958,819.2346540565958,819.2346540565958,819.2346540565958,819.2346540565958,819.2346540565958,819.2346540565958,819.2346540565958,819.2346540565958,819.2346540565958,819.2346540565958,819.2346540565958,819.2346540565958,819.2346540565958,819.2346540565958,819.2346540565958,819.2346540565958,819.2346540565958,819.2346540565958,818.385438086883,818.385438086883,818.385438086883,818.385438086883,818.385438086883,818.385438086883,818.385438086883,818.385438086883,818.385438086883,818.385438086883,818.385438086883,818.385438086883,818.385438086883,818.385438086883,818.385438086883,818.385438086883,818.385438086883,818.385438086883,818.385438086883,818.385438086883,818.385438086883,818.385438086883,818.385438086883,818.385438086883,818.385438086883,818.385438086883,818.385438086883,818.385438086883,818.385438086883,818.385438086883,818.385438086883,818.385438086883,818.385438086883,818.385438086883,818.385438086883,818.0139338889775,818.0139338889775,818.0139338889775,818.0139338889775,818.0139338889775,818.0139338889775,818.0139338889775,818.0139338889775,818.0139338889775,816.0411786131341,816.0411786131341,816.0411786131341,816.0411786131341,816.0411786131341,816.0411786131341,816.0411786131341,816.0411786131341,816.0411786131341,816.0411786131341,816.0411786131341,816.0411786131341,816.0411786131341,816.0411786131341,816.0411786131341,816.0411786131341,816.0411786131341,816.0411786131341,816.0411786131341,816.0411786131341,816.0411786131341,816.0411786131341,816.0411786131341,816.0411786131341,816.0411786131341,816.0411786131341,816.0411786131341,816.0411786131341,816.0411786131341,816.0411786131341,816.0411786131341,816.0411786131341,816.0411786131341,816.0411786131341,816.0411786131341,816.0411786131341,816.0411786131341,816.0411786131341,816.0411786131341,816.0411786131341,816.0411786131341,816.0411786131341,816.0411786131341,816.0411786131341,816.0411786131341,816.0411786131341,816.0411786131341,816.0411786131341,816.0411786131341,816.0411786131341,816.0411786131341,816.0411786131341,816.0411786131341,816.0411786131341,816.0411786131341,816.0411786131341,816.0411786131341,816.0411786131341,816.0411786131341,816.0411786131341,816.0411786131341,816.0411786131341,816.0411786131341,816.0411786131341,816.0411786131341,816.0411786131341,816.0411786131341,816.0411786131341,816.0411786131341,816.0411786131341,816.0411786131341,816.0411786131341,816.0411786131341,816.0411786131341,816.0411786131341,816.0411786131341,816.0411786131341,816.0411786131341,816.0411786131341,816.0411786131341,816.0411786131341,816.0411786131341,813.144037448054,813.144037448054,813.144037448054,813.144037448054,813.144037448054,813.144037448054,813.144037448054,813.144037448054,813.144037448054,813.144037448054,813.144037448054,813.144037448054,811.9668654934176,811.9668654934176,811.9668654934176,811.9668654934176,811.9668654934176,811.9668654934176,811.9668654934176,811.9668654934176,811.9668654934176,811.9668654934176,811.9668654934176,811.9668654934176,811.9668654934176,811.9668654934176,811.9668654934176,811.9668654934176,811.9668654934176,811.9668654934176,811.9668654934176,811.9668654934176,811.9668654934176,811.9668654934176,811.9668654934176,811.9668654934176,811.9668654934176,811.9668654934176,811.9668654934176,811.9668654934176,811.9668654934176,811.9668654934176,811.9668654934176,811.9668654934176,811.9668654934176,811.9668654934176,811.9668654934176,811.9668654934176,810.6646691501298,810.6646691501298,810.6646691501298,810.6646691501298,810.6646691501298,810.6646691501298,810.6646691501298,810.6646691501298,810.6646691501298,810.6646691501298,810.6646691501298,810.6646691501298,810.6646691501298,810.6646691501298,810.6646691501298,810.6646691501298,810.6646691501298,810.6646691501298,810.6646691501298,810.6646691501298,810.6646691501298,810.6646691501298,810.6646691501298,810.6646691501298,809.0603768547312,809.0603768547312,809.0603768547312,809.0603768547312,809.0603768547312,809.0603768547312,809.0603768547312,809.0603768547312,809.0603768547312,809.0603768547312,809.0603768547312,809.0603768547312,809.0603768547312,809.0603768547312,809.0603768547312,809.0603768547312,809.0603768547312,809.0603768547312,809.0603768547312,809.0603768547312,809.0603768547312,809.0603768547312,809.0603768547312,809.0603768547312,809.0603768547312,809.0603768547312,809.0603768547312,809.0603768547312,809.0603768547312,809.0603768547312,809.0603768547312,809.0603768547312,809.0603768547312,809.0603768547312,809.0603768547312,809.0603768547312,809.0603768547312,809.0603768547312,809.0603768547312,809.0603768547312,809.0603768547312,809.0603768547312,809.0603768547312,809.0603768547312,809.0603768547312,809.0603768547312,809.0603768547312,809.0603768547312,809.0603768547312,809.0603768547312,809.0603768547312,809.0603768547312,809.0603768547312,809.0603768547312,809.0603768547312,809.0603768547312,809.0603768547312,809.0603768547312,809.0603768547312,809.0603768547312,809.0603768547312,809.0603768547312,809.0603768547312,809.0603768547312,809.0603768547312,809.0603768547312,809.0603768547312,809.0603768547312,809.0603768547312,809.0603768547312,809.0603768547312,809.0603768547312,809.0603768547312,809.0603768547312,809.0603768547312,809.0603768547312,809.0603768547312,809.0603768547312,809.0603768547312,809.0603768547312,809.0603768547312,809.0603768547312,809.0603768547312,809.0603768547312,809.0603768547312,809.0603768547312,809.0603768547312,809.0603768547312,809.0603768547312,809.0603768547312,809.0603768547312,809.0603768547312,809.0603768547312,809.0603768547312,809.0603768547312,809.0603768547312,809.0603768547312,809.0603768547312,809.0603768547312,809.0603768547312,809.0603768547312,809.0603768547312,809.0603768547312,809.0603768547312,809.0603768547312,809.0603768547312,809.0603768547312,809.0603768547312,809.0603768547312,809.0603768547312,809.0603768547312,809.0603768547312,809.0603768547312,809.0603768547312,809.0603768547312,809.0603768547312,809.0603768547312,809.0603768547312,809.0603768547312,809.0603768547312,809.0603768547312,809.0603768547312,809.0603768547312,809.0603768547312,809.0603768547312,809.0603768547312,809.0603768547312,809.0603768547312,809.0603768547312,809.0603768547312,809.0603768547312,809.0603768547312,809.0603768547312,809.0603768547312,809.0603768547312,809.0603768547312,809.0603768547312,809.0603768547312,809.0603768547312,809.0603768547312,809.0603768547312,809.0603768547312,809.0603768547312,809.0603768547312,809.0603768547312,809.0603768547312,809.0603768547312,809.0603768547312,