{"Optimal":554,"benchmark":"P-n50-k7","front":[{"distance":599.75537799403,"trucks":[[49,22,48,37,38,21,16,6],[3,29,23,43,42,44,24,2],[41,33,26,19,25,50,4,45],[13,40,10,32,11,39],[5,31,30,46,28,14,9,35],[47,36,20,15,12,8],[27,18,17,34,7]],"fuel":840.1301838845549},{"fuel":838.7840393730993,"distance":605.3973636831292,"trucks":[[49,22,48,37,38,21,16,6],[3,29,23,43,42,44,24,2],[41,33,45,4,50,25,19,26],[13,40,10,32,11,39],[5,31,30,46,28,14,9,35],[47,36,20,15,12,8],[27,18,17,34,7]]}]}