{"front":[{"fuel":812.8245523858212,"distance":583.8345271883196,"trucks":[[29,22,48,37,38,21,16,14],[7,34,2,23,43,42,44,24,17],[3,31,49,6,30,46,28],[18,4,45,33,26,19,25,50],[11,39,12,15,20],[5,35,47,9,36,8,27],[41,10,32,40,13]]},{"trucks":[[29,22,48,37,38,21,16,14],[7,34,2,23,43,42,44,24,17],[3,31,49,6,30,46,28],[18,4,45,33,26,19,25,50],[15,12,39,11,32],[5,35,47,9,20,36,8,27],[41,10,40,13]],"distance":584.05730352564,"fuel":811.9393235058399},{"trucks":[[29,22,48,37,38,21,16,14],[7,34,2,23,43,42,44,24,17],[3,31,49,6,30,46,28],[18,4,45,33,26,19,25,50],[11,39,12,15,20],[5,35,47,9,36,8,27],[41,10,40,32,13]],"distance":585.2599353286253,"fuel":811.6473804311848},{"fuel":810.3610956105119,"trucks":[[29,22,48,37,38,21,16,14],[7,34,2,23,43,42,44,24,17],[3,31,49,6,30,46,28],[18,4,45,33,26,19,25,50],[11,39,12,15,20],[5,35,47,9,36,8,27],[13,41,10,40,32]],"distance":588.0067920467017}],"Optimal":554,"benchmark":"P-n50-k7"}