{"Optimal":1021,"benchmark":"E-n76-k14","front":[{"fuel":1554.8382904763769,"trucks":[[49,48,37,72,61,71,21],[69,31,75,22,70,62],[74,2,44,43,42,57,24],[52,45,33,51,19,56],[34,64,25,50,17],[35,47,9,36,54],[12,67,39],[18,41,10,40],[6,38,16,58,14,55,20],[3,29,23,65],[5,46,30,28,53],[68,8,15,60],[27,59,11,32,66],[76,7,63,4,26,73,13]],"distance":1135.499491582868},{"fuel":1551.3925176941616,"distance":1136.91707301493,"trucks":[[49,48,37,72,61,71,21],[69,31,75,22,70,62],[74,2,44,43,42,57,24],[52,45,33,51,19,56],[34,64,17,50,25],[35,47,9,36,54],[12,67,39],[18,41,10,40],[6,38,16,58,14,55,20],[3,29,23,65],[5,46,30,28,53],[68,8,15,60],[27,59,11,32,66],[76,7,63,4,26,73,13]]},{"distance":1137.0117341215996,"fuel":1550.9454733097668,"trucks":[[49,48,37,72,61,71,21],[69,31,75,22,70,62],[74,2,44,43,42,57,24],[52,45,33,51,19,56],[34,64,17,50,25],[35,47,9,36,54],[12,67,39],[18,41,10,73,13],[6,38,16,58,14,55,20],[3,29,23,65],[5,46,30,28,53],[68,8,15,60],[27,59,11,32,66],[76,7,63,4,26,40]]}]}