{"front":[{"fuel":1515.9131953770482,"trucks":[[6,38,21,71,61,72,37],[8,12,67,66],[29,62,70,22,48],[52,17,64,24,57,42,43],[74,2,44,65,23,63],[46,30,16,58,14,55,20],[7,34,50,25,19,56],[41,33,45,4,69],[59,39,11,32,73],[35,47,9,36,54],[28,53,15,60],[13,40,10,26,51],[76,31,49,75,3],[5,68,27,18]],"distance":1086.7623884936884},{"fuel":1513.8700595735247,"trucks":[[6,38,21,71,61,72,37],[8,12,67,66],[29,62,22,70,48],[52,17,64,24,57,42,43],[74,2,44,65,23,63],[46,30,16,58,14,55,20],[7,34,50,25,19,56],[41,33,45,4,69],[59,39,11,32,73],[35,47,9,36,54],[28,53,15,60],[13,40,10,26,51],[76,31,49,75,3],[5,68,27,18]],"distance":1087.9258433623554}],"benchmark":"E-n76-k14","Optimal":1021}