{"benchmark":"E-n76-k14","front":[{"fuel":1608.6822745585105,"trucks":[[29,62,70,22,48],[33,45,4,25,50,24,74],[15,60,67,56],[58,16,21,71,61,72,37,38],[17,64,57,42,43,44],[54,12,66,39],[69,53,28,14,55,20,36],[73,40,10,26,19,51],[46,30,6,49,31],[13,41,32,11],[35,47,9,8,59],[7,2,65,23,63],[18,52,34,3,75],[76,5,68,27]],"distance":1138.0026877862208},{"trucks":[[29,62,70,22,48],[33,45,4,25,50,24,74],[15,60,67,56],[58,16,21,71,61,72,37,38],[17,64,57,42,43,44],[54,12,66,39],[69,53,28,14,55,20,36],[73,40,10,26,19,51],[46,30,6,49,31],[13,41,32,11],[35,47,9,8,59],[7,63,23,65,2],[18,52,34,3,75],[76,5,68,27]],"distance":1139.1368526011154,"fuel":1606.3733075848363},{"fuel":1605.9295629301057,"distance":1140.8252225106244,"trucks":[[29,62,70,22,48],[33,45,4,25,50,24,74],[15,60,67,73,56],[58,16,21,71,61,72,37,38],[17,64,57,42,43,44],[54,12,66,39],[69,53,28,14,55,20,36],[40,10,26,19,51],[46,30,6,49,31],[13,41,32,11],[35,47,9,8,59],[7,63,23,65,2],[18,52,34,3,75],[76,5,68,27]]},{"fuel":1603.8864271265822,"distance":1141.9886773792914,"trucks":[[29,62,22,70,48],[33,45,4,25,50,24,74],[15,60,67,73,56],[58,16,21,71,61,72,37,38],[17,64,57,42,43,44],[54,12,66,39],[69,53,28,14,55,20,36],[40,10,26,19,51],[46,30,6,49,31],[13,41,32,11],[35,47,9,8,59],[7,63,23,65,2],[18,52,34,3,75],[76,5,68,27]]}],"Optimal":1021}