{"front":[{"trucks":[[44,36,10,50,40,48],[13,33,11,6,54,41,39,17],[7,46,2,9],[23,20,28,14,55,29,30],[19,49,51,45,25,53,24],[42,26,31,5,8,43],[37,38,4,35,34,22],[12,16,3,52,18,47],[15,32,27,21]],"distance":1145.142288788769,"fuel":1623.5512859353316},{"distance":1146.3903406002344,"fuel":1615.5147479193647,"trucks":[[42,26,31,5,8],[22,43,32,27,21,37],[13,33,11,6,54,41,17,39],[23,20,28,14,55,29,30],[19,49,51,45,25,53,24],[7,2,46,44],[9,10,36,50,40,48],[38,4,35,47,15,34],[12,16,52,3,18]]},{"trucks":[[23,20,28,14,55,29,30],[9,36,10,50,40,48],[19,49,51,45,25,53,24],[38,4,35,18,15,47],[37,34,12,16,52,3],[13,33,11,6,54,41,39,17],[42,26,31,5,8,43],[7,44,46,2],[22,27,32,21]],"fuel":1603.8016035090056,"distance":1146.7977545418692}],"benchmark":"A-n55-k9","Optimal":1073}