{"benchmark":"A-n55-k9","Optimal":1073,"front":[{"distance":1123.3350628418543,"fuel":1575.342388094163,"trucks":[[13,11,6,54,41,17,39,33],[7,2,46,44],[36,10,50,40,48],[26,42,29,28,23],[37,34,12,16,52,3],[38,27,32,43,8,5,31],[20,14,55,24,45,25,53],[9,22,19,49,51,30],[4,18,35,47,21,15]]}]}