{"Optimal":1073,"front":[{"fuel":1566.3195965013288,"trucks":[[38,4,18,35,15],[12,16,3,52,34,37],[7,46,2,30],[20,28,14,55,29,23,31],[5,8,43,32,27,47,21],[44,36,10,50,40,48],[13,33,11,6,54,41,17,39],[19,49,51,45,25,53,24],[22,9,26,42]],"distance":1102.8502488367412},{"distance":1108.263493134018,"trucks":[[9,22,26,42],[5,8,43,32,27,47,21],[13,33,11,6,54,41,17,39],[44,36,10,50,40,48],[20,28,14,55,29,23,31],[38,34,35,18,4,15,37],[19,49,51,45,25,53,24],[7,46,2,30],[12,16,3,52]],"fuel":1565.337347877489},{"trucks":[[38,4,18,35,34,15,37],[12,16,3,52],[13,33,11,6,54,41,17,39],[5,8,43,32,27,47,21],[44,36,10,50,40,48],[20,28,14,55,29,23,31],[19,49,51,45,25,53,24],[7,46,2,30],[22,9,26,42]],"fuel":1563.571362262907,"distance":1109.5265029448115},{"distance":1110.3708586243622,"fuel":1557.887177698844,"trucks":[[9,22,26,42],[7,46,2,30],[13,33,11,6,54,41,17,39],[29,20,28,14,55,23,31],[38,4,18,35,34,15,37],[19,49,51,45,25,53,24],[44,36,10,50,40,48],[5,8,43,32,27,47,21],[12,16,3,52]]}],"benchmark":"A-n55-k9"}