{"benchmark":"B-n52-k7","Optimal":747,"front":[{"distance":755.4880003410574,"trucks":[[45,11,30,28,9,6,52],[4,32,25,29,12,22,40,15,46,5],[27,47,14,20,16,51,13,24],[41,43,21,31,19,2],[3,49,39,17,10,35,33,50,18,23],[38,48,8,44,34,36],[42,26,7,37]],"fuel":1061.8263609272628},{"distance":757.0414985993978,"trucks":[[45,11,30,28,9,6,52],[4,32,25,29,12,22,40,15,46,5],[27,47,14,20,16,51,13,24],[41,43,21,31,19,2],[3,49,39,17,10,35,33,50,18,23],[48,38,36,34,8,44],[42,26,7,37]],"fuel":1059.2162463644042},{"distance":757.1847580775667,"trucks":[[45,11,30,28,9,6,52],[4,32,25,29,12,22,40,15,46,5],[27,47,14,20,16,51,13,24],[41,43,21,31,19,2],[3,49,39,17,10,35,33,50,18,23],[48,38,36,34,44,8],[42,26,7,37]],"fuel":1058.9704315796744}]}