{"benchmark":"B-n52-k7","Optimal":747,"front":[{"trucks":[[45,11,30,28,9,6,52],[14,47,27,23,51,13,24],[3,49,39,17,10,33,35,20,16,50,18],[4,32,25,29,12,22,40,15,46,5],[42,26,37,7,48,38],[41,43,21,19,31,2],[36,34,8,44]],"fuel":1053.8640743639078,"distance":755.1513781661351},{"trucks":[[45,11,30,28,9,6,52],[14,47,27,23,51,13,24],[3,49,39,17,10,33,35,20,16,50,18],[4,32,25,29,12,22,40,15,46,5],[42,26,37,7,48,38],[41,43,21,19,31,2],[34,36,44,8]],"fuel":1053.618259579178,"distance":755.2946376443042}]}