{"benchmark":"P-n101-k4","Optimal":681,"front":[{"distance":871.3962028427113,"fuel":1237.6657932850787,"trucks":[[96,98,93,60,100,94,86,92,101,38,99,62,17,87,45,15,39,44,16,58,3,88,43,42,23,14],[28,70,2,11,91,64,33,21,67,72,36,66,10,82,34,80,4,78,69,81,25,30,79,35,52,31,71,32],[84,61,6,85,18,46,9,47,37,50,65,12,20,48,49,83,8,89,63,90,97,7,53,95,19],[77,51,29,13,59,41,27,54,22,74,73,75,76,57,24,40,68,26,56,5,55]]}]}