{"benchmark":"A-n55-k9","optimalDistance":1073,"fuelSequence":[1694.7289549654568,1694.7289549654568,1694.7289549654568,1694.7289549654568,1694.7289549654568,1688.5198327059989,1656.084440258871,1656.084440258871,1656.084440258871,1656.084440258871,1656.084440258871,1655.0887610750187,1650.6782639556036,1650.6782639556036,1650.6782639556036,1644.1984300729605,1644.1984300729605,1644.1984300729605,1642.640980604799,1642.640980604799,1636.656884307116,1636.656884307116,1631.8936079307957,1631.8936079307957,1631.8936079307957,1631.8936079307957,1631.8936079307957,1631.8936079307957,1631.8936079307957,1631.8936079307957,1629.9346966855358,1629.9346966855358,1629.4395870151695,1629.4395870151695,1619.691149030421,1619.691149030421,1609.5477376764763,1609.5477376764763,1609.5477376764763,1609.5477376764763,1609.5477376764763,1609.5477376764763,1609.5477376764763,1609.5477376764763,1609.5477376764763,1609.5477376764763,1609.5477376764763,1608.457198534962,1606.7230015600103,1606.7230015600103,1606.7230015600103,1606.7230015600103,1601.6466624634927,1601.6466624634927,1601.6466624634927,1601.6466624634927,1601.6466624634927,1600.2950776054724,1598.716105800699,1598.716105800699,1598.716105800699,1594.5940927079716,1594.5940927079716,1594.5940927079716,1594.5940927079716,1594.5940927079716,1594.5940927079716,1594.5940927079716,1594.5940927079716,1594.1053886801437,1584.205841694088,1584.205841694088,1584.205841694088,1584.205841694088,1584.205841694088,1584.205841694088,1584.205841694088,1584.205841694088,1583.5572350763728,1583.5572350763728,1583.5572350763728,1583.5572350763728,1583.5572350763728,1583.5572350763728,1583.5572350763728,1583.5572350763728,1582.3466626990185,1578.5000451149638,1578.5000451149638,1578.5000451149638,1578.5000451149638,1576.331749714711,1576.331749714711,1576.331749714711,1576.331749714711,1576.331749714711,1576.331749714711,1576.331749714711,1576.331749714711,1576.331749714711,1576.331749714711,1576.331749714711,1576.331749714711,1576.331749714711,1576.331749714711,1576.331749714711,1576.331749714711,1576.331749714711,1576.331749714711,1574.9902177267234,1573.8660911980016,1573.8660911980016,1573.8660911980016,1573.8660911980016,1573.8660911980016,1573.8660911980016,1573.8660911980016,1572.524559210014,1572.524559210014,1572.524559210014,1572.524559210014,1572.524559210014,1572.524559210014,1572.524559210014,1572.524559210014,1572.524559210014,1572.524559210014,1571.2584359698244,1571.2584359698244,1571.2584359698244,1571.2584359698244,1571.2584359698244,1571.2584359698244,1571.2584359698244,1571.2584359698244,1571.2584359698244,1571.2584359698244,1571.2584359698244,1571.2584359698244,1571.2584359698244,1571.2584359698244,1571.2584359698244,1571.2584359698244,1571.2584359698244,1571.2584359698244,1571.2584359698244,1571.2584359698244,1571.2584359698244,1571.2584359698244,1571.2584359698244,1571.2584359698244,1571.2584359698244,1571.2584359698244,1571.2584359698244,1571.2584359698244,1571.2584359698244,1571.2584359698244,1571.2584359698244,1571.2584359698244,1571.2584359698244,1571.2584359698244,1571.2584359698244,1571.2584359698244,1571.2584359698244,1571.2584359698244,1571.2584359698244,1571.2584359698244,1571.2584359698244,1571.2584359698244,1571.2584359698244,1571.2584359698244,1571.2584359698244,1571.2584359698244,1571.2584359698244,1571.2584359698244,1570.957122023844,1570.957122023844,1570.957122023844,1570.957122023844,1570.957122023844,1570.957122023844,1570.957122023844,1570.957122023844,1569.6155900358565,1568.4914635071348,1568.4914635071348,1568.4914635071348,1568.4914635071348,1568.4914635071348,1568.4914635071348,1568.4914635071348,1568.4914635071348,1568.4914635071348,1568.4914635071348,1568.4914635071348,1568.4914635071348,1568.4914635071348,1568.4914635071348,1568.4914635071348,1568.4914635071348,1568.4914635071348,1568.4914635071348,1568.4914635071348,1568.4914635071348,1568.4914635071348,1568.4914635071348,1568.4914635071348,1568.4914635071348,1568.4914635071348,1568.4914635071348,1568.4914635071348,1568.4914635071348,1567.1499315191472,1567.1499315191472,1567.1499315191472,1567.1499315191472,1567.1499315191472,1567.1499315191472,1567.1499315191472,1567.1499315191472,1567.1499315191472,1567.1499315191472,1567.1499315191472,1567.1499315191472,1567.1499315191472,1567.1499315191472,1567.1499315191472,1567.1499315191472,1567.1499315191472,1567.1499315191472,1567.1499315191472,1567.1499315191472,1567.1499315191472,1567.1499315191472,1567.1499315191472,1567.1499315191472,1567.1499315191472,1567.1499315191472,1567.1499315191472,1567.1499315191472,1567.1499315191472,1567.1499315191472,1567.1499315191472,1567.1499315191472,1567.1499315191472,1567.1499315191472,1567.1499315191472,1567.1499315191472,1567.1499315191472,1567.1499315191472,1567.1499315191472,1567.1499315191472,1567.1499315191472,1567.1499315191472,1567.1499315191472,1567.1499315191472,1567.1499315191472,1567.1499315191472,1567.1499315191472,1567.1499315191472,1567.1499315191472,1566.5613832881797,1566.5613832881797,1566.5613832881797,1566.5613832881797,1566.5613832881797,1566.5613832881797,1566.5613832881797,1566.5613832881797,1566.5613832881797,1566.5613832881797,1566.5613832881797,1566.5613832881797,1566.5613832881797,1566.5613832881797,1566.5613832881797,1566.5613832881797,1566.5613832881797,1566.5613832881797,1566.5613832881797,1566.5613832881797,1566.5613832881797,1566.5613832881797,1566.5613832881797,1566.5613832881797,1566.5613832881797,1566.5613832881797,1566.5613832881797,1566.5613832881797,1566.5613832881797,1566.5613832881797,1566.5613832881797,1565.2198513001922,1565.2198513001922,1565.2198513001922,1565.2198513001922,1565.2198513001922,1565.2198513001922,1565.2198513001922,1565.2198513001922,1565.2198513001922,1565.2198513001922,1565.2198513001922,1565.2198513001922,1565.2198513001922,1565.2198513001922,1565.2198513001922,1565.2198513001922,1565.2198513001922,1565.2198513001922,1565.2198513001922,1565.2198513001922,1565.2198513001922,1565.2198513001922,1565.2198513001922,1565.2198513001922,1565.2198513001922,1565.2198513001922,1565.2198513001922,1565.2198513001922,1565.2198513001922,1565.2198513001922,1565.2198513001922,1565.2198513001922,1565.2198513001922,1565.2198513001922,1565.2198513001922,1565.2198513001922,1565.2198513001922,1565.2198513001922,1565.2198513001922,1565.2198513001922,1563.9335521612436,1563.9335521612436,1563.9335521612436,1563.9335521612436,1563.9335521612436,1563.9335521612436,1563.9335521612436,1563.9335521612436,1563.9335521612436,1563.9335521612436,1563.9335521612436,1563.9335521612436,1563.9335521612436,1563.9335521612436,1563.9335521612436,1563.9335521612436,1563.9335521612436,1563.9335521612436,1563.9335521612436,1563.9335521612436,1563.9335521612436,1563.9335521612436,1563.9335521612436,1563.9335521612436,1563.9335521612436,1563.9335521612436,1563.9335521612436,1563.9335521612436,1563.9335521612436,1563.9335521612436,1563.9335521612436,1563.9335521612436,1563.9335521612436,1563.9335521612436,1563.9335521612436,1563.9335521612436,1563.9335521612436,1563.9335521612436,1563.9335521612436,1563.9335521612436,1563.9335521612436,1563.9335521612436,1563.9335521612436,1563.9335521612436,1563.9335521612436,1563.9335521612436,1563.9335521612436,1563.9335521612436,1563.9335521612436,1563.9335521612436,1563.9335521612436,1563.9335521612436,1563.9335521612436,1563.9335521612436,1563.9335521612436,1563.9335521612436,1563.9335521612436,1563.9335521612436,1563.9335521612436,1563.9335521612436,1563.9335521612436,1563.9335521612436,1563.9335521612436,1563.9335521612436,1563.9335521612436,1563.9335521612436,1563.9335521612436,1563.9335521612436,1563.9335521612436,1563.9335521612436,1563.9335521612436,1563.9335521612436,1563.9335521612436,1563.9335521612436,1563.9335521612436,1563.9335521612436,1563.9335521612436,1563.9335521612436,1563.9335521612436,1563.9335521612436,1563.9335521612436,1563.9335521612436,1563.9335521612436,1563.9335521612436,1563.9335521612436,1563.9335521612436,1563.9335521612436,1563.9335521612436,