{"optimalDistance":778,"distanceSequence":[838.6640744939718,838.6640744939718,838.6640744939718,838.6640744939718,823.0205863801355,823.0205863801355,823.0205863801355,823.0205863801355,823.0205863801355,823.0205863801355,823.0205863801355,823.0205863801355,823.0205863801355,823.0205863801355,821.0562245895346,821.0562245895346,821.0562245895346,821.0562245895346,821.0562245895346,821.0562245895346,821.0562245895346,821.0562245895346,821.0562245895346,821.0562245895346,821.0562245895346,821.0562245895346,821.0562245895346,820.0600461642896,820.0600461642896,820.0600461642896,820.0600461642896,820.0600461642896,820.0600461642896,820.0600461642896,820.0600461642896,820.0600461642896,820.0600461642896,820.0600461642896,820.0600461642896,820.0600461642896,820.0193556227341,820.0193556227341,820.0193556227341,820.0193556227341,820.0193556227341,820.0193556227341,820.0193556227341,820.0193556227341,820.0193556227341,820.0193556227341,820.0193556227341,820.0193556227341,820.0193556227341,820.0193556227341,820.0193556227341,820.0193556227341,820.0193556227341,819.9443449278522,819.9443449278522,819.9443449278522,819.9443449278522,819.9443449278522,819.9443449278522,819.9443449278522,819.9443449278522,819.9443449278522,819.8826111735073,819.8826111735073,819.8826111735073,819.8826111735073,819.8826111735073,813.2076684803687,813.2076684803687,813.2076684803687,813.2076684803687,813.2076684803687,813.2076684803687,813.2076684803687,813.2076684803687,813.2076684803687,810.9578420592707,810.9578420592707,810.9578420592707,810.9578420592707,810.9578420592707,810.9578420592707,810.9578420592707,810.9578420592707,810.9578420592707,810.9578420592707,810.9578420592707,810.9578420592707,810.9578420592707,810.9578420592707,810.9578420592707,810.9578420592707,810.9578420592707,807.4988947240217,807.4988947240217,807.4988947240217,807.4988947240217,807.4988947240217,807.4988947240217,807.4988947240217,807.4551204392234,807.4551204392234,807.4551204392234,807.4551204392234,807.4551204392234,807.4551204392234,807.4551204392234,807.4551204392234,807.4551204392234,807.4551204392234,807.4551204392234,807.4551204392234,805.5619836927273,805.5619836927273,805.5619836927273,805.5619836927273,805.5619836927273,805.5619836927273,805.5619836927273,805.5619836927273,805.5619836927273,805.5619836927273,805.5619836927273,805.5619836927273,805.5619836927273,805.5619836927273,805.5619836927273,805.5619836927273,805.5619836927273,805.5619836927273,805.5619836927273,805.5619836927273,805.5619836927273,805.5619836927273,805.5619836927273,800.1098065277422,800.1098065277422,800.1098065277422,800.1098065277422,800.1098065277422,800.1098065277422,800.1098065277422,800.1098065277422,800.1098065277422,800.1098065277422,800.1098065277422,800.1098065277422,800.1098065277422,800.1098065277422,800.1098065277422,800.1098065277422,800.1098065277422,800.1098065277422,800.1098065277422,800.1098065277422,800.1098065277422,800.1098065277422,800.1098065277422,800.1098065277422,800.1098065277422,800.1098065277422,800.1098065277422,800.1098065277422,800.1098065277422,800.1098065277422,800.1098065277422,800.1098065277422,800.1098065277422,800.1098065277422,800.1098065277422,800.1098065277422,800.1098065277422,800.1098065277422,800.1098065277422,800.1098065277422,800.1098065277422,800.1098065277422,800.1098065277422,800.1098065277422,800.1098065277422,800.1098065277422,800.1098065277422,800.1098065277422,800.1098065277422,800.1098065277422,800.1098065277422,800.1098065277422,800.1098065277422,800.1098065277422,800.1098065277422,800.1098065277422,800.1098065277422,800.1098065277422,800.1098065277422,800.1098065277422,800.1098065277422,800.1098065277422,800.1098065277422,800.1098065277422,800.1098065277422,800.1098065277422,800.1098065277422,800.1098065277422,800.1098065277422,800.1098065277422,800.1098065277422,800.1098065277422,800.1098065277422,800.1098065277422,800.1098065277422,800.1098065277422,800.1098065277422,800.1098065277422,800.1098065277422,800.1098065277422,800.1098065277422,800.1098065277422,800.1098065277422,800.1098065277422,800.1098065277422,800.1098065277422,800.1098065277422,800.1098065277422,800.1098065277422,800.1098065277422,800.1098065277422,800.1098065277422,800.1098065277422,800.1098065277422,800.1098065277422,800.1098065277422,800.1098065277422,800.1098065277422,800.1098065277422,800.1098065277422,800.1098065277422,800.1098065277422,800.1098065277422,800.1098065277422,800.1098065277422,800.1098065277422,800.1098065277422,800.1098065277422,800.1098065277422,800.1098065277422,800.1098065277422,800.1098065277422,800.1098065277422,800.1098065277422,800.1098065277422,800.1098065277422,800.1098065277422,800.1098065277422,800.1098065277422,800.1098065277422,800.1098065277422,800.1098065277422,800.1098065277422,800.1098065277422,800.1098065277422,800.1098065277422,800.1098065277422,800.1098065277422,800.1098065277422,800.1098065277422,800.1098065277422,800.1098065277422,800.1098065277422,800.1098065277422,800.1098065277422,800.1098065277422,800.1098065277422,800.1098065277422,800.1098065277422,800.1098065277422,800.1098065277422,800.1098065277422,800.1098065277422,800.1098065277422,800.1098065277422,800.1098065277422,800.1098065277422,800.1098065277422,800.1098065277422,800.1098065277422,800.1098065277422,800.1098065277422,799.9095733935342,799.9095733935342,799.9095733935342,799.9095733935342,799.9095733935342,799.9095733935342,799.9095733935342,799.9095733935342,799.9095733935342,799.9095733935342,799.9095733935342,799.9095733935342,799.9095733935342,799.9095733935342,799.9095733935342,799.9095733935342,799.9095733935342,799.9095733935342,799.9095733935342,799.9095733935342,799.9095733935342,799.9095733935342,799.9095733935342,799.9095733935342,799.9095733935342,799.9095733935342,799.9095733935342,799.9095733935342,799.9095733935342,799.9095733935342,799.9095733935342,799.9095733935342,799.9095733935342,799.9095733935342,799.9095733935342,799.9095733935342,799.9095733935342,799.9095733935342,799.9095733935342,799.9095733935342,799.9095733935342,799.9095733935342,799.9095733935342,799.9095733935342,799.9095733935342,799.9095733935342,799.9095733935342,799.9095733935342,799.9095733935342,799.9095733935342,799.9095733935342,799.9095733935342,799.9095733935342,799.9095733935342,799.9095733935342,799.9095733935342,799.9095733935342,799.9095733935342,799.9095733935342,799.9095733935342,799.9095733935342,799.9095733935342,799.9095733935342,799.9095733935342,799.9095733935342,799.9095733935342,799.9095733935342,799.9095733935342,799.9095733935342,799.9095733935342,799.9095733935342,799.9095733935342,799.9095733935342,799.9095733935342,799.9095733935342,799.9095733935342,799.9095733935342,799.9095733935342,799.9095733935342,799.9095733935342,799.9095733935342,799.9095733935342,799.9095733935342,799.9095733935342,799.9095733935342,799.9095733935342,799.9095733935342,799.9095733935342,799.9095733935342,799.9095733935342,799.9095733935342,799.9095733935342,799.9095733935342,799.9095733935342,799.9095733935342,799.9095733935342,799.9095733935342,799.9095733935342,799.9095733935342,799.9095733935342,799.9095733935342,799.9095733935342,799.9095733935342,799.9095733935342,799.9095733935342,799.9095733935342,799.9095733935342,799.9095733935342,799.9095733935342,799.9095733935342,799.9095733935342,799.9095733935342,799.9095733935342,799.9095733935342,799.9095733935342,799.9095733935342,799.9095733935342,799.9095733935342,799.9095733935342,799.9095733935342,799.9095733935342,799.9095733935342,799.9095733935342,799.9095733935342,799.9095733935342,799.9095733935342,799.9095733935342,799.9095733935342,799.9095733935342,799.9095733935342,799.9095733935342,799.9095733935342,799.9095733935342,799.9095733935342,799.9095733935342,799.9095733935342,799.9095733935342,799.9095733935342,799.9095733935342,799.9095733935342,799.9095733935342,799.9095733935342,799.9095733935342,799.9095733935342,799.9095733935342,799.9095733935342,799.9095733935342,799.9095733935342,799.9095733935342,799.9095733935342,799.9095733935342,