{"Optimal":778,"benchmark":"A-n34-k5","front":[{"distance":828.0334108843601,"trucks":[[31,25,28,2,24,12],[11,14,29,32,26,18,20,16],[8,7,9,30,15,6],[34,17,23,10,13,4,33],[27,5,21,19,3,22]],"fuel":1141.7550687310954},{"distance":828.2336440185684,"fuel":1141.0850306095315,"trucks":[[31,25,28,2,24,12],[11,14,29,26,32,18,20,16],[8,7,9,30,15,6],[34,17,23,10,13,4,33],[27,5,21,19,3,22]]}]}