{"optimalDistance":669,"distanceSequence":[764.3108223341856,764.3108223341856,764.3108223341856,764.3108223341856,764.3108223341856,761.177665180449,761.177665180449,761.177665180449,761.177665180449,756.7932137580647,756.7932137580647,756.7932137580647,756.7932137580647,756.7932137580647,756.7932137580647,756.7932137580647,754.4589657935601,754.4589657935601,754.4589657935601,754.4589657935601,754.4589657935601,754.4589657935601,754.4589657935601,754.4589657935601,754.4589657935601,754.4589657935601,754.4589657935601,754.4589657935601,754.4589657935601,754.4232518239319,754.4232518239319,754.4232518239319,754.4232518239319,754.4232518239319,754.4232518239319,754.4232518239319,754.4232518239319,754.4232518239319,754.4232518239319,754.4232518239319,754.4232518239319,754.4232518239319,754.4232518239319,754.4232518239319,754.4232518239319,754.4232518239319,754.4232518239319,754.4232518239319,754.4232518239319,754.4232518239319,754.4232518239319,754.4232518239319,754.4232518239319,754.4232518239319,754.4232518239319,754.4232518239319,754.4232518239319,754.4232518239319,753.8686665987718,753.8686665987718,753.8686665987718,753.8686665987718,753.8686665987718,753.8686665987718,753.8686665987718,753.8686665987718,753.8686665987718,753.8686665987718,753.8686665987718,753.8686665987718,753.8686665987718,753.8686665987718,753.8686665987718,753.8686665987718,753.8686665987718,753.8686665987718,753.8686665987718,753.8686665987718,753.8686665987718,753.8686665987718,748.7774632520855,748.7774632520855,748.7774632520855,748.7774632520855,748.7774632520855,748.7774632520855,748.7774632520855,748.7774632520855,748.7774632520855,748.7774632520855,748.7774632520855,748.7774632520855,748.7774632520855,748.7774632520855,748.7774632520855,748.7774632520855,748.7774632520855,748.7774632520855,748.7774632520855,748.7774632520855,748.7774632520855,748.7774632520855,748.7774632520855,748.7774632520855,748.7774632520855,748.7774632520855,748.7774632520855,748.7774632520855,748.7774632520855,748.7774632520855,748.7774632520855,748.7774632520855,748.7774632520855,748.7774632520855,748.7774632520855,748.7774632520855,748.7774632520855,748.7774632520855,748.7774632520855,748.7774632520855,748.7774632520855,748.7774632520855,748.7774632520855,748.7774632520855,748.7774632520855,748.7774632520855,748.7774632520855,748.7774632520855,748.7774632520855,748.7774632520855,748.7774632520855,748.7774632520855,748.7774632520855,748.7774632520855,748.7774632520855,748.7774632520855,748.7774632520855,748.7774632520855,748.7774632520855,748.7774632520855,748.7774632520855,748.7774632520855,748.7774632520855,748.7774632520855,748.7774632520855,748.7774632520855,748.7774632520855,748.7774632520855,748.7774632520855,748.7774632520855,748.7774632520855,748.7774632520855,748.7774632520855,748.7774632520855,748.7774632520855,748.7774632520855,748.7774632520855,748.7774632520855,748.7774632520855,748.7774632520855,748.7774632520855,748.7774632520855,748.7774632520855,747.6508769578236,747.6508769578236,747.6508769578236,747.6508769578236,747.6508769578236,747.6508769578236,747.6508769578236,747.6508769578236,747.6508769578236,747.6508769578236,747.6508769578236,747.6508769578236,747.6508769578236,747.6508769578236,747.6508769578236,747.6508769578236,747.6508769578236,747.6508769578236,747.6508769578236,747.6508769578236,747.6508769578236,747.6508769578236,747.6508769578236,747.6508769578236,747.6508769578236,747.6508769578236,747.6508769578236,747.6508769578236,747.6508769578236,747.6508769578236,747.6508769578236,747.6508769578236,747.6508769578236,747.6508769578236,747.6508769578236,747.6508769578236,747.6508769578236,747.6508769578236,747.6508769578236,747.6508769578236,747.6508769578236,747.6508769578236,747.6508769578236,747.6508769578236,747.6508769578236,747.6508769578236,747.6508769578236,747.6508769578236,747.6508769578236,747.6508769578236,747.6508769578236,747.6508769578236,747.6508769578236,747.6508769578236,747.6508769578236,747.6508769578236,747.6508769578236,747.6508769578236,747.6508769578236,747.6508769578236,747.6508769578236,747.6508769578236,747.6508769578236,747.6508769578236,747.6508769578236,747.6508769578236,747.6508769578236,747.6508769578236,747.6508769578236,747.6508769578236,747.6508769578236,747.6508769578236,747.6508769578236,747.6508769578236,747.6508769578236,747.6508769578236,747.6508769578236,747.6508769578236,747.6508769578236,747.6508769578236,747.6508769578236,747.6508769578236,747.6508769578236,747.6508769578236,747.6508769578236,747.6508769578236,747.6508769578236,747.6508769578236,747.6508769578236,747.6508769578236,747.6508769578236,747.6508769578236,747.6508769578236,747.6508769578236,747.6508769578236,747.6508769578236,747.6508769578236,747.6508769578236,747.6508769578236,747.6508769578236,747.6508769578236,747.6508769578236,747.6508769578236,747.6508769578236,747.6508769578236,747.6508769578236,747.6508769578236,747.6508769578236,747.6508769578236,747.6508769578236,747.6508769578236,747.6508769578236,747.6508769578236,745.7251030473224,745.7251030473224,745.7251030473224,745.7251030473224,745.7251030473224,745.7251030473224,745.7251030473224,745.7251030473224,745.7251030473224,745.7251030473224,745.7251030473224,745.7251030473224,745.7251030473224,745.7251030473224,745.7251030473224,745.7251030473224,745.7251030473224,745.7251030473224,745.7251030473224,745.7251030473224,745.7251030473224,745.7251030473224,745.7251030473224,745.7251030473224,745.7251030473224,745.7251030473224,745.7251030473224,745.7251030473224,745.7251030473224,745.7251030473224,745.7251030473224,745.7251030473224,745.7251030473224,745.7251030473224,745.7251030473224,745.7251030473224,745.7251030473224,745.7251030473224,745.7251030473224,745.7251030473224,745.7251030473224,745.7251030473224,745.7251030473224,745.7251030473224,745.7251030473224,745.7251030473224,745.7251030473224,745.7251030473224,745.7251030473224,745.7251030473224,745.7251030473224,745.7251030473224,745.7251030473224,745.7251030473224,740.0923994524251,740.0923994524251,740.0923994524251,740.0923994524251,740.0923994524251,740.0923994524251,740.0923994524251,740.0923994524251,740.0923994524251,736.7340888552192,736.7340888552192,736.7340888552192,736.7340888552192,736.7340888552192,736.7340888552192,736.7340888552192,736.7340888552192,736.7340888552192,736.7340888552192,736.7340888552192,736.7340888552192,736.7340888552192,736.7340888552192,736.7340888552192,736.7340888552192,736.7340888552192,736.7340888552192,736.7340888552192,736.7340888552192,736.7340888552192,736.7340888552192,736.7340888552192,736.7340888552192,736.7340888552192,736.7340888552192,736.7340888552192,736.7340888552192,736.7340888552192,736.7340888552192,736.7340888552192,736.7340888552192,736.7340888552192,736.7340888552192,736.7340888552192,736.7340888552192,736.7340888552192,736.7340888552192,736.7340888552192,736.7340888552192,736.7340888552192,736.7340888552192,736.7340888552192,736.7340888552192,723.3824133669771,723.3824133669771,723.3824133669771,723.3824133669771,723.3824133669771,723.3824133669771,723.3824133669771,723.3824133669771,723.3824133669771,723.3824133669771,723.3824133669771,723.3824133669771,723.3824133669771,723.3824133669771,723.3824133669771,723.3824133669771,723.3824133669771,723.3824133669771,723.3824133669771,723.3824133669771,723.3824133669771,723.3824133669771,723.3824133669771,723.3824133669771,723.3824133669771,723.3824133669771,723.3824133669771,723.3824133669771,723.3824133669771,723.3824133669771,723.3824133669771,723.3824133669771,723.3824133669771,723.3824133669771,723.3824133669771,723.3824133669771,723.3824133669771,723.3824133669771,723.3824133669771,723.3824133669771,723.3824133669771,723.3824133669771,723.3824133669771,723.3824133669771,723.3824133669771,723.3824133669771,723.3824133669771,723.3824133669771,723.3824133669771,723.3824133669771,723.3824133669771,723.3824133669771,723.3824133669771,723.3824133669771,723.3824133669771,723.3824133669771,723.3824133669771,723.3824133669771,723.3824133669771,