{"benchmark":"A-n37-k5","Optimal":669,"front":[{"distance":723.3824133669771,"fuel":1006.0041674956251,"trucks":[[3,20,21,12,10,28,9,25],[8,5,34,6,7,11,13,18,15,24],[35,37,30,33,29,32,27,19,36,26,4],[22,17,23,14,2],[16,31]]},{"trucks":[[17,23,14,34,6,7,11],[35,33,29,32,27,19,36,31],[2,13,20,3,21,24,15,18],[22,4,26,9,28,12,10,25],[16,37,30,5,8]],"distance":741.5033611584487,"fuel":971.5946462470095},{"fuel":967.6573793499088,"trucks":[[17,23,14,34,6,7,11],[31,36,19,27,32,29,33],[2,13,20,3,21,24,15,18],[22,4,26,9,28,12,10,25],[16,35,37,30,5,8]],"distance":742.3642829216911}]}