{"benchmark":"A-n37-k5","front":[{"trucks":[[2,18,15,21,20,3,7,11],[16,35,37,33,29,32,30],[22,13,24,25,10,12,28,9,4],[17,23,14,6,34,5,8],[31,27,19,36,26]],"fuel":946.2367869471893,"distance":713.9158099432256},{"trucks":[[2,18,15,21,20,3,7,11],[16,35,37,33,29,32,30],[22,13,24,9,28,12,10,25,4],[17,23,14,6,34,5,8],[31,27,19,36,26]],"fuel":943.3409255490903,"distance":720.8391769770743},{"trucks":[[2,18,15,21,20,3,7,11],[16,35,37,33,29,32,30],[22,13,24,25,9,28,12,10,4],[17,23,14,6,34,5,8],[31,27,19,36,26]],"fuel":942.0937102529579,"distance":720.8642584535937}],"Optimal":669}