{"optimalDistance":1073,"distanceSequence":[1206.1802558294808,1193.4891479911462,1193.4891479911462,1193.065726080281,1193.065726080281,1193.065726080281,1193.065726080281,1193.065726080281,1193.065726080281,1193.065726080281,1193.065726080281,1193.065726080281,1192.7665362859682,1192.7665362859682,1192.7665362859682,1192.7665362859682,1192.7665362859682,1191.5406558797235,1191.5406558797235,1191.2022094881147,1191.2022094881147,1191.2022094881147,1191.2022094881147,1191.2022094881147,1191.2022094881147,1191.2022094881147,1191.2022094881147,1187.957499292333,1187.957499292333,1187.957499292333,1187.957499292333,1187.957499292333,1187.918242695037,1184.4544395222686,1184.4544395222686,1184.4544395222686,1184.4544395222686,1184.4544395222686,1184.4544395222686,1184.1552497279558,1184.1552497279558,1184.1552497279558,1184.1552497279558,1184.1552497279558,1179.9886633825765,1179.9886633825765,1179.9886633825765,1179.9886633825765,1179.9886633825765,1179.9886633825765,1179.9886633825765,1179.9886633825765,1179.9886633825765,1179.9886633825765,1179.9886633825765,1179.9886633825765,1179.9886633825765,1175.8363093560463,1175.8363093560463,1175.8363093560463,1175.8363093560463,1175.8363093560463,1175.8363093560463,1175.8363093560463,1175.8363093560463,1175.8363093560463,1175.8363093560463,1175.8363093560463,1175.8363093560463,1175.8363093560463,1175.5371195617338,1175.5371195617338,1175.5371195617338,1175.5371195617338,1175.5371195617338,1175.5371195617338,1175.5371195617338,1175.5371195617338,1172.700893196788,1172.700893196788,1172.700893196788,1172.700893196788,1172.700893196788,1172.700893196788,1172.700893196788,1172.700893196788,1172.700893196788,1172.700893196788,1172.4017034024753,1172.4017034024753,1172.4017034024753,1172.4017034024753,1172.4017034024753,1172.4017034024753,1172.4017034024753,1172.4017034024753,1172.4017034024753,1172.4017034024753,1172.4017034024753,1172.4017034024753,1171.1758229962306,1171.1758229962306,1171.1758229962306,1171.1758229962306,1171.1758229962306,1171.1758229962306,1171.1758229962306,1171.1758229962306,1171.1758229962306,1171.1758229962306,1171.1758229962306,1171.1758229962306,1170.876633201918,1170.876633201918,1170.876633201918,1170.876633201918,1170.876633201918,1170.876633201918,1170.876633201918,1170.876633201918,1170.876633201918,1170.876633201918,1170.876633201918,1170.0485729346844,1170.0485729346844,1170.0485729346844,1170.0485729346844,1170.0485729346844,1170.0485729346844,1170.0485729346844,1170.0485729346844,1170.0485729346844,1170.0485729346844,1170.0485729346844,1170.0485729346844,1166.8949818513386,1166.8949818513386,1166.8949818513386,1166.8949818513386,1166.8949818513386,1166.8949818513386,1166.8949818513386,1166.8949818513386,1166.8854576032456,1166.8854576032456,1166.8854576032456,1166.8854576032456,1166.8854576032456,1166.8854576032456,1166.8854576032456,1166.8854576032456,1166.8854576032456,1166.8854576032456,1166.8854576032456,1166.8854576032456,1166.8854576032456,1166.8854576032456,1166.8854576032456,1166.8854576032456,1166.8854576032456,1166.8854576032456,1166.8854576032456,1166.8854576032456,1166.8854576032456,1166.8854576032456,1166.8854576032456,1166.8854576032456,1166.8854576032456,1166.8854576032456,1166.8854576032456,1166.8854576032456,1166.8854576032456,1166.8854576032456,1166.8854576032456,1165.0219410110794,1165.0219410110794,1165.0219410110794,1165.0219410110794,1165.0219410110794,1165.0219410110794,1165.0219410110794,1165.0219410110794,1165.0219410110794,1164.7551103701508,1164.7551103701508,1164.7551103701508,1164.7551103701508,1164.7551103701508,1164.7551103701508,1164.7551103701508,1164.7551103701508,1164.7551103701508,1164.7551103701508,1164.7551103701508,1164.7551103701508,1164.7551103701508,1164.7551103701508,1164.7551103701508,1164.7551103701508,1164.7551103701508,1164.7551103701508,1164.7551103701508,1164.7551103701508,1164.7551103701508,1164.7551103701508,1164.7551103701508,1164.7551103701508,1164.7551103701508,1164.7551103701508,1164.7551103701508,1164.7551103701508,1164.7551103701508,1164.7551103701508,1164.7551103701508,1164.7551103701508,1164.7551103701508,1164.7551103701508,1164.7551103701508,1164.7551103701508,1164.7551103701508,1164.7551103701508,1164.7551103701508,1164.7551103701508,1164.7551103701508,1164.7551103701508,1164.7551103701508,1164.7551103701508,1164.7551103701508,1164.7551103701508,1164.7551103701508,1164.7551103701508,1164.7551103701508,1164.7551103701508,1164.7551103701508,1164.7551103701508,1164.7551103701508,1164.7551103701508,1164.7551103701508,1164.7551103701508,1164.7551103701508,1164.7551103701508,1161.4315088266303,1161.4315088266303,1161.4315088266303,1161.4315088266303,1161.4315088266303,1161.4315088266303,1161.4315088266303,1161.4315088266303,1161.4315088266303,1157.6370227718012,1157.6370227718012,1157.6370227718012,1157.6370227718012,1157.6370227718012,1157.6370227718012,1157.6370227718012,1157.6370227718012,1157.3701921308725,1157.3701921308725,1153.1454252262008,1153.1454252262008,1153.1454252262008,1153.1454252262008,1153.1454252262008,1153.1454252262008,1153.1454252262008,1153.1454252262008,1153.1454252262008,1153.1454252262008,1153.1454252262008,1153.1454252262008,1153.1454252262008,1153.1454252262008,1153.1454252262008,1153.1454252262008,1153.1454252262008,1153.1454252262008,1153.1454252262008,1153.1454252262008,1153.1454252262008,1153.1454252262008,1153.1454252262008,1153.1454252262008,1153.1454252262008,1153.1454252262008,1153.1454252262008,1153.1454252262008,1153.1454252262008,1153.1454252262008,1153.1454252262008,1153.1454252262008,1153.1454252262008,1153.1454252262008,1153.1454252262008,1153.1454252262008,1153.1454252262008,1153.1454252262008,1153.1454252262008,1153.1454252262008,1153.1454252262008,1153.1454252262008,1153.1454252262008,1153.1454252262008,1153.1454252262008,1153.1454252262008,1153.1454252262008,1153.1454252262008,1153.1454252262008,1153.1454252262008,1153.1454252262008,1153.1454252262008,1153.1454252262008,1153.1454252262008,1153.1454252262008,1153.1454252262008,1153.1454252262008,1153.1454252262008,1153.1454252262008,1153.1454252262008,1153.1454252262008,1153.1454252262008,1153.1454252262008,1153.1454252262008,1153.1454252262008,1153.1454252262008,1153.1454252262008,1153.1454252262008,1153.1454252262008,1153.1454252262008,1153.1454252262008,1153.1454252262008,1153.1454252262008,1153.1454252262008,1153.1454252262008,1153.1454252262008,1153.1454252262008,1153.1454252262008,1153.1454252262008,1153.1454252262008,1153.1454252262008,1153.1454252262008,1153.1454252262008,1153.1454252262008,1153.1454252262008,1153.1454252262008,1153.1454252262008,1153.1454252262008,1153.1454252262008,1153.1454252262008,1153.1454252262008,1153.1454252262008,1153.1454252262008,1153.1454252262008,1153.1454252262008,1153.1454252262008,1153.1454252262008,1153.1454252262008,1153.1454252262008,1153.1454252262008,1153.1454252262008,1153.1454252262008,1153.1454252262008,1153.1454252262008,1153.1454252262008,1153.1454252262008,1153.1454252262008,1153.1454252262008,1153.1454252262008,1153.1454252262008,1153.1454252262008,1153.1454252262008,1153.1454252262008,1153.1454252262008,1153.1454252262008,1153.1454252262008,1153.1454252262008,1153.1454252262008,1153.1454252262008,1153.1454252262008,1153.1454252262008,1153.1454252262008,1153.1454252262008,1153.1454252262008,1153.1454252262008,1153.1454252262008,1153.1454252262008,1153.1454252262008,1153.1454252262008,1153.1454252262008,1153.1454252262008,1153.1454252262008,1153.1454252262008,1153.1454252262008,1153.1454252262008,1153.1454252262008,1153.1454252262008,1153.1454252262008,1153.1454252262008,1153.1454252262008,1153.1454252262008,1153.1454252262008,1153.1454252262008,1153.1454252262008,1153.1454252262008,1153.1454252262008,1153.1454252262008,1153.1454252262008,1153.1454252262008,1153.1454252262008,1153.1454252262008,1153.1454252262008,1153.1454252262008,1153.1454252262008,1153.1454252262008,1153.1454252262008,1153.1454252262008,1153.1454252262008,1153.1454252262008,1153.1454252262008,