{"benchmark":"A-n48-k7","front":[{"fuel":1650.5327606805959,"distance":1192.4294821410444,"trucks":[[9,40,27,21,43,12,16],[46,35,10,25,5,14,47,31,22,30],[41,37,38,20,26,39],[42,3,11,34,29],[32,6,2,7,23,33,4,28,8],[19,45,36,24,44,13],[15,18,48,17]]},{"trucks":[[9,40,21,27,16,12,43],[46,35,10,25,5,14,47,31,22,30],[41,37,38,20,26,39],[42,3,11,34,29],[32,6,2,7,23,33,4,28,8],[19,45,36,24,44,13],[15,18,48,17]],"fuel":1646.93676184398,"distance":1192.7265658999356},{"trucks":[[9,40,27,21,16,12,43],[46,35,10,25,5,14,47,31,22,30],[41,37,38,20,26,39],[42,3,11,34,29],[32,6,2,7,23,33,4,28,8],[19,45,36,24,44,13],[15,18,48,17]],"distance":1193.1723175985,"fuel":1646.301234575776}],"Optimal":1073}