{"Optimal":1272,"front":[{"distance":1328.4930554789416,"fuel":1897.8862662375518,"trucks":[[18,21,53,58,52,62,10,49],[2,57,34,16,32,5,61,36,65],[64,43,37,68,33,7,59,11,25,19,29],[48,66,44,47,14,67],[28,6,15,63,55,17,27],[50,23,3,9,42,38],[51,41,56,12,4,30],[8,22,31,45,35,60,46,13],[20,54,39,24,40,26]]},{"distance":1328.605141939378,"fuel":1893.7197510188673,"trucks":[[16,18,53,21,58,52,62,10,49],[2,34,57,32,5,61,36,65],[64,43,37,68,33,7,59,11,25,19,29],[66,44,67,14,47,8],[28,48,22,31,45,35,27],[50,23,3,9,38,42],[20,51,41,39,54],[13,46,60,17,55,63,15,6],[26,40,24,56,12,4,30]]},{"distance":1328.979507473289,"fuel":1893.6793442789592,"trucks":[[16,18,53,21,58,52,62,10,49],[2,34,57,32,5,61,36,65],[64,43,37,68,33,7,59,11,25,19,29],[66,44,67,14,47,8],[28,48,22,31,45,35,27],[50,23,3,42,38,9],[20,51,41,39,54],[13,46,60,17,55,63,15,6],[26,40,24,56,12,4,30]]}],"benchmark":"B-n68-k9"}