{"front":[{"fuel":1859.0244451757587,"distance":1301.425821263776,"trucks":[[66,47,14,6,15,63,55,17,22],[50,23,3,9,38,42],[31,60,35,45,46,13,49,10,53],[64,26,24,40,12,4,30],[68,37,33,7,59,11,25,19,29,43],[16,2,34,57,32,5,61,36,65],[18,21,58,52,62,27],[28,67,44,8,48],[20,51,41,56,39,54]]},{"fuel":1858.3866808287646,"distance":1302.3770049707177,"trucks":[[66,47,14,6,15,63,55,17,22],[50,23,3,9,38,42],[31,60,13,46,45,35,49,10,53],[64,26,24,40,12,4,30],[68,37,33,7,59,11,25,19,29,43],[16,2,57,34,32,5,61,36,65],[18,21,27,62,52,58],[28,67,44,8,48],[20,51,41,56,39,54]]}],"benchmark":"B-n68-k9","Optimal":1272}