{"front":[{"distance":794.4543900470806,"fuel":1126.5386340504942,"trucks":[[33,45,4,50,25,57,24],[30,38,21,16,58,14,55,20],[8,12,15,54,36],[35,47,9,53,28,46],[34,2,44,42,43,23,7],[5,6,49,31,3],[27,59,39,11,32],[13,40,10,26,56,19,51],[29,22,60,37,48],[41,18,17,52]]},{"distance":794.7700048431452,"fuel":1122.3082270030982,"trucks":[[35,47,9,53,28,46],[34,2,44,42,43,23,7],[5,6,49,31,3],[27,59,39,11,32],[8,36,54,15,12],[30,38,21,16,58,14,55,20],[13,40,10,26,56,19,51],[33,45,4,50,25,57,24],[29,22,60,37,48],[41,18,17,52]]}],"Optimal":744,"benchmark":"P-n60-k10"}