{"benchmark":"B-n66-k9","front":[{"distance":1365.5847282906427,"fuel":1984.5176941325224,"trucks":[[25,7,11,64,27,26,63],[43,28,10,50,13],[6,34,66,9,41,59,33],[58,12,32,46,14,57,23,44],[17,3,37,22,5,61,16,4,30,40,15],[21,18,24,52,35,2],[51,29,48,62,49,38,31],[8,65,60,47,45,36,20,39],[53,54,55,19,56,42]]},{"distance":1385.9569964159791,"fuel":1983.9343118975485,"trucks":[[28,43,6,59,33],[42,53,12,39,58,56,2],[65,45,60,64,47,27],[31,48,62,17,63,38,49,26],[32,46,14,57,23,44,52,35],[25,13,50,10,15,40,30,4],[34,66,9,41,5,61,16,22,37],[29,11,3,7,51,36,20,8],[21,18,54,55,19,24]]},{"distance":1387.8211030040457,"fuel":1972.3756107626027,"trucks":[[28,43,6,59,33],[42,53,56,58,39,12,2],[65,45,60,64,47,27],[31,48,62,17,63,38,49,26],[32,46,14,57,23,44,52,35],[25,13,50,10,15,40,30,4],[34,66,9,41,5,61,16,22,37],[29,51,7,3,11,36,20,8],[21,18,54,55,19,24]]}],"Optimal":1316}