{"optimalDistance":1274,"benchmark":"M-n200-k16","distanceSequence":[1670.430882734131,1670.430882734131,1670.430882734131,1670.430882734131,1669.0768289183318,1669.0768289183318,1669.0768289183318,1665.2334076081086,1665.2334076081086,1665.2334076081086,1665.2334076081086,1665.2334076081086,1663.421775159474,1663.421775159474,1663.421775159474,1663.421775159474,1663.421775159474,1663.421775159474,1663.421775159474,1662.6705526811245,1662.6705526811245,1662.6705526811245,1660.307394553137,1655.0541478848788,1655.0541478848788,1655.0541478848788,1655.0541478848788,1655.0541478848788,1655.0541478848788,1655.0541478848788,1655.0541478848788,1655.0541478848788,1655.0541478848788,1655.0541478848788,1655.0541478848788,1653.887671976816,1653.887671976816,1653.887671976816,1653.887671976816,1653.887671976816,1652.1198430411835,1651.3388185076553,1651.3388185076553,1651.3388185076553,1651.3388185076553,1651.3388185076553,1651.3388185076553,1651.3388185076553,1651.3388185076553,1651.3388185076553,1651.3388185076553,1651.3388185076553,1651.1942759620915,1651.139137157464,1650.8772098112051,1650.8772098112051,1650.8772098112051,1650.8772098112051,1650.8772098112051,1650.8772098112051,1650.8772098112051,1650.8772098112051,1650.8772098112051,1650.8772098112051,1650.8772098112051,1650.8772098112051,1650.8772098112051,1650.8772098112051,1650.8772098112051,1650.8772098112051,1650.8772098112051,1650.57292696708,1650.57292696708,1650.57292696708,1650.57292696708,1650.57292696708,1650.57292696708,1650.57292696708,1650.57292696708,1650.57292696708,1650.57292696708,1650.57292696708,1650.57292696708,1647.4797112742924,1647.4797112742924,1647.4797112742924,1647.4797112742924,1641.5126103676737,1641.5126103676737,1641.5126103676737,1641.5126103676737,1641.5126103676737,1641.5126103676737,1641.5126103676737,1636.5203286485062,1636.5203286485062,1636.5203286485062,1636.5203286485062,1636.5203286485062,1636.5203286485062,1636.5203286485062,1636.5203286485062,1636.5203286485062,1635.4721323635204,1635.4721323635204,1635.4721323635204,1635.4721323635204,1635.4721323635204,1635.4721323635204,1635.4721323635204,1635.4721323635204,1635.4721323635204,1635.4721323635204,1635.4721323635204,1635.4721323635204,1628.6045037016136,1628.6045037016136,1628.6045037016136,1628.6045037016136,1628.6045037016136,1628.6045037016136,1628.6045037016136,1628.6045037016136,1628.6045037016136,1628.6045037016136,1628.6045037016136,1628.6045037016136,1628.6045037016136,1628.6045037016136,1628.6045037016136,1625.9879199800628,1625.9879199800628,1625.9879199800628,1625.9879199800628,1624.3081602591622,1624.3081602591622,1624.3081602591622,1624.3081602591622,1624.3081602591622,1624.3081602591622,1624.3081602591622,1624.3081602591622,1624.3081602591622,1624.3081602591622,1624.3081602591622,1624.3081602591622,1624.3081602591622,1624.3081602591622,1624.1868504514664,1624.1868504514664,1619.762502405659,1619.762502405659,1619.762502405659,1619.762502405659,1619.762502405659,1619.762502405659,1619.762502405659,1619.762502405659,1619.762502405659,1619.762502405659,1619.762502405659,1619.762502405659,1619.762502405659,1619.762502405659,1619.762502405659,1619.762502405659,1619.762502405659,1619.762502405659,1619.762502405659,1619.762502405659,1619.762502405659,1619.762502405659,1615.4647742279399,1615.4647742279399,1615.4647742279399,1615.4647742279399,1615.4647742279399,1615.4647742279399,1615.4647742279399,1615.4647742279399,1615.4647742279399,1615.3202316823758,1615.3202316823758,1615.3202316823758,1615.3202316823758,1615.3202316823758,1615.3202316823758,1615.3202316823758,1612.848190506389,1612.848190506389,1612.848190506389,1612.848190506389,1612.848190506389,1612.848190506389,1612.848190506389,1612.848190506389,1612.848190506389,1612.848190506389,1612.848190506389,1612.848190506389,1612.848190506389,1612.848190506389,1612.848190506389,1612.848190506389,1612.848190506389,1612.848190506389,1612.848190506389,1612.848190506389,1612.848190506389,1612.848190506389,1612.703647960825,1612.703647960825,1612.703647960825,1612.703647960825,1612.703647960825,1612.703647960825,1612.703647960825,1612.703647960825,1612.703647960825,1612.703647960825,1612.703647960825,1612.703647960825,1612.703647960825,1612.703647960825,1612.703647960825,1612.703647960825,1612.703647960825,1612.703647960825,1612.703647960825,1612.703647960825,1612.703647960825,1612.703647960825,1612.703647960825,1612.703647960825,1612.703647960825,1612.703647960825,1612.703647960825,1612.703647960825,1612.703647960825,1612.703647960825,1612.703647960825,1612.703647960825,1612.703647960825,1612.703647960825,1612.703647960825,1612.703647960825,1612.703647960825,1608.908030054213,1600.3030461534634,1600.3030461534634,1600.3030461534634,1600.3030461534634,1600.3030461534634,1600.3030461534634,1600.3030461534634,1600.3030461534634,1600.3030461534634,1600.3030461534634,1600.3030461534634,1600.3030461534634,1600.3030461534634,1600.3030461534634,1600.3030461534634,1600.3030461534634,1600.3030461534634,1600.3030461534634,1600.3030461534634,1600.3030461534634,1600.3030461534634,1600.3030461534634,1600.3030461534634,1600.3030461534634,1600.3030461534634,1600.3030461534634,1600.3030461534634,1600.3030461534634,1600.3030461534634,1600.3030461534634,1600.3030461534634,1600.3030461534634,1600.3030461534634,1600.3030461534634,1600.3030461534634,1600.3030461534634,1600.3030461534634,1600.3030461534634,1600.3030461534634,1600.3030461534634,1600.3030461534634,1600.3030461534634,1600.3030461534634,1600.3030461534634,1600.3030461534634,1600.3030461534634,1600.3030461534634,1600.3030461534634,1600.3030461534634,1600.3030461534634,1600.3030461534634,1600.3030461534634,1600.3030461534634,1600.3030461534634,1600.3030461534634,1600.3030461534634,1600.3030461534634,1600.3030461534634,1600.3030461534634,1595.2781972496543,1595.2781972496543,1595.2781972496543,1595.2781972496543,1595.2781972496543,1595.2781972496543,1595.2781972496543,1595.1568874419586,1595.1568874419586,1595.1568874419586,1595.1568874419586,1595.1568874419586,1595.1568874419586,1595.1568874419586,1595.1568874419586,1595.1568874419586,1595.1568874419586,1595.1568874419586,1595.1568874419586,1595.1568874419586,1595.1568874419586,1595.1568874419586,1595.1568874419586,1594.8262041381138,1594.8262041381138,1594.8262041381138,1594.8262041381138,1594.8262041381138,1594.8262041381138,1594.8262041381138,1594.8262041381138,1594.8262041381138,1594.8262041381138,1594.8262041381138,1594.8262041381138,1594.8262041381138,1594.8262041381138,1594.8262041381138,1594.8262041381138,1594.8262041381138,1594.8262041381138,1594.8262041381138,1594.8262041381138,1594.8262041381138,1594.8262041381138,1594.8262041381138,1594.8262041381138,1594.8262041381138,1594.8262041381138,1594.8262041381138,1594.8262041381138,1594.8262041381138,1594.8262041381138,1594.8262041381138,1594.8262041381138,1594.8262041381138,1594.8262041381138,1594.8262041381138,1594.8262041381138,1594.8262041381138,1594.8262041381138,1594.8262041381138,1594.8262041381138,1594.8262041381138,1594.8262041381138,1594.8262041381138,1594.8262041381138,1594.8262041381138,1594.8262041381138,1594.8262041381138,1594.8262041381138,1594.8262041381138,1594.8262041381138,1594.8262041381138,1594.8262041381138,1594.8262041381138,1594.8262041381138,1594.8262041381138,1594.8262041381138,1594.8262041381138,1594.8262041381138,1594.8262041381138,1594.8262041381138,1594.8262041381138,1594.8262041381138,1594.8262041381138,1594.8262041381138,1594.8262041381138,1594.8262041381138,1594.8262041381138,1594.8262041381138,1594.8262041381138,1594.8262041381138,1594.8262041381138,1594.8262041381138,1594.8262041381138,1594.8262041381138,1594.8262041381138,1594.8262041381138,1594.8262041381138,1594.8262041381138,1594.8262041381138,1594.8262041381138,1594.8262041381138,1594.8262041381138,1594.8262041381138,1594.8262041381138,1594.8262041381138,1594.704894330418,1594.704894330418,1594.704894330418,1594.704894330418,1594.704894330418,1594.704894330418,1594.704894330418,1594.704894330418,1594.704894330418,