{"optimalDistance":1274,"benchmark":"M-n200-k16","distanceSequence":[1711.750605337132,1711.750605337132,1711.750605337132,1711.750605337132,1711.750605337132,1711.750605337132,1711.750605337132,1711.4836462828448,1711.4836462828448,1710.3766889172725,1704.3480324597065,1704.3480324597065,1704.3480324597065,1704.3480324597065,1704.3480324597065,1704.3480324597065,1701.585775782816,1697.8409922725896,1697.8409922725896,1690.3312050061304,1690.3312050061304,1690.3312050061304,1690.3312050061304,1690.3312050061304,1690.3312050061304,1690.3312050061304,1690.3312050061304,1690.3291151829753,1687.7910487138392,1687.7910487138392,1687.7910487138392,1687.7910487138392,1687.7910487138392,1687.7910487138392,1687.7910487138392,1687.7910487138392,1687.7910487138392,1687.7910487138392,1687.7910487138392,1687.7910487138392,1687.7910487138392,1683.8489829513264,1683.8489829513264,1683.8489829513264,1683.8489829513264,1683.8489829513264,1681.7635818631597,1681.7635818631597,1681.7635818631597,1681.7635818631597,1681.7635818631597,1681.7614920400047,1680.9533323345,1678.8679312463332,1678.8679312463332,1678.8679312463332,1678.8679312463332,1678.8679312463332,1678.8679312463332,1678.8679312463332,1678.5060582080932,1675.9731666977923,1675.9731666977923,1675.9731666977923,1670.879655868538,1670.879655868538,1670.879655868538,1670.879655868538,1670.879655868538,1670.879655868538,1670.879655868538,1670.879655868538,1670.879655868538,1670.517782830298,1670.517782830298,1670.517782830298,1670.517782830298,1670.517782830298,1665.2897087381475,1665.2897087381475,1663.9691222082201,1663.9691222082201,1663.9691222082201,1663.9691222082201,1663.9691222082201,1663.9691222082201,1663.9691222082201,1663.9691222082201,1663.9691222082201,1661.6100806716317,1661.6100806716317,1661.6100806716317,1661.6100806716317,1656.4494570237575,1656.4494570237575,1656.4494570237575,1656.4494570237575,1656.4494570237575,1656.4494570237575,1656.4494570237575,1656.4494570237575,1656.4494570237575,1656.4494570237575,1656.4494570237575,1656.4494570237575,1656.4494570237575,1654.4981198591122,1654.4981198591122,1654.4981198591122,1654.4981198591122,1654.4981198591122,1654.4981198591122,1654.4981198591122,1654.4981198591122,1651.1766082145537,1651.1766082145537,1651.1766082145537,1651.1766082145537,1651.1766082145537,1651.1766082145537,1651.1766082145537,1651.1766082145537,1649.7106872777663,1649.7106872777663,1649.7106872777663,1649.7106872777663,1649.7106872777663,1649.7106872777663,1649.7106872777663,1649.7106872777663,1649.7106872777663,1649.7106872777663,1649.7106872777663,1649.2727835012133,1647.6872656724013,1647.6872656724013,1647.6872656724013,1647.6872656724013,1647.6872656724013,1647.6872656724013,1647.6872656724013,1647.6872656724013,1647.5551145199038,1647.5551145199038,1646.3133492525421,1646.3133492525421,1646.3133492525421,1646.3133492525421,1646.3133492525421,1646.3133492525421,1646.3133492525421,1646.3133492525421,1646.3133492525421,1646.3133492525421,1646.3133492525421,1646.3133492525421,1645.0829038670122,1645.0829038670122,1645.0829038670122,1645.0829038670122,1645.0829038670122,1645.0829038670122,1645.0829038670122,1645.0829038670122,1645.0829038670122,1643.3571616983586,1643.3571616983586,1643.3571616983586,1643.3571616983586,1643.3571616983586,1643.3571616983586,1643.3571616983586,1641.2174726174262,1641.2174726174262,1641.2174726174262,1641.2174726174262,1641.2174726174262,1641.2174726174262,1641.2174726174262,1641.2174726174262,1641.2174726174262,1641.2174726174262,1641.2174726174262,1641.2174726174262,1641.2174726174262,1641.2174726174262,1641.2174726174262,1641.2174726174262,1641.2174726174262,1641.2174726174262,1641.2174726174262,1641.2174726174262,1641.2174726174262,1641.2174726174262,1641.2174726174262,1641.2174726174262,1641.2174726174262,1641.2174726174262,1641.2174726174262,1641.2174726174262,1641.2174726174262,1641.2174726174262,1640.70621749555,1640.70621749555,1640.70621749555,1640.70621749555,1640.70621749555,1640.70621749555,1640.70621749555,1640.70621749555,1631.5831800952658,1631.5831800952658,1631.5831800952658,1631.5831800952658,1631.5831800952658,1631.5831800952658,1631.5831800952658,1631.5831800952658,1631.5831800952658,1631.5831800952658,1631.5277824727384,1631.5277824727384,1631.4510289427683,1627.1833335857973,1627.1833335857973,1627.1833335857973,1627.1833335857973,1627.1833335857973,1627.1833335857973,1626.984217648514,1626.984217648514,1626.984217648514,1626.984217648514,1626.984217648514,1626.984217648514,1626.9057318024345,1623.8573973292014,1623.8573973292014,1623.8573973292014,1623.8573973292014,1623.8573973292014,1623.8573973292014,1623.8573973292014,1623.8573973292014,1623.8573973292014,1623.8573973292014,1623.8573973292014,1623.8573973292014,1623.8573973292014,1623.7040918819998,1623.101857931946,1623.101857931946,1623.101857931946,1623.101857931946,1623.101857931946,1623.101857931946,1623.101857931946,1623.101857931946,1623.101857931946,1623.101857931946,1623.101857931946,1623.101857931946,1623.101857931946,1621.5051280177329,1621.5051280177329,1621.5051280177329,1621.5051280177329,1621.5051280177329,1616.2006329018868,1616.2006329018866,1616.2006329018866,1616.2006329018866,1616.2006329018866,1616.2006329018866,1616.2006329018866,1616.2006329018866,1616.0684817493889,1616.0684817493889,1614.6039029876736,1614.6039029876736,1614.6039029876736,1614.6039029876736,1614.6039029876736,1614.6039029876736,1614.6039029876736,1614.6039029876736,1614.6039029876736,1614.6039029876736,1614.6039029876736,1614.6039029876736,1614.6039029876736,1614.6039029876736,1614.6039029876736,1614.6039029876736,1614.6039029876736,1614.6039029876736,1614.6039029876736,1614.6039029876736,1614.6039029876736,1614.6039029876736,1614.6039029876736,1614.6039029876736,1614.6039029876736,1614.6039029876736,1614.6039029876736,1614.6039029876736,1614.6039029876736,1614.6039029876736,1614.6039029876736,1614.6039029876736,1614.6039029876736,1614.6039029876736,1614.6039029876736,1614.6039029876736,1614.6039029876736,1614.6039029876736,1614.6039029876736,1614.6039029876736,1614.6039029876736,1614.6039029876736,1614.6039029876736,1614.6039029876736,1614.6039029876736,1614.6039029876736,1614.6039029876736,1614.6039029876736,1614.6039029876736,1614.6039029876736,1614.6039029876736,1614.6039029876736,1614.6039029876736,1614.6039029876736,1607.884683210635,1607.884683210635,1607.884683210635,1607.884683210635,1607.884683210635,1607.884683210635,1607.884683210635,1605.3152245868425,1605.3152245868425,1605.3152245868425,1605.3152245868425,1605.3152245868425,1601.864544072927,1601.864544072927,1601.864544072927,1601.864544072927,1601.864544072927,1601.864544072927,1601.864544072927,1601.864544072927,1601.864544072927,1601.864544072927,1601.864544072927,1601.864544072927,1601.864544072927,1601.6239357439574,1601.6239357439574,1601.6239357439574,1601.6239357439574,1601.6239357439574,1601.6239357439574,1601.6239357439574,1601.6239357439574,1601.6239357439574,1601.6239357439574,1601.6239357439574,1601.6239357439574,1601.6239357439574,1601.6239357439574,1601.6239357439574,1601.6239357439574,1601.6239357439574,1601.6239357439574,1601.6239357439574,1601.6239357439574,1601.6239357439574,1601.6239357439574,1601.6239357439574,1601.6239357439574,1601.6239357439574,1601.6239357439574,1601.6239357439574,1600.5229001891291,1600.5229001891291,1600.5229001891291,1600.5229001891291,1600.5229001891291,1600.5229001891291,1600.5229001891291,1600.5229001891291,1600.5229001891291,1600.5229001891291,1600.5229001891291,1600.5229001891291,1600.5229001891291,1600.5229001891291,1600.5229001891291,1600.5229001891291,1600.5229001891291,1600.5229001891291,1600.5229001891291,1600.5229001891291,1600.5229001891291,1600.5229001891291,1600.5229001891291,1600.5229001891291,1600.5229001891291,1600.5229001891291,1600.5229001891291,1600.5229001891291,1600.5229001891291,1600.5229001891291,1600.5229001891291,1600.5229001891291,1600.5229001891291,1600.5229001891291,1600.5229001891291,1600.5229001891291,1600.5229001891291,