{"front":[{"trucks":[[130,80,186,34,82,121,137,36,136,165,35,79,170,56],[116,3,179,58,145,173,43,143,15,120,45,142,192,92,193],[71,123,31,21,189,129,161,132,33,91,127,64,182,65,37],[61,119,6,174,85,126,46,175,9,115,200,84],[153,59,41,181,22,74,73,198,57,187,24,140],[190,11,12,176,108,20,124,49,169,48,125,47],[197,117,78,159,4,122,30,25,164,135,55,131,166,26,111],[75,172,76,134,23,42,146,16,44,39,141,87,28],[110,178,151,81,69,185,77,51,103,158,10,52],[177,2,102,163,32,191,128,89,149,63,160],[97,105,100,94,86,194,101,38,99,152,60,138],[54,199,156,5,188,40,68,171,180,196],[7,154,195,8,183,109,67,66,72,162,104],[96,95,148,90,167,19,83,144,50,107,53],[157,113,184,14,118,88,98,93,62,17,114,18],[106,27,150,13,155,139,29,112,133,70,168,147]],"fuel":2230.031925872699,"distance":1592.9570831797053}],"benchmark":"M-n200-k16","Optimal":1274}