{"front":[{"distance":1569.3358088174234,"trucks":[[186,80,130,170,79,35,165,136,36,137,66,31,123,133,70],[161,129,21,189,104,162,72,67,132,33],[61,119,174,114,18,46,126,175,47,37,9,115,200,84],[73,198,57,187,24,40,140,188,171,26,56,166,25,30],[191,128,89,149,63,160,32,163,102,2,177],[38,194,62,17,142,192,45,120,15,143,43,173,58,145],[199,111,156,5,131,55,135,164,122,69,151,81],[106,41,181,22,74,172,75,134,23,42,146,116,3,16,44,92,93],[167,19,154,107,195,8,183,124,20,108,176,12,127,91,71],[118,94,86,99,101,193,141,39,87,6,105,7],[4,159,78,117,197,77,185,13,178,110,196,180],[184,95,97,96,98,152,60,100,85,148,90],[11,190,109,64,182,65,50,144,48,169,125,53],[112,51,103,158,34,82,121,10,52,139,29],[147,113,14,138,88,179,76,68,150,27],[157,153,59,54,155,28,168,49,83]],"fuel":2231.401909704923},{"distance":1571.4591294965387,"trucks":[[186,80,130,170,79,35,165,136,36,137,66,31,123,133,70],[161,129,21,189,104,162,72,67,132,33],[61,119,174,114,18,46,126,175,47,37,9,115,200,84],[73,198,57,187,24,40,140,188,171,26,56,166,25,30],[191,128,89,149,63,160,32,163,102,2,177],[38,194,62,17,142,192,45,120,15,143,43,173,58,145],[199,111,156,5,131,55,135,164,122,69,151,81],[106,181,41,22,74,172,75,134,23,42,146,116,3,16,44,92,93],[167,19,154,107,195,8,183,124,20,108,176,12,127,91,71],[7,94,86,99,101,193,141,39,87,6,105,118],[4,159,78,117,197,77,185,13,178,110,196,180],[184,95,97,96,98,152,60,100,85,148,90],[11,190,109,64,182,65,50,144,48,169,125,53],[112,51,103,158,34,82,121,10,52,139,29],[147,113,14,138,88,179,76,68,150,27],[157,153,59,54,155,28,168,49,83]],"fuel":2230.8063904654387},{"distance":1585.542304455403,"trucks":[[82,34,186,80,130,170,79,35,165,136,36,137,66,52],[161,129,21,189,104,162,72,67,132,33],[119,61,84,200,115,9,175,46,126,174,114,18,47,37],[73,198,57,187,24,40,140,188,171,26,56,166,25,30],[191,128,89,149,63,160,32,163,102,2,177],[38,194,62,17,142,192,45,120,15,143,43,173,145,3],[199,111,156,5,131,55,135,164,122,69,151,81],[106,41,181,22,74,172,75,134,23,42,146,116,58,16,44,92,93],[167,19,154,107,195,8,183,124,20,108,176,12,127,91,71],[118,105,94,86,99,101,193,39,141,87,6,7],[4,159,78,117,197,77,185,13,178,110,196,180],[90,148,184,95,97,96,98,152,60,100,85],[11,190,109,64,182,65,50,144,48,169,125,53],[29,112,51,103,158,121,10,31,123,70,133,28],[147,113,14,138,88,179,76,68,150,27],[157,59,153,54,155,139,168,49,83]],"fuel":2220.0011259225894},{"distance":1586.6932530002312,"trucks":[[82,34,186,80,130,170,79,35,165,136,36,137,66,52],[161,129,21,189,104,162,72,67,132,33],[119,61,84,200,115,9,175,46,126,174,114,18,47,37],[73,198,57,187,24,40,140,188,171,26,56,166,25,30],[191,128,89,149,63,160,32,163,102,2,177],[38,194,62,17,142,192,45,120,15,143,43,173,145,3],[199,111,156,5,131,55,135,164,122,69,151,81],[106,41,181,22,74,172,75,134,23,42,146,116,58,16,44,92,93],[167,19,154,107,195,8,183,124,20,108,176,12,127,91,71],[7,105,94,86,99,101,193,39,141,87,6,118],[4,159,78,117,197,77,185,13,178,110,196,180],[148,184,95,97,96,98,152,60,100,85,90],[11,190,109,64,182,65,50,144,48,169,125,53],[29,112,51,103,158,121,10,31,123,70,133,28],[147,113,14,138,88,179,76,68,150,27],[157,59,153,54,155,139,168,49,83]],"fuel":2219.0373815664866},{"distance":1588.2220995764217,"trucks":[[82,34,186,80,130,170,79,35,165,136,36,137,66,52],[161,129,21,189,104,162,72,67,132,33],[119,61,84,200,115,9,175,46,126,174,114,18,47,37],[73,198,57,187,24,40,140,188,171,26,56,166,25,30],[191,128,89,149,63,160,32,163,102,2,177],[38,194,62,17,142,192,45,120,15,143,43,173,145,3],[199,111,156,5,131,55,135,164,122,69,151,81],[106,41,181,22,74,172,75,134,23,42,146,116,58,16,44,92,93],[167,19,154,107,195,8,183,124,20,108,176,12,127,91,71],[7,105,94,86,99,101,193,39,141,87,6,118],[4,159,78,117,197,77,185,13,178,110,196,180],[90,148,184,95,97,96,98,152,60,100,85],[11,190,109,64,182,65,50,144,48,169,125,53],[29,112,51,103,158,121,10,31,123,70,133,28],[147,113,14,138,88,179,76,68,150,27],[157,59,153,54,155,139,168,49,83]],"fuel":2218.3029833536884},{"distance":1590.7820801778992,"trucks":[[82,34,186,80,130,170,79,35,165,136,36,137,66,52],[161,129,21,189,104,162,72,67,132,33],[119,61,84,200,115,9,175,46,126,174,114,18,47,37],[73,198,57,187,24,40,140,188,171,26,56,166,25,30],[191,128,89,149,63,160,32,163,102,2,177],[38,194,62,17,142,192,45,120,15,143,43,173,145,3],[199,111,156,5,131,55,135,164,122,69,151,81],[106,41,181,22,74,172,75,134,23,42,146,116,58,16,44,92,93],[167,19,154,107,195,8,183,124,20,108,176,12,127,91,71],[7,105,94,86,99,101,193,39,141,87,6,118],[4,159,78,117,197,77,185,13,178,110,196,180],[90,148,184,95,97,96,98,152,60,100,85],[11,190,109,64,182,65,50,144,48,169,125,53],[29,112,51,103,158,121,10,31,123,70,133,28],[113,14,138,88,179,76,68,150,27,147],[157,59,153,54,155,139,168,49,83]],"fuel":2216.6716063099334}],"benchmark":"M-n200-k16","Optimal":1274}