{"Optimal":1274,"front":[{"distance":1541.2858190465465,"trucks":[[8,124,20,108,176,12,65,50,144,37,48,169,125,47,154],[192,142,45,120,39,141,87,114,18,85,174,62,17,92,93],[160,63,149,89,183,195,107,83,49,9,200],[128,191,32,11,190,109,127,91,21,102,163,2,177],[178,55,131,166,56,26,171,188,140,68,24,187,57],[113,184,7,148,90,167,61,119,6,84],[94,99,38,101,194,193,15,143,43,173,44,16,58,145,88],[82,34,186,80,130,170,79,35,165,136,36,137,66,52],[168,71,31,161,132,129,189,162,104,123,70,133],[106,41,181,22,74,73,198,76,75,172,116,3,138,118],[51,103,158,121,10,72,67,33,182,64],[27,150,180,199,111,5,156,40,134,23,42,146],[54,153,14,95,96,98,152,86,157],[197,117,69,81,151,135,164,25,30,122,159,4,78,147],[13,185,77,112,28,53,19,115,175,46,126],[29,155,139,110,196,59,179,60,100,105,97]],"fuel":2196.2734948750617}],"benchmark":"M-n200-k16"}