{"front":[{"fuel":896.9174805546488,"trucks":[[5,46,30,28,53,35,47,9],[52,24,50,25,19,51,26,10,40,32],[8,36,54,15,12,39,11],[27,13,41,33,45,4,17,18],[7,3,23,43,42,44,2,34],[48,22,37,6,38,21,16,14,55,20],[31,49,29]],"distance":629.7925569125689},{"fuel":887.0171471214442,"trucks":[[13,41,33,45,4,17,34,7],[46,30,6,38,21,16,14,55,20,36],[54,15,12,39,11,32],[3,2,44,42,43,23,29],[40,10,26,51,19,25,50,24,52,18],[31,22,48,37,49],[47,9,53,28,5,35,27,8]],"distance":636.1252456393779}],"benchmark":"P-n55-k7","Optimal":568}