{"benchmark":"P-n55-k7","front":[{"distance":632.8695299268218,"fuel":906.0570226828088,"trucks":[[13,41,33,45,4,17,34,7],[52,24,50,25,19,51,26,10,40,32],[46,30,6,16,21,38,37,48,49,27],[31,22,29,23,43,42,44,2],[18,11,39,12,15,54],[35,47,8,36,9,28,14,20,55,53],[5,3]]},{"distance":636.9178491106387,"fuel":890.3755282894676,"trucks":[[3,31,46,30,49,22,48,6],[54,15,12,39,11,32],[52,17,50,25,19,51,26,10,40],[27,13,41,33,45,4,18],[7,34,24,42,43,44,2,23,29],[35,47,8,36,9,5],[53,55,20,14,28,37,38,21,16]]}],"Optimal":568}