{"Optimal":1021,"benchmark":"E-n76-k14","front":[{"distance":1070.515382032275,"trucks":[[76,31,22,3],[46,30,6,48,49],[5,28,53,47],[38,21,71,61,72,37,70,62],[7,63,23,29,75,69],[4,51,26,56,19,25,50],[34,2,44,65,74],[40,10,32,11,73],[36,54,15,60,66],[52,17,64,24,57,42,43],[35,9,20,55,14,58,16],[68,8,59,13,27],[12,67,39],[18,41,33,45]],"fuel":1514.6706873779153},{"distance":1072.6501175887568,"trucks":[[38,21,71,61,72,37,70,62],[46,30,6,48,49],[4,51,26,56,19,25,50],[34,2,44,65,74],[52,17,64,24,57,42,43],[36,54,15,60,66],[76,69,75,29,23,63],[5,28,53,47],[40,10,32,11,73],[18,41,33,45],[35,9,20,55,14,58,16],[12,67,39],[7,3,22,31],[68,8,59,13,27]],"fuel":1511.148194199826},{"distance":1072.650117588757,"trucks":[[46,30,6,48,49],[4,51,26,56,19,25,50],[68,8,59,13,27],[76,69,75,29,23,63],[52,17,64,24,57,42,43],[38,21,71,61,72,37,70,62],[7,3,22,31],[5,28,53,47],[35,9,20,55,14,58,16],[18,41,33,45],[36,54,15,60,66],[40,10,32,11,73],[34,2,44,65,74],[12,67,39]],"fuel":1511.1481941998259},{"distance":1076.9323637996254,"trucks":[[7,3,22,31],[35,9,20,55,14,58,16],[76,69,75,29,23,63],[34,2,44,65,74],[52,17,64,24,57,42,43],[36,54,15,60,66],[5,28,53,47],[4,51,26,56,19,25,50],[46,30,6,48,49],[40,10,32,11,73],[18,41,33,45],[38,21,71,61,72,37,70,62],[68,27,13,59,8],[12,67,39]],"fuel":1509.9909948360357}]}