{"benchmark":"A-n39-k5","Optimal":822,"front":[{"fuel":1251.6443750780281,"distance":869.910144059574,"trucks":[[9,12,18,27,35,38,36,25,16],[13,32,2,21,24,30,6,39,19],[7,37,28,29,14,31,22],[11,3,23,4,8,17,33],[5,15,20,26,34,10]]},{"trucks":[[9,12,18,27,35,38,36,25,16],[13,32,2,21,24,30,6,39],[7,37,28,29,14,31,22],[11,3,23,4,8,17,33],[5,15,20,26,34,19,10]],"fuel":1246.5533130959866,"distance":870.0575552068707},{"distance":875.157619143501,"trucks":[[9,12,18,27,35,38,36,25,16],[13,32,2,21,24,30,6,17,33],[7,37,28,29,14,31,22],[19,39,11,8,4,23,3],[15,5,10,34,26,20]],"fuel":1223.5069164040433},{"fuel":1221.1627925896983,"distance":878.0309501586262,"trucks":[[9,12,18,27,35,38,36,25,16],[13,32,2,21,24,30,6,17,33],[7,37,28,29,14,31,22],[19,39,11,3,23,4,8],[15,5,10,34,26,20]]}]}