{"benchmark":"A-n39-k5","Optimal":822,"front":[{"fuel":1236.6706305683792,"trucks":[[13,32,2,39,16,30,21,24,34,26,20],[7,37,28,29,14,31,22],[18,3,36,38,35,25,27],[6,17,8,4,23,33,11],[15,19,10,5,12,9]],"distance":867.0422261043967},{"distance":870.7835368149938,"fuel":1230.7230819758329,"trucks":[[7,37,28,29,14,31,22],[13,32,2,39,16,30,21,24,34,26,20],[15,5,19,10,9,12],[27,18,25,3,36,38,35],[6,17,8,4,23,33,11]]},{"distance":871.6311793036596,"trucks":[[13,32,2,39,16,30,21,24,34,26,20],[7,37,28,29,14,31,22],[18,25,3,36,38,35,27],[6,11,33,23,4,8,17],[15,19,10,5,12,9]],"fuel":1224.5017145502925}]}