{"benchmark":"A-n32-k5","Optimal":784,"front":[{"trucks":[[7,24,29,5,12,9,19,10,23],[27,8,14,18,20,32,22],[28,30,16,11,26,6,21],[25,15,4,3],[31,17,2,13]],"distance":838.9256794429168,"fuel":1148.1840523093815},{"fuel":1144.4003301453815,"distance":847.0252132259137,"trucks":[[7,24,29,5,12,9,19,10,23],[27,8,14,18,20,32,22],[21,6,26,11,16,30],[28,25,15,4,3],[31,17,2,13]]}]}