{"Optimal":784,"front":[{"trucks":[[31,17,2,13],[21,6,26,11,30,16,23,10,9,19],[7,3,4,24,29,12,5,15],[8,20,18,32,22,14,27],[25,28]],"fuel":1122.1697736007818,"distance":797.0704612153291},{"fuel":1119.4756321017169,"distance":797.4671243840289,"trucks":[[31,17,2,13],[21,6,26,11,30,16,23,10,9,19],[7,4,3,24,5,12,29],[8,20,18,32,22,14,27],[28,25,15]]},{"distance":798.9981972974124,"fuel":1116.7598032622516,"trucks":[[31,17,2,13],[21,6,26,11,30,16,23,10,9,19],[8,20,18,32,22,14,27],[7,4,3,24,29,5,12],[28,25,15]]}],"benchmark":"A-n32-k5"}