{"benchmark":"M-n121-k7","Optimal":1034,"front":[{"distance":1186.6594519029545,"trucks":[[114,84,118,85,113,86,90,93,92,91,19,119,115,109,110,116,111,99,117],[42,43,40,39,38,45,47,50,48,49,46,44,41,52,51,30],[57,59,56,54,55,58,60,66,62,63,65,64,61,67,53,80,77],[105,104,71,70,68,74,72,75,73,76,81,79,78,69],[25,23,26,20,17,18,21,24,27,22,29,32,31,28,34,35,37,36,33,13,10],[112,83,82,2,3,7,8,9,14,15,16,12,11,5,4,6],[87,88,94,97,95,98,101,100,102,103,107,106,108,96,89,120,121]],"fuel":1715.566803099581}]}