{"Optimal":1034,"benchmark":"M-n121-k7","front":[{"fuel":1789.1886463495023,"trucks":[[36,33,29,32,31,28,25,23,26,20,17,18,21,24,27,22,37,35,34,30,50,47],[46,44,41,40,39,38,42,43,49,52,51,48,45,66,58],[75,79,81,80,53,60,62,63,55,54,56,59,57,61,64,65,67],[5,4,6,7,8,10,11,12,16,15,14,13,9,2,3],[70,71,68,72,73,76,78,77,74,69,99,111,116,110],[83,82,118,114,84,85,113,86,90,93,92,91,119,19,115,109,98,95],[112,87,88,94,97,100,101,117,104,105,108,107,106,103,102,96,89,120,121]],"distance":1239.582849318385}]}