{"optimalDistance":1373,"fuelSequence":[2190.996005416947,2190.996005416947,2180.515478862467,2180.515478862467,2180.515478862467,2180.515478862467,2180.515478862467,2180.515478862467,2180.515478862467,2180.515478862467,2172.9361945248456,2172.9361945248456,2172.9361945248456,2172.9361945248456,2172.9361945248456,2172.9361945248456,2172.9361945248456,2172.9361945248456,2172.9361945248456,2172.9361945248456,2172.9361945248456,2172.9361945248456,2172.9361945248456,2172.9361945248456,2172.9361945248456,2172.9361945248456,2172.9361945248456,2172.9361945248456,2172.9361945248456,2172.9361945248456,2170.684911942456,2169.671274208014,2164.9509502935052,2164.9509502935052,2164.9509502935052,2164.9509502935052,2162.226946886322,2162.226946886322,2162.226946886322,2162.226946886322,2162.226946886322,2162.226946886322,2162.226946886322,2162.226946886322,2156.122048550617,2156.122048550617,2156.122048550617,2156.122048550617,2156.122048550617,2155.6420102595894,2155.5074469989504,2155.5074469989504,2155.5074469989504,2155.5074469989504,2153.2561644165608,2153.2561644165608,2153.2561644165608,2152.4552993406564,2152.4552993406564,2150.2040167582663,2150.2040167582663,2150.2040167582663,2150.2040167582663,2150.2040167582663,2150.2040167582663,2150.2040167582663,2150.2040167582663,2149.9632797879563,2149.9632797879563,2148.5097864262125,2148.5097864262125,2148.5097864262125,2148.5097864262125,2148.5097864262125,2148.5097864262125,2148.5097864262125,2148.5097864262125,2148.5097864262125,2148.5097864262125,2148.5097864262125,2148.5097864262125,2147.8951848745464,2147.8951848745464,2147.8951848745464,2147.8951848745464,2147.8951848745464,2147.8951848745464,2147.8951848745464,2147.8951848745464,2146.9303683238904,2146.9303683238904,2146.9303683238904,2146.9303683238904,2146.9303683238904,2146.9303683238904,2146.9303683238904,2146.9303683238904,2146.9303683238904,2146.9303683238904,2146.9303683238904,2146.9303683238904,2146.9303683238904,2146.9303683238904,2146.9303683238904,2146.9303683238904,2146.9303683238904,2146.9303683238904,2145.7024246134742,2145.2361379918366,2145.2361379918366,2145.2361379918366,2145.2361379918366,2145.2361379918366,2145.2361379918366,2141.632757261608,2141.632757261608,2141.632757261608,2141.632757261608,2141.632757261608,2141.632757261608,2141.632757261608,2141.632757261608,2141.632757261608,2141.632757261608,2141.632757261608,2141.632757261608,2141.632757261608,2141.632757261608,2141.632757261608,2141.632757261608,2141.023810468541,2141.023810468541,2141.023810468541,2141.023810468541,2138.816394934351,2138.816394934351,2138.816394934351,2138.816394934351,2138.816394934351,2138.816394934351,2138.816394934351,2138.816394934351,2138.816394934351,2136.6786910719075,2136.6786910719075,2136.6786910719075,2136.6786910719075,2136.6786910719075,2136.6786910719075,2136.6786910719075,2136.6786910719075,2136.6786910719075,2136.6786910719075,2136.665524263223,2136.665524263223,2136.665524263223,2136.665524263223,2136.665524263223,2136.665524263223,2136.0697442788405,2136.0697442788405,2136.0697442788405,2133.914587764682,2133.914587764682,2133.914587764682,2133.914587764682,2133.914587764682,2133.914587764682,2133.914587764682,2133.914587764682,2133.914587764682,2133.305640971615,2133.305640971615,2133.305640971615,2133.305640971615,2133.305640971615,2133.305640971615,2133.305640971615,2133.305640971615,2133.305640971615,2133.305640971615,2133.305640971615,2133.305640971615,2133.305640971615,2133.2924741629304,2133.2924741629304,2133.2924741629304,2132.856557322332,2132.856557322332,2132.856557322332,2132.856557322332,2132.856557322332,2132.856557322332,2132.856557322332,2132.856557322332,2131.4575366895133,2131.4575366895133,2131.4575366895133,2131.4575366895133,2131.4575366895133,2131.4575366895133,2131.4575366895133,2131.4575366895133,2131.4575366895133,2131.4575366895133,2131.4575366895133,2131.4575366895133,2131.4575366895133,2131.4575366895133,2131.4575366895133,2130.618586191483,2130.618586191483,2130.618586191483,2127.3958704767424,2127.3958704767424,2127.3958704767424,2127.3958704767424,2127.3958704767424,2127.3958704767424,2127.3958704767424,2127.3958704767424,2127.3958704767424,2127.3958704767424,2127.3958704767424,2127.3958704767424,2127.3958704767424,2127.3958704767424,2126.285474042221,2126.285474042221,2126.285474042221,2126.285474042221,2126.285474042221,2126.285474042221,2126.285474042221,2126.285474042221,2126.285474042221,2126.285474042221,2126.285474042221,2126.285474042221,2126.285474042221,2126.285474042221,2126.285474042221,2126.285474042221,2126.285474042221,2123.792816671486,2123.792816671486,2123.792816671486,2123.792816671486,2123.792816671486,2123.792816671486,2123.792816671486,2123.792816671486,2123.792816671486,2123.792816671486,2123.792816671486,2123.792816671486,2123.7874493016993,2123.3437330222027,2123.3437330222027,2123.3437330222027,2123.3437330222027,2123.3437330222027,2123.3437330222027,2123.3437330222027,2123.3437330222027,2123.3437330222027,2123.3437330222027,2123.027745604489,2123.027745604489,2123.027745604489,2123.027745604489,2123.027745604489,2123.027745604489,2123.027745604489,2123.027745604489,2118.927364252228,2118.927364252228,2118.927364252228,2118.927364252228,2118.927364252228,2118.927364252228,2118.927364252228,2118.927364252228,2118.927364252228,2118.927364252228,2118.927364252228,2118.927364252228,2118.927364252228,2118.927364252228,2118.927364252228,2118.927364252228,2118.927364252228,2118.927364252228,2118.927364252228,2118.914197443544,2118.914197443544,2118.914197443544,2117.8169678177064,2117.8169678177064,2117.8169678177064,2117.8169678177064,2117.8169678177064,2117.8169678177064,2117.8169678177064,2117.0660931614425,2117.0660931614425,2117.0660931614425,2117.0660931614425,2117.0660931614425,2117.0660931614425,2116.6545829950132,2116.6545829950132,2116.6545829950132,2116.6545829950132,2116.6545829950132,2116.6545829950132,2116.5989611597206,2115.1470280087574,2115.1470280087574,2115.1470280087574,2115.1470280087574,2115.1470280087574,2115.1470280087574,2115.1470280087574,2115.1470280087574,2115.1470280087574,2114.036631574236,2114.036631574236,2114.036631574236,2114.036631574236,2114.036631574236,2114.036631574236,2114.036631574236,2114.036631574236,2114.036631574236,2114.036631574236,2114.036631574236,2114.036631574236,2113.298923726656,2113.298923726656,2113.298923726656,2113.298923726656,2113.298923726656,2112.8874135602273,2112.8874135602273,2112.8874135602273,2112.8874135602273,2112.8874135602273,2112.8874135602273,2112.8874135602273,2112.8874135602273,2112.8874135602273,2112.8874135602273,2112.8874135602273,2112.8874135602273,2112.8874135602273,2111.4980096836357,2111.4980096836357,2111.4980096836357,2111.4980096836357,2111.4980096836357,2111.4980096836357,2111.4980096836357,2111.4980096836357,2111.4980096836357,2111.4980096836357,2111.4980096836357,2111.4980096836357,2111.4980096836357,2111.4980096836357,2111.4980096836357,2111.4980096836357,2111.4980096836357,2111.4980096836357,2111.4980096836357,2111.4980096836357,2111.4980096836357,2111.4980096836357,2111.4980096836357,2111.4980096836357,2111.4980096836357,2111.4980096836357,2111.4980096836357,2111.4980096836357,2111.4980096836357,2111.4980096836357,2111.4980096836357,2111.4980096836357,2111.4980096836357,2111.4980096836357,2111.4980096836357,2110.387613249114,2110.387613249114,2110.387613249114,2110.387613249114,2110.387613249114,2110.387613249114,2109.6499054015344,2109.6499054015344,2109.6499054015344,2109.6499054015344,2109.6499054015344,2109.6499054015344,2109.6499054015344,2109.6499054015344,2109.6499054015344,2109.6499054015344,2107.445773399981,2107.445773399981,2107.445773399981,2107.445773399981,2107.445773399981,2107.445773399981,2107.445773399981,2107.445773399981,2107.445773399981,2107.445773399981,2107.445773399981,2107.445773399981,2107.445773399981,2107.445773399981,2107.445773399981,2107.445773399981,2107.445773399981,2107.445773399981,2107.445773399981,2107.445773399981,2107.445773399981,2107.445773399981,