{"front":[{"fuel":2117.1101383792707,"trucks":[[73,198,75,172,23,134,76,24,187,57,111],[49,125,169,37,144,50,65,12,176,108,20,124],[86,194,92,192,142,45,120,193,15,143,43,173],[151,81,69,122,30,170,79,35,165,136,36,137,72,104],[157,113,184,7,148,119,61,167,90],[95,96,98,93,152,60,100,105,94,99,101,38,97],[59,153,41,181,22,74,199,156,5,188,140],[185,117,197,77,159,4,130,80,186,82,34,78],[118,88,145,58,16,44,39,141,87,17,62,114,18,85,174],[3,179,116,146,42,40,68,171,26,56,166,25,164,135],[154,107,195,8,83,48,47,175,46,126,200,9,115],[191,32,163,102,71,161,129,189,21,31,123],[54,106,27,150,196,180,131,55,178,110,13],[51,52,10,162,66,67,182,132,33,91,64,127],[168,128,89,183,149,63,160,190,11,109],[112,177,133,70,2,103,158,121,139,155,29],[28,147,53,19,84,6,14,138]],"distance":1493.953550125516},{"distance":1494.3849753388408,"trucks":[[73,198,75,172,23,134,76,24,187,57,111],[49,125,169,37,144,50,65,12,176,108,20,124],[86,194,92,192,142,45,120,193,15,143,43,173],[151,81,69,122,30,170,79,35,165,136,36,137,72,104],[157,113,184,7,148,119,61,167,90],[95,96,98,93,152,60,100,105,94,99,101,38,97],[59,153,41,181,22,74,199,5,156,188,140],[185,117,197,77,159,4,130,80,186,82,34,78],[118,88,145,58,16,44,39,141,87,17,62,114,18,85,174],[3,179,116,146,42,40,68,171,26,56,166,25,164,135],[154,107,195,8,83,48,47,175,46,126,200,9,115],[191,32,163,102,71,161,129,189,21,31,123],[54,106,27,150,196,180,131,55,178,110,13],[51,52,10,162,66,67,182,132,33,91,64,127],[168,128,89,183,149,63,160,190,11,109],[29,112,177,133,70,2,103,158,121,139,155],[28,147,53,19,84,6,14,138]],"fuel":2113.2781624165073},{"trucks":[[73,198,75,172,23,134,76,24,187,57,111],[49,125,169,37,144,50,65,12,176,108,20,124],[86,194,92,192,142,45,120,193,15,143,43,173],[151,81,69,122,30,170,79,35,165,136,36,137,72,104],[157,113,184,7,148,119,61,167,90],[95,96,98,93,152,60,100,105,94,99,101,38,97],[59,153,41,181,22,74,199,5,156,188,140],[185,117,197,77,159,4,130,80,186,82,34,78],[118,88,145,58,16,44,39,141,87,17,62,114,18,85,174],[3,179,116,146,42,40,68,171,26,56,166,25,164,135],[154,107,195,8,83,48,47,175,46,126,200,9,115],[191,32,163,102,71,31,21,189,129,161,123],[54,106,27,150,196,180,131,55,178,110,13],[51,52,10,162,66,67,182,132,33,91,64,127],[168,128,89,183,149,63,160,190,11,109],[29,112,177,133,70,2,103,158,121,139,155],[28,147,53,19,84,6,14,138]],"distance":1494.5586620117592,"fuel":2112.1677659819857},{"fuel":2109.0161292432176,"trucks":[[73,198,75,172,23,134,76,24,187,57,111],[49,124,20,108,176,12,65,50,144,37,169,125],[86,194,92,192,142,45,120,193,15,143,43,173],[151,81,69,122,30,170,79,35,165,136,36,137,72,104],[157,113,184,7,148,119,61,167,90],[95,96,98,93,152,60,100,105,94,99,101,38,97],[59,153,41,181,22,74,199,5,156,188,140],[185,117,197,77,159,4,130,80,186,82,34,78],[118,88,145,58,16,44,39,141,87,17,62,114,18,174,85],[3,179,116,146,42,40,68,171,26,56,166,25,164,135],[154,107,195,8,83,48,47,175,46,126,200,9,115],[191,32,163,102,71,31,161,129,189,21,123],[54,106,27,150,196,180,131,55,178,110,13],[51,52,10,162,66,67,182,132,33,91,64,127],[168,128,89,183,149,63,160,190,11,109],[112,177,133,70,2,103,158,121,139,155,29],[28,147,53,19,84,6,14,138]],"distance":1495.62165164026},{"trucks":[[73,198,75,172,23,134,76,24,187,57,111],[49,124,20,108,176,12,65,50,144,37,169,125],[86,194,92,192,142,45,120,193,15,143,43,173],[151,81,69,122,30,170,79,35,165,136,36,137,72,104],[157,113,184,7,148,119,61,167,90],[95,96,98,93,152,60,100,105,94,99,101,38,97],[59,153,41,181,22,74,199,5,156,188,140],[185,117,197,77,159,4,130,80,186,82,34,78],[118,88,145,58,16,44,39,141,87,17,62,114,18,85,174],[3,179,116,146,42,40,68,171,26,56,166,25,164,135],[154,107,195,8,83,48,47,175,46,126,200,9,115],[191,32,163,102,71,31,21,189,129,161,123],[54,106,27,150,196,180,131,55,178,110,13],[51,52,10,162,66,67,182,132,33,91,64,127],[168,128,89,183,149,63,160,190,11,109],[29,112,177,133,70,2,103,158,121,139,155],[28,147,53,19,84,6,14,138]],"distance":1498.2268424661947,"fuel":2108.215194690387},{"distance":1501.8326833956226,"trucks":[[73,198,75,172,23,134,76,24,187,57,111],[49,124,20,108,176,12,65,50,144,37,169,125],[86,194,92,192,142,45,120,193,15,143,43,173],[151,81,69,122,30,170,79,35,165,136,36,137,72,104],[157,113,184,7,148,119,61,167,90],[95,96,98,93,152,60,100,105,94,99,101,38,97],[59,153,41,181,22,74,199,5,156,188,140],[185,117,197,77,159,4,130,80,186,82,34,78],[118,88,145,58,16,44,39,141,87,17,62,114,18,174,85],[3,179,116,146,42,40,68,171,26,56,166,25,164,135],[154,107,195,8,83,48,47,175,46,126,200,9,115],[191,32,163,102,71,31,21,189,129,161,123],[54,106,27,150,196,180,131,55,178,110,13],[51,52,10,162,66,67,182,132,33,91,64,127],[168,128,89,183,149,63,160,190,11,109],[139,155,29,112,177,133,70,2,103,158,121],[28,147,53,19,84,6,14,138]],"fuel":2104.5309718386684}],"benchmark":"M-n200-k17","Optimal":1373}