{"front":[{"distance":1492.9446429202492,"fuel":2135.2235241307067,"trucks":[[149,63,160,190,11,109,91,127,64,182,33,132],[49,125,169,48,37,144,65,12,176,108,20,124],[186,80,130,170,79,35,165,121,10,104,82,34],[61,119,6,85,126,46,175,9,115,200,84],[140,188,40,171,26,56,166,131,55,135,164,25,30,122],[191,32,163,102,71,123,31,161,129,21,189,52],[99,38,101,194,92,192,142,45,120,193,15,143,43,173,145],[94,86,62,174,18,114,17,87,141,39,44,16],[77,51,103,158,162,136,36,137,66,72,67],[53,154,107,195,8,89,183,50,47,83,19,167,90],[28,112,197,117,78,159,2,177,133,70,128,168,147],[146,42,23,134,76,57,187,24,68,156,5,111],[139,13,185,4,69,151,81,178,110,196,150,180],[152,93,60,100,105,97,96,118,98,88,58,179,116,3],[153,59,41,199,198,73,75,172,74,22,181],[106,27,155,29,54,138,14,95,184,7],[157,148,113]]},{"trucks":[[149,63,160,190,11,109,91,127,64,182,33,132],[49,125,169,48,37,144,65,12,176,108,20,124],[186,80,130,170,79,35,165,121,10,104,82,34],[61,119,6,85,126,46,175,9,115,200,84],[140,188,40,171,26,56,166,131,55,135,164,25,30,122],[191,32,163,102,71,123,31,161,129,21,189,52],[99,38,101,194,92,192,142,45,120,193,15,143,43,173,145],[94,86,62,174,18,114,17,87,141,39,44,16],[77,51,103,158,162,136,36,137,66,72,67],[53,154,107,195,8,89,183,50,47,83,19,167,90],[28,112,197,117,78,159,2,177,133,70,128,168,147],[146,42,23,134,76,57,187,24,68,5,156,111],[139,13,185,4,69,151,81,178,110,196,150,180],[152,93,60,100,105,97,96,118,98,88,58,179,116,3],[153,59,41,199,198,73,75,172,74,22,181],[106,27,155,29,54,138,14,95,184,7],[157,113,148]],"distance":1492.9671653026708,"fuel":2133.663244798976},{"trucks":[[149,63,160,190,11,109,91,127,64,182,33,132],[49,125,169,48,37,144,65,12,176,108,20,124],[186,80,130,170,79,35,165,121,10,104,82,34],[61,119,6,85,126,46,175,9,115,200,84],[140,188,40,171,26,56,166,131,55,135,164,25,30,122],[191,32,163,102,71,123,31,161,129,21,189,52],[99,38,101,194,92,192,142,45,120,193,15,143,43,173,145],[94,86,62,174,18,114,17,87,141,39,44,16],[77,51,103,158,162,136,36,137,66,72,67],[53,154,107,195,8,89,183,50,47,83,19,167,90],[28,112,197,117,78,159,2,177,133,70,128,168,147],[146,42,23,134,76,57,187,24,68,156,5,111],[139,13,185,4,69,151,81,178,110,196,150,180],[152,93,60,100,105,97,96,118,98,88,58,179,116,3],[153,59,41,199,73,198,75,172,74,22,181],[106,27,155,29,54,138,14,95,184,7],[157,113,148]],"distance":1493.0514877907578,"fuel":2133.4159668501284},{"trucks":[[107,195,8,183,89,149,63,160,109,11,190],[114,87,142,192,45,120,193,15,143,43,173,58],[34,82,121,10,162,72,137,36,136,165],[118,98,152,93,60,100,105,94,86,92,194,101,38,99],[139,155,13,110,178,151,81,69,122,30,130,170,35,79],[132,33,91,127,64,182,65,50,144,37,48,169,125,47,9],[53,154,83,49,124,20,108,176,12,161,129],[184,95,7,148,119,6,85,61,167,90],[41,23,134,76,57,187,24,68,40,188,140],[150,180,111,199,181,22,74,73,198,75,172,42,146],[196,55,131,156,5,171,26,56,166,135,164,25,80],[19,84,200,115,175,126,46,18,174,62,17,141,39,44,16],[59,153,14,138,3,116,179,145,88,96,97],[133,70,163,102,71,123,31,21,189,67,66,104,52,158],[157,113,54,106,27,32,191,128,168,147],[185,77,197,117,78,4,159,186,103,51,2,177],[28,112,29]],"distance":1493.879358646321,"fuel":2111.192302435619},{"fuel":2110.918876617837,"distance":1494.002354423167,"trucks":[[107,195,8,183,89,149,63,160,109,11,190],[114,87,142,192,45,120,193,15,143,43,173,58],[34,82,121,10,162,72,137,36,136,165],[118,98,152,93,60,100,105,94,86,92,194,101,38,99],[139,155,13,110,178,151,81,69,122,30,170,130,35,79],[132,33,91,127,64,182,65,50,144,37,48,169,125,47,9],[53,154,83,49,124,20,108,176,12,161,129],[184,95,7,148,119,6,85,61,167,90],[41,23,134,76,57,187,24,68,40,188,140],[150,180,111,199,181,22,74,73,198,75,172,42,146],[196,55,131,156,5,171,26,56,166,135,164,25,80],[19,84,200,115,175,126,46,18,174,62,17,141,39,44,16],[59,153,14,138,3,116,179,145,88,96,97],[133,70,163,102,71,123,31,21,189,67,66,104,52,158],[157,113,54,106,27,32,191,128,168,147],[185,77,197,117,78,4,159,186,103,51,2,177],[28,112,29]]},{"distance":1494.3397998828877,"fuel":2109.092195121854,"trucks":[[107,195,8,183,89,149,63,160,109,11,190],[114,87,142,192,45,120,193,15,143,43,173,58],[34,82,121,10,162,72,137,36,136,165],[118,98,152,93,60,100,105,94,86,92,194,101,38,99],[139,155,13,110,178,151,81,69,122,30,130,170,35,79],[132,33,91,127,64,182,65,50,144,37,48,169,125,47,9],[53,154,83,49,124,20,108,176,12,161,129],[184,95,7,148,119,6,85,61,167,90],[41,23,134,76,57,187,24,68,40,188,140],[150,180,111,199,181,22,74,73,198,75,172,42,146],[196,55,131,156,5,171,26,56,166,135,164,25,80],[19,84,200,115,175,126,46,18,174,62,17,141,39,44,16],[59,153,14,138,3,116,179,145,88,96,97],[133,70,163,102,71,123,31,21,189,67,66,104,52,158],[157,113,147,168,128,191,32,27,106,54],[185,77,197,117,78,4,159,186,103,51,2,177],[28,112,29]]}],"benchmark":"M-n200-k17","Optimal":1373}