{"optimalDistance":955,"fuelSequence":[1392.3201387465429,1392.3201387465429,1392.3201387465429,1392.3201387465429,1392.3201387465429,1392.3201387465429,1392.3201387465429,1392.3201387465429,1392.3201387465429,1392.3201387465429,1392.3201387465429,1392.3201387465429,1392.3201387465429,1392.3201387465429,1392.3201387465429,1392.3201387465429,1392.3201387465429,1392.3201387465429,1392.3201387465429,1392.3201387465429,1392.3201387465429,1392.3201387465429,1392.3201387465429,1392.3201387465429,1392.3201387465429,1392.3201387465429,1392.3201387465429,1392.3201387465429,1392.3201387465429,1392.3201387465429,1392.3201387465429,1392.3201387465429,1392.3201387465429,1392.3201387465429,1392.3201387465429,1392.3201387465429,1392.3201387465429,1392.3201387465429,1392.3201387465429,1392.3201387465429,1392.3201387465429,1392.3201387465429,1392.3201387465429,1392.3201387465429,1392.3201387465429,1392.3201387465429,1392.3201387465429,1392.3201387465429,1392.3201387465429,1392.3201387465429,1392.3201387465429,1392.3201387465429,1392.3201387465429,1392.3201387465429,1392.3201387465429,1392.3201387465429,1392.3201387465429,1392.3201387465429,1392.3201387465429,1392.3201387465429,1392.3201387465429,1392.3201387465429,1392.3201387465429,1392.3201387465429,1392.3201387465429,1392.3201387465429,1392.3201387465429,1392.3201387465429,1392.3201387465429,1392.3201387465429,1392.3201387465429,1392.3201387465429,1392.3201387465429,1392.3201387465429,1392.3201387465429,1392.3201387465429,1392.3201387465429,1392.3201387465429,1392.3201387465429,1392.3201387465429,1392.3201387465429,1392.3201387465429,1392.3201387465429,1392.3201387465429,1392.3201387465429,1392.3201387465429,1392.3201387465429,1392.3201387465429,1392.3201387465429,1392.3201387465429,1392.3201387465429,1392.3201387465429,1392.3201387465429,1392.3201387465429,1392.3201387465429,1392.3201387465429,1392.3201387465429,1392.3201387465429,1392.3201387465429,1392.3201387465429,1392.3201387465429,1392.3201387465429,1392.3201387465429,1392.3201387465429,1392.1250722560005,1392.1250722560005,1392.1250722560005,1392.1250722560005,1392.1250722560005,1392.1250722560005,1392.1250722560005,1392.1250722560005,1389.7023521693584,1389.7023521693584,1389.7023521693584,1389.7023521693584,1389.7023521693584,1389.7023521693584,1389.7023521693584,1389.7023521693584,1389.7023521693584,1389.7023521693584,1389.7023521693584,1389.7023521693584,1389.7023521693584,1389.7023521693584,1389.7023521693584,1389.7023521693584,1389.7023521693584,1389.7023521693584,1389.7023521693584,1389.7023521693584,1389.7023521693584,1389.7023521693584,1389.7023521693584,1389.7023521693584,1389.7023521693584,1389.7023521693584,1389.7023521693584,1389.7023521693584,1389.7023521693584,1389.7023521693584,1389.7023521693584,1389.7023521693584,1389.7023521693584,1389.7023521693584,1389.7023521693584,1389.7023521693584,1389.7023521693584,1389.7023521693584,1389.7023521693584,1389.7023521693584,1389.7023521693584,1389.7023521693584,1389.7023521693584,1389.7023521693584,1389.7023521693584,1389.7023521693584,1389.7023521693584,1389.7023521693584,1389.7023521693584,1389.7023521693584,1389.7023521693584,1389.7023521693584,1389.7023521693584,1384.4057643793908,1384.4057643793908,1384.4057643793908,1384.4057643793908,1384.4057643793908,1384.4057643793908,1384.4057643793908,1384.4057643793908,1384.4057643793908,1384.4057643793908,1384.4057643793908,1384.4057643793908,1384.4057643793908,1384.4057643793908,1384.4057643793908,1384.4057643793908,1384.4057643793908,1384.4057643793908,1384.4057643793908,1384.4057643793908,1384.4057643793908,1384.4057643793908,1384.4057643793908,1384.4057643793908,1384.4057643793908,1384.4057643793908,1384.4057643793908,1384.4057643793908,1384.4057643793908,1384.4057643793908,1384.4057643793908,1384.4057643793908,1376.4654040015441,1376.4654040015441,1376.4654040015441,1376.4654040015441,1376.4654040015441,1376.4654040015441,1376.4654040015441,1376.4654040015441,1376.4654040015441,1376.4654040015441,1376.4654040015441,1376.4654040015441,1376.4654040015441,1376.4654040015441,1376.4654040015441,1376.4654040015441,1376.4654040015441,1376.4654040015441,1376.4654040015441,1376.4654040015441,1376.4654040015441,1376.4654040015441,1376.4654040015441,1376.4654040015441,1376.4654040015441,1376.4654040015441,1376.4654040015441,1376.4654040015441,1376.4654040015441,1376.4654040015441,1376.4654040015441,1376.4654040015441,1376.4654040015441,1376.4654040015441,1376.4654040015441,1376.4654040015441,1376.4654040015441,1376.4654040015441,1376.4654040015441,1376.4654040015441,1376.4654040015441,1376.4654040015441,1376.4654040015441,1376.4654040015441,1376.4654040015441,1376.4654040015441,1376.4654040015441,1376.4654040015441,1376.4654040015441,1376.4654040015441,1376.4654040015441,1376.4654040015441,1376.4654040015441,1376.4654040015441,1376.4654040015441,1376.4654040015441,1376.4654040015441,1376.4654040015441,1376.4654040015441,1376.4654040015441,1376.4654040015441,1376.4654040015441,1376.4654040015441,1376.4654040015441,1376.4654040015441,1376.4654040015441,1376.4654040015441,1376.4654040015441,1376.4654040015441,1376.4654040015441,1376.4654040015441,1376.4654040015441,1376.4654040015441,1376.4654040015441,1376.4654040015441,1375.820312874995,1375.820312874995,1375.820312874995,1375.820312874995,1375.820312874995,1375.820312874995,1375.820312874995,1375.820312874995,1375.820312874995,1375.820312874995,1375.820312874995,1375.820312874995,1375.820312874995,1375.820312874995,1375.820312874995,1375.820312874995,1375.820312874995,1375.820312874995,1375.820312874995,1375.820312874995,1375.820312874995,1375.820312874995,1375.820312874995,1375.820312874995,1375.820312874995,1375.820312874995,1375.820312874995,1375.820312874995,1375.820312874995,1369.830889193775,1369.830889193775,1369.830889193775,1369.830889193775,1369.830889193775,1369.830889193775,1369.830889193775,1369.830889193775,1369.830889193775,1369.830889193775,1369.830889193775,1369.830889193775,1369.830889193775,1369.830889193775,1369.830889193775,1369.830889193775,1369.830889193775,1369.830889193775,1369.830889193775,1369.830889193775,1369.830889193775,1369.830889193775,1369.830889193775,1369.830889193775,1369.830889193775,1369.830889193775,1369.830889193775,1369.830889193775,1369.830889193775,1369.830889193775,1369.830889193775,1369.830889193775,1369.830889193775,1369.830889193775,1369.830889193775,1369.830889193775,1369.830889193775,1369.830889193775,1366.4087492791293,1366.4087492791293,1366.4087492791293,1366.4087492791293,1366.4087492791293,1366.4087492791293,1366.4087492791293,1366.4087492791293,1366.4087492791293,1366.4087492791293,1366.4087492791293,1366.4087492791293,1366.4087492791293,1366.4087492791293,1366.4087492791293,1366.4087492791293,1366.4087492791293,1366.4087492791293,1366.4087492791293,1366.4087492791293,1366.4087492791293,1366.4087492791293,1366.4087492791293,1366.4087492791293,1366.4087492791293,1366.4087492791293,1366.4087492791293,1366.4087492791293,1366.4087492791293,1366.4087492791293,1366.4087492791293,1366.4087492791293,1366.4087492791293,1366.4087492791293,1366.4087492791293,1366.4087492791293,1366.4087492791293,1366.4087492791293,1366.3049516551011,1366.3049516551011,1366.3049516551011,1366.3049516551011,1366.3049516551011,1366.3049516551011,1366.3049516551011,1366.3049516551011,1366.3049516551011,1366.3049516551011,1366.3049516551011,1366.3049516551011,1366.3049516551011,1366.3049516551011,1366.3049516551011,1366.3049516551011,1366.3049516551011,1366.3049516551011,1366.3049516551011,1366.3049516551011,1366.3049516551011,1366.3049516551011,1366.3049516551011,1366.3049516551011,1366.3049516551011,1363.3376278217554,1363.3376278217554,1363.3376278217554,1363.3376278217554,1363.3376278217554,1363.3376278217554,1363.3376278217554,1363.3376278217554,1363.3376278217554,1363.3376278217554,1363.3376278217554,1363.3376278217554,1363.3376278217554,1363.3376278217554,1363.3376278217554,1363.3376278217554,1363.3376278217554,1363.3376278217554,1363.3376278217554,1363.3376278217554,