{"front":[{"trucks":[[22,26,32,7,19,27,4,34],[35,28,25,29,5,15,23],[16,6,31,12,20,3,33,14],[18,11,17,24,2,10,13,21,8],[30,9]],"fuel":1377.2133540783057,"distance":975.6971885396722},{"distance":977.5004512328287,"trucks":[[18,11,17,24,2,10,13,21,8],[22,26,32,7,19,27,4,34],[35,28,25,15,5,29,23],[16,6,31,12,20,3,33,14],[30,9]],"fuel":1376.7317442782269},{"distance":978.7935425004885,"trucks":[[8,13,10,11,17,24,2,21,18],[35,28,25,29,5,15,23],[22,26,32,7,19,27,4,34],[16,6,31,12,20,3,33,14],[30,9]],"fuel":1376.111821156871},{"distance":979.5715759973837,"fuel":1373.9570886207011,"trucks":[[8,10,13,11,17,24,2,21,18],[22,26,32,7,19,27,4,34],[35,28,25,15,5,29,23],[16,6,31,12,20,3,33,14],[30,9]]}],"benchmark":"B-n35-k5","Optimal":955}