{"benchmark":"B-n35-k5","front":[{"distance":973.7737841924555,"fuel":1373.1425413644117,"trucks":[[16,6,31,12,20,3,33,14],[13,11,17,2,24,10,8,21],[15,35,28,25,5,29,23],[22,26,32,7,19,27,4,34],[30,18,9]]},{"fuel":1371.2974473476133,"trucks":[[15,35,28,25,5,29,23],[13,11,17,2,24,10,8,21],[22,26,32,7,19,27,4,34],[16,20,12,31,6,3,33,14],[30,18,9]],"distance":976.7679895633834}],"Optimal":955}