{"front":[{"fuel":1651.8686169821033,"distance":1172.2232712111372,"trucks":[[22,28,30,20,37,32],[23,31,38,2,11],[25,45,34,6,15],[10,16,43,26,24,18,39,9],[5,7,29,4,12,44,42],[36,40,35,27,3,13],[33,14,19,8,17,21,41]]},{"fuel":1640.0508264873713,"distance":1174.3843168916337,"trucks":[[22,28,30,20,37,32],[9,11,23,31,38,2],[25,45,34,6,15],[10,16,43,26,24,18,39],[5,7,29,4,12,44,42],[36,40,35,27,3,13],[33,14,19,8,17,21,41]]},{"distance":1174.8109957939653,"trucks":[[22,28,30,20,37,32],[11,23,31,38,2],[25,45,34,6,15],[10,16,43,26,24,18,39,9],[5,7,29,4,12,44,42],[36,40,35,27,3,13],[33,14,19,8,17,21,41]],"fuel":1639.8550427849316}],"Optimal":1146,"benchmark":"A-n45-k7"}