{"Optimal":1146,"front":[{"distance":1172.2232712111372,"fuel":1651.8686169821033,"trucks":[[22,28,30,20,37,32],[25,45,34,6,15],[10,16,43,26,24,18,39,9],[5,7,29,4,12,44,42],[23,31,38,2,11],[40,36,35,27,3,13],[33,14,19,8,17,21,41]]},{"fuel":1651.809635814772,"trucks":[[22,28,30,20,37,32],[25,45,34,6,15],[10,11,43,26,24,18,39,9],[5,7,29,4,12,44,42],[23,31,38,2,16],[40,36,35,27,3,13],[33,14,19,8,17,21,41]],"distance":1172.9891445398252},{"distance":1174.384316891634,"fuel":1640.050826487371,"trucks":[[22,28,30,20,37,32],[25,45,34,6,15],[10,16,43,26,24,18,39],[5,7,29,4,12,44,42],[9,11,23,31,38,2],[40,36,35,27,3,13],[33,14,19,8,17,21,41]]},{"fuel":1639.8550427849316,"trucks":[[22,28,30,20,37,32],[25,45,34,6,15],[10,16,43,26,24,18,39,9],[5,7,29,4,12,44,42],[11,23,31,38,2],[40,36,35,27,3,13],[33,14,19,8,17,21,41]],"distance":1174.8109957939653}],"benchmark":"A-n45-k7"}