{"Optimal":237,"front":[{"trucks":[[21,31,22,23,29,28,43,44,47,54,46,49,48,51,71,52,50,45,53,25,26,27,24,30],[36,37,34,15,19,2,16,20,3,14,18,17,13,72,7],[12,11,10,8,5,9,6,4],[32,33,35,61,62,59,60,64,66,65,63,67,68,69,40,38,41,39,70,58,57,56,55,42]],"fuel":387.8557408249735,"distance":283.2232668490691},{"trucks":[[26,25,27,24,30,21,31,22,23,29,28,43,44,47,54,46,49,48,51,71,52,50,45,53],[36,37,34,15,19,2,20,16,3,14,18,17,13,72,7],[12,11,10,8,5,9,4,6],[55,56,42,58,57,60,59,62,61,63,65,66,64,67,68,69,40,38,41,39,70,35,33,32]],"fuel":376.6111073888741,"distance":286.1578814897158}],"benchmark":"F-n72-k4"}