{"benchmark":"F-n72-k4","Optimal":237,"front":[{"distance":286.19513832536705,"trucks":[[21,30,31,22,23,27,24,25,26,33,35,32,72,7,11,4,6,9,5,8,10],[42,56,55,57,58,40,69,70,38,39,41,53,46,54,47,44,43,45,49,48,51,71,52,50,28,29],[37,34,36,19,14,13,17,18,3,16,20,15,61,62,59,60,64,63,65,66,67,68],[12,2]],"fuel":395.29522509186984},{"distance":290.2926489676896,"trucks":[[30,21,31,22,23,28,29,43,44,45,47,54,46,49,48,51,71,52,50,53,25,26,27,24],[55,42,58,57,60,59,62,61,63,65,66,64,67,68,40,69,70,38,39,41,20,16,3,18,17,13,14,7,72],[36,34,2,11,6,4,9,5,8,10],[19,12,15,37,32,33,35,56]],"fuel":392.86888475589063},{"distance":290.6190255689395,"trucks":[[21,31,22,23,29,28,43,44,47,54,46,49,48,51,71,52,50,45,53,25,26,27,24,30],[55,42,57,58,60,59,62,61,63,65,66,64,67,68,40,69,38,39,41,70,20,16,3,18,17,13,14,7,72],[34,15,2,19,11,6,4,9,5,8,10],[12,36,37,32,35,56,33]],"fuel":392.75788824553325},{"distance":290.90671268538506,"trucks":[[25,26,27,24,30,21,31,22,23,29,28,43,44,47,54,45,50,52,71,51,48,49,46,53],[55,56,57,58,60,59,62,61,63,65,66,64,67,68,40,69,38,39,41,70,20,16,3,18,17,13,14,7,72],[34,2,19,11,6,4,9,5,8,10],[36,12,15,37,32,33,35,42]],"fuel":380.7977475195436}]}