{"optimalDistance":788,"benchmark":"B-n34-k5","distanceSequence":[828.9699747777747,828.9699747777747,828.9699747777747,828.9699747777747,828.9699747777747,827.7790678059686,827.7790678059686,821.3672849056202,821.3672849056202,805.210130247285,805.210130247285,805.210130247285,805.210130247285,805.210130247285,805.210130247285,805.210130247285,805.210130247285,805.210130247285,803.886760781103,803.886760781103,803.886760781103,803.886760781103,803.886760781103,803.886760781103,803.886760781103,803.886760781103,803.886760781103,803.5861052092105,803.5861052092105,803.5861052092105,803.5861052092105,802.9959834159115,802.9959834159115,802.9959834159115,802.9959834159115,802.9959834159115,802.9959834159115,802.9959834159115,802.9959834159115,802.9959834159115,802.9959834159115,802.9959834159115,801.5026819303414,801.5026819303414,801.5026819303414,801.5026819303414,801.5026819303414,801.5026819303414,801.5026819303414,801.5026819303414,801.5026819303414,801.5026819303414,799.5471247785986,799.5471247785986,799.5471247785986,799.5471247785986,799.5471247785986,799.5471247785986,799.5471247785986,799.5471247785986,799.5471247785986,799.5471247785986,799.5471247785986,799.5471247785986,799.5471247785986,799.5471247785986,799.5471247785986,799.5471247785986,799.5471247785986,799.5471247785986,799.5471247785986,799.5471247785986,799.5471247785986,799.5471247785986,799.5471247785986,799.5471247785986,799.5471247785986,799.5471247785986,799.5471247785986,799.5471247785986,799.5471247785986,799.5471247785986,799.5471247785986,799.5471247785986,799.5471247785986,799.5471247785986,799.5471247785986,799.5471247785986,799.5471247785986,799.5471247785986,799.5471247785986,799.5471247785986,799.5471247785986,799.5471247785986,799.5471247785986,799.5471247785986,799.5471247785986,799.5471247785986,799.5471247785986,799.5471247785986,799.5471247785986,799.5471247785986,799.5471247785986,799.5471247785986,799.5471247785986,799.5471247785986,799.5471247785986,799.5471247785986,799.5471247785986,799.5471247785986,799.5471247785986,799.5471247785986,799.5471247785986,799.5471247785986,799.5471247785986,799.5471247785986,799.5471247785986,799.5471247785986,799.5471247785986,799.5471247785986,799.5095925504129,799.5095925504129,799.5095925504129,799.5095925504129,799.5095925504129,799.5095925504129,799.5095925504129,799.5095925504129,799.5095925504129,799.5095925504129,799.4298545448867,799.4298545448867,799.4298545448867,799.4298545448867,799.4298545448867,799.4298545448867,799.4298545448867,799.4298545448867,799.4298545448867,799.4298545448867,799.4298545448867,799.4298545448867,799.4298545448867,799.4298545448867,799.4298545448867,799.4298545448867,799.4298545448867,799.4298545448867,799.4298545448867,799.4298545448867,799.4298545448867,799.4298545448867,799.4298545448867,799.4298545448867,799.4298545448867,798.4422025992457,798.4422025992457,798.4422025992457,798.4422025992457,798.4422025992457,798.4422025992457,798.4422025992457,798.4422025992457,798.4422025992457,798.4422025992457,798.4422025992457,798.4422025992457,798.4422025992457,798.4422025992457,798.4422025992457,798.4422025992457,798.4422025992457,798.4422025992457,798.4422025992457,798.4422025992457,798.4422025992457,798.4422025992457,798.4422025992457,798.4422025992457,798.4422025992457,798.4422025992457,798.4422025992457,798.4422025992457,798.4422025992457,798.4422025992457,798.4422025992457,798.4422025992457,798.4422025992457,798.4422025992457,798.4422025992457,798.4422025992457,798.4422025992457,798.4422025992457,798.4422025992457,798.4422025992457,798.4422025992457,798.4422025992457,798.4422025992457,798.4422025992457,798.4422025992457,798.4422025992457,798.4422025992457,798.4422025992457,798.4422025992457,798.4422025992457,798.4422025992457,798.4422025992457,798.4422025992457,798.4422025992457,798.4422025992457,798.4422025992457,798.4422025992457,798.4422025992457,798.4422025992457,798.4422025992457,798.4422025992457,798.4422025992457,798.4422025992457,798.4422025992457,798.4422025992457,798.4422025992457,798.4422025992457,798.4422025992457,798.4422025992457,798.4422025992457,798.4422025992457,798.4422025992457,798.4422025992457,798.4422025992457,798.4422025992457,798.4422025992457,798.4422025992457,798.4422025992457,798.4422025992457,798.4422025992457,798.4422025992457,798.4422025992457,798.4422025992457,798.4422025992457,798.4422025992457,798.4422025992457,798.4422025992457,798.4422025992457,798.4422025992457,798.4422025992457,798.4422025992457,798.4422025992457,798.4422025992457,798.4422025992457,798.4422025992457,798.4422025992457,798.4422025992457,798.4422025992457,798.4422025992457,798.4422025992457,798.4422025992457,798.4422025992457,798.4422025992457,798.4422025992457,798.4422025992457,798.4422025992457,798.4422025992457,798.4422025992457,798.4422025992457,798.4422025992457,798.4422025992457,798.4422025992457,798.4422025992457,798.4422025992457,798.4422025992457,798.4422025992457,798.4422025992457,798.4422025992457,798.4422025992457,798.4422025992457,798.4422025992457,798.4422025992457,798.4422025992457,798.4422025992457,798.4422025992457,798.4422025992457,798.4422025992457,798.4422025992457,798.4422025992457,798.4422025992457,798.4422025992457,798.4422025992457,798.4422025992457,798.4422025992457,798.4422025992457,798.4422025992457,798.4422025992457,798.4422025992457,798.4422025992457,798.4422025992457,798.4422025992457,798.4422025992457,798.4422025992457,798.4422025992457,798.4422025992457,798.4422025992457,798.4422025992457,798.4422025992457,798.4422025992457,798.4422025992457,798.4422025992457,798.4422025992457,798.4422025992457,798.4422025992457,798.4422025992457,798.4422025992457,798.4422025992457,798.4422025992457,798.4422025992457,798.4422025992457,798.4422025992457,798.4422025992457,798.4422025992457,798.4422025992457,798.4422025992457,798.4422025992457,798.4422025992457,798.4422025992457,798.4422025992457,798.4422025992457,798.4422025992457,798.4422025992457,798.4422025992457,798.4422025992457,798.4422025992457,798.4422025992457,798.4422025992457,798.4422025992457,798.4422025992457,798.4422025992457,798.4422025992457,798.4422025992457,798.4422025992457,798.4422025992457,798.4422025992457,798.4422025992457,798.4422025992457,798.4422025992457,798.4422025992457,798.4422025992457,798.4422025992457,798.4422025992457,798.4422025992457,798.4422025992457,798.4422025992457,798.4422025992457,798.4422025992457,798.4422025992457,798.4422025992457,798.4422025992457,798.4422025992457,798.4422025992457,798.4422025992457,798.4422025992457,798.4422025992457,798.4422025992457,798.4422025992457,798.4422025992457,798.4422025992457,798.4422025992457,798.4422025992457,798.4422025992457,798.4422025992457,798.4422025992457,798.4422025992457,798.4422025992457,798.4422025992457,798.4422025992457,798.4422025992457,798.4422025992457,798.4422025992457,798.4422025992457,798.4422025992457,798.4422025992457,798.4422025992457,798.4422025992457,798.4422025992457,798.4422025992457,798.4422025992457,798.4422025992457,798.4422025992457,798.4422025992457,798.4422025992457,798.4422025992457,798.4422025992457,798.4422025992457,798.4422025992457,798.4422025992457,798.4422025992457,798.4422025992457,798.4422025992457,798.4422025992457,798.4422025992457,798.4422025992457,798.4422025992457,798.4422025992457,798.4422025992457,798.4422025992457,798.4422025992457,798.4422025992457,798.4422025992457,798.4422025992457,798.4422025992457,798.4422025992457,798.4422025992457,798.4422025992457,798.4422025992457,798.4422025992457,798.4422025992457,798.4422025992457,798.4422025992457,798.4422025992457,798.4422025992457,798.4422025992457,798.4422025992457,798.4422025992457,798.4422025992457,798.4422025992457,798.4422025992457,798.4422025992457,798.4422025992457,798.4422025992457,798.4422025992457,798.4422025992457,798.4422025992457,798.4422025992457,798.4422025992457,798.4422025992457,798.4422025992457,798.4422025992457,798.4422025992457,798.4422025992457,798.4422025992457,798.4422025992457,798.4422025992457,798.4422025992457,