{"front":[{"trucks":[[22,8,5,21,3,31,12],[2,20,19,15,25,27,9,13],[23,33,34,11,24],[17,10,30,28,4],[6,7,26,18,32,29,14,16]],"fuel":1122.4306133746356,"distance":794.7004459282309}],"benchmark":"B-n34-k5","Optimal":788}