{"front":[{"trucks":[[3,22,8,5,21,24,11,9],[34,33,23,31,12],[6,7,26,18,32,29,14,16],[2,20,19,17,25,30,28,4,27,13],[10,15]],"distance":791.2402758558223,"fuel":1118.0711942084245},{"trucks":[[3,22,8,5,21,11,24,9],[34,33,23,31,12],[6,7,26,18,32,29,14,16],[2,20,19,25,30,28,4,27,13],[17,10,15]],"distance":791.2478821508303,"fuel":1118.027786660947},{"distance":792.8358554182712,"fuel":1117.8263418022084,"trucks":[[3,22,8,5,21,9,24,11],[34,33,23,31,12],[6,7,26,18,32,29,14,16],[2,20,19,17,25,30,28,4,27,13],[10,15]]},{"trucks":[[3,22,8,5,21,9,24,11],[34,33,23,31,12],[6,7,26,18,32,29,14,16],[2,20,19,25,30,28,4,27,13],[17,10,15]],"distance":792.843461713279,"fuel":1117.782934254731}],"benchmark":"B-n34-k5","Optimal":788}