{"optimalDistance":707,"distanceSequence":[785.7650555624782,785.7650555624782,785.7650555624782,785.7650555624782,785.7650555624782,785.7650555624782,785.7650555624782,785.7650555624782,785.7650555624782,785.7650555624782,785.7650555624782,785.7650555624782,785.7650555624782,785.7650555624782,785.7650555624782,785.7650555624782,785.7650555624782,785.7650555624782,785.7650555624782,785.7650555624782,785.7650555624782,785.7650555624782,785.7650555624782,785.7650555624782,785.7650555624782,785.7650555624782,785.7650555624782,785.7650555624782,785.7650555624782,785.7650555624782,785.7650555624782,785.7650555624782,785.7650555624782,785.7650555624782,785.7650555624782,785.7650555624782,785.7650555624782,785.7650555624782,785.7650555624782,785.7650555624782,785.7650555624782,785.7650555624782,785.7650555624782,785.7650555624782,785.7650555624782,784.8448558467095,784.8448558467095,784.8448558467095,784.8448558467095,784.8448558467095,784.8448558467095,784.8448558467095,784.8448558467095,784.8448558467095,784.8448558467095,784.8448558467095,784.8448558467095,784.8448558467095,784.8448558467095,784.8448558467095,784.8448558467095,784.8448558467095,784.8448558467095,784.8448558467095,784.8448558467095,784.8448558467095,784.8448558467095,784.8448558467095,784.8448558467095,784.8448558467095,784.8448558467095,784.8448558467095,784.8448558467095,784.8448558467095,784.8448558467095,784.8448558467095,784.8448558467095,784.8448558467095,784.8448558467095,784.8448558467095,784.8448558467095,784.8448558467095,784.8448558467095,784.8448558467095,784.8448558467095,784.8448558467095,784.8448558467095,784.8448558467095,784.8448558467095,784.8448558467095,784.8448558467095,784.8448558467095,784.8448558467095,784.8448558467095,784.8448558467095,784.8448558467095,784.8448558467095,768.4683572334847,768.4683572334847,768.4683572334847,768.4683572334847,768.4683572334847,768.4683572334847,768.4683572334847,768.4683572334847,768.4683572334847,768.4683572334847,768.4683572334847,768.4683572334847,768.4683572334847,768.4683572334847,768.4683572334847,768.4683572334847,768.4683572334847,768.4683572334847,768.4683572334847,768.4683572334847,768.4683572334847,768.4683572334847,768.4683572334847,768.4683572334847,768.4683572334847,768.4683572334847,768.4683572334847,768.4683572334847,768.4683572334847,768.4683572334847,768.4683572334847,768.4683572334847,768.4683572334847,768.4683572334847,768.4683572334847,768.4683572334847,768.4683572334847,768.4683572334847,768.4683572334847,768.4683572334847,768.4683572334847,768.4683572334847,768.4683572334847,765.5533603241263,765.5533603241263,765.5533603241263,765.5533603241263,765.5533603241263,765.5533603241263,765.5533603241263,765.5533603241263,765.5533603241263,765.5533603241263,765.5533603241263,765.5533603241263,765.5533603241263,765.5533603241263,765.5533603241263,765.5533603241263,765.5533603241263,765.5533603241263,765.5533603241263,765.5533603241263,765.5533603241263,765.5533603241263,765.5533603241263,765.5533603241263,765.5533603241263,765.5533603241263,765.5533603241263,765.5533603241263,765.5533603241263,765.5533603241263,765.5533603241263,765.5533603241263,765.5533603241263,765.5533603241263,765.5533603241263,765.5533603241263,765.5533603241263,765.5533603241263,758.7395589911071,758.7395589911071,758.7395589911071,758.7395589911071,758.7395589911071,758.7395589911071,758.7395589911071,758.7395589911071,758.7395589911071,758.7395589911071,758.7395589911071,758.7395589911071,758.7395589911071,758.7395589911071,758.7395589911071,758.7395589911071,758.7395589911071,758.7395589911071,758.7395589911071,758.7395589911071,758.7395589911071,758.7395589911071,758.7395589911071,758.7395589911071,758.7395589911071,758.7395589911071,758.7395589911071,758.7395589911071,758.7395589911071,758.7395589911071,758.7395589911071,758.7395589911071,758.7395589911071,758.7395589911071,758.7395589911071,758.7395589911071,758.7395589911071,758.7395589911071,758.7395589911071,758.7395589911071,758.7395589911071,758.7395589911071,758.7395589911071,758.7395589911071,758.7395589911071,758.7395589911071,758.7395589911071,758.7395589911071,758.7395589911071,758.7395589911071,758.7395589911071,758.7395589911071,758.7395589911071,758.7395589911071,758.7395589911071,758.7395589911071,758.7395589911071,758.7395589911071,758.7395589911071,758.7395589911071,758.7395589911071,758.7395589911071,758.7395589911071,758.7395589911071,756.5405681821595,756.5405681821595,756.5405681821595,756.5405681821595,756.5405681821595,756.5405681821595,756.5405681821595,756.5405681821595,756.5405681821595,756.5405681821595,755.2917959517644,755.2917959517644,755.2917959517644,755.2917959517644,755.2917959517644,755.2917959517644,755.2917959517644,755.2917959517644,755.2917959517644,755.2917959517644,755.2917959517644,755.2917959517644,755.2917959517644,755.2917959517644,755.2917959517644,755.2917959517644,755.2917959517644,755.2917959517644,755.2917959517644,755.2917959517644,755.2917959517644,755.2917959517644,755.2917959517644,755.2917959517644,755.2917959517644,755.2917959517644,755.2917959517644,755.2917959517644,755.2917959517644,755.1402889360025,755.1402889360025,755.1402889360025,755.1402889360025,755.1402889360025,755.1402889360025,755.1402889360025,755.1402889360025,755.1402889360025,755.1402889360025,755.1402889360025,755.1402889360025,755.1402889360025,755.1402889360025,755.1402889360025,755.1402889360025,755.1402889360025,755.1402889360025,755.1402889360025,755.1402889360025,755.1402889360025,755.1402889360025,755.1402889360025,755.1402889360025,755.1402889360025,755.1402889360025,755.1402889360025,755.1402889360025,755.1402889360025,755.1402889360025,755.1402889360025,755.1402889360025,755.1402889360025,755.1402889360025,755.1402889360025,755.1402889360025,755.1402889360025,755.1402889360025,755.1402889360025,755.1402889360025,755.1402889360025,755.1402889360025,755.1402889360025,755.1402889360025,755.1402889360025,749.3664709430441,749.3664709430441,749.3664709430441,749.3664709430441,749.3664709430441,749.3664709430441,749.3664709430441,749.3664709430441,749.3664709430441,749.3664709430441,749.3664709430441,749.3664709430441,749.3664709430441,749.3664709430441,749.3664709430441,749.3664709430441,749.3664709430441,749.3664709430441,749.3664709430441,749.3664709430441,749.3664709430441,749.3664709430441,749.3664709430441,749.3664709430441,749.3664709430441,749.3664709430441,749.3664709430441,749.3664709430441,749.3664709430441,749.3664709430441,749.3664709430441,749.3664709430441,749.3664709430441,749.3664709430441,749.3664709430441,749.3664709430441,749.3664709430441,749.3664709430441,749.3664709430441,749.3664709430441,749.3664709430441,749.3664709430441,749.3664709430441,749.3664709430441,749.3664709430441,749.3664709430441,749.3664709430441,749.3664709430441,749.3664709430441,749.3664709430441,749.3664709430441,749.3664709430441,749.3664709430441,749.3664709430441,749.3664709430441,749.3664709430441,749.3664709430441,749.3664709430441,749.3664709430441,749.3664709430441,749.3664709430441,749.3664709430441,749.3664709430441,749.3664709430441,749.3664709430441,749.3664709430441,749.3664709430441,749.3664709430441,749.3664709430441,749.3664709430441,749.3664709430441,749.3664709430441,749.3664709430441,749.3664709430441,749.3664709430441,749.3664709430441,749.3664709430441,749.3664709430441,749.3664709430441,749.3664709430441,749.3664709430441,749.3664709430441,749.3664709430441,749.3664709430441,749.3664709430441,749.3664709430441,749.3664709430441,749.3664709430441,749.3664709430441,749.3664709430441,749.3664709430441,749.3664709430441,749.3664709430441,749.3664709430441,749.3664709430441,749.3664709430441,749.3664709430441,749.3664709430441,749.3664709430441,749.3664709430441,749.3664709430441,749.3664709430441,749.3664709430441,749.3664709430441,749.3664709430441,749.3664709430441,749.3664709430441,749.3664709430441,749.3664709430441,749.3664709430441,749.3664709430441,749.3664709430441,749.3664709430441,749.3664709430441,749.3664709430441,749.3664709430441,