{"benchmark":"B-n56-k7","front":[{"fuel":1077.1143854317288,"trucks":[[53,17,36,49,33,37,4],[28,2,22,5,40,27,48],[47,29,9,18,52,45,15,11,19],[44,13,24,51,23,39,10,6,41],[14,50,34,12,56,21,32,3,55,35,31],[38,43,30,16,8,20,25,54,26],[42,46,7]],"distance":747.8388363883591},{"fuel":1049.5470774549,"trucks":[[28,17,36,49,33,37,4],[44,13,24,51,23,39,10,6,41],[47,29,9,18,52,45,15,11,19],[14,50,34,12,56,21,32,3,55,35,31],[26,54,25,7,42,8,20,16],[46,30,43,38],[2,53,22,5,40,27,48]],"distance":754.7190746227726},{"fuel":1044.0987505572307,"trucks":[[2,53,17,36,49,4,37,33],[41,6,23,39,10,51,24,13,44],[14,50,34,12,56,21,32,3,55,35,31],[47,29,9,18,52,45,15,11,19],[26,54,25,42,7,16,8,20],[46,30,43,38],[28,22,5,40,27,48]],"distance":755.2917959517644}],"Optimal":707}