{"front":[{"fuel":1048.1598121298914,"trucks":[[19,47,29,9,18,52,45,15,11],[26,54,7,25,16,8,38,20],[28,53,49,33,37,4,36,17],[14,50,34,12,56,21,32,3,55,35,31],[44,39,51,23,24,13,10,6,41],[2,22,5,40,27,48],[46,30,43,42]],"distance":757.26791304327}],"benchmark":"B-n56-k7","Optimal":707}