{"front":[{"distance":1443.2276932126242,"fuel":1991.0376563521763,"trucks":[[29,16,54,13,49,57,47],[53,37,17,38,23,45,3],[56,60,27,34,59,18,51],[8,21,41,7,33,58,44,9],[39,20,14,15,6,61,32,35,26,12,50,36,10],[52,11,62,30],[19,31,2,5,22,42,24,28,40,55],[46,43,25,48,4]]}],"benchmark":"A-n62-k8","Optimal":1288}