{"Optimal":1288,"front":[{"fuel":1979.6995663332323,"distance":1383.3639376959318,"trucks":[[16,53,37,45,23,38,17],[60,56,27,34,59,18,51,8],[31,19,2,55,10,12,50,36,54],[41,58,33,7,62,30,44],[48,40,28,24,42,22,5,26,35,32,61,6,15,29],[57,49,13,14,39,20,3],[47,43,4,25,46,21],[52,9,11]]},{"trucks":[[60,56,27,34,59,18,51,8],[21,57,49,3,20,39],[30,62,41,7,33,58,44],[31,19,2,55,10,12,50,36],[16,53,37,45,23,38,17],[48,40,28,24,42,22,5,26,35,32,61,6,15,54],[13,14,47,43,4,25,46],[29,52,9,11]],"distance":1383.7590846534572,"fuel":1968.9348152953385}],"benchmark":"A-n62-k8"}