{"Optimal":1288,"front":[{"fuel":2058.905790625905,"distance":1460.2669358039861,"trucks":[[29,13,57,49,31,19,20,39],[37,53,38,23,45,3,17],[8,21,41,7,33,58,62,9],[36,50,12,5,22,42,24,28,40,54],[60,59,18,51,34,27,56],[52,11,44,30],[16,15,6,61,32,35,26,10,55,2,4],[14,47,25,43,48,46]]},{"trucks":[[19,31,2,55,10,12,50,36,54],[13,57,49,47,20,39,14],[53,37,17,38,23,45,3],[8,21,41,7,33,58,62,9],[60,59,18,51,34,27,56],[52,11,44,30],[46,25,4,40,28,24,42,22,5],[16,29,15,6,61,32,35,26,43,48]],"fuel":2030.3761157542367,"distance":1464.8055114902177}],"benchmark":"A-n62-k8"}