{"optimalDistance":1598,"distanceSequence":[1696.6244022207738,1696.6244022207738,1696.6244022207738,1696.6244022207738,1696.5919060704955,1696.5919060704955,1696.5919060704955,1690.514655414756,1690.514655414756,1690.514655414756,1690.514655414756,1690.514655414756,1690.514655414756,1690.514655414756,1690.514655414756,1690.514655414756,1690.514655414756,1688.3009453776754,1684.449082119023,1684.449082119023,1684.449082119023,1684.449082119023,1684.449082119023,1684.449082119023,1684.449082119023,1684.449082119023,1684.449082119023,1684.449082119023,1684.008138728736,1682.2353720819424,1682.2353720819424,1681.4101502121243,1681.4101502121243,1681.4101502121243,1681.4101502121243,1680.7075080369418,1680.7075080369418,1674.075160691933,1674.075160691933,1674.075160691933,1674.075160691933,1674.075160691933,1674.075160691933,1674.075160691933,1674.075160691933,1674.075160691933,1674.075160691933,1672.5472966469324,1671.8614506548524,1671.8614506548524,1671.8614506548524,1671.8614506548524,1670.2863739581016,1670.2863739581016,1670.2863739581016,1670.2863739581016,1670.2863739581016,1670.0249876360244,1670.0249876360244,1670.0249876360244,1670.0249876360244,1670.0249876360244,1669.8233541626882,1669.2955564681356,1669.2955564681356,1669.2955564681356,1667.8626740115587,1667.8626740115587,1667.8626740115587,1666.3348099665582,1666.3348099665582,1666.3348099665582,1666.3348099665582,1666.3348099665582,1666.3348099665582,1666.3348099665582,1666.3348099665582,1666.3348099665582,1666.3348099665582,1664.822670218257,1664.822670218257,1664.822670218257,1664.822670218257,1664.822670218257,1664.5246892523023,1664.5246892523023,1664.5246892523023,1664.5246892523023,1664.5246892523023,1663.9996221635656,1663.8318527282909,1663.8318527282909,1663.8318527282909,1663.8318527282909,1663.8318527282909,1663.8318527282909,1663.8318527282909,1663.8318527282909,1663.8318527282909,1663.8318527282909,1663.8318527282909,1663.8318527282909,1663.8318527282909,1663.8318527282909,1663.8318527282909,1663.8318527282909,1663.6907403475257,1663.6907403475257,1663.6907403475257,1663.6907403475257,1663.6907403475257,1663.6907403475257,1663.6907403475257,1663.6907403475257,1663.6907403475257,1663.5747731724218,1663.392759381571,1663.392759381571,1663.392759381571,1663.392759381571,1663.392759381571,1663.392759381571,1662.5391249038016,1662.5391249038016,1661.7160768491099,1661.7160768491099,1661.7160768491099,1661.7160768491099,1661.7160768491099,1661.7160768491099,1661.7160768491099,1661.7160768491099,1661.7160768491099,1661.5749644683447,1661.5749644683447,1661.5749644683447,1660.9225552577295,1660.9225552577295,1660.9225552577295,1660.9225552577295,1660.9225552577295,1660.9225552577295,1660.9225552577295,1660.9225552577295,1660.507379588846,1660.507379588846,1660.507379588846,1657.773244798926,1657.773244798926,1657.773244798926,1657.773244798926,1657.773244798926,1657.773244798926,1657.773244798926,1657.773244798926,1657.773244798926,1657.773244798926,1657.773244798926,1657.773244798926,1655.9436504166702,1655.9436504166702,1655.9436504166702,1654.937218703682,1654.937218703682,1654.937218703682,1654.937218703682,1654.937218703682,1654.937218703682,1654.937218703682,1654.937218703682,1654.4920317609399,1654.4920317609399,1654.4920317609399,1654.4920317609399,1654.4920317609399,1654.4920317609399,1654.4920317609399,1654.4920317609399,1654.4920317609399,1654.4920317609399,1654.376064585836,1654.376064585836,1654.376064585836,1654.376064585836,1654.376064585836,1654.376064585836,1654.376064585836,1654.376064585836,1654.376064585836,1654.376064585836,1654.376064585836,1654.376064585836,1654.3216455013685,1654.3216455013685,1654.3216455013685,1654.3216455013685,1653.1679993995117,1653.1679993995117,1653.1679993995117,1653.1679993995117,1653.1679993995117,1653.1679993995117,1653.1679993995117,1653.1679993995117,1653.1679993995117,1653.1679993995117,1653.1679993995117,1653.1679993995117,1653.1679993995117,1653.1679993995117,1653.1679993995117,1653.1679993995117,1653.1679993995117,1653.1679993995117,1653.1135803150441,1653.1135803150441,1653.1135803150441,1653.1135803150441,1653.1135803150441,1653.1135803150441,1653.1135803150441,1653.1135803150441,1653.1135803150441,1653.1135803150441,1653.1135803150441,1653.1135803150441,1653.1135803150441,1653.1135803150441,1653.1135803150441,1653.1135803150441,1653.1135803150441,1653.1135803150441,1653.1135803150441,1653.1135803150441,1653.1135803150441,1653.1135803150441,1653.1135803150441,1653.1135803150441,1653.1135803150441,1653.1135803150441,1653.1135803150441,1653.1135803150441,1653.1135803150441,1653.1135803150441,1653.1135803150441,1653.1135803150441,1653.1135803150441,1653.1135803150441,1653.1135803150441,1653.1135803150441,1653.1135803150441,1653.1135803150441,1653.1135803150441,1653.1135803150441,1653.1135803150441,1653.1135803150441,1653.1135803150441,1653.1135803150441,1653.1135803150441,1653.1135803150441,1653.1135803150441,1653.1135803150441,1653.1135803150441,1653.1135803150441,1653.1135803150441,1653.1135803150441,1653.1135803150441,1653.1135803150441,1653.1135803150441,1653.1135803150441,1653.1135803150441,1653.1135803150441,1653.1135803150441,1653.1135803150441,1653.1135803150441,1653.1135803150441,1653.1135803150441,1653.1135803150441,1653.1135803150441,1653.1135803150441,1653.1135803150441,1653.1135803150441,1653.1135803150441,1653.1135803150441,1653.1135803150441,1653.1135803150441,1653.1135803150441,1653.1135803150441,1653.1135803150441,1653.1135803150441,1653.1135803150441,1653.1135803150441,1653.1135803150441,1653.1135803150441,1653.1135803150441,1653.1135803150441,1653.1135803150441,1653.1135803150441,1653.1135803150441,1653.1135803150441,1653.1135803150441,1653.1135803150441,1653.1135803150441,1653.1135803150441,1653.1135803150441,1653.1135803150441,1653.1135803150441,1653.1135803150441,1653.1135803150441,1653.1135803150441,1653.1135803150441,1653.1135803150441,1653.1135803150441,1653.1135803150441,1653.1135803150441,1653.1135803150441,1653.1135803150441,1653.1135803150441,1653.1135803150441,1653.1135803150441,1653.1135803150441,1653.1135803150441,1653.1135803150441,1653.1135803150441,1653.1135803150441,1653.1135803150441,1653.1135803150441,1653.1135803150441,1653.1135803150441,1653.1135803150441,1653.1135803150441,1653.1135803150441,1653.1135803150441,1653.1135803150441,1653.1135803150441,1653.1135803150441,1653.1135803150441,1653.1135803150441,1653.1135803150441,1653.1135803150441,1653.1135803150441,1653.1135803150441,1653.1135803150441,1653.1135803150441,1653.1135803150441,1653.1135803150441,1653.1135803150441,1653.1135803150441,1653.1135803150441,1653.1135803150441,1653.1135803150441,1653.1135803150441,1653.1135803150441,1653.1135803150441,1653.1135803150441,1653.1135803150441,1653.1135803150441,1653.1135803150441,1653.1135803150441,1653.1135803150441,1653.1135803150441,1653.1135803150441,1653.1135803150441,1653.1135803150441,1653.1135803150441,1653.1135803150441,1653.1135803150441,1653.1135803150441,1653.1135803150441,1653.1135803150441,1653.1135803150441,1653.1135803150441,1653.1135803150441,1653.1135803150441,1653.1135803150441,1652.3918446731561,1652.3918446731561,1652.3918446731561,1652.3918446731561,1652.3918446731561,1652.3918446731561,1652.3918446731561,1652.3918446731561,1652.3918446731561,1652.3918446731561,1652.3918446731561,1652.3918446731561,1652.3918446731561,1652.3918446731561,1652.3918446731561,1652.3918446731561,1652.3918446731561,1652.3918446731561,1652.3918446731561,1652.3918446731561,1652.3918446731561,1652.3918446731561,1652.3918446731561,1652.3918446731561,1652.3918446731561,1652.3918446731561,1652.3918446731561,1652.3918446731561,1652.3918446731561,1652.3918446731561,1652.3918446731561,1652.3918446731561,1652.3918446731561,1652.3918446731561,1652.3918446731561,1652.3918446731561,1652.3918446731561,1652.3918446731561,1652.3918446731561,1652.3918446731561,1652.3918446731561,1652.3918446731561,1652.3918446731561,1652.3918446731561,1652.3918446731561,1652.3918446731561,1652.3918446731561,