{"Optimal":1598,"front":[{"trucks":[[21,12,45,35,15,43],[5,31,50,36,34,49,39],[9,16,52,26,3,17,14,8],[38,24,27,40,20],[6,48,37,22,42,30,54],[41,4,47,56,32,18,11],[51,10,29,19,28,25,53],[7,33,23,57],[13,44,55,46,2]],"distance":1622.6983865722075,"fuel":2328.1036699077504},{"distance":1622.732449478498,"trucks":[[21,12,45,35,15,43],[5,31,50,36,34,49,39],[9,16,52,26,3,17,14,8],[38,24,27,40,20],[6,48,37,22,42,30,54],[41,4,47,32,56,18,11],[51,10,29,19,28,25,53],[7,33,23,57],[13,44,55,46,2]],"fuel":2327.785024966591}],"benchmark":"B-n57-k9"}