{"optimalDistance":829,"distanceSequence":[878.7369415101591,878.7369415101591,878.7369415101591,878.7369415101591,878.7369415101591,878.7369415101591,878.7369415101591,878.7369415101591,878.7369415101591,878.7369415101591,878.7369415101591,878.7369415101591,878.7369415101591,878.7369415101591,878.7369415101591,878.7369415101591,878.7369415101591,878.7369415101591,878.7369415101591,878.7369415101591,878.7369415101591,878.7369415101591,878.7369415101591,878.7369415101591,878.7369415101591,878.7369415101591,878.7369415101591,878.7369415101591,878.7369415101591,878.7369415101591,878.7369415101591,878.7369415101591,878.7369415101591,878.7369415101591,878.7369415101591,878.7369415101591,878.7369415101591,878.7369415101591,878.7369415101591,878.7369415101591,878.7369415101591,878.7369415101591,878.7369415101591,878.7369415101591,878.7369415101591,878.7369415101591,878.7369415101591,878.7369415101591,878.7369415101591,878.7369415101591,878.7369415101591,878.7369415101591,878.7369415101591,878.7369415101591,878.7369415101591,878.7369415101591,878.7369415101591,878.7369415101591,878.7369415101591,878.7369415101591,878.7369415101591,878.7369415101591,878.7369415101591,878.7369415101591,878.7369415101591,878.7369415101591,878.7369415101591,878.7369415101591,878.7369415101591,878.7369415101591,878.7369415101591,878.7369415101591,878.7369415101591,878.7369415101591,878.7369415101591,878.7369415101591,878.7369415101591,878.7369415101591,878.7369415101591,878.7369415101591,878.7369415101591,878.7369415101591,878.7369415101591,878.7369415101591,878.7369415101591,878.7369415101591,878.7369415101591,878.7369415101591,878.7369415101591,878.7369415101591,878.7369415101591,878.7369415101591,878.7369415101591,878.7369415101591,878.7369415101591,878.7369415101591,878.7369415101591,878.7369415101591,878.7369415101591,878.7369415101591,878.7369415101591,878.7369415101591,878.7369415101591,878.7369415101591,878.7369415101591,878.7369415101591,878.7369415101591,878.7369415101591,878.7369415101591,871.7468289836672,871.7468289836672,871.7468289836672,871.7468289836672,871.7468289836672,871.7468289836672,871.7468289836672,871.7468289836672,871.7468289836672,871.7468289836672,871.7468289836672,871.7468289836672,871.7468289836672,871.7468289836672,871.7468289836672,871.7468289836672,871.7468289836672,871.7468289836672,871.7468289836672,871.7468289836672,871.7468289836672,871.7468289836672,871.7468289836672,871.7468289836672,871.7468289836672,871.7468289836672,871.7468289836672,871.7468289836672,871.7468289836672,871.7468289836672,871.7468289836672,871.7468289836672,871.7468289836672,871.7468289836672,871.7468289836672,871.7468289836672,871.7468289836672,871.7468289836672,871.7468289836672,871.7468289836672,871.7468289836672,871.7468289836672,871.7468289836672,871.7468289836672,871.7468289836672,871.7468289836672,871.7468289836672,871.7468289836672,871.7468289836672,871.7468289836672,871.7468289836672,871.7468289836672,871.7468289836672,871.7468289836672,871.7468289836672,871.7468289836672,871.7468289836672,871.7468289836672,871.7468289836672,871.7468289836672,871.7468289836672,871.7468289836672,871.7468289836672,871.7468289836672,871.7468289836672,871.7468289836672,871.7468289836672,871.7468289836672,871.7468289836672,871.7468289836672,871.7468289836672,871.7468289836672,871.7468289836672,871.7468289836672,871.7468289836672,871.7468289836672,871.7468289836672,871.7468289836672,871.7468289836672,871.7468289836672,871.7468289836672,871.7468289836672,871.7468289836672,871.7468289836672,871.7468289836672,871.7468289836672,871.7468289836672,871.7468289836672,871.7468289836672,871.7468289836672,871.7468289836672,871.7468289836672,871.7468289836672,871.7468289836672,871.7468289836672,871.7468289836672,871.7468289836672,871.7468289836672,871.7468289836672,871.7468289836672,871.7468289836672,871.7468289836672,871.7468289836672,871.7468289836672,864.2383984129708,864.2383984129708,864.2383984129708,864.2383984129708,864.2383984129708,864.2383984129708,864.2383984129708,864.2383984129708,864.2383984129708,864.2383984129708,864.2383984129708,864.2383984129708,864.2383984129708,864.2383984129708,864.2383984129708,864.2383984129708,864.2383984129708,864.2383984129708,864.2383984129708,864.2383984129708,864.2383984129708,864.2383984129708,864.2383984129708,864.2383984129708,864.2383984129708,864.2383984129708,864.2383984129708,864.2383984129708,864.2383984129708,864.2383984129708,864.2383984129708,864.2383984129708,864.2383984129708,864.2383984129708,864.2383984129708,864.2383984129708,864.2383984129708,864.2383984129708,864.2383984129708,864.2383984129708,864.2383984129708,864.2383984129708,864.2383984129708,864.2383984129708,864.2383984129708,864.2383984129708,864.2383984129708,864.2383984129708,864.2383984129708,864.2383984129708,864.2383984129708,864.2383984129708,864.2383984129708,864.2383984129708,864.2383984129708,864.2383984129708,864.2383984129708,864.2383984129708,864.2383984129708,864.2383984129708,864.2383984129708,864.2383984129708,864.2383984129708,864.2383984129708,864.2383984129708,864.2383984129708,864.2383984129708,864.2383984129708,864.2383984129708,864.2383984129708,864.2383984129708,864.2383984129708,864.2383984129708,864.2383984129708,864.2383984129708,864.2383984129708,864.2383984129708,864.2383984129708,864.2383984129708,864.2383984129708,864.2383984129708,864.2383984129708,864.2383984129708,864.2383984129708,864.2383984129708,864.2383984129708,864.2383984129708,864.2383984129708,864.2383984129708,864.2383984129708,864.2383984129708,864.2383984129708,864.2383984129708,864.2383984129708,864.2383984129708,864.2383984129708,864.2383984129708,864.2383984129708,864.2383984129708,864.2383984129708,864.2383984129708,864.2383984129708,864.2383984129708,864.2383984129708,864.2383984129708,864.2383984129708,864.2383984129708,864.2383984129708,864.2383984129708,864.2383984129708,864.2383984129708,864.2383984129708,864.2383984129708,864.2383984129708,864.2383984129708,864.2383984129708,864.2383984129708,864.2383984129708,864.2383984129708,864.2383984129708,864.2383984129708,864.2383984129708,864.2383984129708,864.2383984129708,864.2383984129708,864.2383984129708,864.2383984129708,864.2383984129708,864.2383984129708,864.2383984129708,864.2383984129708,864.2383984129708,864.2383984129708,864.2383984129708,864.2383984129708,864.2383984129708,864.2383984129708,864.2383984129708,864.2383984129708,864.2383984129708,864.2383984129708,864.2383984129708,864.2383984129708,864.2383984129708,864.2383984129708,864.2383984129708,864.2383984129708,864.2383984129708,864.2383984129708,864.2383984129708,864.2383984129708,864.2383984129708,864.2383984129708,864.2383984129708,864.2383984129708,864.2383984129708,864.2383984129708,864.2383984129708,864.2383984129708,864.2383984129708,864.2383984129708,864.2383984129708,864.2383984129708,864.2383984129708,864.2383984129708,864.2383984129708,864.2383984129708,864.2383984129708,864.2383984129708,864.2383984129708,864.2383984129708,864.2383984129708,864.2383984129708,864.2383984129708,864.2383984129708,864.2383984129708,864.2383984129708,864.2383984129708,864.2383984129708,864.2383984129708,864.2383984129708,864.2383984129708,864.2383984129708,864.2383984129708,864.2383984129708,864.2383984129708,864.2383984129708,864.2383984129708,864.2383984129708,864.2383984129708,864.2383984129708,864.2383984129708,864.2383984129708,864.2383984129708,864.2383984129708,864.2383984129708,864.2383984129708,864.2383984129708,864.2383984129708,864.2383984129708,864.2383984129708,864.2383984129708,864.2383984129708,864.2383984129708,864.2383984129708,864.2383984129708,864.2383984129708,864.2383984129708,864.2383984129708,864.2383984129708,864.2383984129708,864.2383984129708,864.2383984129708,864.2383984129708,864.2383984129708,864.2383984129708,864.2383984129708,864.2383984129708,864.2383984129708,864.2383984129708,864.2383984129708,864.2383984129708,864.2383984129708,864.2383984129708,864.2383984129708,864.2383984129708,864.2383984129708,864.2383984129708,864.2383984129708,