{"benchmark":"B-n41-k6","optimalDistance":829,"distanceSequence":[870.9094185880607,870.9094185880607,870.9094185880607,870.9094185880607,870.9094185880607,870.9094185880607,870.9094185880607,870.9094185880607,870.9094185880607,870.9094185880607,870.9094185880607,870.9094185880607,870.9094185880607,870.9094185880607,870.9094185880607,870.9094185880607,870.9094185880607,870.9094185880607,870.9094185880607,870.9094185880607,870.9094185880607,870.9094185880607,870.9094185880607,870.9094185880607,870.9094185880607,870.9094185880607,870.9094185880607,870.9094185880607,870.9094185880607,870.9094185880607,870.9094185880607,870.9094185880607,870.9094185880607,870.9094185880607,870.9094185880607,870.9094185880607,870.9094185880607,870.9094185880607,870.9094185880607,870.9094185880607,870.9094185880607,870.9094185880607,870.9094185880607,870.9094185880607,870.9094185880607,870.9094185880607,870.9094185880607,870.9094185880607,870.9094185880607,870.9094185880607,870.9094185880607,870.9094185880607,870.9094185880607,870.9094185880607,870.9094185880607,870.9094185880607,870.9094185880607,870.9094185880607,870.9094185880607,870.9094185880607,870.9094185880607,870.9094185880607,870.9094185880607,870.9094185880607,870.9094185880607,870.9094185880607,870.9094185880607,870.9094185880607,870.9094185880607,870.9094185880607,870.9094185880607,870.9094185880607,870.9094185880607,870.9094185880607,870.9094185880607,870.9094185880607,870.9094185880607,870.9094185880607,870.9094185880607,868.1465274586045,868.1465274586045,868.1465274586045,868.1465274586045,868.1465274586045,868.1465274586045,868.1465274586045,868.1465274586045,868.1465274586045,868.1465274586045,868.1465274586045,868.1465274586045,868.1465274586045,868.1465274586045,868.1465274586045,868.1465274586045,868.1465274586045,868.1465274586045,868.1465274586045,868.1465274586045,868.1465274586045,868.1465274586045,868.1465274586045,868.1465274586045,868.1465274586045,868.1465274586045,868.1465274586045,868.1465274586045,868.1465274586045,868.1465274586045,868.1465274586045,868.1465274586045,868.1465274586045,868.1465274586045,868.1465274586045,868.1465274586045,868.1465274586045,868.1465274586045,868.1465274586045,868.1465274586045,868.1465274586045,868.1465274586045,868.1465274586045,868.1465274586045,868.1465274586045,868.1465274586045,868.1465274586045,868.1465274586045,868.1465274586045,868.1465274586045,868.1465274586045,868.1465274586045,868.1465274586045,868.1465274586045,868.1465274586045,868.1465274586045,868.1465274586045,868.1465274586045,868.1465274586045,868.1465274586045,868.1465274586045,868.1465274586045,868.1465274586045,868.1465274586045,868.1465274586045,868.1465274586045,868.1465274586045,868.1465274586045,868.1465274586045,851.2599631712114,851.2599631712114,851.2599631712114,851.2599631712114,851.2599631712114,851.2599631712114,851.2599631712114,851.2599631712114,851.2599631712114,851.2599631712114,851.2599631712114,851.2599631712114,851.2599631712114,851.2599631712114,851.2599631712114,851.2599631712114,851.2599631712114,851.2599631712114,851.2599631712114,851.2599631712114,851.2599631712114,851.2599631712114,851.2599631712114,851.2599631712114,851.2599631712114,851.2599631712114,851.2599631712114,850.9811782208196,850.9811782208196,850.9811782208196,850.9811782208196,850.9811782208196,850.9811782208196,850.9811782208196,850.9811782208196,850.9811782208196,850.9811782208196,850.9811782208196,850.9811782208196,850.9811782208196,850.9811782208196,850.9811782208196,850.9811782208196,850.9811782208196,850.9811782208196,850.9811782208196,850.9811782208196,850.9811782208196,850.9811782208196,850.9811782208196,850.9811782208196,850.9811782208196,850.9811782208196,850.9811782208196,850.9811782208196,850.9811782208196,850.9811782208196,850.9811782208196,850.9811782208196,850.9811782208196,850.9811782208196,850.9811782208196,850.9811782208196,850.9811782208196,850.9811782208196,850.9811782208196,850.9811782208196,850.9811782208196,850.9811782208196,850.9811782208196,850.9811782208196,850.9811782208196,850.9811782208196,850.9811782208196,850.9811782208196,850.9811782208196,850.9811782208196,850.9811782208196,850.9811782208196,850.9811782208196,850.9811782208196,850.9811782208196,850.9811782208196,850.9811782208196,850.9811782208196,850.9811782208196,850.9811782208196,850.9811782208196,850.9811782208196,850.9811782208196,850.9811782208196,850.9811782208196,850.9811782208196,850.9811782208196,850.9811782208196,850.9811782208196,850.9811782208196,850.9811782208196,850.9811782208196,850.9811782208196,850.9811782208196,850.9811782208196,850.9811782208196,850.9811782208196,850.9811782208196,850.9811782208196,850.9811782208196,850.9811782208196,850.9811782208196,850.9811782208196,850.9811782208196,850.9811782208196,850.9811782208196,850.9811782208196,850.9811782208196,850.9811782208196,850.9811782208196,850.9811782208196,850.9811782208196,850.9811782208196,850.9811782208196,850.9811782208196,850.9811782208196,850.9811782208196,850.9811782208196,850.9811782208196,850.9811782208196,850.9811782208196,850.9811782208196,850.9811782208196,850.9811782208196,850.9811782208196,850.9811782208196,850.9811782208196,850.9811782208196,850.9811782208196,850.9811782208196,850.9811782208196,850.9811782208196,850.9811782208196,850.9811782208196,850.9811782208196,850.9811782208196,850.9811782208196,850.9811782208196,850.9811782208196,850.9811782208196,850.9811782208196,850.9811782208196,850.9811782208196,850.9811782208196,850.9811782208196,850.9811782208196,850.9811782208196,850.9811782208196,850.9811782208196,850.9811782208196,850.9811782208196,850.9811782208196,850.9811782208196,850.9811782208196,850.9811782208196,850.9811782208196,850.9811782208196,850.9811782208196,850.9811782208196,850.9811782208196,850.9811782208196,850.9811782208196,850.9811782208196,850.9811782208196,850.9811782208196,850.9811782208196,850.9811782208196,850.9811782208196,850.9811782208196,850.9811782208196,850.9811782208196,850.9811782208196,850.9811782208196,850.9811782208196,850.9811782208196,850.9811782208196,850.9811782208196,850.9811782208196,850.9811782208196,850.9811782208196,850.9811782208196,850.9811782208196,850.9415070469582,850.9415070469582,848.3737569036546,848.3737569036546,848.3737569036546,848.3737569036546,848.3737569036546,848.3737569036546,848.3737569036546,848.3737569036546,848.3737569036546,848.3737569036546,848.3737569036546,848.3737569036546,848.3737569036546,848.3737569036546,848.3737569036546,848.3737569036546,848.3737569036546,848.3737569036546,848.3737569036546,848.3737569036546,848.3737569036546,848.3737569036546,848.3737569036546,848.3737569036546,848.3737569036546,848.3737569036546,848.3737569036546,848.3737569036546,848.3737569036546,848.3737569036546,848.3737569036546,848.3737569036546,848.3737569036546,848.3737569036546,848.3737569036546,848.3737569036546,848.3737569036546,848.3737569036546,848.3737569036546,848.3737569036546,848.3737569036546,848.3737569036546,848.3737569036546,848.3737569036546,848.3737569036546,848.3737569036546,848.3737569036546,848.3737569036546,848.3737569036546,848.3737569036546,848.3737569036546,848.3737569036546,848.3737569036546,848.3737569036546,848.3737569036546,848.3737569036546,848.3737569036546,848.3737569036546,848.3737569036546,848.3737569036546,848.3737569036546,848.3737569036546,848.3737569036546,848.3737569036546,848.3737569036546,848.3737569036546,848.3737569036546,848.3737569036546,848.3737569036546,848.3737569036546,848.3737569036546,848.3737569036546,848.3737569036546,848.3737569036546,848.3737569036546,848.3737569036546,848.3737569036546,848.3737569036546,848.3737569036546,848.3737569036546,847.0827744872216,847.0827744872216,847.0827744872216,847.0827744872216,847.0827744872216,847.0827744872216,847.0827744872216,847.0827744872216,847.0827744872216,847.0827744872216,847.0827744872216,847.0827744872216,847.0827744872216,847.0827744872216,847.0827744872216,847.0827744872216,847.0827744872216,847.0827744872216,847.0827744872216,847.0827744872216,847.0827744872216,