{"optimalDistance":968,"distanceSequence":[1081.8658002022953,1081.8658002022953,1081.8658002022953,1081.8658002022953,1081.8658002022953,1081.8658002022953,1081.8658002022953,1081.8658002022953,1065.8944330001736,1065.8944330001736,1065.8944330001736,1065.8944330001736,1065.8944330001736,1065.8944330001736,1065.8944330001736,1065.8944330001736,1065.8944330001736,1065.8944330001736,1065.8944330001736,1065.8944330001736,1065.8944330001736,1065.8944330001736,1065.8944330001736,1065.8944330001736,1065.8944330001736,1065.8944330001736,1065.8944330001736,1065.8944330001736,1065.8944330001736,1065.8944330001736,1065.8944330001736,1062.698944953517,1062.698944953517,1062.5588653573122,1062.5588653573122,1062.5588653573122,1062.5588653573122,1062.5588653573122,1062.5588653573122,1062.5588653573122,1062.1593882130219,1057.2873679132306,1057.2873679132306,1057.2873679132306,1057.2873679132306,1057.2873679132306,1057.2873679132306,1057.2873679132306,1057.2873679132306,1057.2873679132306,1057.2873679132306,1057.2873679132306,1057.2873679132306,1057.2873679132306,1057.2873679132306,1057.2873679132306,1055.594678298336,1055.594678298336,1055.594678298336,1055.594678298336,1055.594678298336,1055.594678298336,1055.594678298336,1055.594678298336,1055.594678298336,1055.594678298336,1055.594678298336,1053.951800270369,1053.951800270369,1053.951800270369,1053.951800270369,1053.951800270369,1053.951800270369,1053.951800270369,1053.951800270369,1053.5447094337896,1053.5447094337896,1047.6833496208162,1047.6833496208162,1047.6833496208162,1047.6833496208162,1044.6116424331512,1044.6116424331512,1044.6116424331512,1044.6116424331512,1044.6116424331512,1038.2372738679035,1038.2372738679035,1038.2372738679035,1033.2167871829427,1033.2167871829427,1033.2167871829427,1033.2167871829427,1033.2167871829427,1033.2167871829427,1033.2167871829427,1029.708490395167,1029.708490395167,1029.708490395167,1029.708490395167,1013.5278515999453,1013.5278515999453,1013.5278515999453,1010.7993346377957,1010.7993346377957,1003.4465642602296,1003.4465642602296,1003.4465642602296,1003.4465642602296,1003.4465642602296,1003.4465642602296,1003.4465642602296,1003.4465642602296,1003.4465642602296,1003.4465642602296,1003.4465642602296,1003.4465642602296,1003.4465642602296,1003.4465642602296,1003.4465642602296,1003.4465642602296,1003.4465642602296,1003.4465642602296,1003.4465642602296,1003.4465642602296,1003.4465642602296,1003.4465642602296,1003.4465642602296,1003.4465642602296,1003.4465642602296,1003.4465642602296,1003.4465642602296,1003.4465642602296,1003.4465642602296,1003.4465642602296,1003.4465642602296,1003.4465642602296,1003.4465642602296,1003.4465642602296,1003.4465642602296,1003.4465642602295,1003.4465642602295,1001.2294449110782,1001.2294449110782,1001.2294449110782,1001.2294449110782,1001.2294449110782,1001.2294449110782,1001.2294449110782,1001.2294449110782,1001.2294449110782,1001.2294449110782,1001.2294449110782,1001.2294449110782,1001.2294449110782,1001.1957117628072,1001.1957117628072,1001.1957117628072,1001.1957117628072,1001.1957117628072,1001.1957117628072,1001.1957117628072,1001.1957117628072,1001.1957117628072,1001.1957117628072,1001.1957117628072,1001.1957117628072,1001.1957117628072,1001.1957117628072,1001.1957117628072,1001.1957117628072,1001.1957117628072,1001.1957117628072,1001.1957117628072,1001.1957117628072,1001.1957117628072,1001.1957117628072,1001.1957117628072,1001.1957117628072,1001.1957117628072,1001.1957117628072,1001.1957117628072,1001.1957117628072,1001.1957117628072,1001.1957117628072,1001.1957117628072,1001.1957117628072,1001.1957117628072,1001.1957117628072,1001.1957117628072,1001.1957117628072,1001.1957117628072,1001.1957117628072,1001.1957117628072,1001.1957117628072,1001.1957117628072,1001.1957117628072,1001.1957117628072,1001.1957117628072,1001.1957117628072,1001.1957117628072,1001.1957117628072,1001.1957117628072,1001.1957117628072,1001.1957117628072,1001.1957117628072,1001.1957117628072,1001.1957117628072,1001.1957117628072,1001.1957117628072,1001.1957117628072,1001.1957117628072,1001.1957117628072,1001.1957117628072,1001.1957117628072,1001.1957117628072,1001.1957117628072,1001.1957117628072,1001.1957117628072,1001.1957117628069,1001.1957117628069,1001.1957117628069,1001.1957117628069,1001.1957117628069,1001.1957117628069,1001.1957117628069,1001.1957117628069,1001.1957117628069,1001.1957117628069,1001.1957117628069,1001.1957117628069,1001.1957117628069,1001.1957117628069,1001.1957117628069,1001.1957117628069,1001.1957117628069,1001.1957117628069,1001.1957117628069,1001.1957117628069,1001.1957117628069,1001.1957117628069,1001.1957117628069,1001.1957117628069,1001.1957117628069,1001.1957117628069,1001.1957117628069,1001.1957117628069,1001.1957117628069,1001.1957117628069,1001.1957117628069,1001.1957117628069,1001.1957117628069,1001.1957117628069,1001.1957117628069,1001.1957117628069,1001.1957117628069,1001.1957117628069,1001.1957117628069,1001.1957117628069,1001.1957117628069,1001.1957117628069,1001.1957117628069,1001.1957117628069,1001.1957117628069,1001.1957117628069,1001.1957117628069,1001.1957117628069,1001.1957117628069,1001.1957117628069,1001.1957117628069,1001.1957117628069,1001.1957117628069,1001.1957117628069,1001.1957117628069,1001.1957117628069,1001.1957117628069,1001.1957117628069,1001.1957117628069,1001.1957117628069,1001.1957117628069,1001.1957117628069,1001.1957117628069,1001.1957117628069,1001.1957117628069,1001.1957117628069,1001.1957117628069,1001.1957117628069,1001.1957117628069,1001.1957117628069,1001.1957117628069,1001.1957117628069,1001.1957117628069,1001.1957117628069,1001.1957117628069,1001.1957117628069,1001.1957117628069,1001.1957117628069,1001.1957117628069,1001.1957117628069,1001.1957117628069,1001.1957117628069,1001.1957117628069,1001.1957117628069,1001.1957117628069,1001.1957117628068,1001.1957117628068,1001.1957117628068,1001.1957117628068,1001.1957117628068,1001.1957117628068,1001.1957117628068,1001.1957117628068,1001.1957117628068,1001.1957117628068,1001.1957117628068,1001.1957117628068,1001.1957117628068,1001.1957117628068,1001.1957117628068,1001.1957117628068,1001.1957117628068,1001.1957117628068,1001.1957117628068,1001.1957117628068,1001.1957117628068,1001.1957117628068,1001.1957117628068,1001.1957117628068,1001.1957117628068,1001.1957117628068,1001.1957117628068,1001.1957117628068,1001.1957117628068,1001.1957117628068,1001.1957117628068,1001.1957117628068,1001.1957117628068,1001.1957117628068,1001.1957117628068,1001.1957117628068,1001.1957117628068,1001.1957117628068,1001.1957117628068,1001.1957117628068,1001.1957117628068,1001.1957117628068,1001.1957117628068,1001.1957117628068,1001.1957117628068,1001.1957117628068,1001.1957117628068,1001.1957117628068,1001.1957117628068,1000.1665223926436,1000.1665223926436,1000.1665223926436,1000.1665223926436,1000.1665223926436,1000.1665223926436,1000.1665223926436,1000.1665223926436,1000.1665223926436,1000.1665223926436,1000.1665223926436,1000.1665223926436,1000.1665223926436,1000.1665223926436,1000.1665223926436,1000.1665223926436,1000.1665223926436,1000.1665223926436,1000.1665223926436,1000.1665223926436,1000.1665223926436,1000.1665223926436,1000.1665223926436,1000.1665223926436,1000.1665223926436,1000.1665223926436,1000.1665223926436,1000.1665223926436,1000.1665223926436,1000.1665223926436,1000.1665223926436,1000.1665223926436,1000.1665223926436,1000.1665223926436,1000.1665223926436,1000.1665223926436,1000.1665223926436,1000.1665223926434,1000.1665223926434,1000.1665223926434,1000.1665223926434,1000.1665223926434,1000.1665223926434,1000.1665223926434,1000.1665223926434,1000.1665223926434,1000.1665223926434,1000.1665223926434,1000.1665223926434,1000.1665223926434,1000.1665223926434,1000.1665223926434,1000.1665223926434,1000.1665223926434,1000.1665223926434,1000.1665223926434,1000.1665223926434,1000.1665223926434,1000.1665223926434,1000.1665223926434,1000.1665223926434,1000.1665223926434,1000.1665223926434,1000.1665223926434,1000.1665223926434,1000.1665223926434,1000.1665223926434,