{"optimalDistance":968,"benchmark":"P-n60-k15","fuelSequence":[1512.717772041744,1512.717772041744,1512.717772041744,1512.717772041744,1512.717772041744,1512.717772041744,1506.82044428865,1506.82044428865,1502.1188485471203,1502.1188485471203,1502.1188485471203,1502.1188485471203,1502.1188485471203,1502.1188485471203,1502.1188485471203,1502.1188485471203,1495.6098329644287,1495.6098329644287,1495.6098329644287,1495.6098329644287,1495.6098329644287,1488.8444266241063,1488.8444266241063,1488.8444266241063,1488.8444266241063,1488.7186871540703,1488.7186871540703,1488.7186871540703,1488.7186871540703,1488.7186871540703,1488.7186871540703,1488.7186871540703,1488.7186871540703,1485.3133155051673,1485.3133155051673,1485.3133155051673,1485.3133155051673,1483.4621592935255,1483.4621592935255,1483.4621592935255,1483.4621592935255,1483.4621592935255,1483.4621592935255,1483.4621592935255,1483.4621592935255,1483.4621592935255,1483.4621592935255,1483.4621592935255,1482.6449601285044,1482.6449601285044,1482.6449601285044,1482.6449601285044,1482.6449601285044,1482.6449601285044,1482.6449601285044,1482.6449601285044,1480.8323797977391,1480.8323797977391,1480.8323797977391,1480.8323797977391,1480.8323797977391,1480.8323797977391,1480.8323797977391,1480.8323797977391,1480.8323797977391,1480.8323797977391,1480.8323797977391,1480.8323797977391,1480.8323797977391,1480.8323797977391,1480.8323797977391,1480.8323797977391,1480.8323797977391,1480.8323797977391,1480.8323797977391,1480.8323797977391,1478.164024421076,1478.164024421076,1478.164024421076,1478.164024421076,1478.164024421076,1478.164024421076,1478.164024421076,1478.164024421076,1478.164024421076,1478.164024421076,1478.164024421076,1478.164024421076,1478.164024421076,1478.164024421076,1478.164024421076,1478.164024421076,1478.164024421076,1478.164024421076,1478.164024421076,1478.164024421076,1476.3020050131863,1476.3020050131863,1476.3020050131863,1476.3020050131863,1476.3020050131863,1476.3020050131863,1476.3020050131863,1476.3020050131863,1476.3020050131863,1473.5217721282677,1473.5217721282677,1465.8696138981888,1465.8696138981888,1465.8696138981888,1465.8696138981888,1465.8696138981888,1465.8696138981888,1465.8696138981888,1465.8696138981888,1465.8696138981888,1465.8696138981888,1465.8696138981888,1465.8696138981888,1465.8696138981888,1465.8696138981888,1465.8696138981888,1465.8696138981888,1464.0012766751531,1464.0012766751531,1464.0012766751531,1464.0012766751531,1464.0012766751531,1464.0012766751531,1459.638374932109,1459.638374932109,1459.638374932109,1459.0638594698903,1459.0638594698903,1459.0638594698903,1458.1361306106835,1458.1361306106835,1457.269620394095,1448.3859094539991,1448.3859094539991,1448.3859094539991,1448.3859094539991,1448.3859094539991,1448.3859094539991,1448.3859094539991,1448.3859094539991,1448.3859094539991,1448.3859094539991,1448.3859094539991,1448.3859094539991,1448.3859094539991,1448.3859094539991,1444.0230077109545,1444.0230077109545,1444.0230077109545,1444.0230077109545,1444.0230077109545,1444.0230077109545,1444.0230077109545,1444.0230077109545,1438.6033033076096,1438.6033033076096,1438.6033033076096,1438.6033033076096,1438.6033033076096,1438.6033033076096,1438.6033033076096,1438.6033033076096,1438.6033033076096,1438.6033033076096,1438.6033033076096,1438.6033033076096,1438.6033033076096,1438.6033033076096,1438.6033033076096,1438.6033033076096,1438.6033033076096,1438.6033033076096,1438.6033033076096,1438.6033033076096,1432.6393078199349,1432.6393078199349,1432.6393078199349,1432.6393078199349,1432.6393078199349,1432.6393078199349,1432.6393078199349,1432.6393078199349,1432.6393078199349,1432.6393078199349,1432.6393078199349,1432.6393078199349,1432.6393078199349,1432.6393078199349,1432.6393078199349,1432.4900671820765,1432.4900671820765,1432.4900671820765,1432.4900671820765,1432.4900671820765,1432.4900671820765,1432.4900671820765,1432.4900671820765,1432.4900671820765,1432.4900671820765,1432.4900671820765,1432.4900671820765,1432.4900671820765,1432.4900671820765,1432.4900671820765,1432.4900671820765,1432.4900671820765,1432.4900671820765,1432.4900671820765,1432.4900671820765,1432.4900671820765,1430.9878228606512,1430.9878228606512,1430.9878228606512,1430.9878228606512,1430.9878228606512,1430.683144874798,1430.683144874798,1430.683144874798,1430.683144874798,1430.683144874798,1430.683144874798,1430.683144874798,1430.683144874798,1430.683144874798,1430.683144874798,1430.683144874798,1430.683144874798,1430.683144874798,1430.683144874798,1430.683144874798,1430.683144874798,1430.683144874798,1430.683144874798,1430.683144874798,1430.683144874798,1430.683144874798,1430.683144874798,1430.683144874798,1430.683144874798,1430.683144874798,1430.683144874798,1430.683144874798,1430.683144874798,1430.683144874798,1430.683144874798,1430.683144874798,1430.683144874798,1430.683144874798,1430.683144874798,1430.683144874798,1430.4806063048618,1430.4806063048618,1430.4806063048618,1430.4806063048618,1430.4806063048618,1430.4806063048618,1430.4806063048618,1430.4806063048618,1430.4806063048618,1430.4806063048618,1430.4806063048618,1430.4806063048618,1430.4806063048618,1430.4806063048618,1429.5139130499233,1429.5139130499233,1429.5139130499233,1429.5139130499233,1429.5139130499233,1429.5139130499233,1429.5139130499233,1429.5139130499233,1429.5139130499233,1429.5139130499233,1429.5139130499233,1429.5139130499233,1429.5139130499233,1429.5139130499233,1429.5139130499233,1429.5139130499233,1429.5139130499233,1429.5139130499233,1429.5139130499233,1429.5139130499233,1429.5139130499233,1429.5139130499233,1429.5139130499233,1429.5139130499233,1429.5139130499233,1429.5139130499233,1429.5139130499233,1429.5139130499233,1429.5139130499233,1429.5139130499233,1429.5139130499233,1429.5139130499233,1429.5139130499233,1429.5139130499233,1429.5139130499233,1429.5139130499233,1429.5139130499233,1429.5139130499233,1429.5139130499233,1427.9969345096374,1427.9969345096374,1427.9969345096374,1427.9969345096374,1427.9969345096374,1427.9969345096374,1427.9969345096374,1427.9969345096374,1427.9969345096374,1427.9969345096374,1427.9969345096374,1427.9969345096374,1427.9969345096374,1427.9969345096374,1427.9969345096374,1427.9969345096374,1427.9969345096374,1427.9969345096374,1427.9969345096374,1427.9969345096374,1427.9969345096374,1427.9969345096374,1427.9969345096374,1427.9969345096374,1427.9969345096374,1427.9969345096374,1427.9969345096374,1427.9969345096374,1427.9969345096374,1427.9969345096374,1427.9969345096374,1427.9969345096374,1427.9969345096374,1427.9969345096374,1427.9969345096374,1427.9969345096374,1427.9969345096374,1427.9969345096374,1427.9969345096374,1427.9969345096374,1427.9969345096374,1427.9969345096374,1427.9969345096374,1427.9969345096374,1427.9969345096374,1427.9969345096374,1427.9969345096374,1427.9969345096374,1427.9969345096374,1427.9969345096374,1427.9969345096374,1427.9969345096374,1427.9969345096374,1427.9969345096374,1427.9969345096374,1427.9969345096374,1426.7430048134504,1426.7430048134504,1426.7430048134504,1426.7430048134504,1426.3588280552706,1426.3588280552706,1425.9045660949278,1425.9045660949278,1425.9045660949278,1425.9045660949278,1421.7085150891078,1421.7085150891078,1421.7085150891078,1421.7085150891078,1421.7085150891078,1421.7085150891078,1421.7085150891078,1421.7085150891078,1421.7085150891078,1421.7085150891078,1421.7085150891078,1421.7085150891078,1421.7085150891078,1421.7085150891078,1421.7085150891078,1421.7085150891078,1421.609026321504,1421.609026321504,1421.609026321504,1421.609026321504,1421.609026321504,1421.609026321504,1421.609026321504,1421.609026321504,1421.609026321504,1421.609026321504,1421.609026321504,1421.609026321504,1421.609026321504,1421.609026321504,1421.609026321504,1421.609026321504,1421.609026321504,1421.609026321504,1421.609026321504,1421.609026321504,1421.609026321504,1421.609026321504,1421.609026321504,1421.609026321504,1421.609026321504,1421.609026321504,1421.609026321504,1421.609026321504,1421.609026321504,1421.609026321504,1421.609026321504,1421.609026321504,