{"optimalDistance":968,"distanceSequence":[1104.0687517231638,1104.0687517231638,1104.0687517231638,1104.0687517231638,1104.0687517231638,1104.0687517231638,1104.0687517231638,1104.0687517231638,1103.6110298885144,1103.6110298885144,1103.6110298885144,1097.1188622788131,1097.1188622788131,1097.1188622788131,1079.269189958645,1079.269189958645,1079.269189958645,1079.269189958645,1079.269189958645,1079.269189958645,1079.269189958645,1079.269189958645,1079.269189958645,1079.269189958645,1079.269189958645,1079.269189958645,1069.137785249125,1069.137785249125,1069.137785249125,1069.137785249125,1069.137785249125,1057.2396125742682,1057.2396125742682,1057.2396125742682,1057.2396125742682,1057.2396125742682,1051.3793192427402,1051.3793192427402,1051.3793192427402,1051.3793192427402,1048.6482085092175,1048.6482085092173,1048.6482085092173,1036.1745469460716,1036.1745469460716,1036.1745469460716,1036.1745469460716,1036.1745469460716,1036.1745469460716,1036.1745469460716,1036.1745469460716,1032.193827092422,1032.193827092422,1032.193827092422,1025.65095833233,1025.65095833233,1025.65095833233,1025.65095833233,1025.65095833233,1025.65095833233,1024.4253569430887,1024.4253569430884,1024.4253569430884,1024.4253569430884,1023.3624344246539,1023.3624344246539,1023.3624344246539,1023.3624344246539,1023.3624344246539,1023.3624344246539,1023.3624344246539,1023.3624344246539,1023.1757478229615,1023.1757478229615,1023.1757478229615,1023.1757478229615,1022.9848847065444,1021.8311416716339,1021.8311416716339,1021.6868110457149,1021.6868110457149,1021.6868110457149,1021.0860902457306,1021.0860902457306,1021.0860902457306,1019.9304585403655,1019.9304585403655,1019.109750683985,1019.1097506839849,1019.1097506839849,1013.0961472029453,1013.0961472029453,1013.0961472029453,1013.0961472029453,1013.0961472029453,1013.0961472029453,1013.0961472029453,1013.0961472029453,1013.0961472029453,1011.8271974820946,1011.8271974820946,1011.8271974820946,1011.8271974820946,1011.8271974820946,1010.4651515960279,1009.6251031389235,1009.6251031389235,1009.6251031389235,1009.6251031389235,1009.6251031389235,1009.6251031389235,1009.6251031389235,1009.6251031389235,1009.6251031389235,1009.6251031389235,1009.6251031389235,1009.6251031389235,1009.1962018751772,1009.1962018751772,1008.3754940187968,1008.3754940187968,1008.3754940187968,1008.3754940187968,1008.3754940187968,1008.3754940187968,1008.3754940187968,1008.3754940187968,1008.3754940187968,1008.3754940187968,1008.3754940187965,1008.3754940187965,1008.3754940187965,1008.3754940187965,1008.3754940187965,1008.3754940187965,1008.3754940187965,1008.3754940187965,1008.3754940187965,1008.3754940187965,1008.3754940187965,1008.3754940187965,1008.3754940187965,1008.3754940187965,1008.3754940187965,1008.3754940187965,1008.3754940187965,1008.3754940187965,1008.3754940187965,1008.3754940187965,1008.3754940187965,1008.3754940187965,1008.3754940187965,1008.3754940187965,1008.3754940187965,1008.3754940187965,1008.3754940187965,1008.3754940187965,1008.3754940187965,1008.3754940187965,1008.3754940187965,1008.3754940187965,1008.3754940187965,1008.3754940187965,1008.3754940187965,1008.3754940187965,1008.3754940187965,1008.3754940187965,1008.3754940187965,1008.3754940187965,1008.3754940187965,1008.3754940187965,1008.3754940187965,1008.3754940187965,1008.3754940187965,1008.3754940187965,1008.3754940187965,1008.3754940187965,1007.312571500362,1007.312571500362,1007.312571500362,1007.312571500362,1007.312571500362,1007.312571500362,1007.312571500362,1007.312571500362,1007.312571500362,1007.312571500362,1007.312571500362,1007.312571500362,1007.312571500362,1007.312571500362,1007.312571500362,1007.312571500362,1007.312571500362,1007.312571500362,1007.312571500362,1007.312571500362,1007.312571500362,1007.312571500362,1007.312571500362,1007.312571500362,1007.312571500362,1007.312571500362,1007.312571500362,1007.312571500362,1007.312571500362,1007.312571500362,1007.312571500362,1007.312571500362,1007.312571500362,1007.312571500362,1007.312571500362,1007.312571500362,1007.312571500362,1007.312571500362,1007.312571500362,1007.312571500362,1007.0824834124003,1007.0824834124003,1007.0824834124003,1007.0824834124003,1007.0824834124003,1007.0824834124003,1007.0824834124003,1007.0824834124003,1007.0824834124003,1007.0824834124002,1007.0824834124002,1007.0824834124002,1007.0824834124002,1007.0824834124002,1007.0824834124002,1007.0824834124002,1007.0824834124002,1007.0824834124002,1007.0824834124002,1007.0824834124002,1007.0824834124002,1007.0824834124002,1007.0824834124002,1007.0824834124002,1007.0824834124002,1007.0824834124002,1007.0824834124002,1007.0824834124002,1007.0824834124002,1007.0824834124002,1007.0824834124002,1007.0824834124002,1007.0824834124002,1007.0824834124002,1007.0824834124002,1007.0824834124002,1007.0824834124002,1007.0824834124002,1007.0824834124002,1007.0824834124002,1007.0824834124002,1007.0824834124002,1007.0824834124002,1007.0824834124002,1007.0824834124002,1007.0824834124002,1007.0824834124002,1007.0824834124002,1007.0824834124002,1007.0824834124002,1007.0824834124002,1007.0824834124002,1007.0824834124002,1007.0824834124002,1007.0824834124002,1007.0824834124002,1007.0824834124002,1007.0824834124002,1007.0824834124002,1007.0824834124002,1007.0824834124002,1007.0824834124002,1007.0824834124002,1007.0824834124002,1007.0824834124002,1007.0824834124002,1007.0824834124002,1007.0824834124002,1007.0824834124002,1007.0824834124002,1007.0824834124002,1007.0824834124002,1007.0824834124002,1007.0824834124002,1007.0824834124002,1007.0824834124002,1007.0824834124002,1007.0824834124002,1007.0824834124002,1007.0824834124002,1007.0824834124002,1007.0824834124002,1007.0824834124002,1007.0824834124002,1007.0824834124002,1007.0824834124002,1007.0824834124002,1007.0824834124002,1007.0824834124002,1007.0824834124002,1007.0824834124002,1007.0824834124002,1007.0824834124002,1007.0824834124002,1007.0824834124002,1007.0824834124002,1007.0824834124002,1007.0824834124002,1007.0824834124002,1007.0824834124002,1007.0824834124002,1007.0824834124002,1007.0824834124002,1007.0824834124002,1007.0824834124002,1007.0824834124002,1007.0824834124002,1007.0824834124002,1007.0824834124002,1007.0824834124002,1007.0824834124002,1007.0824834124002,1007.0824834124002,1007.0824834124002,1007.0824834124002,1007.0824834124002,1007.0824834124002,1007.0824834124002,1007.0824834124002,1007.0824834124002,1007.0824834124002,1007.0824834124002,1007.0824834124002,1007.0824834124002,1007.0824834124002,1007.0824834124002,1007.0824834124002,1007.0824834124002,1007.0824834124002,1007.0824834124002,1007.0824834124002,1007.0824834124002,1007.0824834124002,1007.0824834124002,1007.0824834124002,1007.0824834124002,1007.0824834124002,1007.0824834124002,1007.0824834124002,1007.0824834124002,1007.0824834124002,1007.0824834124002,1007.0824834124002,1007.0824834124002,1007.0824834124002,1007.0824834124002,1007.0824834124002,1007.0824834124002,1007.0824834124002,1007.0824834124002,1007.0824834124002,1007.0824834124002,1007.0824834124002,1007.0824834124002,1007.0824834124002,1007.0824834124002,1007.0824834124002,1007.0824834124002,1007.0824834124002,1007.0824834124002,1007.0824834124002,1007.0824834124002,1007.0824834124002,1007.0824834124002,1007.0824834124002,1007.0824834124002,1007.0824834124002,1007.0824834124002,1007.0824834124002,1007.0824834124002,1007.0824834124002,1007.0824834124002,1007.0824834124002,1007.0824834124002,1007.0824834124002,1007.0824834124002,1007.0824834124002,1007.0824834124002,1007.0824834124002,1007.0824834124002,1007.0824834124002,1007.0824834124002,1007.0824834124002,1007.0824834124002,1007.0824834124002,1007.0824834124002,1007.0824834124002,1007.0824834124002,1007.0824834124002,1007.0824834124002,1007.0824834124002,1007.0824834124002,1007.0824834124002,1007.0824834124002,1007.0824834124002,1007.0824834124002,1007.0824834124002,1007.0824834124002,1007.0824834124002,1007.0824834124002,1007.0824834124002,1007.0824834124002,1007.0824834124002,1007.0824834124002,1007.0824834124002,