{"Optimal":968,"front":[{"distance":1019.8033707017694,"trucks":[[31,46,30],[36,54,15,20],[10,40,26,56,19],[49,48,37,22],[41,33,45],[6,38,21,16,58],[3,29,23,43],[7,34,17,52],[4,51,25,50,24],[2,44,42,57],[18,13,59,27],[8,12,60],[39,11,32],[53,28,14,55,9],[5,35,47]],"fuel":1426.4075888811233}],"benchmark":"P-n60-k15"}