{"benchmark":"A-n64-k9","Optimal":1401,"front":[{"trucks":[[26,30,16,46,58,12],[62,25,61,17,48,3,64,47,9],[59,32,60,56,50,40,45,37,41,8,22,27,36,28],[38,24,35,5,55,6,10],[7,39,23,19],[21,52,51,4,54],[11,42,57,53,14,33,43,20],[31,15,2,18,29,44,13],[34,49,63]],"distance":1538.2247011401864,"fuel":2182.671225668278},{"distance":1538.887783269838,"fuel":2147.034302897989,"trucks":[[32,60,56,50,45,40,41,37,8,22,36,27,28],[38,24,35,5,55,6,10],[39,19,23,13,44,29],[62,25,61,17,48,3,64,47,9],[11,42,57,53,14,33,43,20],[26,30,16,58,12,46],[34,21,52,4,54],[7,49,63],[18,2,15,31,51,59]]}]}