{"front":[{"fuel":2174.4573261294245,"trucks":[[39,19,23,13,29,36],[32,60,56,50,45,40,41,37,8,22,27,15,28],[24,38,51,59,3,64,48],[43,21,20,52,10,33,11],[57,14,62,25,61,17,9,47,53,42],[54,4,31,2,18,44,16],[26,30,46,49,34],[7,35,5,6,55],[63,58,12]],"distance":1545.08286288738}],"Optimal":1401,"benchmark":"A-n64-k9"}