{"Optimal":949,"benchmark":"A-n37-k6","front":[{"distance":993.8783914598695,"fuel":1408.5697503847507,"trucks":[[2,34,10,22,3,29,24,23,13],[26,36,33,28],[27,11,12,31,16],[18,32,20,4,6,9,21],[17,8,14,35,5,19,15],[25,30,37,7]]}]}