{"benchmark":"A-n37-k6","Optimal":949,"front":[{"fuel":1380.2647919914111,"trucks":[[34,10,22,3,29,24,23,13,5],[17,36,26,8],[19,18,35,21,2,4,6,9],[14,31,16,33,28],[32,20,27,11,12],[25,30,37,7,15]],"distance":983.5407285740035},{"trucks":[[5,22,10,34,3,29,24,23,13],[17,36,26,8],[19,18,35,21,2,4,6,9],[14,31,16,33,28],[15,32,20,27,11,12],[25,30,37,7]],"fuel":1360.6968918259204,"distance":984.0729452295863},{"distance":986.8133557528611,"fuel":1357.067761269329,"trucks":[[5,22,10,34,3,29,24,23,13],[17,8,26,36],[19,18,35,21,2,4,6,9],[14,31,16,33,28],[15,32,20,27,11,12],[25,30,37,7]]}]}