{"Optimal":949,"front":[{"distance":1016.4035983377966,"fuel":1426.6218198328224,"trucks":[[18,35,32,20,27,12],[5,22,10,34,3,29,24,23,13],[11,31,16,33,28],[37,30,25,17,8,19],[7,21,2,4,6,9,15],[36,26,14]]},{"distance":1016.51225755618,"fuel":1410.853466205812,"trucks":[[18,35,32,20,27,12],[5,22,10,34,3,29,24,23,13],[11,31,16,33,28],[37,30,25,17,8,19],[15,7,21,2,4,6,9],[36,26,14]]},{"trucks":[[18,35,32,20,27,12],[5,22,10,34,3,29,24,23,13],[26,33,16,31,11],[37,30,25,17,8,19],[15,7,9,6,4,2,21],[14,36,28]],"fuel":1409.9847171262638,"distance":1018.7873283441398},{"fuel":1409.192890648569,"trucks":[[18,35,32,20,27,12],[5,22,10,34,3,29,24,23,13],[26,33,16,31,11],[37,30,25,17,8,19],[15,7,21,2,4,6,9],[14,36,28]],"distance":1019.5002175110964}],"benchmark":"A-n37-k6"}