{"optimalDistance":237,"distanceSequence":[296.23591164904076,296.23591164904076,296.23591164904076,296.23591164904076,296.23591164904076,296.23591164904076,296.23591164904076,296.23591164904076,296.23591164904076,296.23591164904076,294.13861773513634,294.13861773513634,294.13861773513634,294.13861773513634,294.13861773513634,294.13861773513634,294.13861773513634,294.13861773513634,294.13861773513634,294.13861773513634,294.13861773513634,294.13861773513634,293.71285661695913,293.71285661695913,293.71285661695913,293.71285661695913,293.71285661695913,293.71285661695913,293.71285661695913,293.71285661695913,293.71285661695913,293.71285661695913,293.71285661695913,293.71285661695913,293.71285661695913,293.71285661695913,293.71285661695913,293.71285661695913,293.71285661695913,293.71285661695913,293.71285661695913,293.71285661695913,293.71285661695913,293.71285661695913,293.71285661695913,293.71285661695913,293.71285661695913,293.71285661695913,293.71285661695913,293.71285661695913,293.71285661695913,293.71285661695913,293.71285661695913,293.71285661695913,293.71285661695913,293.71285661695913,293.71285661695913,293.71285661695913,293.71285661695913,293.71285661695913,293.71285661695913,293.71285661695913,293.71285661695913,293.71285661695913,293.71285661695913,293.71285661695913,293.71285661695913,293.71285661695913,287.9049774367352,287.9049774367352,287.9049774367352,287.9049774367352,287.9049774367352,287.9049774367352,287.9049774367352,287.9049774367352,287.9049774367352,287.4377045690045,287.3580722022979,287.3580722022979,287.3580722022979,287.3580722022979,287.3580722022979,287.27453929136374,287.27453929136374,287.27453929136374,287.27453929136374,286.3052411566621,286.3052411566621,286.3052411566621,286.3052411566621,286.3052411566621,286.3052411566621,286.3052411566621,286.3052411566621,286.3052411566621,286.3052411566621,286.3052411566621,286.3052411566621,286.3052411566621,286.20794724275765,286.20794724275765,284.3060419145446,284.3060419145446,284.3060419145446,284.3060419145446,284.3060419145446,284.3060419145446,284.3060419145446,284.20874800064024,284.20874800064024,283.60536803862,283.60536803862,283.60536803862,283.5080741247156,283.5080741247156,283.5080741247156,283.5080741247156,283.5080741247156,283.5080741247156,283.5080741247156,283.5080741247156,282.6212359633249,282.6212359633249,282.6212359633249,282.6212359633249,278.635733340534,278.635733340534,278.635733340534,278.635733340534,278.635733340534,278.635733340534,278.635733340534,278.635733340534,278.635733340534,278.635733340534,278.635733340534,278.635733340534,278.635733340534,278.635733340534,278.635733340534,278.635733340534,278.635733340534,278.635733340534,278.635733340534,278.5331273924772,278.5331273924772,278.5331273924772,278.1635973855344,277.65160126523887,277.65160126523887,277.65160126523887,277.65160126523887,277.65160126523887,277.65160126523887,277.65160126523887,277.65160126523887,277.65160126523887,277.65160126523887,277.65160126523887,277.65160126523887,277.54899531718206,277.54899531718206,277.37964573255294,277.37964573255294,277.37964573255294,277.37964573255294,277.37964573255294,277.37964573255294,277.37964573255294,277.37964573255294,277.37964573255294,277.37964573255294,277.37964573255294,277.37964573255294,277.37964573255294,277.37964573255294,277.37964573255294,277.37964573255294,277.37964573255294,277.37964573255294,277.37964573255294,277.37964573255294,277.37964573255294,277.37964573255294,277.37964573255294,277.37964573255294,277.37964573255294,277.37964573255294,277.37964573255294,277.37964573255294,277.37964573255294,277.37964573255294,277.37964573255294,277.37964573255294,277.37964573255294,277.37964573255294,277.37964573255294,277.37964573255294,277.37964573255294,277.37964573255294,277.37964573255294,277.37964573255294,277.37964573255294,277.37964573255294,277.37964573255294,277.37964573255294,277.37964573255294,277.37964573255294,277.37964573255294,277.37964573255294,277.37964573255294,277.37964573255294,277.37964573255294,277.37964573255294,277.37964573255294,277.37964573255294,277.37964573255294,277.37964573255294,277.37964573255294,277.37964573255294,277.37964573255294,277.37964573255294,277.37964573255294,277.37964573255294,277.37964573255294,277.37964573255294,277.37964573255294,277.37964573255294,277.37964573255294,277.37964573255294,277.37964573255294,277.37964573255294,277.37964573255294,277.37964573255294,277.37964573255294,277.37964573255294,277.37964573255294,277.37964573255294,277.37964573255294,277.37964573255294,277.37964573255294,277.37964573255294,277.37964573255294,277.37964573255294,277.37964573255294,277.37964573255294,277.37964573255294,277.37964573255294,277.37964573255294,277.37964573255294,277.37964573255294,277.37964573255294,277.37964573255294,277.37964573255294,277.37964573255294,277.37964573255294,277.37964573255294,277.37964573255294,277.37964573255294,277.37964573255294,277.37964573255294,277.37964573255294,277.37964573255294,277.22399668322566,277.22399668322566,277.22399668322566,277.22399668322566,277.22399668322566,277.22399668322566,277.22399668322566,277.22399668322566,277.22399668322566,277.22399668322566,277.22399668322566,276.9969751079239,276.9969751079239,276.9969751079239,276.9969751079239,276.9969751079239,276.9969751079239,276.9969751079239,276.9969751079239,276.9969751079239,276.9969751079239,276.9969751079239,276.9969751079239,276.9969751079239,276.9969751079239,276.9969751079239,276.9969751079239,276.9969751079239,276.9969751079239,276.9969751079239,276.9969751079239,276.9969751079239,276.9969751079239,276.9969751079239,276.9969751079239,276.9969751079239,276.9969751079239,276.9969751079239,276.9969751079239,276.9969751079239,276.9969751079239,276.9969751079239,276.9969751079239,276.9969751079239,276.9969751079239,276.9969751079239,276.9969751079239,276.9969751079239,276.9969751079239,276.9969751079239,276.9969751079239,276.9969751079239,276.9969751079239,276.9969751079239,276.9969751079239,276.9969751079239,276.9969751079239,276.9969751079239,276.9969751079239,276.9969751079239,276.9969751079239,276.9969751079239,276.9969751079239,276.9969751079239,276.9969751079239,276.9969751079239,276.9969751079239,276.9969751079239,276.9969751079239,276.9969751079239,276.65382935741627,276.65382935741627,276.65382935741627,276.65382935741627,276.65382935741627,276.65382935741627,276.65382935741627,276.65382935741627,276.65382935741627,276.65382935741627,276.65382935741627,276.65382935741627,276.65382935741627,276.65382935741627,276.65382935741627,276.65382935741627,276.65382935741627,276.65382935741627,276.65382935741627,276.65382935741627,276.65382935741627,276.65382935741627,276.65382935741627,276.65382935741627,276.65382935741627,276.65382935741627,276.65382935741627,276.65382935741627,276.65382935741627,276.65382935741627,276.65382935741627,276.65382935741627,276.65382935741627,276.65382935741627,276.65382935741627,276.65382935741627,276.65382935741627,276.65382935741627,276.65382935741627,276.65382935741627,276.65382935741627,276.65382935741627,276.65382935741627,276.65382935741627,276.65382935741627,276.65382935741627,276.65382935741627,276.65382935741627,276.65382935741627,276.65382935741627,276.65382935741627,276.65382935741627,276.65382935741627,276.65382935741627,276.65382935741627,276.65382935741627,276.65382935741627,276.65382935741627,276.65382935741627,276.65382935741627,276.65382935741627,276.65382935741627,276.65382935741627,276.65382935741627,276.65382935741627,276.65382935741627,276.65382935741627,276.65382935741627,276.65382935741627,276.65382935741627,276.65382935741627,276.65382935741627,276.65382935741627,276.65382935741627,276.65382935741627,276.65382935741627,276.65382935741627,276.65382935741627,276.65382935741627,276.65382935741627,276.65382935741627,276.65382935741627,276.65382935741627,276.65382935741627,276.65382935741627,276.65382935741627,276.65382935741627,276.65382935741627,276.65382935741627,276.65382935741627,276.65382935741627,276.65382935741627,276.65382935741627,