{"benchmark":"F-n72-k4","Optimal":237,"front":[{"fuel":369.1416894654332,"trucks":[[21,31,22,23,29,28,50,52,71,51,48,49,45,43,44,47,54,46,53,41,39,38,70,69,68,67,66,65,64,60,59,62],[12,2,15,37],[32,34,19,20,16,3,14,18,17,13,72,7,11,6,4,9,5,8,10],[30,24,27,25,26,42,56,55,57,58,40,63,61,35,33,36]],"distance":269.61898701584954},{"fuel":368.1561487593233,"trucks":[[30,31,22,23,29,28,50,52,71,51,48,49,45,43,44,47,54,46,53,41,39,38,70,69,68,67,66,65,64,60,59,62],[12,2,15,37],[33,32,34,19,20,16,3,14,18,17,13,72,7,11,6,4,9,5,8,10],[21,24,27,25,26,42,56,55,57,58,40,63,61,35,36]],"distance":269.7617602922953}]}