{"front":[{"distance":275.4138994299748,"trucks":[[12,2,15,37],[21,30,31,22,23,29,28,43,45,47,44,54,46,53,49,48,51,50,52,71,41,39,38,70,69,68,67,66,65,64,60,59,62],[24,27,25,26,42,56,55,57,58,40,63,61,20,16,3,14,18,17,13,7,72],[35,33,32,34,36,19,11,6,4,9,5,8,10]],"fuel":376.5505063843972}],"Optimal":237,"benchmark":"F-n72-k4"}