{"benchmark":"E-n101-k8","optimalDistance":817,"fuelSequence":[1316.998050487338,1316.998050487338,1316.998050487338,1316.998050487338,1316.998050487338,1316.998050487338,1316.998050487338,1316.998050487338,1311.0426091835432,1311.0426091835432,1311.0426091835432,1311.0426091835432,1311.0426091835432,1311.0426091835432,1311.0426091835432,1306.307366788238,1306.307366788238,1302.0277082136204,1302.0277082136204,1302.0277082136204,1297.6004206881908,1297.6004206881908,1297.6004206881908,1297.6004206881908,1297.6004206881908,1293.3858659194307,1293.3858659194307,1291.821220751619,1291.821220751619,1291.821220751619,1291.821220751619,1291.821220751619,1291.821220751619,1291.821220751619,1291.821220751619,1280.192463965372,1280.192463965372,1280.192463965372,1280.192463965372,1280.192463965372,1280.192463965372,1280.192463965372,1280.192463965372,1280.192463965372,1280.192463965372,1280.192463965372,1280.192463965372,1280.192463965372,1273.2258055507014,1273.2258055507014,1273.2258055507014,1273.2258055507014,1273.2258055507014,1273.2258055507014,1271.5506216711824,1271.5506216711824,1271.5506216711824,1271.5506216711824,1271.5506216711824,1271.5506216711824,1271.5506216711824,1271.5506216711824,1271.5506216711824,1271.5506216711824,1271.5506216711824,1271.5506216711824,1271.5506216711824,1271.5506216711824,1271.5506216711824,1271.2382140128088,1271.2382140128088,1271.2382140128088,1271.2382140128088,1271.2382140128088,1271.2382140128088,1271.2382140128088,1271.2382140128088,1271.2382140128088,1271.2382140128088,1271.2382140128088,1271.2382140128088,1271.2382140128088,1271.2382140128088,1271.2382140128088,1271.2382140128088,1271.2382140128088,1271.2382140128088,1271.2382140128088,1271.2382140128088,1271.2382140128088,1271.2382140128088,1271.2382140128088,1271.2382140128088,1271.2382140128088,1271.2382140128088,1271.2382140128088,1271.2382140128088,1271.2382140128088,1271.2382140128088,1271.2382140128088,1271.2382140128088,1271.2382140128088,1271.2382140128088,1271.2382140128088,1271.2382140128088,1271.2382140128088,1271.2382140128088,1271.2382140128088,1271.2382140128088,1271.2382140128088,1271.2382140128088,1271.2382140128088,1271.2382140128088,1271.2382140128088,1271.2382140128088,1271.2382140128088,1271.2382140128088,1271.2382140128088,1271.2382140128088,1271.2382140128088,1271.2382140128088,1271.2382140128088,1271.2382140128088,1271.2382140128088,1271.2382140128088,1271.2382140128088,1271.2382140128088,1271.2382140128088,1271.2382140128088,1271.2382140128088,1271.2382140128088,1265.1599174535659,1265.1599174535659,1265.1599174535659,1265.1599174535659,1265.1599174535659,1265.1599174535659,1265.1599174535659,1265.1599174535659,1265.1599174535659,1265.1599174535659,1265.1599174535659,1265.1599174535659,1265.1599174535659,1265.1599174535659,1265.1599174535659,1265.1599174535659,1265.1599174535659,1265.1599174535659,1265.1599174535659,1265.1599174535659,1265.1599174535659,1265.1599174535659,1265.1599174535659,1265.1599174535659,1265.1599174535659,1265.1599174535659,1265.1599174535659,1265.1599174535659,1265.1599174535659,1265.1599174535659,1265.1599174535659,1265.1599174535659,1265.1599174535659,1265.1599174535659,1265.1599174535659,1265.1599174535659,1265.1599174535659,1265.1599174535659,1265.1599174535659,1265.1599174535659,1265.1599174535659,1265.1599174535659,1265.1599174535659,1265.1599174535659,1265.1599174535659,1265.1599174535659,1265.1599174535659,1265.1599174535659,1265.1599174535659,1265.1599174535659,1265.1599174535659,1265.1599174535659,1265.1599174535659,1265.1599174535659,1265.1599174535659,1265.1599174535659,1265.1599174535659,1265.1599174535659,1265.1599174535659,1265.1599174535659,1265.1599174535659,1265.1599174535659,1265.1599174535659,1265.1599174535659,1265.1599174535659,1265.1599174535659,1265.1599174535659,1265.1599174535659,1265.1599174535659,1265.1599174535659,1265.1599174535659,1265.1599174535659,1265.1599174535659,1265.1599174535659,1265.1599174535659,1265.1599174535659,1265.1599174535659,1265.1599174535659,1265.1599174535659,1265.1599174535659,1265.1599174535659,1265.1599174535659,1265.1599174535659,1265.1599174535659,1265.1599174535659,1265.1599174535659,1265.1599174535659,1265.1599174535659,1265.1599174535659,1265.1599174535659,1265.1599174535659,1265.1599174535659,1265.1599174535659,1265.1599174535659,1265.1599174535659,1265.1599174535659,1265.1599174535659,1265.1599174535659,1265.1599174535659,1265.1599174535659,1265.1599174535659,1265.1599174535659,1265.1599174535659,1265.1599174535659,1265.1599174535659,1265.1599174535659,1265.1599174535659,1265.1599174535659,1265.1599174535659,1265.1599174535659,1265.1599174535659,1265.1599174535659,1265.1599174535659,1265.1599174535659,1265.1599174535659,1265.1599174535659,1265.1599174535659,1257.3343328033602,1257.3343328033602,1257.3343328033602,1257.3343328033602,1257.3343328033602,1257.3343328033602,1257.3343328033602,1257.3343328033602,1257.3343328033602,1257.3343328033602,1257.3343328033602,1257.3343328033602,1257.3343328033602,1257.3343328033602,1257.3343328033602,1257.3343328033602,1257.3343328033602,1257.3343328033602,1257.3343328033602,1257.3343328033602,1257.3343328033602,1257.3343328033602,1257.3343328033602,1251.257675218594,1251.257675218594,1251.257675218594,1251.257675218594,1251.257675218594,1251.257675218594,1251.257675218594,1251.257675218594,1251.257675218594,1251.257675218594,1251.257675218594,1251.257675218594,1251.257675218594,1251.257675218594,1251.257675218594,1251.257675218594,1251.257675218594,1250.0196434965947,1250.0196434965947,1250.0196434965947,1250.0196434965947,1250.0196434965947,1250.0196434965947,1250.0196434965947,1250.0196434965947,1250.0196434965947,1250.0196434965947,1250.0196434965947,1250.0196434965947,1250.0196434965947,1250.0196434965947,1250.0196434965947,1250.0196434965947,1250.0196434965947,1244.0828837257166,1244.0828837257166,1244.0828837257166,1244.0828837257166,1244.0828837257166,1244.0828837257166,1244.0828837257166,1244.0828837257166,1244.0828837257166,1244.0828837257166,1244.0828837257166,1244.0828837257166,1244.0828837257166,1244.0828837257166,1244.0828837257166,1244.0828837257166,1244.0828837257166,1244.0828837257166,1244.0828837257166,1244.0828837257166,1244.0828837257166,1242.795875672166,1242.795875672166,1242.795875672166,1242.795875672166,1242.795875672166,1242.795875672166,1242.795875672166,1242.795875672166,1242.795875672166,1242.795875672166,1242.795875672166,1242.795875672166,1242.795875672166,1242.795875672166,1242.795875672166,1242.795875672166,1242.795875672166,1242.795875672166,1242.795875672166,1242.795875672166,1242.795875672166,1242.795875672166,1242.795875672166,1242.795875672166,1242.795875672166,1242.795875672166,1242.795875672166,1242.795875672166,1242.795875672166,1242.795875672166,1242.795875672166,1242.795875672166,1242.795875672166,1242.795875672166,1242.795875672166,1242.795875672166,1242.795875672166,1242.795875672166,1242.795875672166,1242.795875672166,1242.795875672166,1242.795875672166,1242.795875672166,1242.795875672166,1242.795875672166,1242.795875672166,1242.795875672166,1242.795875672166,1242.795875672166,1242.795875672166,1242.795875672166,1242.795875672166,1242.795875672166,1242.795875672166,1242.795875672166,1242.795875672166,1235.6494624234915,1235.6494624234915,1235.6494624234915,1235.6494624234915,1235.6494624234915,1235.6494624234915,1235.6494624234915,1235.6494624234915,1235.6494624234915,1235.6494624234915,1235.6494624234915,1235.6494624234915,1235.6494624234915,1235.6494624234915,1235.6494624234915,1235.6494624234915,1235.6494624234915,1235.6494624234915,1235.6494624234915,1235.6494624234915,1235.6494624234915,1235.6494624234915,1235.6494624234915,1235.6494624234915,1235.6494624234915,1235.6494624234915,1235.6494624234915,1235.6494624234915,1235.6494624234915,1235.6494624234915,1235.6494624234915,1235.6494624234915,1235.6494624234915,1235.6494624234915,1235.6494624234915,1235.6494624234915,1235.6494624234915,1235.6494624234915,1235.6494624234915,1235.6494624234915,1235.6494624234915,