{"front":[{"trucks":[[11,63,12,20,48,37,50,65,64,91,33,31,71],[73,75,23,42,76,57,24,68,40,26,56,5],[32,89,8,83,49,47,9,46,18,85,6,61,84,19,53],[34,82,10,52,21,67,66,72,36,35,79,80,4],[60,92,17,87,62],[28,70,2,51,77,78,69,81,30,25,55,13,27,29],[7,95,96,98,93,38,99,101,86,94,100,97,90],[14,88,43,15,45,39,44,16,58,3,74,22,41,59,54]],"distance":872.6321972535105,"fuel":1263.5094155974955},{"trucks":[[11,63,12,20,48,37,50,65,64,91,33,31,71],[14,88,43,45,39,15,44,16,58,3,42,23,75,73],[53,32,89,8,83,49,47,9,46,18,85,6,61,84,19],[34,82,10,52,21,67,66,72,36,35,79,80,4],[95,60,86,94,100,97],[28,70,2,51,77,78,69,81,30,25,55,13,27,29],[7,96,98,93,38,99,101,92,17,87,62,90],[54,59,41,22,74,76,57,24,68,40,26,56,5]],"distance":872.7812477864009,"fuel":1252.129455574987},{"trucks":[[11,63,12,20,48,37,50,65,64,91,33,31,71],[14,88,43,45,39,15,44,16,58,3,42,23,75,73],[32,89,8,83,49,47,9,46,18,85,6,61,84,19,53],[34,82,10,52,21,67,66,72,36,35,79,80,4],[95,60,86,94,100,97],[28,70,2,51,77,78,69,81,30,25,55,13,27,29],[90,7,96,98,93,38,99,101,92,17,87,62],[54,59,41,22,74,76,57,24,68,40,26,56,5]],"distance":873.8103073654927,"fuel":1251.4520597245876},{"trucks":[[11,63,12,20,48,37,50,65,64,91,33,31,71],[14,88,43,45,39,15,44,16,58,3,42,23,75,73],[53,32,89,8,83,49,47,9,46,18,85,6,61,84,19],[34,82,10,52,21,67,66,72,36,35,79,80,4],[95,60,86,94,100,97],[28,70,2,51,77,78,69,81,30,25,55,13,27,29],[90,7,96,98,93,38,99,101,92,17,87,62],[54,59,41,22,74,76,57,24,68,40,26,56,5]],"distance":874.3905311656938,"fuel":1250.9714735272594}],"Optimal":817,"benchmark":"E-n101-k8"}