{"Optimal":817,"front":[{"trucks":[[19,83,49,48,20,12,65,50,37,47,9,46,18,85],[84,61,6,62,17,87,45,39,15,44,16,58],[73,75,23,42,76,57,24,68,40,26,56,5],[95,96,100,94,86,92,101,93,98,14,29],[77,78,4,80,79,35,36,72,66,67,21,31,71],[70,2,51,34,82,10,52,33,91,64,11,63,89,8,53],[28,32,90,7,97,60,99,38,43,88,3,74,22],[54,59,41,27,55,25,30,69,81,13]],"fuel":1256.27483431169,"distance":899.6477433060552},{"trucks":[[19,83,49,48,20,12,65,50,37,47,9,46,18,85],[84,61,6,62,17,87,39,45,15,44,16,58],[73,75,23,42,76,57,24,68,40,26,56,5],[95,96,100,94,86,92,101,93,98,14,29],[77,78,4,80,79,35,36,72,66,67,21,31,71],[70,2,51,34,82,10,52,33,91,64,11,63,89,8,53],[28,32,90,7,97,60,99,38,43,88,3,74,22],[54,59,41,27,13,81,69,30,25,55]],"fuel":1253.4173331952356,"distance":901.9333864652112},{"trucks":[[19,83,49,48,20,12,65,50,37,47,9,46,18,85],[84,61,6,62,17,87,45,39,15,44,16,58],[73,75,23,42,76,57,24,68,40,26,56,5],[95,96,100,94,86,92,101,93,98,14,29],[77,78,4,80,79,35,36,72,66,67,21,31,71],[70,2,51,34,82,10,52,33,91,64,11,63,89,8,53],[28,32,90,7,97,60,99,38,43,88,3,74,22],[54,59,41,27,13,81,69,30,25,55]],"fuel":1253.1255013332523,"distance":902.4807250411111}],"benchmark":"E-n101-k8"}