{"benchmark":"B-n52-k7","Optimal":747,"front":[{"fuel":1066.4888212322992,"trucks":[[27,18,50,16,20,35,33,14,47],[29,12,22,15,40,25,32,4],[41,43,21,19,31,2],[36,34,8,44,3,49,39,10,17],[5,46,24,13,51,23],[45,11,30,28,9,6,52],[42,26,37,7,48,38]],"distance":767.0195512043877},{"fuel":1065.6668097875634,"trucks":[[27,47,14,33,35,20,16,50],[29,12,22,15,40,25,32,4],[41,43,21,31,19,2],[36,34,8,44,3,49,39,10,17],[5,46,24,13,51,18,23],[45,11,30,28,9,6,52],[42,26,37,7,48,38]],"distance":768.6319595757072}]}