{"Optimal":747,"benchmark":"B-n52-k7","front":[{"trucks":[[27,23,18,50,20,16,51,13,46,5],[22,12,29,4,32,25,40,15,24],[45,11,30,28,9,6,52],[3,49,39,10,17,35,33,47,14],[41,43,21,31,19,2],[42,26,37,7,48,38],[34,36,8,44]],"distance":758.688449291815,"fuel":1061.3600270309605},{"distance":758.8317087699841,"trucks":[[27,23,18,50,20,16,51,13,46,5],[22,12,29,4,32,25,40,15,24],[45,11,30,28,9,6,52],[3,49,39,10,17,35,33,47,14],[41,43,21,31,19,2],[42,26,37,7,48,38],[34,36,44,8]],"fuel":1061.1142122462304}]}