{"front":[{"distance":751.9887353484736,"trucks":[[47,14,27,23,51,13,24],[4,32,25,29,12,22,40,15,46,5],[3,49,39,10,17,35,33,20,16,50,18],[45,11,30,6,9,28,52],[41,43,21,19,31,2],[48,38,8,44,34,36],[42,26,7,37]],"fuel":1057.6835508535491},{"distance":752.2736975094721,"fuel":1057.5431288459665,"trucks":[[47,14,27,23,51,13,24],[4,32,25,29,12,22,40,15,46,5],[3,49,39,10,17,33,35,20,16,50,18],[30,52,28,9,6,11,45],[41,43,21,19,31,2],[48,38,8,44,34,36],[42,26,7,37]]},{"distance":755.4297057769164,"fuel":1057.5224541823845,"trucks":[[47,14,27,23,51,13,24],[4,32,25,29,12,22,40,15,46,5],[3,49,39,10,17,33,35,20,16,50,18],[30,52,28,9,6,11,45],[41,43,21,19,31,2],[48,38,36,34,8,44],[42,26,7,37]]},{"trucks":[[47,14,27,23,51,13,24],[4,32,25,29,12,22,40,15,46,5],[3,49,39,10,17,35,33,20,16,50,18],[30,52,28,9,6,11,45],[41,43,21,19,31,2],[48,38,36,34,44,8],[42,26,7,37]],"distance":755.5729652550855,"fuel":1057.2766393976547}],"benchmark":"B-n52-k7","Optimal":747}