{"benchmark":"B-n39-k5","optimalDistance":549,"distanceSequence":[580.0234162208752,580.0234162208752,580.0234162208752,580.0234162208752,580.0234162208752,580.0234162208752,580.0234162208752,580.0234162208752,580.0234162208752,580.0234162208752,580.0234162208752,580.0234162208752,580.0234162208752,580.0234162208752,580.0234162208752,580.0234162208752,580.0234162208752,580.0234162208752,580.0234162208752,580.0234162208752,580.0234162208752,580.0234162208752,580.0234162208752,580.0234162208752,580.0234162208752,580.0234162208752,580.0234162208752,580.0234162208752,580.0234162208752,580.0234162208752,580.0234162208752,580.0234162208752,580.0234162208752,580.0234162208752,580.0234162208752,580.0234162208752,580.0234162208752,580.0234162208752,580.0234162208752,580.0234162208752,580.0234162208752,580.0234162208752,580.0234162208752,580.0234162208752,580.0234162208752,580.0234162208752,580.0234162208752,580.0234162208752,580.0234162208752,580.0234162208752,580.0234162208752,580.0234162208752,580.0234162208752,580.0234162208752,580.0234162208752,580.0234162208752,580.0234162208752,580.0234162208752,580.0234162208752,580.0234162208752,580.0234162208752,580.0234162208752,580.0234162208752,580.0234162208752,580.0234162208752,580.0234162208752,580.0234162208752,580.0234162208752,580.0234162208752,580.0234162208752,580.0234162208752,580.0234162208752,580.0234162208752,580.0234162208752,580.0234162208752,580.0234162208752,580.0234162208752,580.0234162208752,580.0234162208752,580.0234162208752,580.0234162208752,580.0234162208752,580.0234162208752,580.0234162208752,580.0234162208752,580.0234162208752,580.0234162208752,580.0234162208752,580.0234162208752,580.0234162208752,580.0234162208752,580.0234162208752,580.0234162208752,580.0234162208752,580.0234162208752,580.0234162208752,580.0234162208752,580.0234162208752,580.0234162208752,580.0234162208752,580.0234162208752,580.0234162208752,580.0234162208752,580.0234162208752,580.0234162208752,580.0234162208752,580.0234162208752,580.0234162208752,580.0234162208752,580.0234162208752,580.0234162208752,580.0234162208752,580.0234162208752,580.0234162208752,580.0234162208752,580.0234162208752,580.0234162208752,580.0234162208752,580.0234162208752,580.0234162208752,580.0234162208752,580.0234162208752,580.0234162208752,580.0234162208752,580.0234162208752,580.0234162208752,580.0234162208752,580.0234162208752,580.0234162208752,580.0234162208752,580.0234162208752,580.0234162208752,580.0234162208752,580.0234162208752,580.0234162208752,580.0234162208752,580.0234162208752,580.0234162208752,580.0234162208752,580.0234162208752,580.0234162208752,580.0234162208752,580.0234162208752,580.0234162208752,580.0234162208752,580.0234162208752,580.0234162208752,580.0234162208752,580.0234162208752,579.9753949662058,579.9753949662058,579.9753949662058,579.9753949662058,579.9753949662058,579.9753949662058,579.9753949662058,579.9753949662058,579.9753949662058,579.9753949662058,579.9753949662058,579.9753949662058,579.9753949662058,579.9753949662058,579.9753949662058,579.9753949662058,579.9753949662058,579.9753949662058,579.9753949662058,579.9753949662058,579.9753949662058,579.9753949662058,579.9753949662058,579.9753949662058,579.9753949662058,579.9753949662058,579.9753949662058,579.9753949662058,579.9753949662058,579.9753949662058,579.9753949662058,579.9753949662058,579.9753949662058,579.9753949662058,579.9753949662058,579.9753949662058,579.9753949662058,579.9753949662058,579.9753949662058,579.9753949662058,579.9753949662058,579.9753949662058,579.9753949662058,579.9753949662058,579.9753949662058,579.9753949662058,579.9753949662058,579.9753949662058,579.9753949662058,579.9753949662058,579.9753949662058,579.9753949662058,579.9753949662058,579.9753949662058,579.9753949662058,579.9753949662058,579.9753949662058,579.9753949662058,579.9753949662058,579.9753949662058,579.9753949662058,579.9753949662058,579.9753949662058,579.9753949662058,579.9753949662058,579.9753949662058,579.9753949662058,579.9753949662058,579.9753949662058,579.9753949662058,579.9753949662058,579.9753949662058,579.9753949662058,579.9753949662058,579.9753949662058,579.9753949662058,579.730859442999,579.730859442999,579.730859442999,579.730859442999,579.730859442999,579.730859442999,579.730859442999,579.730859442999,579.730859442999,579.730859442999,579.730859442999,579.730859442999,579.730859442999,579.730859442999,579.730859442999,579.730859442999,579.730859442999,579.730859442999,579.730859442999,579.730859442999,579.730859442999,579.730859442999,579.730859442999,579.730859442999,579.730859442999,579.730859442999,579.730859442999,579.730859442999,579.730859442999,579.730859442999,579.730859442999,579.730859442999,579.730859442999,579.730859442999,579.730859442999,579.730859442999,579.730859442999,579.730859442999,579.730859442999,579.730859442999,579.730859442999,579.730859442999,579.730859442999,579.730859442999,579.730859442999,579.730859442999,579.730859442999,579.730859442999,579.730859442999,579.730859442999,579.730859442999,579.730859442999,579.730859442999,579.730859442999,579.730859442999,579.730859442999,579.730859442999,579.730859442999,579.730859442999,579.730859442999,579.730859442999,579.730859442999,579.730859442999,579.730859442999,579.730859442999,579.730859442999,579.730859442999,579.730859442999,579.730859442999,579.730859442999,579.730859442999,579.730859442999,579.730859442999,579.730859442999,579.730859442999,579.730859442999,579.730859442999,579.730859442999,579.730859442999,579.730859442999,579.730859442999,579.730859442999,579.730859442999,579.730859442999,579.730859442999,579.730859442999,579.730859442999,579.730859442999,579.730859442999,579.730859442999,579.730859442999,579.730859442999,579.730859442999,579.730859442999,579.730859442999,579.730859442999,579.730859442999,579.730859442999,579.730859442999,579.730859442999,579.730859442999,579.730859442999,579.730859442999,579.730859442999,579.730859442999,579.730859442999,579.730859442999,579.730859442999,579.730859442999,579.730859442999,579.730859442999,579.730859442999,579.730859442999,579.730859442999,579.730859442999,579.730859442999,579.730859442999,579.730859442999,579.730859442999,579.730859442999,579.730859442999,579.730859442999,579.730859442999,579.730859442999,579.730859442999,579.730859442999,579.730859442999,579.730859442999,579.730859442999,579.730859442999,579.730859442999,579.730859442999,579.730859442999,579.730859442999,579.730859442999,579.730859442999,579.730859442999,579.730859442999,579.730859442999,579.730859442999,579.730859442999,579.730859442999,579.730859442999,579.730859442999,579.730859442999,579.730859442999,579.730859442999,579.730859442999,579.730859442999,579.730859442999,579.730859442999,579.730859442999,579.730859442999,579.730859442999,579.730859442999,579.730859442999,579.730859442999,579.730859442999,579.730859442999,579.730859442999,579.730859442999,579.730859442999,579.730859442999,579.730859442999,579.730859442999,579.730859442999,579.730859442999,579.730859442999,579.730859442999,579.730859442999,579.730859442999,579.730859442999,579.730859442999,579.730859442999,579.730859442999,579.730859442999,579.730859442999,579.730859442999,579.730859442999,579.730859442999,579.730859442999,579.730859442999,579.730859442999,579.730859442999,579.730859442999,579.730859442999,579.730859442999,579.730859442999,579.730859442999,579.730859442999,579.730859442999,579.730859442999,579.730859442999,579.730859442999,579.730859442999,579.730859442999,579.730859442999,579.730859442999,579.730859442999,579.730859442999,579.730859442999,579.730859442999,579.730859442999,579.730859442999,579.730859442999,579.730859442999,579.730859442999,579.730859442999,579.730859442999,579.730859442999,579.730859442999,579.730859442999,579.730859442999,579.730859442999,579.730859442999,579.730859442999,579.730859442999,579.730859442999,579.730859442999,579.730859442999,573.353397130267,573.353397130267,573.353397130267,573.353397130267,573.353397130267,573.353397130267,573.353397130267,573.353397130267,