{"optimalDistance":744,"benchmark":"P-n60-k10","distanceSequence":[851.4392569867167,851.4392569867167,851.4392569867167,851.4392569867167,851.4392569867167,851.4392569867167,851.4392569867167,851.4392569867167,851.4392569867167,851.4392569867167,851.4392569867167,851.4392569867167,851.4392569867167,851.4392569867167,851.4392569867167,851.4392569867167,851.4392569867167,851.4392569867167,851.4392569867167,851.4392569867167,851.4392569867167,851.4392569867167,851.4392569867167,851.4392569867167,851.4392569867167,851.4392569867167,851.4392569867167,851.4392569867167,851.4392569867167,851.4392569867167,851.4392569867167,851.4392569867167,851.4392569867167,851.4392569867167,851.4392569867167,851.4392569867167,851.4392569867167,851.4392569867167,851.4392569867167,851.4392569867167,851.4392569867167,851.4392569867167,851.4392569867167,851.4392569867167,843.1887528242379,843.1887528242379,843.1887528242379,843.1887528242379,843.1887528242379,843.1887528242379,843.1887528242379,843.1887528242379,843.1887528242379,843.1887528242379,843.1887528242379,843.1887528242379,843.1887528242379,843.1887528242379,843.1887528242379,843.1887528242379,843.1887528242379,843.1887528242379,843.1887528242379,843.1887528242379,843.1887528242379,843.1887528242379,843.1887528242379,843.1887528242379,843.1887528242379,843.1887528242379,843.1887528242379,843.1887528242379,843.1887528242379,843.1887528242379,843.1887528242379,843.1887528242379,843.1887528242379,843.1887528242379,843.1887528242379,843.1887528242379,843.1887528242379,843.1887528242379,843.1887528242379,843.1887528242379,843.1887528242379,843.1887528242379,843.1887528242379,843.1887528242379,843.1887528242379,843.1887528242379,843.1887528242379,843.1887528242379,843.1887528242379,843.1887528242379,843.1887528242379,843.1887528242379,843.1887528242379,843.1887528242379,843.1887528242379,843.1887528242379,843.1887528242379,843.1887528242379,843.1887528242379,843.1887528242379,843.1887528242379,843.1887528242379,843.1887528242379,843.1887528242379,843.1887528242379,843.1887528242379,843.1887528242379,843.1887528242379,843.1887528242379,843.1887528242379,843.1887528242379,843.1887528242379,843.1887528242379,843.1887528242379,843.1887528242379,843.1887528242379,843.1887528242379,843.1887528242379,843.1887528242379,843.1887528242379,843.1887528242379,843.1887528242379,843.1887528242379,843.1887528242379,843.1887528242379,843.1887528242379,843.1887528242379,843.1887528242379,843.1887528242379,843.1887528242379,843.1887528242379,843.1887528242379,843.1887528242379,843.1887528242379,843.1887528242379,843.1887528242379,843.1887528242379,843.1887528242379,843.1887528242379,843.1887528242379,843.1887528242379,843.1887528242379,843.1887528242379,843.1887528242379,843.1887528242379,843.1887528242379,843.1887528242379,843.1887528242379,843.1887528242379,843.1887528242379,843.1887528242379,843.1887528242379,843.1887528242379,843.1887528242379,843.1887528242379,843.1887528242379,843.1887528242379,843.1887528242379,843.1887528242379,843.1887528242379,843.1887528242379,843.1887528242379,843.1887528242379,843.1887528242379,843.1887528242379,843.1887528242379,843.1887528242379,843.1887528242379,838.8816170348726,838.8816170348726,838.8816170348726,838.8816170348726,838.8816170348726,838.8816170348726,838.8816170348726,838.8816170348726,838.8816170348726,838.8816170348726,838.8816170348726,838.8816170348726,838.8816170348726,838.8816170348726,838.8816170348726,838.8816170348726,838.8816170348726,838.8816170348726,838.8816170348726,838.8816170348726,838.8816170348726,838.8816170348726,838.8816170348726,838.8816170348726,838.8816170348726,838.8816170348726,838.8816170348726,838.8816170348726,838.8816170348726,838.8816170348726,838.8816170348726,838.8816170348726,838.8816170348726,838.8816170348726,838.8816170348726,838.8816170348726,838.8816170348726,838.8816170348726,838.8816170348726,838.8816170348726,838.8816170348726,838.8816170348726,838.8816170348726,838.8816170348726,838.8816170348726,838.8816170348726,838.8816170348726,838.8816170348726,838.8816170348726,838.8816170348726,838.8816170348726,838.8816170348726,838.8816170348726,838.8816170348726,838.8816170348726,838.8816170348726,838.8816170348726,838.8816170348726,838.8816170348726,838.8816170348726,838.8816170348726,838.8816170348726,838.8816170348726,838.8816170348726,838.8816170348726,838.8816170348726,838.8816170348726,838.8816170348726,838.8816170348726,838.8816170348726,838.8816170348726,838.8816170348726,838.8816170348726,838.8816170348726,838.8816170348726,838.8816170348726,838.8816170348726,838.8816170348726,838.8816170348726,838.8816170348726,838.8816170348726,838.8816170348726,838.8816170348726,838.8816170348726,838.8816170348726,838.8816170348726,838.8816170348726,838.8816170348726,838.8816170348726,838.8816170348726,838.8816170348726,838.8816170348726,838.8816170348726,838.8816170348726,838.8816170348726,838.8816170348726,838.8816170348726,838.8816170348726,838.8816170348726,838.8816170348726,838.8816170348726,838.8816170348726,838.8816170348726,838.8816170348726,838.8816170348726,838.8816170348726,838.8816170348726,838.8816170348726,838.8816170348726,838.8816170348726,838.8816170348726,838.8816170348726,838.8816170348726,838.8816170348726,838.8816170348726,838.8816170348726,838.8816170348726,838.8816170348726,838.8816170348726,838.8816170348726,838.8816170348726,838.8816170348726,838.8816170348726,838.8816170348726,838.8816170348726,838.8816170348726,838.8816170348726,838.8816170348726,838.8816170348726,838.8816170348726,838.8816170348726,838.8816170348726,838.8816170348726,838.8816170348726,838.8816170348726,838.8816170348726,838.8816170348726,838.8816170348726,838.8816170348726,838.8816170348726,838.8816170348726,838.8816170348726,838.8816170348726,838.8816170348726,838.8816170348726,838.8816170348726,838.8816170348726,838.8816170348726,838.8816170348726,838.8816170348726,838.8816170348726,838.8816170348726,838.8816170348726,838.8816170348726,838.8816170348726,838.8816170348726,838.8816170348726,838.8816170348726,838.8816170348726,838.8816170348726,838.8816170348726,838.8816170348726,838.8816170348726,838.8816170348726,838.8816170348726,838.8816170348726,838.8816170348726,838.8816170348726,838.8816170348726,837.5421411943518,837.5421411943518,837.5421411943518,837.5421411943518,837.5421411943518,837.5421411943518,837.5421411943518,837.5421411943518,837.5421411943518,837.5421411943518,837.5421411943518,837.5421411943518,837.5421411943518,837.5421411943518,837.5421411943518,837.5421411943518,837.5421411943518,837.5421411943518,837.5421411943518,837.5421411943518,837.5421411943518,837.5421411943518,837.5421411943518,837.5421411943518,837.5421411943518,837.5421411943518,837.5421411943518,837.5421411943518,837.5421411943518,837.5421411943518,837.5421411943518,837.5421411943518,837.5421411943518,837.5421411943518,837.5421411943518,837.5421411943518,837.5421411943518,837.5421411943518,837.5421411943518,837.5421411943518,837.5421411943518,837.5421411943518,837.5421411943518,837.5421411943518,837.5421411943518,837.5421411943518,837.5421411943518,837.5421411943518,837.5421411943518,837.5421411943518,837.5421411943518,837.5421411943518,837.5421411943518,837.5421411943518,837.5421411943518,837.5421411943518,837.5421411943518,837.5421411943518,837.5421411943518,837.5421411943518,837.5421411943518,837.5421411943518,837.5421411943518,837.5421411943518,837.5421411943518,837.5421411943518,837.5421411943518,837.5421411943518,837.5421411943518,837.5421411943518,837.5421411943518,837.5421411943518,837.5421411943518,837.5421411943518,837.5421411943518,837.5421411943518,837.5421411943518,837.5421411943518,837.5421411943518,837.5421411943518,837.5421411943518,837.5421411943518,837.5421411943518,837.5421411943518,837.5421411943518,837.5421411943518,837.5421411943518,837.5421411943518,837.5421411943518,837.5421411943518,837.5421411943518,837.5421411943518,837.5421411943518,837.5421411943518,837.5421411943518,837.5421411943518,837.5421411943518,837.5421411943518,837.5421411943518,