{"benchmark":"P-n60-k10","Optimal":744,"front":[{"trucks":[[35,47,9,28,53],[5,46,31,3,7],[8,54,12,15,20],[29,23,43,42,44,2],[30,49,48,22,60,37],[6,38,21,16,58,14,55,36],[52,34,17,4,45,33],[24,57,50,25,19,51,56,26],[27,11,39,32,59],[13,41,40,10,18]],"fuel":1140.072985050034,"distance":795.082267810887},{"trucks":[[9,20,55,14,58,16,6,30],[18,52,17,25,57,24],[27,41,13,59,47],[7,34,2,44,42,43,23],[45,4,33,51,26,56,19,50],[40,10,32,11,39],[8,12,54,15,36],[31,49,48,37,21,38],[5,46,53,28,35],[3,29,22,60]],"fuel":1137.5269358773237,"distance":821.7041215953785}]}