{"front":[{"fuel":1173.465061675704,"distance":819.8399114418592,"trucks":[[25,50,24,57,42,43,44,23],[40,10,26,56,19,51,45],[46,30,6,38,21,16,58],[28,49,48,37,60,22],[7,3,29,2,34],[13,41,33,4,17,52],[12,39,11,32],[35,47,9,36,55,14,53],[59,8,54,20,15],[5,31,18,27]]},{"fuel":1148.5857795508834,"distance":827.0186517121293,"trucks":[[3,23,43,42,44,2,17],[5,31,46,28,14,55],[29,22,48,37,60],[13,10,40,11,39],[7,34,24,57,25,52],[49,6,38,21,16,58,30],[18,41,33,45,4,50],[47,35,53,20,9,8],[27,59,32,56,26,51,19],[36,54,15,12]]},{"fuel":1145.2684141283055,"distance":827.3051252040099,"trucks":[[3,23,43,42,44,2,17],[5,31,46,28,14,55],[29,22,48,37,60],[13,10,40,11,39],[7,34,24,57,25,52],[30,49,6,38,21,16,58],[18,41,33,45,4,50],[47,35,53,9,20,8],[27,59,32,56,26,51,19],[36,54,15,12]]}],"Optimal":744,"benchmark":"P-n60-k10"}