{"optimalDistance":799,"benchmark":"A-n36-k5","fuelSequence":[1247.717981098861,1247.717981098861,1247.717981098861,1247.717981098861,1247.717981098861,1247.717981098861,1247.717981098861,1247.717981098861,1247.717981098861,1247.717981098861,1247.717981098861,1247.717981098861,1247.717981098861,1247.717981098861,1247.717981098861,1240.3475003843278,1240.3475003843278,1226.0538441777876,1217.0726291371927,1217.0726291371927,1217.0726291371927,1217.0726291371927,1217.0726291371927,1217.0726291371927,1217.0726291371927,1217.0726291371927,1217.0726291371927,1217.0726291371927,1214.5692093827047,1214.5692093827047,1205.4570253454676,1205.4570253454676,1205.4570253454676,1205.4570253454676,1205.4570253454676,1205.4570253454676,1205.4570253454676,1205.4570253454676,1205.4570253454676,1204.7575351004064,1203.8700193437824,1190.2822626553893,1190.2822626553893,1190.2822626553893,1190.2822626553893,1190.2822626553893,1190.2822626553893,1190.2822626553893,1190.2822626553893,1190.2822626553893,1190.2822626553893,1190.2822626553893,1190.2822626553893,1190.155904468874,1190.155904468874,1190.155904468874,1185.2057851717987,1185.2057851717987,1185.2057851717987,1185.2057851717987,1180.799073509899,1180.799073509899,1180.799073509899,1180.799073509899,1180.799073509899,1180.799073509899,1180.799073509899,1180.799073509899,1180.799073509899,1180.799073509899,1180.799073509899,1180.799073509899,1180.799073509899,1180.799073509899,1180.799073509899,1180.799073509899,1180.799073509899,1180.799073509899,1180.799073509899,1180.799073509899,1180.799073509899,1180.799073509899,1180.799073509899,1180.799073509899,1180.799073509899,1177.0909511890306,1177.0909511890306,1177.0909511890306,1177.0909511890306,1177.0909511890306,1177.0909511890306,1177.0909511890306,1177.0909511890306,1177.0909511890306,1177.0909511890306,1177.0909511890306,1177.0909511890306,1177.0909511890306,1177.0909511890306,1177.0909511890306,1177.0909511890306,1174.1690981718227,1174.1690981718227,1174.1690981718227,1174.1690981718227,1174.1690981718227,1174.1690981718227,1174.1690981718227,1174.1690981718227,1174.1690981718227,1174.1690981718227,1174.1690981718227,1174.1690981718227,1174.1690981718227,1174.1690981718227,1174.1690981718227,1174.1690981718227,1174.1690981718227,1174.1690981718227,1174.1690981718227,1174.1690981718227,1174.1690981718227,1174.1690981718227,1174.1690981718227,1174.1690981718227,1174.1690981718227,1174.1690981718227,1174.1690981718227,1174.1690981718227,1174.1690981718227,1174.1690981718227,1174.1690981718227,1174.1690981718227,1174.1690981718227,1174.1690981718227,1174.1690981718227,1174.1690981718227,1174.1690981718227,1174.1690981718227,1174.1690981718227,1174.1690981718227,1174.1690981718227,1172.714660972969,1172.714660972969,1172.714660972969,1172.714660972969,1172.714660972969,1172.714660972969,1172.714660972969,1172.714660972969,1171.7410552616311,1171.7410552616311,1171.7410552616311,1171.7410552616311,1171.7410552616311,1171.7410552616311,1171.7410552616311,1171.7410552616311,1171.7410552616311,1171.7410552616311,1171.7410552616311,1171.7410552616311,1171.7410552616311,1171.7410552616311,1171.7410552616311,1171.7410552616311,1171.7410552616311,1163.984509336463,1163.984509336463,1163.984509336463,1163.984509336463,1163.984509336463,1163.984509336463,1163.984509336463,1163.984509336463,1163.984509336463,1163.984509336463,1163.984509336463,1163.984509336463,1163.984509336463,1163.984509336463,1163.984509336463,1163.984509336463,1163.984509336463,1163.984509336463,1163.984509336463,1163.984509336463,1163.984509336463,1163.984509336463,1163.984509336463,1163.984509336463,1163.984509336463,1163.984509336463,1163.984509336463,1163.984509336463,1163.984509336463,1163.984509336463,1163.984509336463,1163.984509336463,1163.984509336463,1163.984509336463,1163.984509336463,1163.984509336463,1163.984509336463,1163.984509336463,1163.984509336463,1163.984509336463,1163.984509336463,1163.984509336463,1163.984509336463,1163.984509336463,1163.984509336463,1163.984509336463,1163.984509336463,1163.984509336463,1163.984509336463,1163.984509336463,1163.984509336463,1163.984509336463,1163.984509336463,1163.984509336463,1163.984509336463,1163.984509336463,1163.984509336463,1163.984509336463,1163.984509336463,1163.984509336463,1163.984509336463,1163.984509336463,1163.984509336463,1163.984509336463,1163.984509336463,1163.984509336463,1163.984509336463,1163.984509336463,1163.984509336463,1163.984509336463,1163.984509336463,1163.984509336463,1163.984509336463,1163.984509336463,1163.984509336463,1163.984509336463,1163.984509336463,1163.984509336463,1163.984509336463,1163.984509336463,1163.984509336463,1163.984509336463,1163.984509336463,1163.984509336463,1163.984509336463,1163.984509336463,1163.984509336463,1163.984509336463,1163.984509336463,1163.984509336463,1163.984509336463,1163.984509336463,1163.984509336463,1163.984509336463,1163.984509336463,1163.984509336463,1163.984509336463,1163.984509336463,1163.984509336463,1163.984509336463,1163.984509336463,1163.984509336463,1163.984509336463,1163.984509336463,1163.984509336463,1163.984509336463,1163.984509336463,1163.984509336463,1163.984509336463,1163.984509336463,1163.984509336463,1163.984509336463,1163.984509336463,1163.984509336463,1163.984509336463,1163.984509336463,1163.984509336463,1163.984509336463,1163.984509336463,1163.984509336463,1163.984509336463,1163.984509336463,1163.984509336463,1163.984509336463,1163.984509336463,1163.984509336463,1163.984509336463,1163.984509336463,1163.984509336463,1163.984509336463,1163.984509336463,1163.984509336463,1163.984509336463,1163.984509336463,1163.984509336463,1163.984509336463,1163.984509336463,1163.984509336463,1163.984509336463,1163.984509336463,1163.984509336463,1163.984509336463,1163.984509336463,1163.984509336463,1163.984509336463,1163.984509336463,1163.984509336463,1163.984509336463,1163.984509336463,1163.984509336463,1163.984509336463,1163.984509336463,1163.984509336463,1163.984509336463,1163.984509336463,1163.984509336463,1163.984509336463,1163.984509336463,1163.984509336463,1163.984509336463,1163.984509336463,1163.984509336463,1163.984509336463,1163.984509336463,1163.984509336463,1163.984509336463,1163.984509336463,1163.984509336463,1163.984509336463,1163.984509336463,1163.984509336463,1163.984509336463,1163.984509336463,1163.984509336463,1163.984509336463,1163.984509336463,1163.984509336463,1163.984509336463,1163.984509336463,1163.984509336463,1163.984509336463,1163.984509336463,1163.984509336463,1163.984509336463,1163.984509336463,1163.984509336463,1163.984509336463,1163.984509336463,1163.984509336463,1163.984509336463,1163.984509336463,1163.984509336463,1163.984509336463,1163.984509336463,1163.984509336463,1163.984509336463,1163.984509336463,1163.984509336463,1163.984509336463,1163.984509336463,1163.984509336463,1163.984509336463,1163.984509336463,1163.984509336463,1163.984509336463,1163.984509336463,1163.984509336463,1163.984509336463,1163.984509336463,1163.984509336463,1163.984509336463,1163.984509336463,1163.984509336463,1163.984509336463,1163.984509336463,1163.984509336463,1163.984509336463,1163.984509336463,1163.984509336463,1163.984509336463,1163.984509336463,1163.984509336463,1163.984509336463,1163.984509336463,1163.984509336463,1163.984509336463,1163.984509336463,1163.984509336463,1163.984509336463,1163.984509336463,1163.984509336463,1163.984509336463,1163.984509336463,1163.984509336463,1163.984509336463,1163.984509336463,1163.984509336463,1163.984509336463,1163.984509336463,1163.984509336463,1163.984509336463,1163.984509336463,1163.984509336463,1163.984509336463,1163.984509336463,1163.984509336463,1163.984509336463,1163.984509336463,1163.984509336463,1163.984509336463,1163.984509336463,1163.984509336463,1163.984509336463,1163.984509336463,1163.984509336463,1163.984509336463,1163.984509336463,1163.984509336463,1163.984509336463,1163.984509336463,1163.984509336463,1163.984509336463,1163.984509336463,1163.984509336463,1163.984509336463,1163.984509336463,1163.984509336463,