{"Optimal":799,"benchmark":"A-n36-k5","front":[{"trucks":[[29,13,7,4,32,20,5,24],[22,23,33,14,18,31,30,34,19],[10,15,35,3,36,9,16],[11,8,27,21,6],[12,26,28,25,2,17]],"fuel":1133.253133526148,"distance":826.8206062657886},{"trucks":[[29,13,7,4,32,20,5,24],[22,23,33,19,34,30,31,18,14],[10,15,35,3,36,9,16],[11,8,27,21,6],[12,26,28,25,2,17]],"distance":831.8900878116694,"fuel":1126.4304703178902}]}