{"Optimal":799,"front":[{"distance":818.7113750928811,"trucks":[[22,23,33,14,18,31,30,34,19],[29,13,32,20,5,4,7,24],[10,15,35,3,36,9,16],[11,8,27,21,6],[12,26,28,25,2,17]],"fuel":1131.182945962826},{"distance":822.7462844036281,"trucks":[[22,23,19,34,30,31,18,14,33],[29,13,32,20,5,4,7,24],[10,15,35,3,36,9,16],[11,8,27,21,6],[12,26,28,25,2,17]],"fuel":1128.5644168435938},{"fuel":1124.3602827545683,"trucks":[[22,23,33,19,34,30,31,18,14],[29,13,32,20,5,4,7,24],[10,15,35,3,36,9,16],[11,8,27,21,6],[12,26,28,25,2,17]],"distance":823.7808566387621}],"benchmark":"A-n36-k5"}