{"benchmark":"A-n36-k5","Optimal":799,"front":[{"trucks":[[25,22,23,33,18,31,30,14,28],[13,4,7,5,20,32,34,19],[29,15,35,24,3,36,9,16],[6,21,10,26,12,2,17],[11,8,27]],"fuel":1184.705653900609,"distance":841.6117319027927},{"trucks":[[28,25,22,23,33,18,31,30,14],[13,4,7,5,20,32,34,19],[29,15,35,24,3,36,9,16],[6,21,10,26,12,2,17],[11,8,27]],"fuel":1183.468982134871,"distance":842.0377052126393}]}