{"Optimal":549,"benchmark":"B-n39-k5","front":[{"trucks":[[28,39,26,33,13,12,16,6],[2,27,23,17,31,24,38,22,25,34,3],[8,21,20,19,7,11,14,10],[4,32,29,5,18,36,37],[30,9,15,35]],"fuel":800.5713143304646,"distance":568.2247618495915}]}