{"benchmark":"A-n69-k9","Optimal":1159,"front":[{"fuel":1756.4836990926594,"trucks":[[58,43,26,12,64,47,6],[45,4,52,7,16,46,36,14],[28,66,22,62,65,68],[29,35,15,48,5,61,56,8,32,20],[59,23,13,39,40,41,30],[55,33,18,11,37,2,49,17,27],[24,31,10,50,34,3,54,19],[63,57,9,60,21,42,69,67],[25,44,53,51,38]],"distance":1233.2700256541018},{"distance":1233.4268663682744,"fuel":1755.969509623135,"trucks":[[58,43,26,12,64,47,6],[45,4,52,7,16,36,46,14],[28,66,22,62,65,68],[29,35,15,48,5,61,56,8,32,20],[59,23,13,39,40,41,30],[55,33,18,11,37,2,49,17,27],[24,31,10,50,34,3,54,19],[63,57,9,60,21,42,69,67],[25,44,53,51,38]]}]}