{"benchmark":"B-n45-k5","optimalDistance":751,"distanceSequence":[834.1763965988642,834.1763965988642,834.1763965988642,834.1763965988642,834.1763965988642,834.1763965988642,834.1763965988642,834.1763965988642,834.1763965988642,834.1763965988642,834.1763965988642,834.1763965988642,834.1763965988642,834.1763965988642,834.1763965988642,834.1763965988642,834.1763965988642,834.1763965988642,834.1763965988642,834.1763965988642,834.1763965988642,834.1763965988642,834.1763965988642,834.1763965988642,834.1763965988642,834.1763965988642,834.1763965988642,834.1763965988642,834.1763965988642,834.1763965988642,834.1763965988642,834.1763965988642,817.8972794488885,817.8972794488885,817.8972794488885,817.8972794488885,817.8972794488885,817.8972794488885,817.8972794488885,817.8972794488885,817.8972794488885,817.8972794488885,803.5784536610284,803.5784536610284,803.5784536610284,803.5784536610284,803.5784536610284,803.5784536610284,803.5784536610284,803.5784536610284,803.5784536610284,803.5784536610284,803.5784536610284,803.5784536610284,803.5784536610284,803.5784536610284,803.5784536610284,803.5784536610284,803.5784536610284,803.5784536610284,803.5784536610284,803.5784536610284,803.5784536610284,803.5784536610284,803.5784536610284,803.5784536610284,803.5784536610284,803.5784536610284,803.5784536610284,803.5784536610284,803.5784536610284,803.5784536610284,803.5784536610284,803.5784536610284,803.5784536610284,803.5784536610284,803.5784536610284,803.5784536610284,803.5784536610284,803.5784536610284,803.5784536610284,803.5784536610284,803.5784536610284,803.5784536610284,803.5784536610284,803.5784536610284,803.5784536610284,803.5784536610284,803.5784536610284,803.5784536610284,803.5784536610284,803.5784536610284,803.5784536610284,803.5784536610284,803.5784536610284,803.5784536610284,803.5784536610284,803.5784536610284,803.5784536610284,803.5784536610284,803.5784536610284,803.5784536610284,803.5784536610284,803.5784536610284,803.5784536610284,803.5784536610284,803.5784536610284,803.5784536610284,803.5784536610284,803.5784536610284,803.5784536610284,803.5784536610284,803.5784536610284,803.5784536610284,803.5784536610284,803.5784536610284,803.5784536610284,803.5784536610284,803.5784536610284,803.5784536610284,803.5784536610284,803.5784536610284,803.5784536610284,803.5784536610284,803.5784536610284,803.5784536610284,803.5784536610284,803.5784536610284,803.5784536610284,803.5784536610284,803.5784536610284,803.5784536610284,803.5784536610284,803.5784536610284,803.5784536610284,803.5784536610284,803.5784536610284,803.5784536610284,803.5784536610284,803.5784536610284,803.5784536610284,803.5784536610284,803.5784536610284,803.5784536610284,803.5784536610284,803.5784536610284,803.5784536610284,803.5784536610284,803.5784536610284,803.5784536610284,803.5784536610284,803.5784536610284,803.5784536610284,803.5784536610284,803.5784536610284,803.5784536610284,803.5784536610284,803.5784536610284,803.5784536610284,803.5784536610284,803.5784536610284,803.5784536610284,803.5784536610284,803.5784536610284,803.5784536610284,803.5784536610284,803.5784536610284,803.5784536610284,803.5784536610284,803.5784536610284,803.5784536610284,803.5784536610284,803.5784536610284,803.5784536610284,803.5784536610284,803.5784536610284,803.5784536610284,803.5784536610284,803.5784536610284,803.5784536610284,803.5784536610284,803.5784536610284,803.5784536610284,803.5784536610284,803.5784536610284,803.5784536610284,803.5784536610284,803.5784536610284,803.5784536610284,803.5784536610284,803.5784536610284,803.5784536610284,803.5784536610284,803.5784536610284,803.5784536610284,803.5784536610284,803.5784536610284,803.5784536610284,803.5784536610284,803.5784536610284,803.5784536610284,803.5784536610284,803.5784536610284,803.5784536610284,803.5784536610284,803.5784536610284,803.5784536610284,803.5784536610284,803.5784536610284,803.5784536610284,803.5784536610284,803.5784536610284,803.5784536610284,803.5784536610284,803.5784536610284,803.5784536610284,803.5784536610284,801.2724481829302,801.2724481829302,801.2724481829302,801.2724481829302,801.2724481829302,801.2724481829302,801.2724481829302,801.2724481829302,801.2724481829302,801.2724481829302,801.2724481829302,801.2724481829302,801.2724481829302,801.2724481829302,801.2724481829302,801.2724481829302,801.2724481829302,801.2724481829302,801.2724481829302,801.2724481829302,801.2724481829302,801.2724481829302,801.2724481829302,801.2724481829302,801.2724481829302,801.2724481829302,801.2724481829302,801.2724481829302,801.2724481829302,801.2724481829302,801.2724481829302,801.2724481829302,801.2724481829302,801.2724481829302,801.2724481829302,801.2724481829302,801.2724481829302,801.2724481829302,801.2724481829302,801.2724481829302,801.2724481829302,801.2724481829302,801.2724481829302,801.2724481829302,801.2724481829302,801.2724481829302,801.2724481829302,801.2724481829302,801.2724481829302,801.2724481829302,801.2621321719982,801.2621321719982,801.2621321719982,801.2621321719982,801.2621321719982,801.2621321719982,801.2621321719982,801.2621321719982,801.2621321719982,801.2621321719982,801.2621321719982,801.2621321719982,801.2621321719982,801.2621321719982,801.2621321719982,801.2621321719982,801.2621321719982,801.2621321719982,801.2621321719982,801.2621321719982,801.2621321719982,799.7985036886986,799.7985036886986,799.7985036886986,799.7985036886986,799.7985036886986,799.7985036886986,799.7985036886986,799.7985036886986,799.7985036886986,799.7985036886986,799.7985036886986,799.7985036886986,799.7985036886986,799.7985036886986,799.7985036886986,799.7985036886986,799.7985036886986,799.7985036886986,799.7985036886986,799.7985036886986,799.7985036886986,799.7985036886986,799.7985036886986,799.7985036886986,799.7985036886986,799.7985036886986,799.7985036886986,799.7985036886986,799.7985036886986,799.7985036886986,799.7985036886986,799.7985036886986,799.7985036886986,799.7985036886986,799.7985036886986,799.7985036886986,799.7985036886986,799.7985036886986,799.7985036886986,791.353544259892,791.353544259892,791.353544259892,791.353544259892,791.353544259892,791.353544259892,791.353544259892,791.353544259892,791.353544259892,791.353544259892,791.353544259892,791.353544259892,791.353544259892,789.7556268827874,789.7556268827874,789.7556268827874,789.7556268827874,789.7556268827874,789.7556268827874,789.7556268827874,789.7556268827874,789.7556268827874,789.7556268827874,789.7556268827874,789.7556268827874,789.7556268827874,789.7556268827874,789.7556268827874,789.7556268827874,789.7556268827874,789.7556268827874,789.7556268827874,789.7556268827874,789.7556268827874,789.7556268827874,789.7556268827874,789.7556268827874,789.7556268827874,789.7556268827874,789.7556268827874,789.7556268827874,789.7556268827874,789.7556268827874,789.7556268827874,789.7556268827874,789.7556268827874,789.7556268827874,789.7556268827874,789.7556268827874,789.7556268827874,789.7556268827874,789.7556268827874,789.7556268827874,789.7556268827874,789.7556268827874,789.7556268827874,789.7556268827874,789.7556268827874,789.7556268827874,789.7556268827874,789.7556268827874,789.7556268827874,789.7556268827874,789.7556268827874,789.7556268827874,789.7556268827874,789.7556268827874,789.7556268827874,789.7556268827874,789.7556268827874,789.7556268827874,789.7556268827874,789.7556268827874,789.7556268827874,789.7556268827874,789.7556268827874,789.7556268827874,789.7556268827874,789.7556268827874,789.7556268827874,789.7556268827874,789.7556268827874,789.7556268827874,789.7556268827874,789.7556268827874,789.7556268827874,789.7556268827874,789.7556268827874,789.7556268827874,789.7556268827874,789.7556268827874,789.7556268827874,789.7556268827874,789.7556268827874,789.7556268827874,789.7556268827874,789.7556268827874,789.7556268827874,789.7556268827874,789.7556268827874,789.7556268827874,789.7556268827874,789.7556268827874,789.7556268827874,789.7556268827874,789.7556268827874,789.7556268827874,789.7556268827874,789.7556268827874,789.7556268827874,789.7556268827874,789.7556268827874,789.7556268827874,789.7556268827874,