{"optimalDistance":751,"fuelSequence":[1162.406771749193,1162.406771749193,1162.406771749193,1162.406771749193,1162.406771749193,1162.406771749193,1162.406771749193,1162.406771749193,1162.406771749193,1157.7803074082294,1157.7803074082294,1157.7803074082294,1149.6269970298122,1149.6269970298122,1149.6269970298122,1149.6269970298122,1149.6269970298122,1149.6269970298122,1149.6269970298122,1149.6269970298122,1149.6269970298122,1149.6269970298122,1149.6269970298122,1149.6269970298122,1149.6269970298122,1149.6269970298122,1149.6269970298122,1149.6269970298122,1149.6269970298122,1149.6269970298122,1149.6269970298122,1149.6269970298122,1149.6269970298122,1149.6269970298122,1149.6269970298122,1149.6269970298122,1149.6269970298122,1149.6269970298122,1149.6269970298122,1149.6269970298122,1149.6269970298122,1149.6269970298122,1149.6269970298122,1149.6269970298122,1149.6269970298122,1143.3471075525576,1143.3471075525576,1143.3471075525576,1143.3471075525576,1143.3471075525576,1143.3471075525576,1143.3471075525576,1143.3471075525576,1143.3471075525576,1143.3471075525576,1143.3471075525576,1143.3471075525576,1143.3471075525576,1143.3471075525576,1143.3471075525576,1143.3471075525576,1143.3471075525576,1143.3471075525576,1143.3471075525576,1143.3471075525576,1143.3471075525576,1139.1150047515189,1139.1150047515189,1139.1150047515189,1139.1150047515189,1139.1150047515189,1139.1150047515189,1139.1150047515189,1139.1150047515189,1139.1150047515189,1139.1150047515189,1139.1150047515189,1139.1150047515189,1139.1150047515189,1139.1150047515189,1139.1150047515189,1139.1150047515189,1139.1150047515189,1139.1150047515189,1139.1150047515189,1139.1150047515189,1139.1150047515189,1139.1150047515189,1139.1150047515189,1139.1150047515189,1139.1150047515189,1139.1150047515189,1139.1150047515189,1139.1150047515189,1139.1150047515189,1139.1150047515189,1139.1150047515189,1139.1150047515189,1139.1150047515189,1139.1150047515189,1139.1150047515189,1139.1150047515189,1139.1150047515189,1139.1150047515189,1132.9456317588886,1132.9456317588886,1132.9456317588886,1132.9456317588886,1132.1806492509775,1130.8699417409036,1130.8699417409036,1130.8699417409036,1130.8699417409036,1130.8699417409036,1130.8699417409036,1130.8699417409036,1130.8699417409036,1130.8699417409036,1130.8699417409036,1130.8699417409036,1129.004685889604,1129.004685889604,1129.004685889604,1129.004685889604,1129.004685889604,1129.004685889604,1126.5693466345042,1126.5693466345042,1126.5693466345042,1126.5693466345042,1126.5693466345042,1126.5693466345042,1126.5693466345042,1126.5693466345042,1126.5693466345042,1126.5693466345042,1126.5693466345042,1126.5693466345042,1126.5693466345042,1126.5693466345042,1126.5693466345042,1126.5693466345042,1126.5693466345042,1126.5693466345042,1126.5693466345042,1126.5693466345042,1125.8337845776769,1125.8337845776769,1125.8337845776769,1125.8337845776769,1125.8337845776769,1125.8337845776769,1125.8337845776769,1125.8337845776769,1125.8337845776769,1122.5627144330335,1122.5627144330335,1122.5627144330335,1122.5627144330335,1122.5627144330335,1122.5627144330335,1122.5627144330335,1122.5627144330335,1122.5627144330335,1122.5627144330335,1122.5627144330335,1122.5627144330335,1120.2817435058453,1120.2817435058453,1118.5858685566761,1118.5858685566761,1118.5858685566761,1118.5858685566761,1118.5858685566761,1118.5858685566761,1118.5858685566761,1118.5858685566761,1118.5858685566761,1118.5858685566761,1118.5858685566761,1118.5858685566761,1118.5858685566761,1118.5858685566761,1118.5858685566761,1118.5858685566761,1118.5858685566761,1118.5858685566761,1118.5858685566761,1118.5858685566761,1118.5858685566761,1118.5858685566761,1118.5858685566761,1118.5858685566761,1118.5858685566761,1118.5858685566761,1118.5858685566761,1118.5858685566761,1118.5858685566761,1118.5858685566761,1118.5858685566761,1118.5858685566761,1118.5858685566761,1118.5858685566761,1118.5858685566761,1118.5858685566761,1118.5858685566761,1118.5858685566761,1118.5858685566761,1118.5858685566761,1118.5858685566761,1118.5858685566761,1118.5858685566761,1118.5858685566761,1118.5858685566761,1118.5858685566761,1118.5858685566761,1118.5858685566761,1118.5858685566761,1118.5858685566761,1118.5858685566761,1118.5858685566761,1118.5858685566761,1118.5858685566761,1118.5858685566761,1118.5858685566761,1118.5858685566761,1118.5858685566761,1118.5858685566761,1114.6083852597208,1114.6083852597208,1114.6083852597208,1114.6083852597208,1114.6083852597208,1114.6083852597208,1114.6083852597208,1114.6083852597208,1114.6083852597208,1114.6083852597208,1114.6083852597208,1114.6083852597208,1114.6083852597208,1114.6083852597208,1114.6083852597208,1114.6083852597208,1114.6083852597208,1114.6083852597208,1114.6083852597208,1114.6083852597208,1114.6083852597208,1114.6083852597208,1114.6083852597208,1114.6083852597208,1114.6083852597208,1114.6083852597208,1114.6083852597208,1114.6083852597208,1114.6083852597208,1114.6083852597208,1114.6083852597208,1114.6083852597208,1114.6083852597208,1114.6083852597208,1114.6083852597208,1114.6083852597208,1114.546004901661,1114.546004901661,1114.546004901661,1114.546004901661,1112.546345091088,1112.546345091088,1112.546345091088,1112.546345091088,1112.546345091088,1112.546345091088,1112.546345091088,1112.546345091088,1112.546345091088,1112.546345091088,1112.546345091088,1112.546345091088,1112.546345091088,1112.546345091088,1112.546345091088,1112.546345091088,1112.546345091088,1112.546345091088,1112.546345091088,1112.546345091088,1112.546345091088,1112.546345091088,1112.0744412843358,1112.0744412843358,1112.0744412843358,1112.0744412843358,1112.0744412843358,1112.0744412843358,1112.0744412843358,1112.0744412843358,1110.012401115703,1110.012401115703,1110.012401115703,1110.012401115703,1110.012401115703,1110.012401115703,1110.012401115703,1110.012401115703,1110.012401115703,1110.012401115703,1110.012401115703,1110.012401115703,1110.012401115703,1110.012401115703,1110.012401115703,1110.012401115703,1110.012401115703,1110.012401115703,1110.012401115703,1110.012401115703,1110.012401115703,1110.012401115703,1110.012401115703,1110.012401115703,1110.012401115703,1110.012401115703,1110.012401115703,1110.012401115703,1110.012401115703,1110.012401115703,1110.012401115703,1110.012401115703,1110.012401115703,1110.012401115703,1110.012401115703,1110.012401115703,1110.012401115703,1110.012401115703,1110.012401115703,1110.012401115703,1110.012401115703,1110.012401115703,1110.012401115703,1110.012401115703,1110.012401115703,1110.012401115703,1110.012401115703,1110.012401115703,1110.012401115703,1110.012401115703,1110.012401115703,1110.012401115703,1110.012401115703,1110.012401115703,1110.012401115703,1110.012401115703,1110.012401115703,1110.012401115703,1110.012401115703,1110.012401115703,1110.012401115703,1110.012401115703,1110.012401115703,1110.012401115703,1110.012401115703,1110.012401115703,1110.012401115703,1110.012401115703,1110.012401115703,1110.012401115703,1110.012401115703,1110.012401115703,1110.012401115703,1110.012401115703,1110.012401115703,1110.012401115703,1110.012401115703,1110.012401115703,1110.012401115703,1110.012401115703,1110.012401115703,1110.012401115703,1110.012401115703,1110.012401115703,1110.012401115703,1110.012401115703,1110.012401115703,1110.012401115703,1110.012401115703,1110.012401115703,1110.012401115703,1110.012401115703,1110.012401115703,1110.012401115703,1110.012401115703,1110.012401115703,1110.012401115703,1110.012401115703,1110.012401115703,1110.012401115703,1110.012401115703,1110.012401115703,1110.012401115703,1110.012401115703,1110.012401115703,1110.012401115703,1110.012401115703,1110.012401115703,1110.012401115703,1110.012401115703,1110.012401115703,1110.012401115703,1110.012401115703,1110.012401115703,1110.012401115703,1110.012401115703,1110.012401115703,1110.012401115703,1110.012401115703,1110.012401115703,1110.012401115703,1110.012401115703,1110.012401115703,1110.012401115703,1110.012401115703,1110.012401115703,1110.012401115703,1110.012401115703,1110.012401115703,1110.012401115703,