{"Optimal":751,"front":[{"distance":787.8901436018996,"trucks":[[19,15,28,25,36,21,39,32,4],[5,30,17,34,20,27,12,26,9,23],[3,16,33,38,8,35,45,2],[42,44,22,13,7,41,43,29,14,10],[40,24,18,31,37,11,6]],"fuel":1126.7886441847631},{"distance":789.7556268827874,"trucks":[[19,15,28,25,4,32,39,21,36],[5,30,17,34,20,27,12,26,9,23],[3,16,33,38,8,35,45,2],[42,44,22,13,7,41,43,29,14,10],[40,31,18,24,37,11,6]],"fuel":1123.4507512906496}],"benchmark":"B-n45-k5"}