{"Optimal":751,"front":[{"trucks":[[10,38,33,16,3,29],[23,9,5,17,30,12,26,27,20,34],[40,6,42,44,22,7,13,41,43],[19,8,35,15,28,25,36,21,39,32,4],[31,24,18,37,2,14,45,11]],"distance":782.6913612310184,"fuel":1120.381098356886},{"trucks":[[24,31,18,11,37,2,45,8,10],[23,9,5,17,30,12,26,27,20,34],[40,44,42,6,7,13,22,41,43],[19,35,15,28,25,36,21,39,32,4],[14,3,16,33,38,29]],"distance":783.0416744369388,"fuel":1102.7648664196267},{"trucks":[[24,31,18,11,37,2,45,8,14],[23,9,5,17,30,12,26,27,20,34],[40,44,42,6,7,13,22,41,43],[19,35,15,28,25,36,21,39,32,4],[10,38,33,16,3,29]],"distance":785.9343392845864,"fuel":1096.5328659796928}],"benchmark":"B-n45-k5"}