{"front":[{"distance":824.3582173623228,"trucks":[[19,15,28,35,25,21,36,4,39,32],[27,12,30,17,5,9,22,13,7,41,43],[10,38,33,16,3,29],[44,23,42,6,34,20,26,11],[40,18,24,31,37,14,8,45,2]],"fuel":1164.9118025762293},{"distance":826.3476953249351,"trucks":[[30,17,5,12,26,27,20,34,9,42],[8,35,15,28,25,4,32,39,36,21],[10,38,3,16,33],[6,7,13,22,44,23,41,43,29,14,2,18],[11,31,37,40,24,45,19]],"fuel":1140.523472495047}],"Optimal":751,"benchmark":"B-n45-k5"}