{"optimalDistance":1272,"fuelSequence":[1980.0847569971088,1980.0847569971088,1980.0847569971088,1980.0847569971088,1980.0847569971088,1980.0847569971088,1980.0847569971088,1980.0847569971088,1980.0847569971088,1980.0847569971088,1980.0847569971088,1980.0847569971088,1980.0847569971088,1980.0847569971088,1980.0847569971088,1980.0847569971088,1963.486988565428,1963.486988565428,1963.486988565428,1963.486988565428,1963.486988565428,1963.486988565428,1963.486988565428,1963.486988565428,1963.486988565428,1963.486988565428,1963.486988565428,1963.486988565428,1963.486988565428,1963.486988565428,1963.486988565428,1963.486988565428,1959.9051156637927,1959.9051156637927,1959.9051156637927,1959.9051156637927,1959.9051156637927,1959.9051156637927,1959.9051156637927,1959.9051156637927,1959.9051156637927,1959.9051156637927,1959.9051156637927,1959.9051156637927,1959.9051156637927,1959.9051156637927,1959.9051156637927,1959.9051156637927,1959.9051156637927,1959.9051156637927,1959.9051156637927,1959.9051156637927,1959.9051156637927,1959.9051156637927,1959.9051156637927,1959.9051156637927,1959.9051156637927,1959.9051156637927,1959.9051156637927,1959.9051156637927,1959.9051156637927,1959.9051156637927,1959.9051156637927,1959.9051156637927,1959.9051156637927,1959.9051156637927,1959.9051156637927,1959.9051156637927,1959.9051156637927,1959.9051156637927,1959.9051156637927,1959.9051156637927,1959.9051156637927,1959.9051156637927,1959.9051156637927,1959.9051156637927,1959.9051156637927,1959.9051156637927,1959.9051156637927,1959.9051156637927,1959.9051156637927,1959.9051156637927,1959.9051156637927,1959.9051156637927,1959.9051156637927,1959.9051156637927,1959.9051156637927,1959.9051156637927,1959.9051156637927,1959.9051156637927,1959.9051156637927,1959.9051156637927,1959.9051156637927,1959.9051156637927,1959.9051156637927,1959.9051156637927,1959.9051156637927,1959.9051156637927,1959.9051156637927,1959.9051156637927,1959.9051156637927,1959.9051156637927,1959.9051156637927,1959.9051156637927,1959.9051156637927,1959.9051156637927,1959.9051156637927,1959.9051156637927,1959.9051156637927,1959.9051156637927,1959.9051156637927,1959.9051156637927,1959.9051156637927,1959.9051156637927,1959.9051156637927,1959.9051156637927,1959.9051156637927,1959.9051156637927,1959.9051156637927,1959.9051156637927,1959.9051156637927,1959.9051156637927,1959.9051156637927,1959.9051156637927,1959.9051156637927,1959.9051156637927,1959.9051156637927,1959.9051156637927,1959.9051156637927,1959.9051156637927,1959.9051156637927,1959.9051156637927,1959.9051156637927,1959.9051156637927,1959.9051156637927,1959.9051156637927,1959.9051156637927,1959.9051156637927,1959.9051156637927,1959.9051156637927,1959.9051156637927,1959.9051156637927,1955.3707216356133,1955.3707216356133,1955.3707216356133,1955.3707216356133,1955.3707216356133,1955.3707216356133,1955.3707216356133,1955.3707216356133,1955.3707216356133,1955.3707216356133,1955.3707216356133,1955.3707216356133,1955.3707216356133,1955.3707216356133,1955.3707216356133,1955.3707216356133,1955.3707216356133,1955.3707216356133,1955.3707216356133,1955.3707216356133,1955.3707216356133,1955.3707216356133,1955.3707216356133,1955.3707216356133,1955.3707216356133,1955.3707216356133,1955.3707216356133,1955.3707216356133,1955.3707216356133,1955.3707216356133,1955.3707216356133,1955.3707216356133,1955.3707216356133,1948.8894262618442,1948.8894262618442,1948.8894262618442,1948.8894262618442,1948.8894262618442,1948.8894262618442,1948.8894262618442,1948.8894262618442,1948.8894262618442,1948.8894262618442,1948.8894262618442,1948.8894262618442,1948.8894262618442,1948.8894262618442,1948.8894262618442,1948.8894262618442,1948.8894262618442,1948.8894262618442,1948.8894262618442,1948.8894262618442,1944.892582750098,1944.892582750098,1944.892582750098,1944.892582750098,1944.892582750098,1944.892582750098,1944.892582750098,1944.892582750098,1944.892582750098,1944.892582750098,1944.892582750098,1944.892582750098,1944.892582750098,1944.892582750098,1944.892582750098,1944.892582750098,1944.892582750098,1944.892582750098,1944.892582750098,1944.892582750098,1944.892582750098,1944.892582750098,1944.892582750098,1944.892582750098,1944.892582750098,1944.892582750098,1944.892582750098,1944.892582750098,1944.892582750098,1944.892582750098,1944.892582750098,1944.892582750098,1944.892582750098,1944.892582750098,1944.892582750098,1944.892582750098,1944.892582750098,1944.892582750098,1944.892582750098,1944.892582750098,1944.892582750098,1944.892582750098,1944.892582750098,1944.892582750098,1944.892582750098,1944.892582750098,1944.892582750098,1944.892582750098,1944.892582750098,1944.892582750098,1944.892582750098,1944.892582750098,1944.892582750098,1944.892582750098,1944.892582750098,1944.892582750098,1944.892582750098,1944.892582750098,1944.892582750098,1944.892582750098,1944.892582750098,1944.892582750098,1944.892582750098,1944.892582750098,1944.892582750098,1944.892582750098,1944.892582750098,1944.892582750098,1944.892582750098,1944.892582750098,1944.892582750098,1944.892582750098,1944.892582750098,1944.892582750098,1944.892582750098,1944.892582750098,1944.892582750098,1944.892582750098,1944.892582750098,1944.892582750098,1944.892582750098,1944.892582750098,1944.892582750098,1944.892582750098,1944.892582750098,1944.892582750098,1944.892582750098,1944.892582750098,1944.892582750098,1944.892582750098,1944.892582750098,1944.892582750098,1944.892582750098,1944.892582750098,1944.892582750098,1944.892582750098,1944.892582750098,1944.892582750098,1944.892582750098,1944.892582750098,1944.892582750098,1944.892582750098,1944.892582750098,1944.892582750098,1944.892582750098,1944.892582750098,1944.892582750098,1944.892582750098,1944.892582750098,1943.4939124235823,1943.4939124235823,1943.4939124235823,1943.4939124235823,1943.4939124235823,1943.4939124235823,1943.4939124235823,1943.4939124235823,1943.4939124235823,1943.4939124235823,1943.4939124235823,1943.4939124235823,1943.4939124235823,1943.4939124235823,1943.4939124235823,1943.4939124235823,1943.4939124235823,1943.4939124235823,1943.4939124235823,1943.4939124235823,1943.4939124235823,1943.4939124235823,1943.4939124235823,1943.4939124235823,1943.4939124235823,1943.4939124235823,1943.4939124235823,1943.4939124235823,1943.4939124235823,1943.4939124235823,1943.4939124235823,1943.4939124235823,1943.4939124235823,1943.4939124235823,1943.4939124235823,1942.1044546529988,1942.1044546529988,1942.1044546529988,1942.1044546529988,1942.1044546529988,1942.1044546529988,1942.1044546529988,1942.1044546529988,1942.1044546529988,1942.1044546529988,1942.1044546529988,1942.1044546529988,1942.1044546529988,1939.590172717188,1939.590172717188,1939.590172717188,1939.590172717188,1939.590172717188,1939.590172717188,1939.590172717188,1939.590172717188,1939.590172717188,1939.590172717188,1939.590172717188,1939.590172717188,1939.590172717188,1939.590172717188,1939.590172717188,1939.590172717188,1939.590172717188,1939.590172717188,1939.590172717188,1939.590172717188,1939.590172717188,1939.590172717188,1939.590172717188,1939.590172717188,1939.590172717188,1939.590172717188,1939.590172717188,1939.590172717188,1939.590172717188,1939.590172717188,1939.590172717188,1939.590172717188,1939.590172717188,1939.590172717188,1939.590172717188,1939.590172717188,1939.590172717188,1939.590172717188,1939.590172717188,1939.2468016927603,1935.7395750976027,1935.7395750976027,1935.7395750976027,1935.7395750976027,1935.7395750976027,1935.7395750976027,1935.7395750976027,1935.7395750976027,1935.7395750976027,1935.7395750976027,1935.7395750976027,1935.7395750976027,1935.7395750976027,1935.7395750976027,1935.7395750976027,1935.7395750976027,1935.7395750976027,1935.7395750976027,1935.7395750976027,1935.7395750976027,1935.7395750976027,1935.7395750976027,1935.7395750976027,1935.7395750976027,1935.7395750976027,1935.7395750976027,1935.7395750976027,1935.7395750976027,1935.7395750976027,1935.7395750976027,1935.7395750976027,1935.7395750976027,1935.7395750976027,1935.7395750976027,1935.7395750976027,