{"benchmark":"B-n68-k9","Optimal":1272,"front":[{"fuel":1933.9170026026843,"trucks":[[28,48,66,44,67,8],[41,56,40,24,12,4,30],[16,57,34,2,32,5,61,36,65],[21,53,27,58,52,62,45],[43,68,37,33,7,59,11,29,25,19],[50,23,3,9,38,42],[26,39,54,20,64,51],[55,22,31,60,46,10,49,13,17],[47,14,6,15,63,35,18]],"distance":1360.2314142842547}]}