{"front":[{"trucks":[[48,66,67,44,8,28],[43,68,37,33,7,59,11,25,19,29],[64,54,39,56,40,12,4,20],[47,14,6,15,63,55,22,46,17],[16,2,57,34,32,5,61,36,65],[50,23,3,42,38,9],[13,31,45,35,49,10,60,52,58],[30,18,21,27,53,62],[26,41,51,24]],"fuel":1928.528638291828,"distance":1329.1735050796628},{"distance":1330.2477849535057,"trucks":[[68,37,33,7,29,19,25,11,59,43],[16,2,57,34,32,5,61,36,65],[30,18,21,27,53,62],[28,48,66,67,44,8],[47,14,6,15,63,55,22,46,17],[50,23,3,42,38,9],[13,31,45,35,49,10,60,52,58],[26,54,39,24,40,12,4,20,64],[51,41,56]],"fuel":1927.5348094316155},{"trucks":[[47,14,6,15,63,55,22,46,17],[18,21,53,27,62,52],[57,34,2,16,32,5,61,36,65],[31,13,60,45,35,10,49,58],[20,64,26,41,51,24,54,39],[50,23,3,42,38,9],[68,37,33,7,29,19,25,11,59,43],[28,48,66,44,8,67],[56,40,12,4,30]],"distance":1341.8755059199739,"fuel":1907.7724796363113}],"benchmark":"B-n68-k9","Optimal":1272}