{"optimalDistance":1274,"benchmark":"M-n200-k16","fuelSequence":[2357.7571347195926,2357.7571347195926,2357.7571347195926,2357.7571347195926,2357.7571347195926,2357.7571347195926,2357.7571347195926,2356.423407518563,2356.423407518563,2345.626654573549,2345.626654573549,2340.5068269331214,2340.5068269331214,2337.2321438381646,2337.2321438381646,2337.2321438381646,2337.2321438381646,2337.2321438381646,2337.2321438381646,2332.254211303054,2319.7612553038166,2319.7612553038166,2319.7612553038166,2319.7612553038166,2319.7612553038166,2319.7612553038166,2307.8200395567296,2307.8200395567296,2298.206494590598,2298.206494590598,2298.206494590598,2298.206494590598,2298.206494590598,2297.886799649534,2297.886799649534,2297.886799649534,2297.886799649534,2297.886799649534,2297.886799649534,2295.2462101210253,2295.2462101210253,2295.2462101210253,2295.2462101210253,2287.1284845283562,2287.1284845283562,2287.1284845283562,2287.1284845283562,2287.1284845283562,2286.694368773257,2286.694368773257,2278.554779579624,2278.554779579624,2278.554779579624,2278.554779579624,2276.995574215429,2276.995574215429,2274.1055578283435,2274.1055578283435,2274.1055578283435,2274.1055578283435,2274.1055578283435,2274.1055578283435,2274.1055578283435,2270.5116374310446,2270.5116374310446,2270.5116374310446,2270.5116374310446,2270.5116374310446,2268.4721107807513,2268.4721107807513,2268.4721107807513,2268.2459705535543,2268.2459705535543,2268.2459705535543,2268.2459705535543,2268.2459705535543,2267.462597113106,2261.2668298309195,2261.2668298309195,2261.2668298309195,2261.2668298309195,2261.2668298309195,2261.2668298309195,2261.2668298309195,2261.2668298309195,2261.2668298309195,2261.2668298309195,2261.2668298309195,2261.2668298309195,2251.643658655225,2251.643658655225,2251.643658655225,2251.643658655225,2251.643658655225,2251.643658655225,2251.643658655225,2251.643658655225,2251.643658655225,2251.643658655225,2251.643658655225,2246.804981900493,2246.804981900493,2244.4383777053936,2244.4383777053936,2244.4383777053936,2244.4383777053936,2244.4383777053936,2244.4383777053936,2244.4383777053936,2244.4383777053936,2244.4383777053936,2244.4383777053936,2244.4383777053936,2244.4383777053936,2244.4383777053936,2238.881084768653,2238.881084768653,2238.881084768653,2238.881084768653,2238.881084768653,2238.881084768653,2238.881084768653,2238.881084768653,2237.52492186845,2237.52492186845,2237.52492186845,2237.52492186845,2237.52492186845,2237.52492186845,2237.52492186845,2237.52492186845,2234.4318630173725,2234.4318630173725,2232.9951835607244,2217.140365864216,2217.140365864216,2217.140365864216,2217.140365864216,2217.140365864216,2217.140365864216,2217.140365864216,2217.140365864216,2217.140365864216,2217.140365864216,2217.140365864216,2216.639781506762,2214.874698986726,2214.874698986726,2214.874698986726,2214.874698986726,2214.874698986726,2214.874698986726,2214.874698986726,2214.874698986726,2214.874698986726,2211.145439225556,2211.145439225556,2211.145439225556,2211.145439225556,2208.5209448651804,2208.5209448651804,2208.5209448651804,2208.5209448651804,2208.5209448651804,2208.5209448651804,2205.8278318815687,2205.8278318815687,2205.8278318815687,2205.8278318815687,2205.8278318815687,2201.1939003919056,2201.1939003919056,2201.1939003919056,2201.1939003919056,2198.5261561009843,2198.5261561009843,2198.5261561009843,2198.5261561009843,2198.5261561009843,2198.5261561009843,2198.5261561009843,2198.5261561009843,2198.5261561009843,2198.5261561009843,2196.5752317855836,2196.5752317855836,2196.5752317855836,2196.5752317855836,2196.5752317855836,2196.5752317855836,2196.5752317855836,2196.5752317855836,2196.5752317855836,2196.5752317855836,2196.5752317855836,2196.5752317855836,2196.5752317855836,2194.2445236301874,2194.2445236301874,2192.6992746825335,2192.6992746825335,2192.6992746825335,2192.6992746825335,2192.6992746825335,2192.6992746825335,2188.839944241836,2188.839944241836,2188.839944241836,2188.839944241836,2188.839944241836,2186.5092360864396,2186.5092360864396,2186.5092360864396,2186.5092360864396,2186.5092360864396,2183.488305744586,2183.488305744586,2183.488305744586,2183.488305744586,2183.488305744586,2183.488305744586,2183.488305744586,2182.6332789833896,2182.6332789833896,2182.6332789833896,2182.6332789833896,2182.6332789833896,2182.6332789833896,2182.6332789833896,2182.6332789833896,2182.6332789833896,2182.6332789833896,2182.6332789833896,2182.6332789833896,2182.6332789833896,2182.6332789833896,2182.6332789833896,2182.6332789833896,2182.6332789833896,2182.6332789833896,2182.6332789833896,2182.6332789833896,2182.6332789833896,2182.6332789833896,2182.6332789833896,2182.6332789833896,2182.6332789833896,2182.6332789833896,2182.521775730728,2182.521775730728,2182.521775730728,2182.521775730728,2182.521775730728,2182.521775730728,2182.521775730728,2182.521775730728,2182.521775730728,2182.521775730728,2182.521775730728,2182.521775730728,2182.521775730728,2182.521775730728,2182.521775730728,2182.521775730728,2182.521775730728,2182.521775730728,2182.521775730728,2182.521775730728,2182.521775730728,2182.521775730728,2182.521775730728,2182.521775730728,2182.521775730728,2182.521775730728,2182.521775730728,2181.4574383461445,2181.4574383461445,2181.4574383461445,2181.4574383461445,2181.4574383461445,2181.4574383461445,2181.4574383461445,2181.4574383461445,2181.4574383461445,2181.4574383461445,2181.4574383461445,2181.4574383461445,2181.4574383461445,2181.4574383461445,2181.4574383461445,2181.4574383461445,2181.4574383461445,2181.4574383461445,2181.4574383461445,2181.4574383461445,2181.4574383461445,2181.4574383461445,2181.4574383461445,2181.4574383461445,2181.4574383461445,2181.4574383461445,2181.4574383461445,2181.4574383461445,2181.4574383461445,2181.4574383461445,2177.0877562410114,2177.0877562410114,2177.0877562410114,2177.0877562410114,2177.0877562410114,2177.0877562410114,2177.0877562410114,2177.0877562410114,2177.0877562410114,2177.0877562410114,2177.0877562410114,2176.647381730688,2176.647381730688,2176.647381730688,2176.647381730688,2176.647381730688,2176.647381730688,2176.647381730688,2176.647381730688,2176.647381730688,2176.647381730688,2176.647381730688,2176.647381730688,2176.647381730688,2176.647381730688,2176.647381730688,2176.647381730688,2176.121226227154,2176.121226227154,2176.121226227154,2176.121226227154,2176.121226227154,2176.121226227154,2176.121226227154,2176.121226227154,2176.121226227154,2176.121226227154,2176.121226227154,2173.3123291038673,2173.3123291038673,2173.3123291038673,2173.3123291038673,2173.3123291038673,2173.3123291038673,2173.3123291038673,2172.3457990900097,2172.3457990900097,2172.3457990900097,2172.3457990900097,2172.3457990900097,2172.3457990900097,2172.3457990900097,2172.3457990900097,2172.3457990900097,2172.3457990900097,2172.3457990900097,2172.3457990900097,2172.3457990900097,2172.3457990900097,2172.3457990900097,2172.3457990900097,2172.3457990900097,2172.3457990900097,2172.3457990900097,2172.3457990900097,2172.3457990900097,2172.3457990900097,2172.3457990900097,2172.3457990900097,2172.3457990900097,2172.3457990900097,2172.3457990900097,2172.3457990900097,2172.3457990900097,2172.3457990900097,2172.3457990900097,2172.3457990900097,2172.3457990900097,2172.3457990900097,2172.3457990900097,2172.3457990900097,2172.3457990900097,2172.3457990900097,2172.3457990900097,2172.3457990900097,2172.3457990900097,2172.3457990900097,2172.3457990900097,2172.3457990900097,2172.3457990900097,2172.3457990900097,2172.3457990900097,2172.3457990900097,2172.3457990900097,2172.3457990900097,2172.3457990900097,2172.3457990900097,2172.3457990900097,2172.3457990900097,2172.3457990900097,2172.3457990900097,2172.3457990900097,2172.3457990900097,2172.3457990900097,2172.3457990900097,2172.3457990900097,2172.3457990900097,2172.3457990900097,2172.3457990900097,2172.3457990900097,2172.3457990900097,2172.3457990900097,2172.3457990900097,2172.3457990900097,2172.3457990900097,2172.3457990900097,2172.3457990900097,2172.3457990900097,2172.3457990900097,2172.3457990900097,