{"Optimal":1274,"front":[{"distance":1554.8738539290644,"trucks":[[22,74,73,198,57,187,24,42,76,156,5,111,199],[181,41,59,153,138,88,145,58,16,44,15,143,43,173,93],[118,120,45,192,142,17,62,174,85,18,114,87,141,39],[149,63,160,11,190,109,91,127,64,182,33,132],[152,60,105,100,94,99,38,101,193,92,194,86,200,61],[122,30,170,79,35,165,136,36,137,72,162,104,10,71],[8,124,20,108,176,12,65,50,144,37,48,169,125,47,9],[115,175,46,126,84,119,6,97,98,3],[151,81,69,117,197,78,4,159,130,80,186,34,52],[163,102,123,31,161,129,21,189,67,66,121],[7,95,96,14,179,116,146,23,134,75,172],[53,154,107,195,183,89,32,191,128,168,70,2],[147,13,110,178,164,25,135,55,131,166,56,26,171,40],[133,139,155,196,150,180,188,68,140,27,106],[157,113,184,148,90,167,19,83,49],[28,29,112,177,51,103,158,82,77,185,54]],"fuel":2215.5638583353184},{"distance":1555.0138886681268,"trucks":[[22,74,73,198,57,187,24,42,76,156,5,111,199],[181,41,59,153,138,88,145,58,16,44,15,143,43,173,93],[118,120,45,192,142,17,62,174,85,18,114,87,141,39],[149,63,160,11,190,109,91,127,64,182,33,132],[152,60,105,100,94,99,38,101,193,92,194,86,200,61],[122,30,170,79,35,165,136,36,137,72,162,104,10,71],[8,124,20,108,176,12,65,50,144,37,48,169,125,47,9],[115,175,46,126,84,119,6,97,98,3],[151,81,69,117,197,78,4,159,80,130,186,34,52],[163,102,123,31,161,129,21,189,67,66,121],[7,95,96,14,179,116,146,23,134,75,172],[53,154,107,195,183,89,32,191,128,168,70,2],[147,13,110,178,164,25,135,55,131,166,56,26,171,40],[133,139,155,196,150,180,188,68,140,27,106],[157,113,184,148,90,167,19,83,49],[28,29,112,177,51,103,158,82,77,185,54]],"fuel":2215.548220494246},{"fuel":2214.3358347593357,"trucks":[[22,74,73,198,57,187,24,42,76,156,5,111,199],[181,41,59,153,138,88,145,58,16,44,15,143,43,173,93],[118,120,45,192,142,17,62,174,85,18,114,87,141,39],[149,63,160,11,190,109,91,127,64,182,33,132],[152,60,105,100,94,99,38,101,193,92,194,86,200,61],[122,30,170,79,35,165,136,36,137,72,162,104,10,71],[8,124,20,108,176,12,65,50,144,37,48,169,125,47,9],[115,175,46,126,84,119,6,97,98,3],[151,81,69,117,197,78,4,159,80,130,186,34,52],[163,102,123,31,161,129,21,189,67,66,121],[7,95,96,14,179,116,146,23,134,75,172],[53,154,107,195,183,89,32,191,128,168,70,2],[147,13,110,178,164,25,135,55,131,166,56,26,171,40],[133,139,155,196,150,180,140,188,68,27,106],[157,113,184,148,90,167,19,83,49],[28,29,112,177,51,103,158,82,77,185,54]],"distance":1555.4279415769413},{"distance":1556.361490189106,"fuel":2211.3593587018318,"trucks":[[22,74,73,198,57,187,24,42,76,156,5,111,199],[181,41,59,153,138,88,145,58,16,44,15,143,43,173,93],[118,120,45,192,142,17,62,174,85,18,114,87,141,39],[149,63,160,11,190,109,91,127,64,182,33,132],[152,60,105,100,94,99,38,101,193,92,194,86,200,61],[122,30,170,79,35,165,136,36,137,72,162,104,10,71],[8,124,20,108,176,12,65,50,144,37,48,169,125,47,9],[115,175,46,126,84,119,6,97,98,3],[151,81,69,117,197,78,4,159,130,80,186,34,52],[163,102,123,31,161,129,21,189,67,66,121],[7,95,96,14,179,116,146,23,134,75,172],[53,154,107,195,183,89,32,191,128,168,70,2],[13,110,178,164,25,135,55,131,166,56,26,171,40,147],[133,139,155,196,150,180,188,68,140,27,106],[157,113,184,148,90,167,19,83,49],[28,29,112,177,51,103,158,82,77,185,54]]},{"trucks":[[156,5,111,199,22,74,73,198,57,187,24,76,42],[181,41,59,153,138,88,145,58,16,44,15,143,43,173,93],[118,120,45,192,142,17,62,174,85,18,114,87,141,39],[149,63,160,11,190,109,91,127,64,182,33,132],[152,60,105,100,94,99,38,101,193,92,194,86,200,61],[122,30,170,79,35,165,136,36,137,72,162,104,10,71],[8,124,20,108,176,12,65,50,144,37,48,169,125,47,9],[115,175,46,126,84,119,6,97,98,3],[151,81,69,117,197,78,4,159,80,130,186,34,52],[163,102,123,31,161,129,21,189,67,66,121],[7,95,96,14,179,116,146,23,134,75,172],[53,154,107,195,183,89,32,191,128,168,70,2],[13,110,178,164,25,135,55,131,166,56,26,171,40,147],[133,139,155,196,150,180,140,68,188,27,106],[157,113,184,148,90,167,19,83,49],[28,29,112,177,51,103,158,82,77,185,54]],"fuel":2211.344768713196,"distance":1561.0403467342614},{"fuel":2210.0497284627377,"trucks":[[5,156,111,199,22,74,73,198,57,187,24,76,42],[181,41,59,153,138,88,145,58,16,44,15,143,43,173,93],[118,120,45,192,142,17,62,174,85,18,114,87,141,39],[149,63,160,11,190,109,91,127,64,182,33,132],[152,60,105,100,94,99,38,101,193,92,194,86,200,61],[122,30,170,79,35,165,136,36,137,72,162,104,10,71],[8,124,20,108,176,12,65,50,144,37,48,169,125,47,9],[115,175,46,126,84,119,6,97,98,3],[151,81,69,117,197,78,4,159,80,130,186,34,52],[163,102,123,31,161,129,21,189,67,66,121],[7,95,96,14,179,116,146,23,134,75,172],[53,154,107,195,183,89,32,191,128,168,70,2],[13,110,178,164,25,135,55,131,166,56,26,171,40,147],[133,139,155,196,150,180,140,188,68,27,106],[157,113,184,148,90,167,19,83,49],[28,29,112,177,51,103,158,82,77,185,54]],"distance":1561.3225464344928},{"distance":1564.9987120070698,"fuel":2207.4262512809737,"trucks":[[156,5,111,199,22,74,73,198,57,187,24,76,42],[181,41,59,153,138,88,145,58,16,44,15,143,43,173,93],[118,120,45,192,142,17,62,174,85,18,114,87,141,39],[149,63,160,190,11,109,91,127,64,182,33,132],[152,60,105,100,94,99,38,101,193,92,194,86,200,61],[122,30,170,79,35,165,136,36,137,72,162,104,10,71],[8,124,20,108,176,12,65,50,144,37,48,169,125,47,9],[115,175,46,126,84,119,6,97,98,3],[151,81,69,117,197,78,4,159,80,130,186,34,52],[163,102,123,31,161,129,21,189,67,66,121],[7,95,96,14,179,116,146,23,134,75,172],[168,128,191,32,89,183,195,107,154,53,70,2],[13,110,178,164,25,135,55,131,166,56,26,171,40,147],[133,139,155,196,150,180,140,188,68,27,106],[157,113,184,148,90,167,19,83,49],[28,29,112,177,51,103,158,82,77,185,54]]},{"distance":1566.5572152800273,"fuel":2206.322092575594,"trucks":[[156,5,111,199,22,74,73,198,57,187,24,76,42],[181,41,59,153,138,88,145,58,16,44,15,143,43,173,93],[118,120,45,192,142,17,62,174,85,18,114,87,141,39],[149,63,160,11,190,109,91,127,64,182,33,132],[152,60,105,100,94,86,194,92,193,101,38,99,200,61],[122,30,170,79,35,165,136,36,137,72,162,104,10,71],[8,124,20,108,176,12,65,50,144,37,48,169,125,47,9],[115,175,46,126,84,119,6,97,98,3],[151,81,69,117,197,78,4,159,80,130,186,34,52],[163,102,123,31,161,129,21,189,67,66,121],[7,95,96,14,179,116,146,23,134,75,172],[168,128,191,32,89,183,195,107,154,53,70,2],[13,110,178,164,25,135,55,131,166,56,26,171,40,147],[133,139,155,196,150,180,140,188,68,27,106],[157,113,184,148,90,167,19,83,49],[28,29,112,177,51,103,158,82,77,185,54]]},{"trucks":[[156,5,111,199,22,74,73,198,57,187,24,76,42],[181,41,59,153,138,88,145,58,16,44,15,143,43,173,93],[118,120,45,192,142,17,62,174,85,18,114,87,141,39],[149,63,160,11,190,109,91,127,64,182,33,132],[152,60,105,100,94,99,38,101,193,92,194,86,200,61],[122,30,170,79,35,165,136,36,137,72,162,104,10,71],[8,124,20,108,176,12,65,50,144,37,48,169,125,47,9],[115,175,46,126,84,119,6,97,98,3],[151,81,69,117,197,78,159,4,80,130,186,34,52],[163,102,123,31,161,129,21,189,67,66,121],[7,95,96,14,179,116,146,23,134,75,172],[168,128,191,32,89,183,195,107,154,53,70,2],[13,110,178,164,25,135,55,131,166,56,26,171,40,147],[139,155,196,150,180,140,188,68,27,106,133],[157,113,184,148,90,167,19,83,49],[54,29,112,177,51,103,158,82,77,185,28]],"distance":1570.705265198983,"fuel":2205.693787845519},{"fuel":2205.501642729103,"trucks":[[156,5,111,199,22,74,73,198,57,187,24,76,42],[181,41,59,153,138,88,145,58,16,44,15,143,43,173,93],[118,120,45,192,142,17,62,174,85,18,114,87,141,39],[149,63,160,11,190,109,91,127,64,182,33,132],[152,60,105,100,94,99,38,101,193,92,194,86,200,61],[122,30,170,79,35,165,136,36,137,72,162,104,10,71],[8,124,20,108,176,12,65,50,144,37,48,169,125,47,9],[115,175,46,126,84,119,6,97,98,3],[151,81,69,117,197,78,4,159,130,80,186,34,52],[163,102,123,31,161,129,21,189,67,66,121],[7,95,96,14,179,116,146,23,134,75,172],[168,128,191,32,89,183,195,107,154,53,70,2],[13,110,178,164,25,135,55,131,166,56,26,171,40,147],[139,155,196,150,180,140,188,68,27,106,133],[157,113,184,148,90,167,19,83,49],[28,29,112,177,51,103,158,82,77,185,54]],"distance":1570.8737201423337},{"fuel":2205.48600488803,