{"front":[{"fuel":2217.977403594847,"distance":1569.7583942785227,"trucks":[[38,99,101,194,92,192,142,45,120,193,15,143,43,173,145],[175,126,46,18,114,39,141,87,17,62,174,85],[154,107,195,8,183,149,63,160,190,11,109,91],[199,111,156,5,140,188,40,171,26,56,166,131,55],[121,10,104,162,72,137,36,136,165,35,79,130,25],[155,139,13,110,178,151,81,69,122,30,170,80],[146,42,23,134,76,57,187,24,68,198,73,75],[84,200,115,9,83,49,125,169,48,47,37,144,50,71],[106,41,181,22,74,172,116,3,179,58,16,44,88,118,7],[184,95,96,98,152,60,94,105,100,61,148],[185,77,197,117,78,159,4,186,82,34,158,51,123],[53,124,20,108,176,12,65,127,64,182,33,132,161],[29,112,177,2,102,163,32,191,128,89,31,70],[157,113,97,93,86,6,119,167,19],[168,133,52,189,21,129,67,66,103,164,180,138],[28,147,90,14,153,59,54,27,150,196,135]]},{"fuel":2216.3294218000933,"distance":1571.7693692236203,"trucks":[[38,99,101,194,92,192,142,45,120,193,15,143,43,173,145],[175,126,46,18,114,39,141,87,17,62,174,85],[154,107,195,8,183,149,63,160,190,11,109,91],[199,111,156,5,140,188,40,171,26,56,166,131,55],[121,10,104,162,72,137,36,136,165,35,79,130,25],[155,139,13,110,178,151,81,69,122,30,170,80],[73,75,146,42,23,134,76,57,187,24,68,198],[84,200,115,9,83,49,125,169,48,47,37,144,50,71],[106,41,181,22,74,172,116,3,179,58,16,44,88,118,7],[184,95,96,98,152,60,94,105,100,61,148],[185,77,197,117,78,159,4,186,82,34,158,51,123],[53,124,20,108,176,12,65,127,64,182,33,132,161],[29,112,177,2,102,163,32,191,128,89,31,70],[157,113,97,93,86,6,119,167,19],[168,133,52,189,21,129,67,66,103,164,180,138],[28,147,90,14,153,59,54,27,150,196,135]]},{"fuel":2215.6286591938037,"trucks":[[38,99,101,194,92,192,142,45,120,193,15,143,43,173,145],[175,126,46,18,114,85,174,62,17,87,141,39],[154,107,195,8,183,149,63,160,190,11,109,91],[199,111,156,5,140,188,40,171,26,56,166,131,55],[121,10,104,162,72,137,36,136,165,35,79,130,25],[155,139,13,110,178,151,81,69,122,30,170,80],[73,75,146,42,23,134,76,57,187,24,68,198],[84,200,115,9,83,49,48,169,125,47,37,144,50,71],[106,41,181,22,74,172,116,3,179,58,16,44,88,118,7],[148,184,95,96,98,152,60,94,105,100,61],[185,77,197,117,78,159,4,186,82,34,158,51,123],[53,124,20,108,176,12,65,127,64,182,33,132,161],[29,112,177,2,102,163,32,191,128,89,31,70],[157,113,97,93,86,6,119,167,19],[168,133,52,189,21,129,67,66,103,164,180,138],[28,147,90,14,153,59,54,27,150,196,135]],"distance":1579.0914030960807},{"distance":1580.4239465467792,"fuel":2213.9672144901665,"trucks":[[38,99,101,194,92,192,142,45,120,193,15,143,43,173,145],[175,126,46,18,114,85,174,62,17,87,141,39],[154,107,195,8,183,149,63,160,190,11,109,91],[199,111,156,5,140,188,40,171,26,56,166,131,55],[121,10,104,162,72,137,36,136,165,35,79,130,25],[155,139,13,110,178,151,81,69,122,30,170,80],[73,75,146,42,23,134,76,57,187,24,68,198],[84,200,115,9,83,49,48,169,125,47,37,144,50,71],[106,41,181,22,74,172,116,3,179,58,16,44,88,118,7],[184,95,96,98,152,60,94,105,100,61,148],[185,77,197,117,78,159,4,186,82,34,158,51,123],[53,124,20,108,176,12,65,127,64,182,33,132,161],[29,112,177,2,102,163,32,191,128,89,31,70],[157,113,97,93,86,6,119,167,19],[168,133,103,189,21,129,67,66,52,164,180,138],[28,147,90,14,153,59,54,27,150,196,135]]},{"trucks":[[38,99,101,194,92,192,142,45,120,193,15,143,43,173,145],[175,126,46,18,114,85,174,62,17,87,141,39],[154,107,195,8,183,149,63,160,11,190,109,91],[199,111,156,5,140,188,40,171,26,56,166,131,55],[121,10,104,162,72,137,36,136,165,35,79,130,25],[155,139,13,110,178,151,81,69,122,30,170,80],[73,75,146,42,23,134,76,57,187,24,68,198],[84,200,115,9,83,49,169,48,125,47,37,144,50,71],[106,41,181,22,74,172,116,3,179,58,16,44,88,118,7],[148,184,95,96,98,152,60,94,105,100,61],[185,77,197,117,78,159,4,186,82,34,158,51,123],[53,124,20,108,176,12,65,127,64,182,33,132,161],[29,112,177,2,102,163,32,191,128,89,31,70],[157,113,97,93,86,6,119,167,19],[168,133,103,189,21,129,67,66,52,164,180,138],[28,147,90,14,153,59,54,27,150,196,135]],"distance":1581.6817398930818,"fuel":2212.7444848564523}],"Optimal":1274,"benchmark":"M-n200-k16"}