{"optimalDistance":741,"benchmark":"B-n50-k7","fuelSequence":[1131.3752141451114,1131.3752141451114,1131.3752141451114,1131.3752141451114,1131.2033616452768,1131.2033616452768,1131.2033616452768,1131.2033616452768,1128.7083662000157,1128.5661684204056,1126.5791971030148,1119.9601706004469,1119.9601706004469,1119.9601706004469,1119.9601706004469,1119.9601706004469,1119.9601706004469,1119.9601706004469,1116.8156959495363,1115.336006058185,1115.336006058185,1115.336006058185,1115.1641535583503,1115.1641535583503,1115.1641535583503,1115.1641535583503,1113.044432694174,1112.0319831973368,1112.0319831973368,1111.2144137668201,1111.2144137668201,1111.2144137668201,1111.2144137668201,1111.2144137668201,1111.2144137668201,1111.2144137668201,1111.2144137668201,1103.8180325691064,1103.8180325691064,1103.8180325691064,1103.8180325691064,1103.8180325691064,1103.8180325691064,1103.8180325691064,1103.8180325691064,1103.8180325691064,1103.8180325691064,1103.8180325691064,1103.8180325691064,1103.8180325691064,1102.3570815570306,1102.3570815570306,1101.6103287706162,1101.6103287706162,1101.6103287706162,1101.6103287706162,1101.6103287706162,1101.6103287706162,1101.6103287706162,1101.3492171891237,1101.0465090049026,1101.0465090049026,1101.0465090049026,1101.0465090049026,1100.5862533209113,1098.6099164986642,1098.6099164986642,1098.6099164986642,1098.6099164986642,1098.6099164986642,1098.6099164986642,1098.6099164986642,1098.6099164986642,1098.6099164986642,1098.6099164986642,1098.6099164986642,1098.6099164986642,1098.6099164986642,1094.0467950915179,1094.0467950915179,1094.0467950915179,1094.0467950915179,1088.1379348261762,1088.1379348261762,1088.1379348261762,1088.1379348261762,1088.1379348261762,1082.0431079303085,1082.0431079303085,1082.0431079303085,1082.0431079303085,1082.0431079303085,1082.0431079303085,1082.0431079303085,1082.0431079303085,1082.0431079303085,1082.0431079303085,1082.0431079303085,1082.0431079303085,1082.0431079303085,1082.0431079303085,1082.0431079303085,1080.5821569182326,1080.5821569182326,1080.5821569182326,1080.5821569182326,1080.5821569182326,1080.5821569182326,1080.5821569182326,1080.5821569182326,1080.3195695924182,1080.3195695924182,1080.3195695924182,1080.3195695924182,1077.7210221897826,1077.7210221897826,1077.7210221897826,1077.7210221897826,1077.7210221897826,1077.7210221897826,1077.7210221897826,1077.7210221897826,1077.7210221897826,1077.7210221897826,1077.7210221897826,1077.7210221897826,1077.7210221897826,1077.7210221897826,1076.6966513436314,1073.5503654812146,1073.5503654812146,1073.5503654812146,1073.5503654812146,1073.5503654812146,1073.5503654812146,1073.5503654812146,1073.5503654812146,1073.5503654812146,1072.5259946350634,1072.5259946350634,1072.5259946350634,1072.50834090457,1072.50834090457,1072.50834090457,1072.50834090457,1072.50834090457,1072.50834090457,1072.50834090457,1072.50834090457,1072.50834090457,1072.50834090457,1072.50834090457,1072.50834090457,1071.5895330169492,1071.5895330169492,1071.5895330169492,1071.5895330169492,1071.5895330169492,1071.5895330169492,1071.5895330169492,1071.5895330169492,1071.5895330169492,1071.5895330169492,1071.5895330169492,1071.5895330169492,1071.5895330169492,1071.5895330169492,1071.5895330169492,1071.5895330169492,1071.5895330169492,1071.5895330169492,1071.5895330169492,1071.5895330169492,1071.5895330169492,1071.5895330169492,1071.5895330169492,1071.5895330169492,1071.5895330169492,1071.5895330169492,1071.5895330169492,1071.0494031115925,1071.0494031115925,1071.0494031115925,1071.0494031115925,1071.0494031115925,1071.0494031115925,1071.0494031115925,1071.0494031115925,1071.0494031115925,1071.0494031115925,1071.0494031115925,1071.0494031115925,1071.0494031115925,1071.0494031115925,1071.0494031115925,1071.0494031115925,1071.0494031115925,1071.0494031115925,1071.0494031115925,1071.0494031115925,1071.0494031115925,1071.0494031115925,1071.0494031115925,1071.0494031115925,1071.0494031115925,1071.0494031115925,1071.0494031115925,1071.0494031115925,1069.6782812904653,1069.6782812904653,1069.6782812904653,1069.6782812904653,1069.6782812904653,1069.6782812904653,1069.6782812904653,1069.6782812904653,1069.6782812904653,1069.6782812904653,1069.6782812904653,1069.6782812904653,1069.6782812904653,1069.6782812904653,1069.6782812904653,1069.6782812904653,1069.6782812904653,1066.615417556776,1066.615417556776,1066.615417556776,1066.615417556776,1066.615417556776,1066.615417556776,1066.615417556776,1066.615417556776,1066.615417556776,1066.615417556776,1066.615417556776,1066.615417556776,1066.615417556776,1066.615417556776,1066.615417556776,1066.615417556776,1066.615417556776,1066.615417556776,1066.615417556776,1066.615417556776,1066.615417556776,1066.615417556776,1066.615417556776,1060.9644225089453,1060.9644225089453,1060.9644225089453,1060.9644225089453,1060.9644225089453,1060.9644225089453,1060.9644225089453,1060.9644225089453,1060.9644225089453,1060.9644225089453,1060.9644225089453,1060.9644225089453,1060.9644225089453,1060.9644225089453,1060.9644225089453,1060.6152409278657,1060.6152409278657,1060.6152409278657,1059.7133134057176,1059.7133134057176,1059.7133134057176,1059.7133134057176,1059.7133134057176,1059.7133134057176,1059.7133134057176,1059.7133134057176,1059.7133134057176,1059.7133134057176,1059.7133134057176,1059.7133134057176,1059.7133134057176,1059.7133134057176,1059.7133134057176,1059.575718167051,1059.575718167051,1059.575718167051,1059.575718167051,1059.575718167051,1059.575718167051,1059.575718167051,1059.575718167051,1059.575718167051,1059.575718167051,1059.575718167051,1059.2265365859712,1059.2265365859712,1059.2265365859712,1058.071895044416,1058.071895044416,1058.071895044416,1057.946721687214,1057.946721687214,1057.946721687214,1057.946721687214,1057.946721687214,1057.946721687214,1057.946721687214,1057.946721687214,1057.946721687214,1057.946721687214,1057.946721687214,1057.946721687214,1057.946721687214,1057.946721687214,1057.946721687214,1057.946721687214,1057.946721687214,1057.946721687214,1057.946721687214,1057.946721687214,1057.946721687214,1057.946721687214,1057.946721687214,1057.946721687214,1057.946721687214,1057.946721687214,1057.946721687214,1057.946721687214,1057.8824737520608,1057.8824737520608,1057.8824737520608,1057.8824737520608,1057.8824737520608,1057.8824737520608,1057.8824737520608,1057.8824737520608,1057.8824737520608,1057.8824737520608,1057.8824737520608,1057.8824737520608,1057.8824737520608,1057.8824737520608,1057.8824737520608,1057.8824737520608,1057.8824737520608,1057.8824737520608,1057.8824737520608,1057.8824737520608,1057.8824737520608,1057.8824737520608,1057.8824737520608,1057.8824737520608,1057.8824737520608,1057.8824737520608,1057.8824737520608,1057.8824737520608,1057.8824737520608,1057.8824737520608,1057.8824737520608,1057.8824737520608,1057.8824737520608,1057.8824737520608,1057.8824737520608,1057.8824737520608,1057.8824737520608,1057.8824737520608,1057.8824737520608,1057.8824737520608,1057.8824737520608,1057.8824737520608,1057.8824737520608,1057.8824737520608,1057.8824737520608,1057.8824737520608,1057.8824737520608,1057.8824737520608,1057.8824737520608,1057.8824737520608,1057.8824737520608,1057.8824737520608,1057.8824737520608,1057.8824737520608,1057.8824737520608,1057.8824737520608,1056.409094699613,1056.409094699613,1056.409094699613,1056.409094699613,1056.409094699613,1056.409094699613,1056.409094699613,1056.409094699613,1056.409094699613,1056.409094699613,1056.409094699613,1056.409094699613,1056.409094699613,1056.409094699613,1056.409094699613,1056.409094699613,1056.409094699613,1056.409094699613,1056.409094699613,1056.409094699613,1056.409094699613,1056.409094699613,1056.409094699613,1056.409094699613,1056.409094699613,1056.409094699613,1056.409094699613,1056.409094699613,1055.637476365048,1055.637476365048,1055.637476365048,1055.637476365048,1055.637476365048,1055.637476365048,1055.637476365048,1055.637476365048,1055.637476365048,1055.637476365048,1055.637476365048,1055.637476365048,1055.637476365048,1055.637476365048,