{"front":[{"trucks":[[2,19,7,8,20],[15,18,12,30,11],[14,6,23,27,25,24,32],[3,21,16,10,4,9,5],[33,26,17,31,28,29],[22,13]],"distance":755.1427679480825,"fuel":1041.4062833909138},{"trucks":[[2,19,7,8,20],[22,13,11],[3,16,21,10,4,9,5],[14,6,23,27,25,24,32],[33,15,18,30,12],[29,26,17,31,28]],"fuel":1039.387509229931,"distance":758.4228154757603},{"distance":758.4228154757604,"trucks":[[29,26,17,31,28],[33,15,18,30,12],[22,13,11],[3,16,21,10,4,9,5],[14,6,23,27,25,24,32],[2,19,7,8,20]],"fuel":1039.3875092299309},{"trucks":[[29,26,17,31,28],[22,13,11],[9,5,4,21,16,10,3],[14,6,23,27,25,24,32],[33,15,18,12,30],[2,19,7,8,20]],"fuel":1037.338754787041,"distance":764.4043796149031}],"benchmark":"A-n33-k6","Optimal":742}