{"benchmark":"A-n33-k6","front":[{"fuel":1069.460614532624,"trucks":[[15,7,19,2,14],[6,9,5,4,10,21,16,3],[18,12,30,20,8],[29,26,28,31,17,22],[23,27,25,24,32],[33,11,13]],"distance":758.3344285001506},{"trucks":[[18,12,30,20,8],[15,2,19,7,14],[23,27,25,24,32],[29,26,17,31,28,22],[6,9,5,4,10,16,21,3],[33,11,13]],"distance":759.8983775251208,"fuel":1066.6873182756285},{"fuel":1049.8786760236887,"distance":760.8337909250569,"trucks":[[33,11,12,30,18],[8,20,3,16,21,10,4],[29,28,31,17,26],[15,2,19,7,14,6],[9,5,23,27,25,24,32],[22,13]]},{"trucks":[[8,20,3,16,21,10,4],[29,26,17,31,28],[15,2,19,7,14,6],[9,5,23,27,25,24,32],[33,11,12,30,18],[22,13]],"fuel":1047.0567785015055,"distance":761.9565778661613}],"Optimal":742}