{"Optimal":1616,"benchmark":"A-n63-k9","front":[{"trucks":[[11,40,24,53,63,48,5,19,2,47,32],[22,56,33,59,41,15,51,36,7],[14,50,9,25,60,28,46,6],[29,38,52,18,23,54],[55,30,31,3,35,21,20],[49,10,39,44,58],[17,62,43,42,4,37],[16,45,13,61,26],[27,8,57,34,12]],"distance":1691.3710116986965,"fuel":2450.917940648539},{"distance":1693.1009656627805,"fuel":2442.4112789917926,"trucks":[[11,40,24,53,63,48,5,19,2,47,32],[22,56,33,59,41,15,51,36,7],[14,50,9,25,60,28,46,6],[29,38,52,18,23,54],[20,21,55,30,31,3,35],[49,10,39,44,58],[17,62,43,42,4,37],[16,45,13,61,26],[27,8,57,34,12]]}]}