{"benchmark":"P-n22-k8","Optimal":603,"front":[{"trucks":[[8,3,2,7],[11,9,4,5],[14,12],[15,21,19],[10,6],[17,16],[20],[13,18,22]],"distance":600.8255367310455,"fuel":847.9939185697042}]}