{"optimalDistance":1401,"fuelSequence":[2203.6804873887527,2182.0453412796624,2181.9057186533187,2181.9057186533187,2181.9057186533187,2181.9057186533187,2181.9057186533187,2180.0454430335617,2180.0454430335617,2172.5874025731414,2172.5874025731414,2161.8104451430754,2161.8104451430754,2161.8104451430754,2161.8104451430754,2161.8104451430754,2159.199553566021,2159.199553566021,2148.6705098472416,2148.6705098472416,2148.6705098472416,2148.6705098472416,2143.9382475136326,2143.9382475136326,2143.9382475136326,2143.9382475136326,2143.9382475136326,2142.7842811392907,2142.7842811392907,2139.8251117867735,2139.8251117867735,2138.259247389732,2137.071919956125,2137.071919956125,2137.071919956125,2132.2744594898395,2131.9211859142565,2131.9211859142565,2131.9211859142565,2129.0930636728363,2129.0930636728363,2121.5424113759022,2121.5424113759022,2121.5424113759022,2121.5424113759022,2119.5314982594673,2119.5314982594673,2119.5314982594673,2119.5314982594673,2103.671788715263,2103.671788715263,2103.671788715263,2103.671788715263,2103.671788715263,2101.1839310241817,2101.1839310241817,2101.1839310241817,2101.1839310241817,2101.1839310241817,2101.1839310241817,2098.756181594749,2098.756181594749,2096.4216834347953,2096.4216834347953,2096.4216834347953,2096.4216834347953,2096.4216834347953,2096.4216834347953,2096.4216834347953,2096.4216834347953,2096.4216834347953,2096.4216834347953,2096.4216834347953,2096.4216834347953,2096.4216834347953,2096.4216834347953,2096.4216834347953,2092.8088329924913,2092.8088329924913,2092.8088329924913,2092.8088329924913,2092.8088329924913,2092.8088329924913,2092.8088329924913,2092.8088329924913,2092.8088329924913,2092.8088329924913,2092.8088329924913,2092.8088329924913,2092.8088329924913,2092.8088329924913,2092.8088329924913,2091.506076314281,2091.506076314281,2091.506076314281,2091.506076314281,2091.506076314281,2091.506076314281,2091.506076314281,2089.79592103328,2089.79592103328,2089.79592103328,2089.79592103328,2089.79592103328,2089.79592103328,2089.79592103328,2089.79592103328,2089.79592103328,2089.79592103328,2089.79592103328,2089.79592103328,2089.79592103328,2089.79592103328,2072.7029801674275,2072.7029801674275,2072.7029801674275,2072.7029801674275,2072.7029801674275,2072.7029801674275,2072.7029801674275,2072.7029801674275,2072.7029801674275,2072.7029801674275,2072.7029801674275,2072.7029801674275,2072.7029801674275,2072.7029801674275,2072.7029801674275,2072.7029801674275,2072.7029801674275,2072.7029801674275,2067.5376009842757,2067.5376009842757,2067.5376009842757,2067.5376009842757,2067.5376009842757,2067.5376009842757,2067.5376009842757,2067.5376009842757,2067.5376009842757,2067.5376009842757,2067.5376009842757,2067.5376009842757,2067.5376009842757,2067.5376009842757,2067.5376009842757,2067.5376009842757,2065.7402774088832,2065.7402774088832,2065.7402774088832,2065.7402774088832,2065.7402774088832,2065.7402774088832,2065.7402774088832,2065.7402774088832,2065.7402774088832,2065.7402774088832,2065.7402774088832,2065.7402774088832,2065.7402774088832,2065.7402774088832,2065.7402774088832,2065.7402774088832,2065.7402774088832,2065.7402774088832,2065.7402774088832,2065.7402774088832,2064.8168056383797,2064.8168056383797,2064.8168056383797,2064.8168056383797,2064.8168056383797,2064.8168056383797,2064.8168056383797,2064.8168056383797,2064.8168056383797,2064.8168056383797,2064.8168056383797,2064.8168056383797,2064.8168056383797,2064.8168056383797,2064.8168056383797,2064.8168056383797,2064.8168056383797,2064.8168056383797,2064.8168056383797,2064.8168056383797,2064.8168056383797,2064.8168056383797,2064.8168056383797,2064.8168056383797,2064.8168056383797,2064.8168056383797,2064.8168056383797,2064.8168056383797,2064.8168056383797,2064.8168056383797,2064.8168056383797,2064.8168056383797,2064.8168056383797,2064.8168056383797,2064.8168056383797,2064.8168056383797,2064.8168056383797,2064.8168056383797,2064.8168056383797,2064.8168056383797,2064.8168056383797,2064.8168056383797,2064.8168056383797,2064.8168056383797,2064.8168056383797,2064.8168056383797,2064.8168056383797,2064.8168056383797,2064.8168056383797,2064.8168056383797,2064.8168056383797,2064.8168056383797,2064.8168056383797,2064.8168056383797,2064.8168056383797,2064.8168056383797,2064.8168056383797,2064.8168056383797,2064.8168056383797,2064.8168056383797,2064.8168056383797,2064.8168056383797,2064.8168056383797,2064.8168056383797,2064.8168056383797,2064.8168056383797,2064.8168056383797,2064.8168056383797,2064.8168056383797,2064.8168056383797,2064.8168056383797,2064.8168056383797,2064.8168056383797,2064.8168056383797,2064.8168056383797,2064.8168056383797,2064.8168056383797,2064.8168056383797,2064.8168056383797,2064.8168056383797,2064.8168056383797,2064.8168056383797,2064.8168056383797,2064.8168056383797,2064.8168056383797,2064.8168056383797,2064.8168056383797,2064.8168056383797,2064.8168056383797,2064.8168056383797,2064.8168056383797,2064.8168056383797,2064.8168056383797,2064.8168056383797,2064.8168056383797,2064.8168056383797,2064.8168056383797,2064.8168056383797,2064.8168056383797,2064.8168056383797,2064.8168056383797,2064.8168056383797,2064.8168056383797,2064.8168056383797,2064.8168056383797,2064.8168056383797,2064.8168056383797,2064.8168056383797,2064.8168056383797,2064.8168056383797,2064.8168056383797,2064.8168056383797,2064.8168056383797,2064.8168056383797,2064.8168056383797,2064.8168056383797,2064.8168056383797,2064.8168056383797,2064.8168056383797,2064.8168056383797,2064.8168056383797,2064.8168056383797,2064.8168056383797,2064.8168056383797,2064.8168056383797,2064.8168056383797,2064.8168056383797,2064.8168056383797,2064.8168056383797,2064.8168056383797,2064.8168056383797,2064.8168056383797,2064.8168056383797,2064.8168056383797,2064.8168056383797,2064.8168056383797,2064.8168056383797,2064.8168056383797,2064.8168056383797,2064.8168056383797,2064.8168056383797,2064.8168056383797,2064.8168056383797,2064.8168056383797,2064.8168056383797,2064.8168056383797,2064.8168056383797,2064.8168056383797,2064.8168056383797,2064.8168056383797,2064.8168056383797,2064.8168056383797,2064.8168056383797,2064.8168056383797,2064.8168056383797,2064.8168056383797,2064.8168056383797,2064.8168056383797,2064.8168056383797,2064.8168056383797,2064.8168056383797,2064.8168056383797,2064.8168056383797,2064.8168056383797,2064.8168056383797,2064.8168056383797,2064.8168056383797,2064.8168056383797,2064.8168056383797,2064.8168056383797,2064.8168056383797,2064.8168056383797,2064.8168056383797,2064.8168056383797,2064.8168056383797,2064.8168056383797,2064.8168056383797,2064.8168056383797,2064.8168056383797,2064.8168056383797,2064.8168056383797,2064.8168056383797,2064.8168056383797,2064.8168056383797,2064.8168056383797,2064.8168056383797,2064.8168056383797,2064.8168056383797,2064.8168056383797,2064.8168056383797,2064.8168056383797,2064.8168056383797,2064.8168056383797,2064.8168056383797,2064.8168056383797,2064.8168056383797,2064.8168056383797,2064.8168056383797,2064.8168056383797,2064.8168056383797,2064.8168056383797,2064.8168056383797,2064.8168056383797,2064.8168056383797,2064.8168056383797,2064.8168056383797,2064.8168056383797,2064.8168056383797,2064.8168056383797,2064.8168056383797,2064.8168056383797,2064.8168056383797,2064.8168056383797,2064.8168056383797,2064.8168056383797,2064.8168056383797,2064.8168056383797,2064.8168056383797,2064.8168056383797,2064.8168056383797,2064.8168056383797,2064.8168056383797,2064.8168056383797,2064.8168056383797,2064.8168056383797,2064.6751781834823,2064.6751781834823,2064.6751781834823,2064.6751781834823,2064.6751781834823,2064.6751781834823,2064.6751781834823,2064.6751781834823,2064.6751781834823,2064.6751781834823,2064.6751781834823,2064.6751781834823,2064.6751781834823,2064.6751781834823,2064.6751781834823,2064.6751781834823,2064.6751781834823,2064.6751781834823,2064.6751781834823,2064.6751781834823,2064.6751781834823,2064.6751781834823,2064.6751781834823,2064.6751781834823,2064.6751781834823,2064.6751781834823,2064.6751781834823,2064.6751781834823,2064.6751781834823,