{"optimalDistance":521,"fuelSequence":[865.9835303018814,865.9835303018814,865.9835303018814,865.9835303018814,865.9835303018814,865.9835303018814,865.9835303018814,865.9835303018814,865.9835303018814,865.9835303018814,865.9835303018814,865.9835303018814,865.9835303018814,865.9835303018814,865.9835303018814,865.9835303018814,865.9835303018814,865.9835303018814,865.9835303018814,865.9835303018814,865.9835303018814,865.9835303018814,865.9835303018814,865.9835303018814,865.9835303018814,865.9835303018814,865.9835303018814,865.9835303018814,865.9835303018814,865.9835303018814,865.9835303018814,865.9835303018814,865.9835303018814,860.3541131878719,860.3541131878719,860.3541131878719,860.3541131878719,860.3541131878719,860.3541131878719,860.3541131878719,860.3541131878719,860.3541131878719,860.3541131878719,860.3541131878719,860.3541131878719,860.3541131878719,860.3541131878719,860.3541131878719,860.3541131878719,860.3541131878719,860.3541131878719,860.3541131878719,859.3964752540475,859.3964752540475,859.3964752540475,859.3964752540475,859.3964752540475,859.3964752540475,859.3964752540475,859.3964752540475,859.3964752540475,859.3964752540475,859.3964752540475,855.5181420729376,855.5181420729376,855.5181420729376,855.5181420729376,855.5181420729376,855.5181420729376,855.5181420729376,855.5181420729376,855.5181420729376,855.5181420729376,855.5181420729376,855.5181420729376,855.5181420729376,855.5181420729376,855.5181420729376,855.5181420729376,855.5181420729376,855.5181420729376,855.5181420729376,855.5181420729376,855.5181420729376,855.5181420729376,855.5181420729376,855.5181420729376,855.5181420729376,855.5181420729376,855.5181420729376,855.5181420729376,855.5181420729376,855.5181420729376,855.5181420729376,855.5181420729376,855.5181420729376,855.5181420729376,855.5181420729376,855.5181420729376,855.5181420729376,855.5181420729376,855.5181420729376,855.5181420729376,855.5181420729376,855.5181420729376,855.5181420729376,855.5181420729376,855.5181420729376,855.5181420729376,855.5181420729376,855.5181420729376,855.5181420729376,855.5181420729376,855.5181420729376,855.5181420729376,855.5181420729376,855.5181420729376,855.5181420729376,855.5181420729376,855.5181420729376,855.5181420729376,855.5181420729376,855.5181420729376,855.5181420729376,855.5181420729376,855.5181420729376,855.5181420729376,855.5181420729376,855.5181420729376,855.5181420729376,855.5181420729376,855.5181420729376,855.5181420729376,855.5181420729376,855.5181420729376,855.5181420729376,851.2148187417682,851.2148187417682,851.2148187417682,851.2148187417682,851.2148187417682,851.2148187417682,851.2148187417682,851.2148187417682,851.2148187417682,851.2148187417682,851.2148187417682,851.2148187417682,851.2148187417682,851.2148187417682,851.2148187417682,851.2148187417682,851.2148187417682,851.2148187417682,851.2148187417682,851.2148187417682,851.2148187417682,851.2148187417682,851.2148187417682,851.2148187417682,851.2148187417682,851.2148187417682,851.2148187417682,851.2148187417682,851.2148187417682,851.2148187417682,851.2148187417682,851.2148187417682,851.2148187417682,851.2148187417682,851.2148187417682,851.2148187417682,851.2148187417682,851.2148187417682,851.2148187417682,851.2148187417682,851.2148187417682,851.2148187417682,851.2148187417682,851.2148187417682,847.8541391832554,847.8541391832554,847.8541391832554,847.8541391832554,847.8541391832554,847.8541391832554,847.8541391832554,847.8541391832554,847.8541391832554,847.8541391832554,847.8541391832554,847.8541391832554,847.8541391832554,847.8541391832554,847.8541391832554,847.8541391832554,847.8541391832554,847.8541391832554,847.8541391832554,847.8541391832554,847.8541391832554,847.8541391832554,847.8541391832554,847.8541391832554,847.8541391832554,847.8541391832554,847.8541391832554,847.8541391832554,847.8541391832554,847.8541391832554,847.8541391832554,847.8541391832554,847.8541391832554,847.8541391832554,847.8541391832554,847.8541391832554,847.8541391832554,847.8541391832554,847.8541391832554,847.8541391832554,847.8541391832554,847.8541391832554,847.8541391832554,847.8541391832554,847.8541391832554,847.8541391832554,847.8541391832554,847.8541391832554,840.2758164576331,840.2758164576331,840.2758164576331,840.2758164576331,840.2758164576331,840.2758164576331,840.2758164576331,840.2758164576331,840.2758164576331,840.2758164576331,840.2758164576331,840.2758164576331,840.2758164576331,840.2758164576331,840.2758164576331,840.2758164576331,840.2758164576331,840.2758164576331,840.2758164576331,840.2758164576331,840.2758164576331,840.2758164576331,840.2758164576331,840.2758164576331,840.2758164576331,840.2758164576331,840.2758164576331,840.2758164576331,840.2758164576331,840.2758164576331,840.2758164576331,840.2758164576331,840.2758164576331,840.2758164576331,840.2758164576331,840.2758164576331,840.2758164576331,840.2758164576331,840.2758164576331,840.2758164576331,840.2758164576331,840.2758164576331,837.8429081964498,837.8429081964498,837.8429081964498,837.8429081964498,837.8429081964498,837.8429081964498,837.8429081964498,832.2685453682985,832.2685453682985,832.2685453682985,832.2685453682985,832.2685453682985,832.2685453682985,832.2685453682985,832.2685453682985,832.2685453682985,832.2685453682985,832.2685453682985,832.2685453682985,832.2685453682985,832.2685453682985,832.2685453682985,832.2685453682985,832.2685453682985,832.2685453682985,832.2685453682985,832.2685453682985,832.2685453682985,832.2685453682985,832.2685453682985,832.2685453682985,832.2685453682985,832.2685453682985,832.2685453682985,832.2685453682985,832.2685453682985,832.2685453682985,832.2685453682985,832.2685453682985,832.2685453682985,832.2685453682985,832.2685453682985,832.2685453682985,832.2685453682985,832.2685453682985,832.2685453682985,832.2685453682985,832.2685453682985,832.2685453682985,832.2685453682985,832.2685453682985,832.2685453682985,832.2685453682985,832.2685453682985,832.2685453682985,832.2685453682985,832.2685453682985,832.2685453682985,832.2685453682985,832.2685453682985,832.2685453682985,832.2685453682985,832.2685453682985,832.2685453682985,832.2685453682985,832.2685453682985,832.2685453682985,832.2685453682985,832.2685453682985,832.2685453682985,832.2685453682985,832.2685453682985,832.2685453682985,832.2685453682985,832.2685453682985,832.2685453682985,832.2685453682985,832.2685453682985,832.2685453682985,832.2685453682985,832.2685453682985,832.2685453682985,832.2685453682985,832.2685453682985,832.2685453682985,832.2685453682985,832.2685453682985,832.2685453682985,832.2685453682985,832.2685453682985,832.2685453682985,832.2685453682985,832.2685453682985,832.2685453682985,832.2685453682985,832.2685453682985,832.2685453682985,832.2685453682985,832.2685453682985,832.2685453682985,832.2685453682985,832.2685453682985,832.2685453682985,832.2685453682985,832.2685453682985,832.2685453682985,832.2685453682985,832.2685453682985,832.2685453682985,832.2685453682985,832.2685453682985,832.2685453682985,832.2685453682985,832.2685453682985,832.2685453682985,832.2685453682985,832.2685453682985,832.2685453682985,832.2685453682985,832.2685453682985,832.2685453682985,832.2685453682985,832.2685453682985,832.2685453682985,832.2685453682985,832.2685453682985,832.2685453682985,832.2685453682985,832.2685453682985,832.2685453682985,832.2685453682985,832.2685453682985,832.2685453682985,832.2685453682985,832.2685453682985,832.2685453682985,832.2685453682985,832.2685453682985,832.2685453682985,832.2685453682985,832.2685453682985,832.2685453682985,832.2685453682985,832.2685453682985,832.2685453682985,832.2685453682985,832.2685453682985,832.2685453682985,832.2685453682985,832.2685453682985,832.2685453682985,832.2685453682985,832.2685453682985,832.2685453682985,832.2685453682985,832.2685453682985,832.2685453682985,832.2685453682985,832.2685453682985,832.2685453682985,832.2685453682985,832.2685453682985,832.2685453682985,832.2685453682985,832.2685453682985,832.2685453682985,832.2685453682985,832.2685453682985,832.2685453682985,832.2685453682985,832.2685453682985,832.2685453682985,