{"benchmark":"E-n51-k5","Optimal":521,"front":[{"trucks":[[47,11,40,31,35,51,22,30,21,36,37,4],[2,23,29,32,27,9,49,8,24,44,25,7],[3,17,10,50,39,6,34,46,16,18],[15,26,14,42,20,41,43,45,38],[48,5,19,13,12,33,28]],"distance":590.9586333597694,"fuel":857.9917209720181}]}