{"benchmark":"E-n51-k5","front":[{"distance":589.4436540731205,"fuel":827.981560506347,"trucks":[[7,24,8,44,25,15,26,14],[18,38,45,16,46,34,40,11,31,35,51,22,30],[47,28,49,9,27,32,29,4,37,36,21],[6,12,33,2,23,3,17,39,50,10],[13,48,19,5,42,20,41,43]]}],"Optimal":521}