{"Optimal":521,"front":[{"trucks":[[15,26,14,42,20,41,43,45,16],[47,48,5,18,38,46,34,40,31,35,22,30],[19,25,44,8,24,49,9,27,32],[3,21,36,37,4,29,23,2,28,7],[13,6,11,50,10,51,17,39,12,33]],"distance":586.3611995780553,"fuel":836.7031987678429},{"trucks":[[15,26,14,42,20,41,43,45,16,11],[47,48,5,18,38,46,34,40,31,35,22,30],[19,25,44,8,24,49,9,27,32],[3,21,36,37,4,29,23,2,28,7],[13,6,50,10,51,17,39,12,33]],"distance":592.1713263840232,"fuel":836.5218897487581}],"benchmark":"E-n51-k5"}