{"Optimal":1174,"front":[{"trucks":[[34,2,13,14,20,25,53,26,19],[50,44,28,16,23,10],[33,21,59,62,43,39,3,42],[8,64,12,55,49,58,24,29],[22,45,57,60,54,46],[31,38,36,51,17,61,6],[35,32,27,7,65,47,40],[63,30,56,9,11,41],[52,18,48,15,4,37,5]],"fuel":1806.1528825093467,"distance":1265.210515370446},{"distance":1265.5954837046847,"fuel":1803.8047863464244,"trucks":[[34,2,13,14,20,25,53,26,19],[50,44,28,16,23,10],[33,21,59,62,43,39,3,42],[8,64,12,55,49,58,24,29],[22,54,45,57,41,46],[31,38,36,51,17,61,6],[35,32,27,7,65,47,40],[63,30,56,9,11,60],[52,18,48,15,4,37,5]]},{"trucks":[[34,2,13,14,20,25,53,26,19],[50,44,28,16,23,10],[46,21,59,62,43,39,3,42],[8,64,12,55,49,58,24,29],[22,54,45,57,41,33],[31,38,61,17,51,36,6],[35,32,27,7,65,47,40],[63,30,56,9,11,60],[52,18,48,15,4,37,5]],"distance":1268.515148079694,"fuel":1802.4725870320633},{"trucks":[[34,2,13,14,20,25,53,26,19],[50,44,28,16,23,10],[33,21,59,62,43,39,3,42],[8,64,12,55,49,58,24,29],[22,54,45,57,41,46],[31,38,61,17,51,36,6],[35,32,27,7,65,47,40],[63,30,56,9,11,60],[52,18,48,15,4,37,5]],"distance":1270.9197389816904,"fuel":1801.3603007041643}],"benchmark":"A-n65-k9"}