{"front":[{"trucks":[[4,39,60,11],[13,23,5,27,44,33,43],[34,31,38,46,47,55,3],[10,49,19,36,48,57,28,22,37,30],[15,8,24,16,56],[9,54,6,42,7,21],[20,25,50,41,26,59],[51,14,18,58,53,32,12,61],[40,29,45,2,17,35,52]],"fuel":1566.9134958395834,"distance":1092.71010162346},{"distance":1093.2708182788567,"fuel":1563.61826822168,"trucks":[[4,39,60,11],[13,23,5,27,44,33,43],[34,31,38,46,47,55,3],[10,49,19,36,48,57,28,22,37,30],[15,8,24,16,56],[21,7,42,9,54,6],[20,25,50,41,26,59],[51,14,18,58,53,32,12,61],[40,29,45,2,17,35,52]]}],"Optimal":1034,"benchmark":"A-n61-k9"}