{"benchmark":"A-n61-k9","front":[{"distance":1112.1297339487749,"fuel":1559.490191551411,"trucks":[[10,52,35,17,49,19,36,48,57,28],[13,23,5,27,44,33,43,34],[9,6,55,47,3,60],[41,54,42,7,21,30,37,22],[25,4,46,38,31,16],[40,29,61,12,32,53,58,18],[15,56,51,14,45,2],[39,11,50],[8,24,20,26,59]]},{"distance":1115.0883682021934,"trucks":[[10,52,35,17,49,19,36,48,57,28],[13,23,5,27,44,33,43,34],[9,6,55,47,3,60],[41,54,42,7,21,30,37,22],[25,16,31,38,46,4],[40,29,61,12,32,53,58,18],[15,56,51,14,45,2],[39,11,50],[8,24,20,26,59]],"fuel":1554.6845918105653},{"trucks":[[10,52,35,17,49,19,36,48,57,28],[13,23,5,27,44,33,43,34],[9,6,55,47,3,60],[41,54,42,7,21,30,37,22],[25,4,16,31,38,46],[40,29,61,12,32,53,58,18],[15,56,51,14,45,2],[39,11,50],[8,24,20,26,59]],"fuel":1554.3705354635104,"distance":1118.931082810265}],"Optimal":1034}