{"Optimal":1616,"benchmark":"A-n63-k9","front":[{"trucks":[[22,56,33,59,41,15,51,36,7],[35,9,60,25,37],[13,29,23,18,38,11],[8,17,10,42,4,49,50,28],[16,54,52,58,5,19,47,2,32,43],[55,30,31,3,46,6,20],[53,40,24,63,48,44,39],[12,34,45,57],[27,21,61,62,14,26]],"distance":1737.6808932469905,"fuel":2478.863959839741},{"trucks":[[35,9,60,25,37],[55,30,31,3,46,6,20],[22,56,33,59,41,15,51,36,7],[8,17,10,42,4,49,50,28],[13,29,23,18,38,11],[16,54,52,58,5,19,47,2,32,43],[53,40,24,63,48,44,39],[12,34,45,57],[27,21,61,62,14,26]],"distance":1737.6808932469908,"fuel":2478.8639598397403},{"trucks":[[27,21,26,14,62,61],[22,56,33,59,41,15,51,36,7],[53,40,24,63,48,44,39],[55,30,31,3,46,6,20],[8,17,10,42,4,49,50,28],[13,29,23,18,38,11],[16,54,52,58,5,19,47,2,32,43],[12,34,45,57],[35,37,25,60,9]],"distance":1743.766710969192,"fuel":2478.262524163249}]}