{"Optimal":1616,"front":[{"trucks":[[11,13,54,56,33,59,15,41,22],[35,37,25,60,9],[62,4,42,43,49,50,17,8],[12,34,45,16,57],[55,30,31,3,46,28,6],[24,40,53,63,48,5,19,58],[29,23,18,51,52,36],[7,38,44,47,2,39,32,10],[27,20,21,61,14,26]],"fuel":2474.6246567770772,"distance":1712.358758775758},{"trucks":[[55,30,31,3,46,28,6],[35,9,60,25,37],[29,23,18,51,52,36],[12,34,45,16,57],[11,13,54,56,33,59,15,41,22],[24,40,53,63,48,5,19,58],[27,8,17,61,14,21,26,20],[62,4,42,43,49,50],[7,38,44,47,2,39,32,10]],"fuel":2471.095160085276,"distance":1714.1707570638025},{"trucks":[[27,21,26,61,8],[7,38,44,39,32,47,2,10],[24,40,53,63,48,5,19,58],[62,4,42,43,49,50,17,14,20],[12,34,45,16,57],[55,30,31,3,46,28,6],[29,23,18,51,52,36],[11,13,54,56,33,59,15,41,22],[35,37,25,60,9]],"fuel":2469.3733463111184,"distance":1727.6611177164705},{"trucks":[[27,21,26,61,8],[24,40,53,63,48,5,19,58],[7,38,44,39,32,47,2,10],[29,23,18,51,52,36],[11,13,54,56,33,59,15,41,22],[12,34,45,16,57],[62,4,42,43,49,50,17,14,20],[55,30,31,3,46,28,6],[35,37,25,60,9]],"fuel":2469.373346311118,"distance":1727.661117716471}],"benchmark":"A-n63-k9"}