{"optimalDistance":1316,"benchmark":"B-n66-k9","fuelSequence":[2062.596477408095,2062.596477408095,2062.596477408095,2062.596477408095,2062.596477408095,2062.596477408095,2062.596477408095,2057.814707618072,2057.814707618072,2057.814707618072,2057.814707618072,2057.814707618072,2057.814707618072,2057.814707618072,2057.814707618072,2057.814707618072,2057.814707618072,2057.814707618072,2057.814707618072,2057.5382191339863,2057.5382191339863,2055.538312526967,2055.538312526967,2055.538312526967,2055.538312526967,2055.538312526967,2055.538312526967,2055.538312526967,2055.538312526967,2055.538312526967,2055.538312526967,2055.538312526967,2050.898857433829,2050.898857433829,2050.898857433829,2050.898857433829,2050.898857433829,2050.898857433829,2050.898857433829,2050.898857433829,2050.898857433829,2046.4943098603792,2046.4943098603792,2046.4943098603792,2046.4943098603792,2046.4943098603792,2046.4943098603792,2046.4943098603792,2043.7175997826582,2043.7175997826582,2043.7175997826582,2043.7175997826582,2043.7175997826582,2043.7175997826582,2043.7175997826582,2043.7175997826582,2043.7175997826582,2043.7175997826582,2043.7175997826582,2043.7175997826582,2043.7175997826582,2029.611497511017,2029.611497511017,2029.611497511017,2029.5360628571618,2029.5360628571618,2029.5360628571618,2028.8181695505712,2028.8181695505712,2028.8181695505712,2028.8181695505712,2028.8181695505712,2028.8181695505712,2028.8181695505712,2028.0481163443965,2028.0481163443965,2028.0481163443965,2026.7593527794409,2026.7593527794409,2026.7593527794409,2026.7593527794409,2026.7593527794409,2026.7593527794409,2026.7593527794409,2026.7593527794409,2026.7593527794409,2026.7593527794409,2026.7593527794409,2026.7593527794409,2026.7593527794409,2026.7593527794409,2026.7593527794409,2026.7593527794409,2023.7004176924224,2023.7004176924224,2023.7004176924224,2023.7004176924224,2023.7004176924224,2023.7004176924224,2023.7004176924224,2023.7004176924224,2023.7004176924224,2023.7004176924224,2023.7004176924224,2023.7004176924224,2023.7004176924224,2023.7004176924224,2023.7004176924224,2023.7004176924224,2023.7004176924224,2023.7004176924224,2023.7004176924224,2023.7004176924224,2023.7004176924224,2023.7004176924224,2023.7004176924224,2023.7004176924224,2023.7004176924224,2023.7004176924224,2023.7004176924224,2013.396330982026,2013.396330982026,2013.396330982026,2013.396330982026,2013.396330982026,2013.396330982026,2013.396330982026,2013.396330982026,2013.396330982026,2013.396330982026,2013.396330982026,2013.396330982026,2013.396330982026,2013.396330982026,2013.396330982026,2013.396330982026,2013.396330982026,2011.0750086961382,2011.0750086961382,2011.0750086961382,2011.0750086961382,2011.0750086961382,2011.0750086961382,2011.0750086961382,2011.0750086961382,2000.0892147163572,2000.0892147163572,2000.0892147163572,2000.0892147163572,2000.0892147163572,1999.3876085303384,1999.3876085303384,1999.3876085303384,1999.3876085303384,1999.3876085303384,1999.3876085303384,1999.3876085303384,1999.3876085303384,1999.3876085303384,1999.0101394295189,1999.0101394295189,1999.0101394295189,1999.0101394295189,1999.0101394295189,1999.0101394295189,1999.0101394295189,1999.0101394295189,1999.0101394295189,1999.0101394295189,1999.0101394295189,1999.0101394295189,1999.0101394295189,1999.0101394295189,1998.2345366264062,1998.2345366264062,1997.9719136668264,1997.9719136668264,1997.9719136668264,1997.9719136668264,1997.9719136668264,1997.9719136668264,1996.3302512352275,1996.3302512352275,1996.3302512352275,1996.3302512352275,1996.3302512352275,1996.3302512352275,1996.3302512352275,1996.3302512352275,1996.3302512352275,1996.3302512352275,1996.3302512352275,1996.3302512352275,1996.3302512352275,1996.3302512352275,1996.3302512352275,1996.3302512352275,1996.3302512352275,1996.3302512352275,1996.3302512352275,1996.3302512352275,1996.3302512352275,1996.3302512352275,1996.3302512352275,1996.3302512352275,1996.3302512352275,1996.3302512352275,1996.3302512352275,1992.5673488658563,1992.5673488658563,1992.5673488658563,1992.5673488658563,1992.5673488658563,1992.5673488658563,1992.5673488658563,1992.5673488658563,1992.5673488658563,1992.5673488658563,1992.5673488658563,1992.5673488658563,1992.5673488658563,1992.5673488658563,1992.5673488658563,1991.429770711079,1991.429770711079,1991.429770711079,1991.429770711079,1991.429770711079,1991.429770711079,1991.429770711079,1991.429770711079,1991.429770711079,1991.429770711079,1991.429770711079,1991.429770711079,1991.429770711079,1991.429770711079,1991.429770711079,1969.984565230067,1969.984565230067,1969.984565230067,1969.984565230067,1969.984565230067,1969.984565230067,1969.984565230067,1969.984565230067,1969.984565230067,1969.984565230067,1969.984565230067,1969.984565230067,1958.187451854103,1958.187451854103,1958.187451854103,1958.187451854103,1958.187451854103,1958.187451854103,1958.187451854103,1958.187451854103,1958.187451854103,1958.187451854103,1958.187451854103,1958.187451854103,1958.187451854103,1958.187451854103,1958.187451854103,1958.187451854103,1958.187451854103,1958.187451854103,1958.187451854103,1958.187451854103,1958.187451854103,1958.187451854103,1958.187451854103,1958.187451854103,1958.187451854103,1958.187451854103,1958.187451854103,1958.187451854103,1958.187451854103,1958.187451854103,1958.187451854103,1958.187451854103,1958.187451854103,1958.187451854103,1958.187451854103,1958.187451854103,1958.187451854103,1958.187451854103,1958.187451854103,1958.187451854103,1958.187451854103,1958.187451854103,1958.187451854103,1958.187451854103,1958.187451854103,1958.187451854103,1958.187451854103,1957.1083765672647,1957.1083765672647,1957.1083765672647,1957.1083765672647,1957.1083765672647,1957.1083765672647,1957.1083765672647,1957.1083765672647,1957.1083765672647,1957.1083765672647,1957.1083765672647,1957.1083765672647,1957.1083765672647,1957.1083765672647,1957.1083765672647,1957.1083765672647,1957.1083765672647,1957.1083765672647,1957.1083765672647,1957.1083765672647,1957.1083765672647,1957.1083765672647,1957.1083765672647,1957.1083765672647,1954.9271937766198,1954.9271937766198,1954.9271937766198,1954.9271937766198,1954.9271937766198,1954.9271937766198,1954.9271937766198,1954.9271937766198,1954.9271937766198,1954.9271937766198,1954.9271937766198,1954.9271937766198,1954.9271937766198,1954.9271937766198,1954.9271937766198,1954.9271937766198,1954.9271937766198,1954.9271937766198,1954.9271937766198,1954.9271937766198,1954.9271937766198,1954.9271937766198,1954.9271937766198,1954.9271937766198,1954.9271937766198,1954.9271937766198,1954.9271937766198,1954.9271937766198,1954.9271937766198,1954.9271937766198,1954.9271937766198,1954.9271937766198,1954.9271937766198,1954.9271937766198,1954.9271937766198,1954.9271937766198,1954.9271937766198,1954.9271937766198,1954.9271937766198,1954.9271937766198,1954.9271937766198,1954.9271937766198,1954.9271937766198,1954.9271937766198,1954.9271937766198,1954.9271937766198,1954.9271937766198,1954.9271937766198,1954.9271937766198,1954.9271937766198,1954.9271937766198,1954.9271937766198,1954.9271937766198,1954.9271937766198,1954.9271937766198,1954.9271937766198,1954.9271937766198,1954.9271937766198,1954.9271937766198,1954.9271937766198,1954.9271937766198,1954.9271937766198,1954.9271937766198,1954.9271937766198,1954.9271937766198,1954.9271937766198,1954.9271937766198,1954.9271937766198,1954.9271937766198,1954.9271937766198,1954.9271937766198,1954.9271937766198,1954.9271937766198,1954.9271937766198,1954.9271937766198,1954.9271937766198,1954.9271937766198,1954.9271937766198,1954.9271937766198,1954.9271937766198,1954.9271937766198,1954.9271937766198,1954.9271937766198,1954.9271937766198,1954.9271937766198,1954.9271937766198,1954.9271937766198,1954.9271937766198,1954.9271937766198,1954.9271937766198,1954.9271937766198,1954.9271937766198,1954.9271937766198,1954.9271937766198,1954.9271937766198,1954.9271937766198,1954.9271937766198,1954.9271937766198,1954.9271937766198,1954.9271937766198,1954.9271937766198,1954.9271937766198,1954.9271937766198,