{"benchmark":"B-n66-k9","Optimal":1316,"front":[{"fuel":1907.1521973412946,"distance":1348.4722230146433,"trucks":[[28,6,15,40,30,4,22,16,61,5],[53,21,54,55,19,18],[48,17,63,49,26,38,62,31],[45,65,60,64,47,27],[32,46,14,44,23,57,36,20,39,12],[51,29,7,11,3,37],[56,50,25,13,10],[42,24,52,35,58,8,2],[43,34,66,9,41,59,33]]},{"distance":1348.5464004436408,"fuel":1903.5623515223315,"trucks":[[28,6,15,40,30,4,22,16,61,5],[53,21,54,55,19,18],[48,17,63,49,26,38,62,31],[60,65,45,64,47,27],[12,32,46,14,44,23,57,36,20,39],[51,29,7,11,3,37],[56,50,25,13,10],[42,24,52,35,58,8,2],[43,34,66,9,41,59,33]]}]}