{"benchmark":"B-n66-k9","Optimal":1316,"front":[{"fuel":1922.2711361005659,"distance":1351.0008502623066,"trucks":[[43,34,66,9,41,59,33],[46,32,14,57,23,44,35,52],[48,17,63,26,49,38,62],[50,10,37,3,11],[31,60,45,65,64,47,27],[42,54,55,19,24,56,2],[53,21,18,12,58,8],[13,25,7,29,51,36,20,39],[28,6,15,40,30,4,22,16,61,5]]},{"trucks":[[43,34,66,9,41,59,33],[46,32,14,57,23,44,35,52],[48,62,38,49,26,63,17],[50,10,37,3,11],[31,60,45,65,64,47,27],[42,54,55,19,24,56,2],[53,21,18,12,58,8],[13,25,7,29,51,36,20,39],[28,6,15,40,30,4,22,16,61,5]],"distance":1351.2343216681334,"fuel":1921.2388094654943}]}