{"optimalDistance":820,"fuelSequence":[1374.2987986894295,1374.2987986894295,1374.2987986894295,1374.2987986894295,1374.2987986894295,1374.2987986894295,1374.2987986894295,1374.2987986894295,1374.2987986894295,1374.2987986894295,1374.2987986894295,1374.2987986894295,1374.2987986894295,1374.2987986894295,1374.2987986894295,1374.2987986894295,1374.2987986894295,1374.2987986894295,1374.2987986894295,1374.2987986894295,1374.2987986894295,1374.2987986894295,1374.2987986894295,1374.2987986894295,1374.2987986894295,1374.2987986894295,1374.2987986894295,1374.2987986894295,1374.2987986894295,1374.2987986894295,1374.2987986894295,1374.2987986894295,1374.2987986894295,1374.2987986894295,1374.2987986894295,1374.2987986894295,1374.2987986894295,1374.2987986894295,1374.2987986894295,1374.2987986894295,1374.2987986894295,1374.2987986894295,1374.2987986894295,1374.2987986894295,1374.2987986894295,1374.2987986894295,1374.2987986894295,1374.2987986894295,1374.2987986894295,1374.2987986894295,1374.2987986894295,1334.2469733391445,1334.2469733391445,1334.2469733391445,1334.2469733391445,1334.2469733391445,1334.2469733391445,1334.2469733391445,1334.2469733391445,1334.2469733391445,1334.2469733391445,1334.2469733391445,1334.2469733391445,1334.2469733391445,1334.2469733391445,1334.2469733391445,1334.2469733391445,1334.2469733391445,1334.2469733391445,1334.2469733391445,1334.2469733391445,1334.2469733391445,1334.2469733391445,1334.2469733391445,1334.2469733391445,1334.2469733391445,1334.2469733391445,1334.2469733391445,1334.2469733391445,1334.2469733391445,1334.2469733391445,1334.2469733391445,1334.2469733391445,1334.2469733391445,1334.2469733391445,1334.2469733391445,1334.2469733391445,1334.2469733391445,1334.2469733391445,1334.2469733391445,1334.2469733391445,1334.2469733391445,1334.2469733391445,1334.2469733391445,1334.2469733391445,1334.2469733391445,1334.2469733391445,1334.2469733391445,1334.2469733391445,1334.2469733391445,1334.2469733391445,1334.2469733391445,1334.2469733391445,1334.2469733391445,1334.2469733391445,1334.2469733391445,1334.2469733391445,1334.2469733391445,1334.2469733391445,1334.2469733391445,1334.2469733391445,1334.2469733391445,1334.2469733391445,1334.2469733391445,1334.2469733391445,1334.2469733391445,1334.2469733391445,1300.797381022762,1300.797381022762,1300.797381022762,1300.797381022762,1300.797381022762,1300.797381022762,1300.797381022762,1300.797381022762,1300.797381022762,1300.797381022762,1300.797381022762,1300.797381022762,1300.797381022762,1300.797381022762,1300.797381022762,1300.797381022762,1300.797381022762,1300.797381022762,1300.797381022762,1300.797381022762,1300.797381022762,1300.797381022762,1300.797381022762,1300.797381022762,1300.797381022762,1300.797381022762,1300.797381022762,1300.797381022762,1300.797381022762,1300.797381022762,1300.797381022762,1300.797381022762,1300.797381022762,1300.797381022762,1300.797381022762,1300.797381022762,1300.797381022762,1300.797381022762,1300.797381022762,1300.797381022762,1300.797381022762,1300.797381022762,1300.797381022762,1300.797381022762,1300.797381022762,1300.797381022762,1300.797381022762,1300.797381022762,1300.797381022762,1300.797381022762,1300.797381022762,1300.797381022762,1300.797381022762,1300.797381022762,1300.797381022762,1300.797381022762,1300.797381022762,1300.797381022762,1300.797381022762,1300.797381022762,1300.797381022762,1300.797381022762,1300.797381022762,1300.797381022762,1300.797381022762,1300.797381022762,1300.797381022762,1300.797381022762,1300.797381022762,1300.797381022762,1300.797381022762,1300.797381022762,1300.797381022762,1300.797381022762,1300.797381022762,1300.797381022762,1300.797381022762,1300.797381022762,1300.797381022762,1300.797381022762,1300.797381022762,1300.797381022762,1300.797381022762,1300.797381022762,1300.797381022762,1300.797381022762,1300.797381022762,1300.797381022762,1300.797381022762,1300.797381022762,1300.797381022762,1300.797381022762,1300.797381022762,1300.797381022762,1300.797381022762,1300.797381022762,1300.797381022762,1300.797381022762,1300.797381022762,1300.797381022762,1300.797381022762,1300.797381022762,1300.797381022762,1300.797381022762,1300.797381022762,1300.797381022762,1300.797381022762,1300.797381022762,1300.797381022762,1300.797381022762,1300.797381022762,1300.797381022762,1300.797381022762,1300.797381022762,1300.797381022762,1300.797381022762,1300.797381022762,1300.797381022762,1300.797381022762,1300.797381022762,1300.797381022762,1300.797381022762,1300.797381022762,1300.797381022762,1300.797381022762,1300.797381022762,1300.797381022762,1300.797381022762,1300.797381022762,1300.797381022762,1300.797381022762,1300.797381022762,1300.797381022762,1300.797381022762,1300.797381022762,1300.797381022762,1300.797381022762,1300.797381022762,1300.797381022762,1300.797381022762,1300.797381022762,1300.797381022762,1300.797381022762,1300.797381022762,1300.797381022762,1300.797381022762,1300.797381022762,1300.797381022762,1300.797381022762,1300.797381022762,1300.797381022762,1300.797381022762,1300.797381022762,1300.797381022762,1300.797381022762,1300.797381022762,1300.797381022762,1300.797381022762,1300.797381022762,1300.797381022762,1300.797381022762,1300.797381022762,1300.797381022762,1300.797381022762,1300.797381022762,1300.797381022762,1300.797381022762,1300.797381022762,1300.797381022762,1300.797381022762,1300.797381022762,1300.797381022762,1300.797381022762,1300.797381022762,1300.797381022762,1300.797381022762,1300.797381022762,1300.797381022762,1300.797381022762,1300.797381022762,1300.797381022762,1300.797381022762,1300.797381022762,1300.797381022762,1300.797381022762,1300.797381022762,1300.797381022762,1300.797381022762,1300.797381022762,1300.797381022762,1300.797381022762,1300.797381022762,1300.797381022762,1300.797381022762,1300.797381022762,1299.9809177770674,1299.9809177770674,1299.9809177770674,1299.9809177770674,1299.9809177770674,1299.9809177770674,1299.9809177770674,1299.9809177770674,1299.9809177770674,1299.9809177770674,1299.9809177770674,1299.9809177770674,1299.9809177770674,1299.9809177770674,1299.9809177770674,1299.9809177770674,1299.9809177770674,1299.9809177770674,1299.9809177770674,1299.9809177770674,1299.9809177770674,1299.9809177770674,1299.9809177770674,1299.9809177770674,1299.9809177770674,1299.9809177770674,1299.9809177770674,1299.9809177770674,1299.9809177770674,1299.9809177770674,1299.9809177770674,1299.9809177770674,1299.9809177770674,1299.9809177770674,1299.9809177770674,1299.9809177770674,1299.9809177770674,1299.9809177770674,1299.9809177770674,1299.9809177770674,1299.9809177770674,1299.9809177770674,1286.323997495375,1286.323997495375,1286.323997495375,1286.323997495375,1286.323997495375,1286.323997495375,1286.323997495375,1286.323997495375,1286.323997495375,1286.323997495375,1286.323997495375,1286.323997495375,1286.323997495375,1286.323997495375,1286.323997495375,1286.323997495375,1286.323997495375,1286.323997495375,1286.323997495375,1286.323997495375,1286.323997495375,1286.323997495375,1286.323997495375,1286.323997495375,1286.323997495375,1286.323997495375,1286.323997495375,1286.323997495375,1286.323997495375,1286.323997495375,1286.323997495375,1286.323997495375,1286.323997495375,1286.323997495375,1286.323997495375,1286.323997495375,1286.323997495375,1286.323997495375,1286.323997495375,1286.323997495375,1286.323997495375,1286.323997495375,1286.323997495375,1286.323997495375,1286.323997495375,1286.323997495375,1286.323997495375,1286.323997495375,1286.323997495375,1286.323997495375,1286.323997495375,1286.323997495375,1286.323997495375,1286.323997495375,1286.323997495375,1286.323997495375,1286.323997495375,1286.323997495375,1286.323997495375,1286.323997495375,1286.323997495375,1286.323997495375,1286.323997495375,1286.323997495375,1286.323997495375,1286.323997495375,1286.323997495375,1286.323997495375,1286.323997495375,1286.323997495375,1286.323997495375,1286.323997495375,1286.323997495375,1286.323997495375,1286.323997495375,1286.323997495375,1286.323997495375,1286.323997495375,1286.323997495375,