{"front":[{"trucks":[[76,2,3,5,7,10,9,12,8,4,6],[99,97,96,95,93,94,98,101,100],[66,68,74,71,72,77,79,82,80,78,81],[26,28,29,27,24,23,22,21,25,30,31],[56,58,60,55,54,57,59,61],[89,86,88,87,85,84,83,91,90,92],[11,14,18,19,20,16,15,17,13],[33,34,38,39,40,37,35,36,32],[44,41,42,43,45,47,48,50,53,51,52,49,46],[64,67,75,70,63,73,65,62,69]],"distance":914.8219781157178,"fuel":1287.5315003863086}],"benchmark":"M-n101-k10","Optimal":820}