{"benchmark":"M-n101-k10","front":[{"fuel":1279.467756352859,"trucks":[[64,66,68,67,70,69,65,62,73,75,63],[12,14,18,19,20,16,17,15,13],[99,97,96,95,93,94,98,101,100],[44,43,47,48,50,53,51,52,49,46,45,41,42,28,21,31],[85,84,83,82,79,77,72,71,74,78,80,81],[56,58,60,55,54,57,59,61],[33,34,35,37,40,39,38,36,32],[9,10,7,5,4,6,76,3,2,8,11,23],[22,24,26,30,29,27,25],[91,90,89,86,87,88,92]],"distance":905.0545515017095}],"Optimal":820}