{"benchmark":"M-n101-k10","Optimal":820,"front":[{"trucks":[[34,33,32,36,38,39,40,37,35],[76,3,2,5,6,4,8,11,12,9,10,7],[44,43,47,48,50,53,51,52,49,46,45,41,42],[14,18,19,20,16,17,15,13],[85,84,83,82,81,80,78,74,71,72,77,79],[99,97,96,95,93,94,98,101,100],[68,66,64,63,75,73,62,65,69,70,67],[58,60,56,55,54,57,59,61],[24,27,29,28,26,25,30,21,31,23,22],[90,86,91,88,89,87,92]],"distance":890.8893064344015,"fuel":1270.786245259216}]}