{"optimalDistance":968,"distanceSequence":[1081.224664666887,1081.224664666887,1081.224664666887,1081.224664666887,1081.224664666887,1080.04139924763,1078.9309442452668,1077.667284940414,1077.667284940414,1060.4321855624144,1060.4321855624144,1060.4321855624144,1060.4321855624144,1060.4321855624144,1060.4321855624144,1058.138465140794,1057.7664802107204,1057.7664802107204,1057.1206959811796,1057.1206959811796,1053.3611177505488,1033.4468669251264,1032.1972578049995,1032.1972578049995,1032.1972578049995,1030.8698065633964,1030.8698065633964,1030.1076002277684,1030.1076002277684,1030.1076002277684,1028.9458501056351,1028.7801489861654,1028.7801489861654,1027.618398864032,1027.618398864032,1027.618398864032,1024.9164376161496,1024.9164376161496,1024.9164376161496,1024.9164376161496,1022.7131943793437,1022.7131943793437,1022.7131943793437,1021.6650299167852,1021.6650299167852,1020.4154207966583,1020.4154207966583,1020.4154207966583,1020.4154207966583,1020.4154207966583,1020.4154207966583,1019.4617866799792,1019.4617866799792,1019.0737542680178,1019.0737542680178,1016.9398586623541,1016.9398586623541,1016.9398586623541,1016.9398586623541,1016.9398586623541,1016.9398586623541,1016.9398586623541,1016.9398586623541,1016.9398586623541,1016.9398586623541,1015.8769361439196,1015.8769361439196,1015.8769361439196,1015.8769361439196,1015.8769361439196,1015.8769361439196,1015.8769361439196,1015.8769361439196,1015.8769361439196,1015.8769361439196,1015.8769361439196,1015.8769361439196,1015.8769361439196,1015.8769361439196,1015.8769361439196,1015.8769361439196,1015.8769361439196,1015.8769361439196,1015.8769361439196,1013.4535639312295,1013.4535639312295,1013.4535639312295,1013.4535639312295,1013.4535639312295,1013.4535639312295,1013.4535639312295,1013.4535639312295,1013.4535639312295,1013.4535639312295,1013.4535639312295,1012.3906414127949,1012.3906414127949,1012.3906414127949,1012.3906414127949,1012.3906414127949,1012.3906414127949,1012.3906414127949,1012.3906414127949,1012.3906414127949,1012.3906414127949,1012.3906414127949,1012.3906414127949,1012.3906414127949,1012.3906414127949,1012.3906414127949,1012.3906414127949,1012.3906414127949,1012.3906414127949,1012.3906414127949,1012.3906414127949,1012.3906414127949,1012.3906414127949,1012.3906414127949,1012.3906414127949,1012.3906414127949,1012.3906414127949,1012.3906414127949,1012.3906414127949,1012.3906414127949,1012.3906414127949,1012.3906414127949,1012.3906414127949,1012.3906414127949,1012.3906414127949,1012.3906414127949,1012.3906414127949,1012.3906414127949,1012.3906414127949,1012.3906414127949,1012.3906414127949,1012.3906414127949,1012.3906414127949,1012.3906414127949,1012.3906414127949,1012.3906414127949,1012.3906414127949,1012.3906414127949,1012.3906414127949,1012.3906414127949,1012.3906414127949,1012.3906414127949,1012.3906414127949,1012.3906414127949,1012.3906414127949,1012.3906414127949,1012.3906414127949,1012.3906414127949,1012.3906414127949,1012.3906414127949,1012.3906414127949,1012.3906414127949,1012.3906414127949,1012.3906414127949,1012.3906414127949,1012.3906414127949,1012.3906414127949,1012.3906414127949,1012.3906414127949,1012.3906414127949,1012.3906414127949,1012.3906414127949,1012.3906414127949,1012.3906414127949,1012.3906414127949,1012.3906414127949,1012.3906414127949,1012.3906414127949,1012.3906414127949,1012.3906414127949,1012.3906414127949,1012.3906414127949,1012.3906414127949,1012.3906414127949,1012.3906414127949,1012.3906414127949,1012.3906414127949,1012.3906414127949,1012.3906414127949,1012.3906414127949,1012.3906414127949,1012.3906414127949,1012.3906414127949,1012.3906414127949,1010.8164527450488,1010.8164527450488,1010.8164527450488,1010.8164527450488,1010.8164527450488,1010.8164527450488,1009.7535302266142,1009.7535302266142,1009.7535302266142,1005.3569501879019,1005.3569501879019,1002.7798898261719,1002.7798898261719,1002.7798898261719,1002.7798898261719,1002.7798898261719,1002.7798898261719,1002.7798898261719,1001.7169673077374,1001.7169673077374,1001.7169673077374,1001.7169673077374,1001.7169673077374,1001.7169673077374,1001.7169673077374,1001.7169673077374,1001.7169673077374,1001.7169673077374,1001.7169673077374,1001.7169673077374,1001.7169673077374,1001.7169673077374,1001.7169673077374,1001.7169673077374,1001.7169673077374,1001.7169673077374,1001.7169673077374,1001.7169673077374,1001.7169673077374,1001.7169673077374,1001.7169673077374,1001.7169673077374,1001.7169673077374,1001.7169673077374,1001.7169673077374,1001.7169673077374,1001.7169673077374,1001.7169673077374,1001.7169673077374,1001.7169673077374,1001.7169673077374,1001.7169673077374,1001.7169673077374,1001.7169673077374,1001.7169673077374,1001.7169673077374,1001.7169673077374,1001.7169673077374,1001.7169673077374,1001.7169673077374,1001.7169673077374,1001.7169673077374,1001.7169673077374,1001.7169673077374,1001.7169673077374,1001.7169673077374,1001.7169673077374,1001.7169673077374,1001.7169673077374,1001.7169673077374,1001.7169673077374,1001.7169673077374,1001.7169673077374,1001.7169673077374,1001.7169673077374,1001.7169673077374,1001.7169673077374,1001.7169673077374,1001.7169673077374,1001.7169673077374,1001.7169673077374,1001.7169673077374,1001.7169673077374,1001.7169673077374,1001.7169673077374,1001.7169673077374,1001.7169673077374,1001.7169673077374,1001.7169673077374,1001.7169673077374,1001.7169673077374,1001.7169673077374,1001.7169673077374,1001.7169673077374,1001.7169673077374,1001.7169673077374,1001.7169673077374,1001.7169673077374,1001.7169673077374,1001.7169673077374,1001.7169673077374,1001.7169673077374,1001.7169673077374,1001.7169673077374,1001.7169673077374,1001.7169673077374,1001.7169673077374,1001.7169673077374,1001.7169673077374,1001.7169673077374,1001.7169673077374,1001.7169673077374,1001.7169673077374,1001.7169673077374,1001.7169673077374,1001.7169673077374,1001.7169673077374,1001.7169673077374,1001.7169673077374,1001.7169673077374,1001.7169673077374,1001.7169673077374,1001.7169673077374,1001.7169673077374,1001.7169673077374,1001.7169673077374,1001.7169673077374,1001.7169673077374,1001.7169673077374,1001.7169673077374,1001.7169673077374,1001.7169673077374,1001.7169673077374,1001.7169673077374,1001.7169673077374,1001.7169673077374,1001.7169673077374,1001.7169673077374,1001.7169673077374,1001.7169673077374,1001.7169673077374,1001.7169673077374,1001.7169673077374,1001.7169673077374,1001.7169673077374,1001.7169673077374,1001.7169673077374,1001.7169673077374,1001.7169673077374,1001.7169673077374,1001.7169673077374,1001.7169673077374,1001.7169673077374,1001.7169673077374,1001.7169673077374,1001.7169673077374,1001.7169673077374,1001.7169673077374,1001.7169673077374,1001.7169673077374,1001.7169673077374,1001.7169673077374,1001.7169673077374,1001.7169673077374,1001.7169673077374,1001.7169673077374,1001.7169673077374,1001.7169673077374,1001.7169673077374,1001.7169673077374,1001.7169673077374,1001.7169673077374,1001.7169673077374,1001.7169673077374,1001.7169673077374,1001.7169673077374,1001.7169673077374,1001.7169673077374,1001.7169673077374,1001.7169673077374,1001.7169673077374,1001.7169673077374,1001.7169673077374,1001.7169673077374,1001.7169673077374,1001.7169673077374,1001.7169673077374,1001.7169673077374,1001.7169673077374,1001.7169673077374,1001.7169673077374,1001.7169673077374,1001.7169673077374,1001.7169673077374,1001.7169673077374,1001.7169673077374,1001.7169673077374,1001.7169673077374,1001.7169673077374,1001.7169673077374,1001.7169673077374,1001.7169673077374,1001.7169673077374,1001.7169673077374,1001.7169673077374,1001.7169673077374,1001.7169673077374,1001.7169673077374,1001.7169673077374,1001.7169673077374,1001.7169673077374,1001.7169673077374,1001.7169673077374,1001.7169673077374,1001.7169673077374,1001.7169673077374,1001.7169673077374,1001.7169673077374,1001.7169673077374,1001.7169673077374,1001.7169673077374,1001.7169673077374,1001.7169673077374,1001.7169673077374,1001.7169673077374,1001.7169673077374,1001.7169673077374,1001.7169673077374,1001.7169673077374,1001.7169673077374,1001.7169673077374,