{"optimalDistance":1032,"fuelSequence":[1641.986566725043,1641.986566725043,1641.986566725043,1641.986566725043,1641.986566725043,1641.986566725043,1641.986566725043,1641.986566725043,1641.986566725043,1641.986566725043,1641.986566725043,1641.986566725043,1641.986566725043,1632.6252651323293,1632.6252651323293,1632.6252651323293,1632.6252651323293,1632.6252651323293,1632.6252651323293,1629.8387779291536,1629.8387779291536,1623.9153490549081,1623.9153490549081,1623.9153490549081,1623.9153490549081,1623.9153490549081,1623.9153490549081,1623.9153490549081,1623.9153490549081,1623.9153490549081,1623.9153490549081,1623.9153490549081,1622.74564196122,1621.9882659399098,1621.9882659399098,1621.9882659399098,1621.9882659399098,1621.9882659399098,1621.9882659399098,1619.0131185515665,1619.0131185515665,1619.0131185515665,1619.0131185515665,1619.0131185515665,1618.4238163966506,1618.4238163966506,1618.4238163966506,1618.4238163966506,1618.4238163966506,1618.4238163966506,1618.4238163966506,1618.4238163966506,1618.4238163966506,1618.4238163966506,1617.0860354365682,1617.0860354365682,1617.0860354365682,1617.0860354365682,1617.0860354365682,1617.0860354365682,1617.0860354365682,1617.0860354365682,1617.0860354365682,1617.0860354365682,1616.4967332816525,1616.4967332816525,1616.4967332816525,1613.1032893806878,1613.1032893806878,1613.1032893806878,1613.1032893806878,1613.1032893806878,1613.1032893806878,1613.1032893806878,1613.1032893806878,1613.1032893806878,1613.1032893806878,1613.1032893806878,1613.1032893806878,1610.7120848563984,1610.7120848563984,1610.7120848563984,1610.7120848563984,1610.7120848563984,1610.7120848563984,1610.7120848563984,1610.7120848563984,1610.7120848563984,1610.0703420511943,1610.0703420511943,1610.0703420511943,1610.0703420511943,1610.0703420511943,1610.0703420511943,1610.0703420511943,1610.0703420511943,1608.7850017414,1608.7850017414,1608.7850017414,1604.7498150352314,1604.7498150352314,1604.7498150352314,1604.7498150352314,1604.7498150352314,1604.7498150352314,1604.7498150352314,1604.7498150352314,1603.199572172189,1603.199572172189,1603.199572172189,1603.199572172189,1598.3688860604643,1598.3688860604643,1598.3688860604643,1598.3688860604643,1598.3688860604643,1598.3688860604643,1598.3688860604643,1598.3688860604643,1597.7795839055484,1597.7795839055484,1597.7795839055484,1597.7795839055484,1597.7795839055484,1597.7795839055484,1597.7795839055484,1597.7795839055484,1597.7795839055484,1597.7795839055484,1597.7795839055484,1597.7795839055484,1597.7795839055484,1597.7795839055484,1597.7795839055484,1597.7795839055484,1596.2293410425063,1596.2293410425063,1596.2293410425063,1595.6353465265138,1595.6353465265138,1595.6353465265138,1595.6353465265138,1595.6353465265138,1595.6353465265138,1595.6353465265138,1595.6353465265138,1595.6353465265138,1595.6353465265138,1595.6353465265138,1595.6353465265138,1595.6353465265138,1595.6353465265138,1595.6353465265138,1595.6353465265138,1595.6353465265138,1594.0851036634717,1594.0851036634717,1594.0851036634717,1585.2597010630548,1585.2597010630548,1585.2597010630548,1585.2597010630548,1585.2597010630548,1585.2597010630548,1585.2597010630548,1585.2597010630548,1585.2597010630548,1585.2597010630548,1585.2597010630548,1585.2597010630548,1585.2597010630548,1585.2597010630548,1585.2597010630548,1585.2597010630548,1585.2597010630548,1585.2597010630548,1585.2597010630548,1585.2597010630548,1585.2597010630548,1585.2597010630548,1585.2597010630548,1585.2597010630548,1585.2597010630548,1585.2597010630548,1585.2597010630548,1585.2597010630548,1585.2597010630548,1585.2597010630548,1585.2597010630548,1585.2597010630548,1585.2597010630548,1585.2597010630548,1585.2597010630548,1585.2597010630548,1585.2597010630548,1585.2597010630548,1585.2597010630548,1585.2597010630548,1585.2597010630548,1585.2597010630548,1585.2597010630548,1585.2597010630548,1585.2597010630548,1585.2597010630548,1585.2597010630548,1585.2597010630548,1585.2597010630548,1585.2597010630548,1585.2597010630548,1585.2597010630548,1585.2597010630548,1580.5351278383337,1580.5351278383337,1580.5351278383337,1580.5351278383337,1580.5351278383337,1580.5351278383337,1580.5351278383337,1580.5351278383337,1580.5351278383337,1580.5351278383337,1580.5351278383337,1580.5351278383337,1580.5351278383337,1580.5351278383337,1576.448714628781,1576.448714628781,1576.448714628781,1576.448714628781,1576.448714628781,1576.448714628781,1576.448714628781,1576.448714628781,1576.448714628781,1576.448714628781,1576.448714628781,1576.448714628781,1576.448714628781,1576.448714628781,1576.448714628781,1576.448714628781,1576.448714628781,1576.448714628781,1576.448714628781,1576.258593718516,1576.258593718516,1576.258593718516,1576.258593718516,1576.258593718516,1576.258593718516,1576.258593718516,1576.258593718516,1576.258593718516,1576.258593718516,1576.258593718516,1576.258593718516,1576.258593718516,1576.258593718516,1576.258593718516,1576.258593718516,1576.258593718516,1576.258593718516,1576.258593718516,1576.258593718516,1576.258593718516,1576.258593718516,1576.258593718516,1576.258593718516,1576.258593718516,1576.258593718516,1576.258593718516,1576.258593718516,1576.258593718516,1573.1749784492172,1573.1749784492172,1573.1749784492172,1573.1749784492172,1573.1749784492172,1573.1749784492172,1573.1749784492172,1573.1749784492172,1573.1749784492172,1573.1749784492172,1573.1749784492172,1573.1749784492172,1569.9407141316965,1569.9407141316965,1569.9407141316965,1569.9407141316965,1569.8841365277744,1569.8841365277744,1569.8841365277744,1569.8841365277744,1569.8841365277744,1569.8841365277744,1569.8841365277744,1569.8841365277744,1569.8841365277744,1569.8841365277744,1569.8841365277744,1569.8841365277744,1569.8841365277744,1569.8841365277744,1569.8841365277744,1569.8841365277744,1569.8841365277744,1569.8841365277744,1569.8841365277744,1569.8841365277744,1569.8841365277744,1569.8841365277744,1569.8841365277744,1569.8841365277744,1569.8841365277744,1569.8841365277744,1569.8841365277744,1569.8841365277744,1569.8841365277744,1565.9603939968977,1565.9603939968977,1565.9603939968977,1565.9603939968977,1565.9603939968977,1565.9603939968977,1565.9603939968977,1565.9603939968977,1565.9603939968977,1565.9603939968977,1565.9603939968977,1565.9603939968977,1565.9603939968977,1565.9603939968977,1565.9603939968977,1565.9603939968977,1565.9603939968977,1565.9603939968977,1565.9603939968977,1565.9603939968977,1565.9603939968977,1565.9603939968977,1565.9603939968977,1565.9603939968977,1565.9603939968977,1565.9603939968977,1565.9603939968977,1565.9603939968977,1565.9603939968977,1565.9603939968977,1565.9603939968977,1565.9603939968977,1565.9603939968977,1565.9603939968977,1565.9603939968977,1565.9603939968977,1565.9603939968977,1565.9603939968977,1565.9603939968977,1565.9603939968977,1565.9603939968977,1565.9603939968977,1565.9603939968977,1565.9603939968977,1565.9603939968977,1565.9603939968977,1565.9603939968977,1565.9603939968977,1565.9603939968977,1565.9603939968977,1565.9603939968977,1565.9603939968977,1565.9603939968977,1565.9603939968977,1565.9603939968977,1565.9603939968977,1565.9603939968977,1565.9603939968977,1564.6137933288855,1564.6137933288855,1564.6137933288855,1564.6137933288855,1564.6137933288855,1564.6137933288855,1564.6137933288855,1564.6137933288855,1564.6137933288855,1564.6137933288855,1564.6137933288855,1564.6137933288855,1564.6137933288855,1564.6137933288855,1564.6137933288855,1564.6137933288855,1564.6137933288855,1564.6137933288855,1564.6137933288855,1564.6137933288855,1564.6137933288855,1564.6137933288855,1564.6137933288855,1564.6137933288855,1564.6137933288855,1564.6137933288855,1564.6137933288855,1564.6137933288855,1564.6137933288855,1564.6137933288855,1564.6137933288855,1564.6137933288855,1556.7484260588194,1556.7484260588194,1556.7484260588194,1556.7484260588194,1556.7484260588194,1556.7484260588194,1556.7484260588194,1556.7484260588194,1556.7484260588194,1556.7484260588194,1556.7484260588194,1556.7484260588194,1556.7484260588194,1556.7484260588194,