{"benchmark":"B-n67-k10","front":[{"fuel":1553.384819270338,"trucks":[[6,56,55,22,26,64,49,10],[54,43,45,41,65,35,7],[17,42,52,60,25,30],[32,19,27,3,67,44,28,11,39],[12,36,50,2,20,21],[63,62,31,58,4,61],[18,51,15,47,5,37,40],[14,59,16,57,29],[33,66,38,24,9,8],[48,34,13,46,53,23]],"distance":1106.5967394961915},{"distance":1106.7566911423773,"trucks":[[6,56,55,22,26,64,49,10],[54,43,45,41,65,35,7],[17,42,30,25,60,52],[32,19,27,3,67,44,28,11,39],[12,36,50,2,20,21],[63,62,31,58,4,61],[18,51,15,47,5,37,40],[29,14,59,16,57],[33,66,38,24,9,8],[48,34,13,46,53,23]],"fuel":1552.8301554130867},{"trucks":[[6,56,55,22,26,64,49,10],[54,43,45,41,65,35,7],[17,42,52,60,25,30],[32,19,27,3,67,44,28,11,39],[12,36,50,2,20,21],[63,62,31,58,4,61],[18,51,15,47,5,37,40],[29,14,59,16,57],[33,66,38,24,9,8],[48,34,13,46,53,23]],"distance":1107.046734976733,"fuel":1552.3350784701615},{"fuel":1552.2540724409912,"distance":1107.0875366352868,"trucks":[[6,56,55,22,26,64,49,10],[54,43,45,41,65,35,7],[17,42,52,60,25,30],[32,19,27,3,67,44,28,11,39],[15,12,36,50,2,20,21],[63,62,31,58,4,61],[18,51,47,5,37,40],[29,14,59,16,57],[33,66,38,24,9,8],[48,34,13,46,53,23]]}],"Optimal":1032}