{"optimalDistance":861,"fuelSequence":[1352.1389585033085,1352.1389585033085,1352.1389585033085,1352.1389585033085,1333.599076164115,1324.1039303753619,1324.1039303753619,1324.1039303753619,1321.0722830443674,1321.0722830443674,1321.0722830443674,1321.0722830443674,1319.1248775675167,1319.1248775675167,1319.1248775675167,1317.6118628153538,1317.6118628153538,1314.378513883648,1314.378513883648,1314.378513883648,1313.9494588271239,1313.5544085082538,1309.4934841587483,1309.4934841587483,1307.06538867865,1307.06538867865,1307.06538867865,1307.06538867865,1307.06538867865,1304.4261008303856,1303.6049684496363,1303.6049684496363,1303.6049684496363,1303.6049684496363,1301.359065043681,1301.359065043681,1301.359065043681,1300.313805111228,1300.313805111228,1300.313805111228,1300.313805111228,1300.313805111228,1299.3390126105103,1295.3033101315675,1295.3033101315675,1295.3033101315675,1295.3033101315675,1295.3033101315675,1295.3033101315675,1295.3033101315675,1295.3033101315675,1295.3033101315675,1294.4487010977773,1294.4487010977773,1294.4487010977773,1294.4487010977773,1294.4487010977773,1294.4487010977773,1293.944435960147,1293.944435960147,1290.9882808687635,1290.9882808687635,1290.9221195093176,1290.9221195093176,1290.9221195093176,1290.9221195093176,1290.9221195093176,1290.9221195093176,1290.5270691904475,1288.4688021586564,1287.461699280304,1287.461699280304,1287.461699280304,1287.461699280304,1287.461699280304,1287.461699280304,1285.3216185729173,1285.3216185729173,1285.3216185729173,1285.3216185729173,1285.3216185729173,1285.3216185729173,1285.3216185729173,1285.3216185729173,1285.3216185729173,1285.3216185729173,1285.3216185729173,1282.3155893320502,1282.3155893320502,1282.3155893320502,1282.3155893320502,1282.3155893320502,1282.3155893320502,1282.3155893320502,1282.3155893320502,1282.3155893320502,1282.3155893320502,1282.3155893320502,1282.3155893320502,1282.3155893320502,1282.3155893320502,1282.3155893320502,1282.3155893320502,1282.3155893320502,1282.3155893320502,1282.3155893320502,1282.3155893320502,1282.3155893320502,1282.3155893320502,1282.3155893320502,1282.3155893320502,1282.3155893320502,1282.3155893320502,1282.3155893320502,1282.3155893320502,1282.3155893320502,1282.3155893320502,1282.3155893320502,1282.3155893320502,1282.3155893320502,1282.3155893320502,1282.3155893320502,1282.3155893320502,1282.3155893320502,1282.3155893320502,1282.3155893320502,1282.3155893320502,1282.3155893320502,1282.3155893320502,1282.3155893320502,1282.3155893320502,1280.1755086246637,1280.1755086246637,1280.1755086246637,1280.1755086246637,1280.1755086246637,1280.1755086246637,1280.1755086246637,1280.1755086246637,1280.1755086246637,1280.1755086246637,1280.1755086246637,1280.1755086246637,1279.4943177940902,1279.4943177940902,1279.4943177940902,1279.4943177940902,1279.4943177940902,1279.4943177940902,1279.4943177940902,1279.4943177940902,1278.5041820129893,1278.5041820129893,1278.5041820129893,1278.5041820129893,1278.5041820129893,1278.5041820129893,1278.5041820129893,1278.5041820129893,1278.5041820129893,1278.5041820129893,1278.5041820129893,1278.5041820129893,1278.5041820129893,1278.5041820129893,1278.5041820129893,1278.5041820129893,1278.5041820129893,1278.5041820129893,1278.5041820129893,1278.5041820129893,1278.5041820129893,1278.5041820129893,1278.5041820129893,1278.5041820129893,1278.5041820129893,1278.5041820129893,1278.5041820129893,1278.5041820129893,1278.5041820129893,1278.5041820129893,1278.5041820129893,1278.5041820129893,1278.5041820129893,1278.5041820129893,1278.5041820129893,1278.5041820129893,1278.5041820129893,1278.5041820129893,1278.5041820129893,1278.5041820129893,1278.5041820129893,1278.5041820129893,1278.5041820129893,1278.5041820129893,1278.5041820129893,1278.5041820129893,1278.5041820129893,1278.5041820129893,1278.5041820129893,1278.5041820129893,1278.5041820129893,1278.5041820129893,1278.5041820129893,1278.5041820129893,1278.5041820129893,1278.5041820129893,1278.5041820129893,1278.5041820129893,1278.5041820129893,1278.5041820129893,1278.5041820129893,1278.5041820129893,1278.5041820129893,1278.5041820129893,1278.5041820129893,1278.5041820129893,1278.5041820129893,1278.5041820129893,1277.961242655678,1277.961242655678,1277.961242655678,1277.961242655678,1277.961242655678,1277.961242655678,1277.961242655678,1277.961242655678,1277.961242655678,1277.961242655678,1277.961242655678,1277.961242655678,1277.961242655678,1277.961242655678,1277.961242655678,1277.961242655678,1277.961242655678,1277.961242655678,1277.961242655678,1277.961242655678,1277.961242655678,1277.7076049546897,1277.7076049546897,1277.7076049546897,1277.7076049546897,1277.7076049546897,1277.7076049546897,1277.7076049546897,1277.7076049546897,1277.7076049546897,1277.7076049546897,1277.7076049546897,1277.7076049546897,1277.7076049546897,1277.7076049546897,1277.7076049546897,1277.7076049546897,1277.7076049546897,1277.7076049546897,1277.7076049546897,1277.7076049546897,1277.7076049546897,1277.7076049546897,1277.7076049546897,1277.7076049546897,1277.7076049546897,1277.7076049546897,1277.7076049546897,1277.7076049546897,1277.7076049546897,1277.7076049546897,1277.7076049546897,1277.7076049546897,1277.7076049546897,1277.7076049546897,1277.7076049546897,1277.7076049546897,1277.7076049546897,1277.7076049546897,1277.7076049546897,1277.7076049546897,1277.7076049546897,1277.7076049546897,1277.7076049546897,1277.7076049546897,1277.7076049546897,1277.7076049546897,1277.7076049546897,1277.7076049546897,1277.7076049546897,1277.7076049546897,1277.7076049546897,1277.7076049546897,1277.7076049546897,1277.7076049546897,1277.7076049546897,1277.7076049546897,1277.7076049546897,1277.7076049546897,1277.7076049546897,1277.7076049546897,1277.7076049546897,1277.7076049546897,1277.7076049546897,1277.7076049546897,1277.7076049546897,1277.7076049546897,1277.7076049546897,1277.7076049546897,1277.7076049546897,1277.7076049546897,1277.7076049546897,1277.7076049546897,1277.7076049546897,1277.7076049546897,1277.7076049546897,1277.7076049546897,1277.7076049546897,1277.7076049546897,1277.7076049546897,1277.7076049546897,1277.7076049546897,1277.7076049546897,1277.7076049546897,1277.7076049546897,1277.7076049546897,1277.7076049546897,1277.7076049546897,1277.7076049546897,1277.7076049546897,1277.7076049546897,1277.7076049546897,1277.7076049546897,1277.7076049546897,1277.7076049546897,1277.7076049546897,1277.7076049546897,1277.7076049546897,1277.7076049546897,1277.7076049546897,1277.7076049546897,1277.7076049546897,1277.7076049546897,1277.7076049546897,1277.7076049546897,1277.7076049546897,1277.7076049546897,1277.7076049546897,1277.7076049546897,1277.7076049546897,1277.7076049546897,1277.7076049546897,1277.7076049546897,1277.7076049546897,1277.7076049546897,1277.7076049546897,1277.7076049546897,1277.7076049546897,1277.7076049546897,1277.7076049546897,1277.7076049546897,1277.7076049546897,1277.7076049546897,1277.7076049546897,1277.7076049546897,1277.7076049546897,1277.7076049546897,1277.7076049546897,1277.7076049546897,1277.7076049546897,1277.7076049546897,1277.7076049546897,1277.7076049546897,1277.7076049546897,1277.7076049546897,1277.7076049546897,1277.7076049546897,1277.7076049546897,1277.7076049546897,1277.7076049546897,1277.7076049546897,1277.7076049546897,1277.7076049546897,1277.7076049546897,1277.7076049546897,1277.7076049546897,1277.7076049546897,1277.7076049546897,1277.7076049546897,1277.7076049546897,1277.7076049546897,1277.7076049546897,1277.7076049546897,1277.7076049546897,1277.7076049546897,1277.7076049546897,1277.7076049546897,1277.7076049546897,1277.7076049546897,1277.7076049546897,1277.7076049546897,1277.7076049546897,1277.7076049546897,1277.7076049546897,1277.7076049546897,1277.7076049546897,1277.7076049546897,1277.7076049546897,1277.7076049546897,1277.7076049546897,1277.7076049546897,1277.7076049546897,1277.7076049546897,1277.7076049546897,1277.7076049546897,1277.7076049546897,1277.551959731132,1277.551959731132,1277.551959731132,1277.551959731132,1277.551959731132,1277.551959731132,1277.551959731132,