{"Optimal":861,"front":[{"distance":880.9968978339214,"trucks":[[20,16,25,15,36,37,49,61,23],[18,9,22,28,39,41,35,47,31],[38,10,6,5,60,52,56,19],[48,62,51,11,13],[24,26,40,43,64,21,58],[33,4,46,45,7,54,59,3],[34,30,12,29,57,14,17],[2,53,50,63],[8,32,55,42,27,44]],"fuel":1279.0850348695437},{"distance":881.072847056033,"trucks":[[4,20,16,25,15,36,37,49,61,23],[18,9,22,28,39,41,35,47,31],[38,10,6,5,60,52,56,19],[48,62,51,11,13],[24,26,40,43,64,21,58],[33,46,45,54,7,59,3],[34,30,12,29,57,14,17],[2,53,50,63],[8,32,55,42,27,44]],"fuel":1277.8412519859664},{"distance":881.5307371679255,"trucks":[[4,20,16,25,15,36,37,49,61,23],[18,9,22,28,39,35,41,47,31],[38,10,6,5,60,52,56,19],[48,62,51,11,13],[24,26,40,43,64,21,58],[33,46,45,54,7,59,3],[34,30,12,29,57,14,17],[2,53,50,63],[8,32,55,42,27,44]],"fuel":1277.2983126286551}],"benchmark":"B-n64-k9"}