{"optimalDistance":820,"benchmark":"M-n101-k10","fuelSequence":[1362.748462235302,1362.748462235302,1362.748462235302,1362.748462235302,1362.748462235302,1362.748462235302,1362.748462235302,1350.6448666939489,1325.459716317593,1325.459716317593,1325.459716317593,1325.459716317593,1325.459716317593,1325.459716317593,1322.4488625404244,1322.4488625404244,1322.4488625404244,1322.4488625404244,1314.3388267419002,1314.1264567728313,1314.1264567728313,1314.1264567728313,1307.8613269103564,1307.8613269103564,1307.8613269103564,1307.8613269103564,1307.8613269103564,1307.8613269103564,1307.8613269103564,1302.146807411232,1297.331469613819,1297.331469613819,1297.331469613819,1297.331469613819,1297.331469613819,1297.331469613819,1297.331469613819,1293.3379601055747,1293.3379601055747,1293.3379601055747,1293.3379601055747,1292.2642284091664,1292.2642284091664,1290.4066131570214,1290.4066131570214,1290.4066131570214,1288.5226223081618,1288.5226223081618,1288.5226223081618,1287.2229267489283,1287.2229267489283,1287.2229267489283,1284.9506058762177,1284.9506058762177,1283.9281785132328,1283.9281785132328,1283.9281785132328,1283.9281785132328,1281.8794625543965,1281.8794625543965,1281.8794625543965,1281.8794625543965,1281.8794625543965,1281.8794625543965,1281.8794625543965,1281.8794625543965,1281.6558576405223,1281.6558576405223,1279.7979151115196,1279.7979151115196,1279.7979151115196,1279.2144296429822,1279.2144296429822,1279.2144296429822,1279.2144296429822,1279.2144296429822,1279.2144296429822,1278.7675134020906,1278.7675134020906,1278.7675134020906,1278.7675134020906,1278.7675134020906,1277.5167543713517,1277.5167543713517,1277.5167543713517,1277.5167543713517,1277.5167543713517,1277.5167543713517,1277.5167543713517,1276.4513289378594,1275.2751244869032,1275.2751244869032,1275.2751244869032,1275.2751244869032,1274.0457402857692,1274.0457402857692,1274.0457402857692,1274.0457402857692,1274.0457402857692,1274.0457402857692,1274.0457402857692,1274.0457402857692,1272.7539023523032,1272.7539023523032,1272.7539023523032,1272.7539023523032,1271.9803762512079,1271.9803762512079,1271.9803762512079,1271.9803762512079,1271.9803762512079,1271.9803762512079,1271.1385557315898,1271.1385557315898,1271.1385557315898,1271.1385557315898,1270.9149508177156,1269.4108734866854,1268.3454480531932,1268.3454480531932,1268.3454480531932,1268.3454480531932,1268.3454480531932,1268.3454480531932,1268.3454480531932,1268.3454480531932,1268.3454480531932,1267.1410012057943,1266.1038181687447,1266.1038181687447,1266.1038181687447,1266.1038181687447,1266.1038181687447,1266.1038181687447,1265.3904855368087,1265.3904855368087,1265.3904855368087,1265.3904855368087,1263.846252970099,1263.846252970099,1263.846252970099,1263.846252970099,1263.846252970099,1263.846252970099,1263.846252970099,1262.7808275366067,1262.7808275366067,1262.7808275366067,1262.7808275366067,1262.7808275366067,1262.7808275366067,1262.7808275366067,1262.7808275366067,1262.7808275366067,1262.7808275366067,1262.7808275366067,1262.7808275366067,1262.2897403940083,1262.2897403940083,1260.642293151804,1260.642293151804,1260.642293151804,1260.642293151804,1260.642293151804,1260.642293151804,1260.642293151804,1260.642293151804,1260.642293151804,1260.642293151804,1260.642293151804,1256.5890379842838,1256.5890379842838,1256.5890379842838,1231.435115139815,1231.435115139815,1231.435115139815,1231.435115139815,1231.435115139815,1231.435115139815,1231.435115139815,1231.435115139815,1231.435115139815,1231.435115139815,1231.435115139815,1231.435115139815,1231.435115139815,1231.435115139815,1231.435115139815,1231.435115139815,1231.435115139815,1231.435115139815,1230.7828571838904,1230.7828571838904,1230.7828571838904,1230.0039971805575,1230.0039971805575,1230.0039971805575,1230.0039971805575,1230.0039971805575,1230.0039971805575,1230.0039971805575,1230.0039971805575,1230.0039971805575,1230.0039971805575,1230.0039971805575,1229.3517392246329,1229.3517392246329,1229.2906645486212,1228.6384065926968,1228.6384065926968,1228.6384065926968,1228.6384065926968,1228.6384065926968,1228.6384065926968,1228.6384065926968,1228.6384065926968,1228.6384065926968,1228.6384065926968,1228.6384065926968,1228.6384065926968,1228.6384065926968,1228.6384065926968,1228.6384065926968,1228.6384065926968,1228.6384065926968,1228.6384065926968,1228.6384065926968,1228.2614745921721,1228.2614745921721,1228.2614745921721,1228.2614745921721,1228.2614745921721,1228.2614745921721,1228.2614745921721,1228.2614745921721,1228.2614745921721,1225.71951189371,1225.71951189371,1225.71951189371,1225.71951189371,1225.71951189371,1225.71951189371,1225.71951189371,1225.71951189371,1225.71951189371,1225.71951189371,1225.71951189371,1225.71951189371,1225.71951189371,1225.71951189371,1225.71951189371,1225.71951189371,1225.4959069798358,1225.4959069798358,1225.4959069798358,1225.4959069798358,1224.9650939858334,1224.9650939858334,1224.9650939858334,1224.9650939858334,1224.9650939858334,1224.9650939858334,1224.9650939858334,1224.9650939858334,1224.9650939858334,1224.9650939858334,1224.9650939858334,1224.9650939858334,1224.9650939858334,1224.9650939858334,1224.9650939858334,1224.9650939858334,1224.9650939858334,1224.9650939858334,1224.7414890719592,1224.7414890719592,1224.7414890719592,1224.7414890719592,1224.7414890719592,1224.7414890719592,1224.7414890719592,1224.7414890719592,1224.7414890719592,1224.7414890719592,1224.7414890719592,1224.7414890719592,1224.7414890719592,1223.110532423669,1223.110532423669,1223.110532423669,1223.110532423669,1223.110532423669,1223.110532423669,1223.110532423669,1223.110532423669,1223.110532423669,1223.110532423669,1223.110532423669,1223.110532423669,1223.110532423669,1223.110532423669,1223.110532423669,1223.110532423669,1223.110532423669,1223.110532423669,1223.110532423669,1223.110532423669,1223.110532423669,1223.110532423669,1223.110532423669,1222.0223014393512,1222.0223014393512,1222.0223014393512,1222.0223014393512,1222.0223014393512,1222.0223014393512,1222.0223014393512,1222.0223014393512,1221.798696525477,1221.798696525477,1221.798696525477,1221.798696525477,1221.798696525477,1221.798696525477,1221.798696525477,1221.798696525477,1221.798696525477,1221.798696525477,1221.798696525477,1221.798696525477,1221.798696525477,1221.798696525477,1221.798696525477,1221.798696525477,1221.798696525477,1221.798696525477,1221.798696525477,1221.798696525477,1221.798696525477,1221.798696525477,1221.798696525477,1221.798696525477,1221.798696525477,1221.798696525477,1221.798696525477,1221.798696525477,1221.798696525477,1221.798696525477,1221.798696525477,1221.798696525477,1221.798696525477,1221.798696525477,1221.798696525477,1221.798696525477,1221.798696525477,1221.798696525477,1221.798696525477,1221.798696525477,1221.798696525477,1221.798696525477,1221.798696525477,1221.798696525477,1221.798696525477,1221.798696525477,1221.798696525477,1221.798696525477,1221.798696525477,1221.798696525477,1221.798696525477,1221.798696525477,1221.798696525477,1221.798696525477,1221.798696525477,1221.798696525477,1221.798696525477,1221.798696525477,1221.798696525477,1221.798696525477,1221.798696525477,1221.798696525477,1221.798696525477,1221.798696525477,1221.798696525477,1221.798696525477,1221.798696525477,1221.798696525477,1221.798696525477,1221.798696525477,1221.798696525477,1221.798696525477,1221.798696525477,1221.798696525477,1221.798696525477,1221.798696525477,1221.798696525477,1221.798696525477,1221.798696525477,1221.798696525477,1221.798696525477,1221.798696525477,1221.798696525477,1221.798696525477,1221.798696525477,1221.798696525477,1221.798696525477,1221.798696525477,1221.798696525477,1221.798696525477,1221.798696525477,1221.798696525477,1221.798696525477,1221.798696525477,1221.798696525477,1221.798696525477,1221.798696525477,1221.798696525477,1221.798696525477,1221.798696525477,1221.798696525477,1221.798696525477,1221.798696525477,1221.798696525477,1221.798696525477,1221.798696525477,1221.798696525477,1221.798696525477,1221.798696525477,1221.798696525477,1221.798696525477,