{"benchmark":"M-n101-k10","front":[{"trucks":[[82,79,77,72,71,74,78,80,81],[14,18,19,20,16,17,15,13,11],[6,4,8,9,12,10,7,5,3,2,76],[58,56,55,54,57,59,61,60],[99,97,96,95,93,94,98,101,100],[22,23,24,27,29,31,30,28,26,25,21],[33,34,32,36,38,39,40,37,35],[68,66,64,63,75,73,62,65,69,67,70],[44,43,42,41,45,47,46,49,52,51,53,50,48],[92,89,86,85,83,84,87,88,90,91]],"distance":827.0629065284159,"fuel":1177.7310794161604},{"trucks":[[82,79,77,72,71,74,78,80,81],[14,18,19,20,16,17,15,13,11],[6,4,8,9,12,10,7,5,3,2,76],[58,56,55,54,57,59,61,60],[99,97,96,95,93,94,98,101,100],[22,23,24,27,29,31,30,28,26,25,21],[33,34,35,37,40,39,38,36,32],[68,66,64,63,75,73,62,65,69,67,70],[44,43,42,41,45,47,46,49,52,51,53,50,48],[92,89,86,85,83,84,87,88,90,91]],"distance":827.8304919023749,"fuel":1177.5074745022862}],"Optimal":820}