{"benchmark":"M-n101-k10","Optimal":820,"front":[{"trucks":[[58,56,55,54,57,59,61,60],[44,43,47,48,50,53,51,52,49,46,45,41,42,69,65],[14,18,19,20,16,17,15,13],[99,97,96,95,93,94,98,101,100],[85,84,83,82,79,77,72,71,74,78,80,81],[6,5,3,2,76,92,90,89,86,87,88,91],[4,8,7,9,10,12,11,24,27,29,31,30,28,25],[33,34,35,37,40,39,38,36,32],[22,23,26,21,70,67,62,73,75,63],[68,66,64]],"fuel":1269.4166593547454,"distance":885.256448708141},{"distance":885.9908348370146,"fuel":1268.3183074187718,"trucks":[[58,56,55,54,57,59,61,60],[44,43,47,48,50,53,51,52,49,46,45,41,42,69,65],[14,18,19,20,16,17,15,13],[99,97,96,95,93,94,98,101,100],[85,84,83,82,79,77,72,71,74,78,80,81],[6,5,3,2,76,92,90,89,86,87,88,91],[4,8,7,9,10,12,11,24,27,29,31,30,28,25],[33,34,32,36,38,39,40,37,35],[22,23,26,21,70,67,63,75,73,62],[68,66,64]]},{"fuel":1268.0947025048977,"distance":886.7584202109737,"trucks":[[58,56,55,54,57,59,61,60],[44,43,47,48,50,53,51,52,49,46,45,41,42,69,65],[14,18,19,20,16,17,15,13],[99,97,96,95,93,94,98,101,100],[85,84,83,82,79,77,72,71,74,78,80,81],[6,5,3,2,76,92,90,89,86,87,88,91],[4,8,7,9,10,12,11,24,27,29,31,30,28,25],[33,34,35,37,40,39,38,36,32],[22,23,26,21,70,67,63,75,73,62],[68,66,64]]}]}