{"benchmark":"M-n101-k10","front":[{"fuel":1181.8668487753355,"trucks":[[22,23,24,27,29,31,30,28,26,25,21],[58,56,55,54,57,59,61,60],[82,79,77,72,71,74,78,80,81],[6,4,8,9,12,10,7,5,3,2,76],[68,66,64,75,73,62,65,69,63,67,70],[14,18,19,20,16,17,15,13,11],[33,34,32,36,38,39,40,37,35],[99,97,96,95,93,94,98,101,100],[44,43,47,48,50,53,51,52,49,46,45,41,42],[92,90,89,86,85,83,84,87,88,91]],"distance":829.9909060558225},{"fuel":1181.643243861461,"trucks":[[22,23,24,27,29,31,30,28,26,25,21],[58,56,55,54,57,59,61,60],[82,79,77,72,71,74,78,80,81],[6,4,8,9,12,10,7,5,3,2,76],[68,66,64,75,73,62,65,69,63,67,70],[14,18,19,20,16,17,15,13,11],[33,34,35,37,40,39,38,36,32],[99,97,96,95,93,94,98,101,100],[44,43,47,48,50,53,51,52,49,46,45,41,42],[92,90,89,86,85,83,84,87,88,91]],"distance":830.7584914297815},{"fuel":1181.5743305637006,"distance":830.9037916943939,"trucks":[[22,23,24,27,29,31,30,28,26,25,21],[58,56,55,54,57,59,61,60],[82,79,77,72,71,74,78,80,81],[6,4,8,9,12,10,7,5,3,2,76],[68,66,64,75,73,62,65,69,70,67,63],[14,18,19,20,16,17,15,13,11],[33,34,35,37,40,39,38,36,32],[99,97,96,95,93,94,98,101,100],[44,43,47,48,50,53,51,52,49,46,45,41,42],[92,90,89,86,85,83,84,87,88,91]]}],"Optimal":820}