{"Optimal":529,"front":[{"trucks":[[11,13,16,12],[18,10,14],[6,15,23],[4,20,19],[5,8],[3,2],[7,21,22],[17,9]],"distance":531.1738035458811,"fuel":769.9189761454239},{"trucks":[[11,13,16,12],[18,10,14],[6,15,23],[4,20,19],[5,8],[3,2],[22,7,21],[17,9]],"distance":531.5401657863808,"fuel":766.8545738176168},{"fuel":766.5032150991402,"distance":534.0306397164088,"trucks":[[11,13,16,12],[18,10,14],[6,15,23],[5,8],[4,19,20],[3,2],[22,7,21],[17,9]]}],"benchmark":"P-n23-k8"}