{"benchmark":"A-n53-k7","Optimal":1010,"front":[{"trucks":[[48,8,13,49,43,46,5],[34,7,21,32,29],[52,39,41,27,11,50,30,45,31,2],[10,18,42,25,12,26,40,4,6],[47,9,19,36,28],[3,38,37,51,44,24,20,16,33,17,23],[22,35,53,14,15]],"distance":1073.4567512203148,"fuel":1535.9903975066582},{"distance":1073.7602632297026,"trucks":[[48,8,13,49,43,46,5],[34,7,21,32,29],[23,3,38,37,51,44,24,20,16,33,17],[10,18,42,25,12,26,40,4,6],[52,39,41,27,11,50,30,45,31,2],[22,35,53,14,15],[9,47,19,36,28]],"fuel":1533.0443236906794},{"fuel":1533.0443236906792,"trucks":[[10,18,42,25,12,26,40,4,6],[48,8,13,49,43,46,5],[22,35,53,14,15],[23,3,38,37,51,44,24,20,16,33,17],[52,39,41,27,11,50,30,45,31,2],[34,7,21,32,29],[9,47,19,36,28]],"distance":1073.7602632297028},{"distance":1074.8375662947715,"trucks":[[48,8,13,49,43,46,5],[23,3,38,37,51,44,24,20,16,33,17],[10,18,42,25,12,26,40,4,6],[52,39,41,27,11,50,30,45,31,2],[22,35,53,14,15],[34,21,7,32,29],[9,47,19,36,28]],"fuel":1532.9356356366231}]}