{"Optimal":696,"benchmark":"P-n50-k10","front":[{"fuel":1020.4638101645661,"distance":722.5446873009338,"trucks":[[6,48,37,38,21,16],[27,8,36,15,20],[10,26,19,25,50,4],[35,47,9,12],[17,24,44,42,43,23,2],[31,49,22,29],[18,7,34,3],[39,11,32,40],[13,41,33,45],[5,46,30,14,28]]},{"trucks":[[6,48,37,38,21,16],[27,8,36,15,20],[10,26,19,25,50,4],[35,47,9,12],[17,24,44,42,43,23,2],[31,49,22,29],[18,7,34,3],[39,11,32,40],[13,41,33,45],[5,46,30,28,14]],"distance":724.0406009231311,"fuel":1020.1823805086608}]}