{"optimalDistance":788,"fuelSequence":[1177.1967291755218,1177.1967291755218,1175.0662158426076,1175.0662158426076,1175.0662158426076,1175.0662158426076,1148.5388416277922,1148.5388416277922,1148.5388416277922,1148.5388416277922,1148.5388416277922,1148.5388416277922,1148.5388416277922,1148.5388416277922,1148.5388416277922,1148.5388416277922,1147.9828881504204,1147.9828881504204,1147.9828881504204,1147.9828881504204,1147.9828881504204,1147.9828881504204,1147.9828881504204,1147.9828881504204,1147.9828881504204,1147.9828881504204,1147.9828881504204,1147.9828881504204,1147.9828881504204,1147.9828881504204,1147.9828881504204,1147.9828881504204,1147.9828881504204,1147.9828881504204,1147.9828881504204,1147.9828881504204,1147.9828881504204,1147.9828881504204,1147.9828881504204,1147.9828881504204,1147.9828881504204,1147.9828881504204,1147.9828881504204,1147.9828881504204,1147.9828881504204,1147.9828881504204,1147.9828881504204,1147.9828881504204,1147.9828881504204,1147.9828881504204,1147.9828881504204,1147.9828881504204,1147.9828881504204,1147.9828881504204,1147.9828881504204,1147.9828881504204,1147.9828881504204,1147.9828881504204,1147.9828881504204,1147.9828881504204,1147.9828881504204,1147.9828881504204,1147.9828881504204,1147.9828881504204,1147.9828881504204,1147.9828881504204,1147.9828881504204,1147.9828881504204,1147.9828881504204,1147.9828881504204,1147.9828881504204,1147.9828881504204,1147.9828881504204,1147.9828881504204,1147.9828881504204,1147.9828881504204,1147.9828881504204,1147.9828881504204,1147.9828881504204,1147.9828881504204,1147.9828881504204,1147.9828881504204,1147.9828881504204,1147.9828881504204,1147.9828881504204,1147.9828881504204,1147.9828881504204,1147.9828881504204,1147.9828881504204,1147.9828881504204,1147.9828881504204,1147.9828881504204,1147.9828881504204,1147.9828881504204,1147.9828881504204,1147.9828881504204,1147.9828881504204,1147.9828881504204,1147.9828881504204,1147.9828881504204,1147.9828881504204,1147.9828881504204,1147.9828881504204,1147.9828881504204,1147.9828881504204,1147.9828881504204,1147.9828881504204,1147.9828881504204,1147.9828881504204,1147.9828881504204,1147.9828881504204,1147.9828881504204,1147.9828881504204,1147.9828881504204,1147.9828881504204,1147.9828881504204,1147.9828881504204,1147.9828881504204,1147.9828881504204,1147.9828881504204,1147.9828881504204,1147.9828881504204,1147.9828881504204,1147.9828881504204,1147.9828881504204,1147.9828881504204,1147.9828881504204,1147.9828881504204,1147.9828881504204,1147.9828881504204,1147.9828881504204,1147.9828881504204,1147.9828881504204,1147.9828881504204,1147.9828881504204,1147.9828881504204,1147.9828881504204,1147.9828881504204,1147.9828881504204,1147.9828881504204,1147.9828881504204,1147.9828881504204,1147.9828881504204,1147.9828881504204,1147.9828881504204,1147.9828881504204,1147.9828881504204,1147.9828881504204,1147.9828881504204,1147.9828881504204,1146.8386328765844,1146.8386328765844,1146.8386328765844,1146.8386328765844,1146.8386328765844,1146.8386328765844,1146.8386328765844,1146.8386328765844,1146.8386328765844,1146.8386328765844,1146.8386328765844,1146.8386328765844,1146.8386328765844,1146.8386328765844,1146.8386328765844,1146.8386328765844,1146.8386328765844,1146.8386328765844,1146.8386328765844,1146.8386328765844,1146.8386328765844,1146.8386328765844,1146.8386328765844,1146.8386328765844,1146.8386328765844,1146.5444029496039,1146.5444029496039,1146.5444029496039,1146.5444029496039,1146.5444029496039,1144.600449224479,1144.600449224479,1144.600449224479,1144.600449224479,1144.600449224479,1144.600449224479,1142.8900981145998,1142.8900981145998,1142.8900981145998,1142.8900981145998,1142.8900981145998,1142.8900981145998,1142.8900981145998,1142.8900981145998,1142.8900981145998,1142.8900981145998,1142.8900981145998,1142.8900981145998,1142.8900981145998,1142.8900981145998,1142.8900981145998,1142.8900981145998,1142.8900981145998,1142.8900981145998,1142.8900981145998,1142.8900981145998,1142.8900981145998,1142.8900981145998,1142.8900981145998,1142.8900981145998,1142.8900981145998,1142.8900981145998,1142.8900981145998,1142.8900981145998,1142.8900981145998,1142.8900981145998,1142.8900981145998,1142.8900981145998,1142.8900981145998,1142.8900981145998,1142.8900981145998,1142.8900981145998,1142.8900981145998,1142.8900981145998,1142.8900981145998,1142.8900981145998,1142.8900981145998,1142.8900981145998,1142.8900981145998,1142.8900981145998,1142.8900981145998,1142.8900981145998,1142.8900981145998,1142.8900981145998,1142.8900981145998,1142.8900981145998,1142.8900981145998,1142.8900981145998,1142.8900981145998,1142.8900981145998,1142.8900981145998,1142.8900981145998,1142.8900981145998,1142.8900981145998,1142.8900981145998,1142.8900981145998,1142.8900981145998,1142.8900981145998,1142.8900981145998,1142.8900981145998,1142.8900981145998,1142.8900981145998,1142.8900981145998,1142.8900981145998,1142.8900981145998,1142.8900981145998,1142.8900981145998,1142.8900981145998,1142.8900981145998,1142.8900981145998,1142.8900981145998,1142.8900981145998,1142.8900981145998,1142.8900981145998,1142.8471600457915,1142.8471600457915,1142.8471600457915,1142.8471600457915,1142.8471600457915,1142.8471600457915,1142.8471600457915,1142.8471600457915,1142.8471600457915,1142.8471600457915,1142.8471600457915,1142.8471600457915,1142.8471600457915,1142.8471600457915,1142.8471600457915,1142.8471600457915,1142.8471600457915,1142.8471600457915,1142.8471600457915,1142.8471600457915,1142.8471600457915,1142.8471600457915,1142.8471600457915,1142.8471600457915,1142.8471600457915,1142.8471600457915,1142.8471600457915,1142.8471600457915,1142.8471600457915,1142.8471600457915,1142.8471600457915,1142.8471600457915,1142.8471600457915,1142.8471600457915,1142.8471600457915,1142.8471600457915,1142.8471600457915,1142.8471600457915,1142.8471600457915,1142.8471600457915,1142.8471600457915,1142.8471600457915,1142.8471600457915,1142.697018505633,1142.697018505633,1142.697018505633,1142.697018505633,1142.697018505633,1142.697018505633,1142.697018505633,1142.697018505633,1142.697018505633,1142.697018505633,1142.697018505633,1142.697018505633,1142.697018505633,1142.697018505633,1142.697018505633,1142.697018505633,1142.697018505633,1142.697018505633,1141.258462438164,1141.258462438164,1141.258462438164,1141.258462438164,1141.258462438164,1141.258462438164,1141.258462438164,1141.258462438164,1141.258462438164,1141.258462438164,1141.258462438164,1141.258462438164,1141.258462438164,1141.258462438164,1141.258462438164,1141.258462438164,1141.258462438164,1141.258462438164,1141.258462438164,1141.258462438164,1141.258462438164,1141.258462438164,1141.258462438164,1141.258462438164,1141.258462438164,1141.258462438164,1141.258462438164,1141.258462438164,1141.258462438164,1141.258462438164,1141.258462438164,1141.258462438164,1141.258462438164,1141.258462438164,1141.258462438164,1141.258462438164,1141.258462438164,1141.258462438164,1141.258462438164,1141.258462438164,1141.258462438164,1141.258462438164,1141.258462438164,1141.258462438164,1141.258462438164,1141.258462438164,1141.258462438164,1141.258462438164,1141.258462438164,1141.258462438164,1141.258462438164,1141.258462438164,1141.258462438164,1141.258462438164,1141.258462438164,1141.258462438164,1141.258462438164,1141.258462438164,1141.258462438164,1141.258462438164,1141.258462438164,1141.258462438164,1141.258462438164,1141.258462438164,1141.258462438164,1141.258462438164,1141.258462438164,1141.258462438164,1141.258462438164,1141.258462438164,1141.258462438164,1141.258462438164,1141.258462438164,1141.258462438164,1141.258462438164,1141.258462438164,1141.258462438164,1141.258462438164,1141.258462438164,1141.258462438164,1138.9325176843386,1138.9325176843386,1138.9325176843386,1138.9325176843386,1138.9325176843386,1138.9325176843386,1138.9325176843386,1138.9325176843386,1138.9325176843386,1138.9325176843386,1138.9325176843386,1138.9325176843386,1138.9325176843386,1138.9325176843386,1138.9325176843386,1138.9325176843386,1138.9325176843386,1138.9325176843386,1138.9325176843386,