{"benchmark":"B-n34-k5","Optimal":788,"front":[{"distance":792.5814217910965,"fuel":1121.0253222819351,"trucks":[[20,19,25,30,28,4,31,12],[3,8,22,5,21,9,27],[6,7,26,18,32,14,29,16],[2,17,10,15],[23,33,34,11,24,13]]}]}