{"front":[{"trucks":[[45,17,41,4,5],[24,54,39,58,12,18,25,44,13],[63,3,22,52,20,53,26],[29,30,16,10,48],[49,33,14,56,6,61],[34,27,36,7,42,15,59,55],[23,35,40,43,62,11,38],[32,50,57,47,60,31,9],[19,51,2,28,37,21],[46,8]],"fuel":2243.110382791222,"distance":1584.2096504396595},{"fuel":2242.315091619215,"distance":1585.9919372220284,"trucks":[[21,46,37,8,28],[63,3,22,52,20,53,26],[34,27,36,7,42,15,59,55],[32,50,57,47,60,31,9],[29,30,16,48,10],[24,54,39,58,12,18,25,44,13],[45,17,41,4,5,61],[23,35,40,62,43,11,38],[49,33,14,56,6],[19,51,2]]}],"benchmark":"B-n63-k10","Optimal":1496}