{"benchmark":"B-n63-k10","Optimal":1496,"front":[{"trucks":[[46,21,37,8,28],[29,49,33,56,14,61],[34,27,7,58,39,54],[23,35,40,62,43,11,38],[5,50,57,60,47,9,32],[63,3,22,52,53,20,26,36],[42,15,59,55,13,44,25,18,12,24],[30,6,10,48,16],[45,17,41,4,31],[51,2,19]],"fuel":2257.8439974519024,"distance":1591.8311476063043}]}