{"benchmark":"B-n63-k10","front":[{"trucks":[[29,30,14,56,33],[57,50,60,47,9,31],[49,6,48,10,16],[45,17,41,4,5,32,61],[15,59,55,13,42,25,44,18,12,24],[26,63,3,22,58,54,39],[35,40,23,43,62,11,38],[46,8,21,37,28],[20,52,34,36,27,7,53],[51,19,2]],"distance":1593.5707721605845,"fuel":2277.5821159341263},{"trucks":[[49,6,48,10,16],[58,39,54,24,12,44,25,18,13],[46,21,37,8,28],[45,17,41,4,5,32,61],[35,40,23,43,62,11,38],[26,63,3,22,42,15,55,59],[57,50,60,47,9,31],[20,52,34,27,36,7,53],[29,30,14,56,33],[51,19,2]],"fuel":2259.9432468400723,"distance":1595.74318385181}],"Optimal":1496}