{"benchmark":"B-n63-k10","Optimal":1496,"front":[{"trucks":[[33,6,10,48,16],[45,17,41,4,5,61],[34,7,36,27,42,15,59,55],[46,21,37,8,28],[50,57,47,60,31,9,32],[52,22,53,20,26,63,3],[23,35,40,43,62,11,38],[19,51,2],[58,39,54,24,12,18,25,44,13],[29,30,56,14,49]],"distance":1583.6502399606584,"fuel":2244.8210065477356}]}