{"optimalDistance":829,"benchmark":"B-n41-k6","fuelSequence":[1305.993753686924,1305.993753686924,1305.993753686924,1305.993753686924,1305.993753686924,1305.993753686924,1301.68805969545,1301.68805969545,1301.68805969545,1301.68805969545,1292.978266675107,1292.978266675107,1292.978266675107,1292.978266675107,1292.978266675107,1292.978266675107,1292.978266675107,1292.335718114388,1292.335718114388,1289.008592296812,1284.6694945795223,1284.6694945795223,1284.6694945795223,1279.3649110511867,1279.3649110511867,1279.3649110511867,1279.3649110511867,1279.3649110511867,1279.3649110511867,1279.3649110511867,1271.7582005234,1271.7582005234,1271.7582005234,1271.7582005234,1271.7582005234,1268.8108451034495,1268.8108451034495,1268.8108451034495,1268.8108451034495,1267.5327338378588,1267.5327338378588,1267.5327338378588,1267.5327338378588,1267.5327338378588,1267.1839738582935,1267.1839738582935,1266.099544630776,1264.2236921516978,1264.2236921516978,1264.2236921516978,1264.2236921516978,1264.2236921516978,1264.2236921516978,1264.2236921516978,1264.2236921516978,1264.2236921516978,1262.7905029446147,1262.7905029446147,1262.7905029446147,1262.7905029446147,1262.7905029446147,1261.770902623176,1261.770902623176,1261.770902623176,1261.770902623176,1261.1283540624572,1260.8304811265089,1260.2688455933985,1260.2688455933985,1260.2688455933985,1260.2688455933985,1260.2688455933985,1260.2688455933985,1260.2688455933985,1260.2688455933985,1260.2688455933985,1259.0365598258177,1259.0365598258177,1259.0365598258177,1259.0365598258177,1259.0365598258177,1259.0365598258177,1259.0365598258177,1259.0365598258177,1259.0365598258177,1259.0365598258177,1259.0365598258177,1259.0365598258177,1257.6660181145603,1257.6660181145603,1257.6660181145603,1257.6660181145603,1257.6660181145603,1257.6660181145603,1257.6660181145603,1257.6660181145603,1257.6660181145603,1257.6660181145603,1256.5790620612975,1256.5790620612975,1256.5790620612975,1256.5790620612975,1256.5790620612975,1256.5790620612975,1255.7911837862607,1255.7911837862607,1255.7911837862607,1255.7911837862607,1255.314056459793,1255.314056459793,1255.314056459793,1255.314056459793,1255.314056459793,1255.314056459793,1254.081770692212,1254.081770692212,1254.081770692212,1254.081770692212,1254.081770692212,1254.081770692212,1254.081770692212,1254.081770692212,1254.081770692212,1254.081770692212,1254.081770692212,1254.081770692212,1254.081770692212,1254.081770692212,1254.081770692212,1254.081770692212,1254.081770692212,1254.081770692212,1253.439222131493,1253.439222131493,1253.439222131493,1253.439222131493,1253.439222131493,1253.439222131493,1253.439222131493,1253.439222131493,1253.439222131493,1253.439222131493,1253.439222131493,1253.439222131493,1253.439222131493,1253.439222131493,1253.439222131493,1253.439222131493,1253.439222131493,1253.439222131493,1253.439222131493,1253.439222131493,1253.439222131493,1253.439222131493,1253.439222131493,1253.439222131493,1253.439222131493,1253.439222131493,1253.439222131493,1253.439222131493,1253.439222131493,1253.439222131493,1253.439222131493,1253.439222131493,1253.439222131493,1253.439222131493,1253.439222131493,1253.439222131493,1253.439222131493,1253.439222131493,1253.439222131493,1253.439222131493,1253.439222131493,1253.439222131493,1253.439222131493,1253.439222131493,1253.439222131493,1253.439222131493,1253.439222131493,1253.439222131493,1253.439222131493,1253.439222131493,1253.439222131493,1253.439222131493,1253.439222131493,1253.439222131493,1253.439222131493,1253.439222131493,1253.439222131493,1253.439222131493,1253.439222131493,1253.439222131493,1253.439222131493,1253.439222131493,1253.439222131493,1253.439222131493,1253.439222131493,1253.439222131493,1253.439222131493,1253.439222131493,1253.439222131493,1253.439222131493,1253.439222131493,1253.439222131493,1253.439222131493,1253.439222131493,1253.439222131493,1253.439222131493,1253.439222131493,1253.439222131493,1253.439222131493,1253.439222131493,1253.439222131493,1253.439222131493,1253.439222131493,1253.439222131493,1253.439222131493,1253.439222131493,1253.439222131493,1253.439222131493,1253.439222131493,1253.439222131493,1253.439222131493,1253.439222131493,1253.439222131493,1253.439222131493,1253.439222131493,1253.439222131493,1253.439222131493,1253.439222131493,1253.439222131493,1253.439222131493,1253.439222131493,1253.439222131493,1253.439222131493,1253.439222131493,1253.439222131493,1253.439222131493,1253.439222131493,1253.439222131493,1253.439222131493,1253.439222131493,1253.439222131493,1253.439222131493,1253.439222131493,1253.439222131493,1253.439222131493,1253.439222131493,1253.439222131493,1253.439222131493,1253.439222131493,1253.439222131493,1253.439222131493,1253.439222131493,1253.439222131493,1253.439222131493,1253.439222131493,1253.439222131493,1253.439222131493,1253.439222131493,1253.439222131493,1253.439222131493,1253.439222131493,1253.439222131493,1253.439222131493,1253.439222131493,1253.439222131493,1253.439222131493,1253.439222131493,1253.439222131493,1253.439222131493,1253.439222131493,1253.439222131493,1253.439222131493,1253.439222131493,1253.439222131493,1253.439222131493,1253.439222131493,1253.439222131493,1253.439222131493,1253.439222131493,1253.439222131493,1253.439222131493,1253.439222131493,1253.439222131493,1253.439222131493,1253.439222131493,1253.439222131493,1253.439222131493,1253.439222131493,1253.439222131493,1253.439222131493,1253.439222131493,1253.439222131493,1253.439222131493,1253.439222131493,1253.439222131493,1253.439222131493,1253.439222131493,1253.439222131493,1253.439222131493,1253.439222131493,1253.439222131493,1253.439222131493,1253.439222131493,1253.439222131493,1253.439222131493,1253.439222131493,1253.439222131493,1253.439222131493,1253.439222131493,1253.439222131493,1253.439222131493,1253.439222131493,1253.439222131493,1253.439222131493,1253.439222131493,1253.439222131493,1253.439222131493,1253.439222131493,1253.439222131493,1253.439222131493,1253.439222131493,1253.439222131493,1253.439222131493,1253.439222131493,1253.439222131493,1253.439222131493,1253.439222131493,1253.439222131493,1253.439222131493,1253.439222131493,1253.439222131493,1253.439222131493,1253.439222131493,1253.439222131493,1253.439222131493,1253.439222131493,1253.439222131493,1253.439222131493,1253.439222131493,1253.439222131493,1253.439222131493,1253.439222131493,1253.439222131493,1253.439222131493,1253.439222131493,1253.439222131493,1253.439222131493,1253.439222131493,1253.439222131493,1253.439222131493,1253.439222131493,1253.439222131493,1253.439222131493,1253.439222131493,1253.439222131493,1253.439222131493,1253.439222131493,1253.439222131493,1253.439222131493,1253.439222131493,1253.439222131493,1253.439222131493,1253.439222131493,1253.439222131493,1253.439222131493,1253.439222131493,1253.439222131493,1253.439222131493,1253.439222131493,1253.439222131493,1253.439222131493,1253.439222131493,1253.439222131493,1253.439222131493,1253.439222131493,1253.439222131493,1253.439222131493,1253.439222131493,1253.439222131493,1253.439222131493,1253.439222131493,1253.439222131493,1253.439222131493,1253.439222131493,1253.439222131493,1253.439222131493,1253.439222131493,1253.439222131493,1253.439222131493,1253.439222131493,1253.439222131493,1253.439222131493,1253.439222131493,1253.439222131493,1253.439222131493,1253.439222131493,1253.439222131493,1253.439222131493,1253.439222131493,1253.439222131493,1253.439222131493,1253.439222131493,1253.439222131493,1253.439222131493,1253.439222131493,1253.439222131493,1253.439222131493,1253.439222131493,1253.439222131493,1253.439222131493,1253.439222131493,1253.439222131493,1253.439222131493,1253.439222131493,1253.439222131493,1253.439222131493,1253.439222131493,1253.439222131493,1253.439222131493,1253.439222131493,1253.439222131493,1253.439222131493,1253.439222131493,1253.439222131493,1253.439222131493,1253.439222131493,1253.439222131493,1253.439222131493,1253.439222131493,1253.439222131493,1253.439222131493,1253.439222131493,1253.439222131493,1253.439222131493,1253.439222131493,