{"front":[{"trucks":[[14,31,8,17,21,41,24],[16,32,23,33,37,9],[25,36,3,10,38,4,19,22],[26,7,34,35,12,29],[2,30,15,18,13,11,6,20],[5,40,39,28,27]],"fuel":1226.7692925338806,"distance":854.7148395132593},{"trucks":[[14,31,8,17,21,41,24],[16,32,23,37,33,9],[25,36,3,10,38,4,19,22],[26,7,34,35,12,29],[2,30,15,18,13,11,6,20],[5,40,39,28,27]],"fuel":1226.2178002515311,"distance":854.7412011743266},{"trucks":[[14,31,8,17,21,41,24],[16,32,23,33,37,9],[25,36,3,10,38,19,4,22],[26,7,34,35,12,29],[2,30,15,18,13,11,6,20],[5,40,39,28,27]],"fuel":1226.1267439731616,"distance":855.764586533002},{"trucks":[[14,31,8,17,21,41,24],[16,32,23,37,33,9],[25,36,3,10,38,19,4,22],[26,7,34,35,12,29],[2,30,15,18,13,11,6,20],[5,40,39,28,27]],"fuel":1225.5752516908121,"distance":855.7909481940693}],"benchmark":"B-n41-k6","Optimal":829}