{"Optimal":829,"front":[{"distance":849.1181540417044,"trucks":[[9,37,33,13,8,14],[2,15,18,29,35,34,12,7],[17,21,41,11,24,30],[5,20,27,6,16,32,23,31],[40,28,39,22,19,4,38,10],[26,36,3,25]],"fuel":1228.7939456987203}],"benchmark":"B-n41-k6"}