{"front":[{"distance":969.61584049663,"fuel":1330.8469932093542,"trucks":[[20,16,2,41,35,32,30],[13,36,19,26,45,6],[12,9,34,43,17,25,28,21,42],[10,18,22,29],[39,5,31,3,38],[24,15,44,27,14,7,46],[33,4,23,8,11,40,37]]},{"trucks":[[20,16,2,41,35,32,30],[37,13,36,19,26,45],[12,9,34,43,17,25,28,21,42],[10,18,22,29],[39,5,31,3,38],[24,15,44,27,14,7,46],[33,4,23,8,11,40,6]],"distance":970.9493922493355,"fuel":1329.4966303300207}],"Optimal":914,"benchmark":"A-n46-k7"}