{"benchmark":"A-n46-k7","Optimal":914,"front":[{"trucks":[[33,4,23,40,6,37],[43,17,25,2,41,35,32],[12,13,36,19,26,45],[15,7,44,27,14,5],[39,31,3,38,11,8],[20,9,34,16,28,21,42,30,22,29],[24,46,18,10]],"distance":985.2890990158919,"fuel":1395.8294684559078},{"trucks":[[33,4,23,40,6,37],[43,17,25,2,41,35,32],[12,13,36,19,26,45],[15,7,44,27,14,5],[39,31,3,38,11,8],[20,9,34,16,28,21,42,30,22,29],[24,10,18,46]],"distance":992.7281820609101,"fuel":1394.655135227775}]}