{"Optimal":914,"front":[{"distance":920.5383788295017,"fuel":1298.374850427016,"trucks":[[39,5,31,3,38],[29,22,42,30,32,35,41,2,28,21],[12,13,36,19,26,45],[24,15,44,27,14,7,46],[20,16,25,17,43,34,9],[37,6,33,4,23,11,8,40],[10,18]]},{"fuel":1294.651188641055,"distance":920.7026089860667,"trucks":[[39,5,31,3,38],[29,22,42,30,32,35,41,2,28,21],[12,13,36,19,26,45],[24,15,44,27,14,7,46],[20,16,25,17,43,34,9],[37,6,33,4,23,8,11,40],[10,18]]},{"fuel":1294.568366769763,"trucks":[[39,5,31,3,38],[29,22,42,30,32,35,41,2,28,21],[12,13,36,19,26,45],[24,15,44,27,14,7,46],[20,16,17,25,43,34,9],[37,6,33,4,23,8,11,40],[10,18]],"distance":920.9032110235114}],"benchmark":"A-n46-k7"}