{"front":[{"fuel":1943.6010122727178,"distance":1367.5214978862307,"trucks":[[8,22,62,61,38,17,55],[54,15,2,10,3,42,50],[31,39,5,27,14,44],[59,23,56,34,25],[9,36,28,7,13],[51,63,29,58,33,45,48,12,35,52],[32,24,47,30],[11,60,20,4,43,40,46,6,19],[49,37,53],[21,18,26,16,41,57]]},{"fuel":1938.4257167156134,"distance":1372.648210804135,"trucks":[[51,63,29,58,33,45,48,12,35,52],[18,30,57,41,16,26],[9,36,28,7,13],[8,22,62,61,38,17,55],[11,60,20,4,43,40,46,6,19,50],[59,23,56,34,25],[21,27,14,39,5],[54,15,2,10,3,42],[32,24,47],[53,37,49,44,31]]},{"fuel":1935.1004252660646,"distance":1374.8204936741224,"trucks":[[54,15,2,10,3,42,46,40],[21,27,14,39,5],[59,23,56,34,25],[22,62,61,38,17,55,30],[9,36,28,7,13],[51,63,29,58,33,45,48,12,35,52],[49,37,53,31,44],[32,24,47,8],[11,60,20,4,43,6,19,50],[18,26,16,41,57]]},{"fuel":1933.8379893381489,"distance":1377.3729458103637,"trucks":[[51,63,29,58,33,45,48,12,35,52],[24,47,32],[18,41,30,57,26,16],[49,37,53,31,44],[21,5,39,14,27],[59,23,56,34,25],[8,22,62,61,38,17,55],[54,15,2,10,3,42,46,40],[11,60,20,4,43,6,19,50],[9,36,28,7,13]]}],"benchmark":"A-n63-k10","Optimal":1314}