{"Optimal":1034,"front":[{"distance":1134.24725779235,"fuel":1610.861578604396,"trucks":[[50,3,55,6,42,41],[15,24,8,59],[40,35,49,19,36,48,57,28,22,37,30],[20,25,54,9,21],[23,13,5,27,44,33,43,34],[51,14,18,58,53,32,12,61],[10,52,17,2,45,29],[56,16,31,38,46,47,7,26],[39,11,60,4]]},{"distance":1134.5560827072081,"fuel":1607.2873669686232,"trucks":[[15,24,8,59],[40,35,49,19,36,48,57,28,22,37,30],[20,25,54,9,21],[10,52,17,2,45,29],[50,3,6,55,42,41],[23,13,5,27,44,33,43,34],[51,14,18,58,53,32,12,61],[56,16,31,38,46,47,7,26],[39,11,60,4]]},{"distance":1140.3980782238507,"fuel":1604.3361171020251,"trucks":[[40,35,49,19,36,48,57,28,22,37,30],[51,14,18,58,53,32,12,61],[15,24,8,59],[20,25,54,9,21],[52,10,29,45,2,17],[50,3,6,55,42,41],[23,13,5,27,44,33,43,34],[56,16,31,38,46,47,7,26],[39,11,60,4]]}],"benchmark":"A-n61-k9"}