{"Optimal":1174,"front":[{"distance":1310.0596769893245,"trucks":[[3,39,43,62,21,59,41,33],[47,65,7,27,32,35,48],[54,57,45,60,53,20],[52,18,23,10,15,28,5],[37,36,38,31,51,61,46],[34,2,13,14,25,11,9],[30,56,22,26,19,29,8],[50,44,16,4,17,42,6],[63,24,58,49,55,12,64,40]],"fuel":1868.657392623478},{"distance":1311.3119582912923,"trucks":[[3,39,43,62,21,59,41,33],[47,65,7,27,32,35,48],[54,57,45,60,53,20],[52,18,23,10,15,28,5],[37,36,38,31,61,51,46],[34,2,13,14,25,11,9],[30,56,22,26,19,29,8],[50,44,16,4,17,42,6],[63,24,58,49,55,12,64,40]],"fuel":1865.5123277163173},{"fuel":1864.487739782863,"trucks":[[33,21,59,41,62,43,39,3],[47,65,7,27,32,35,48],[54,45,57,60,53,20],[52,18,23,10,15,28,5],[37,36,38,31,51,61,46],[34,2,13,14,25,11,9],[30,56,22,26,19,29,8],[50,44,16,4,17,42,6],[63,24,58,49,55,12,64,40]],"distance":1312.7852762499026},{"distance":1314.0375575518703,"fuel":1861.3426748757022,"trucks":[[33,21,59,41,62,43,39,3],[47,65,7,27,32,35,48],[54,45,57,60,53,20],[52,18,23,10,15,28,5],[37,36,38,31,61,51,46],[34,2,13,14,25,11,9],[30,56,22,26,19,29,8],[50,44,16,4,17,42,6],[63,24,58,49,55,64,12,40]]}],"benchmark":"A-n65-k9"}