{"Optimal":1174,"front":[{"trucks":[[34,2,13,14,20,25,53,9,22],[47,65,7,27,32,35,48],[61,51,17,42,3,39,43,62,46],[45,57,60,11,41,33],[8,64,12,55,49,58,24,29],[26,54,59,21,6],[28,16,23,10,15,4,5],[18,52,40,63,19,30,56],[44,37,36,38,31,50]],"fuel":1791.3677750121633,"distance":1245.5569554328652},{"fuel":1790.99588079875,"trucks":[[34,2,13,14,20,25,53,9,22],[47,65,7,27,32,35,48],[61,51,17,42,3,39,43,62,46],[45,57,60,11,41,33],[8,64,12,55,49,58,24,29],[26,54,59,21,6],[28,16,23,10,15,4,5],[18,52,40,63,19,30,56],[44,31,38,36,37,50]],"distance":1248.3559434135768},{"distance":1250.186569777863,"trucks":[[34,2,13,14,20,25,53,9,22],[47,65,7,27,32,35,48],[61,51,17,42,3,39,43,62,46],[45,57,60,11,41,33],[8,64,12,55,49,58,24,29],[26,54,59,21,6],[28,16,23,10,15,4,5],[18,52,40,63,19,30,56],[44,50,37,36,38,31]],"fuel":1790.1793960286964},{"distance":1251.2176004333044,"trucks":[[34,2,13,14,20,25,53,9,22],[47,65,7,27,32,35,48],[61,51,17,42,3,39,43,62,46],[45,57,60,11,41,33],[8,64,12,55,49,58,24,29],[26,54,59,21,6],[28,16,23,10,15,4,5],[18,52,40,63,19,30,56],[44,50,31,38,36,37]],"fuel":1785.9403035044788}],"benchmark":"A-n65-k9"}