{"optimalDistance":741,"fuelSequence":[1131.7005951628767,1131.7005951628767,1131.7005951628767,1131.7005951628767,1131.7005951628767,1131.7005951628767,1131.7005951628767,1131.7005951628767,1131.7005951628767,1131.7005951628767,1131.7005951628767,1131.7005951628767,1131.7005951628767,1131.7005951628767,1131.7005951628767,1131.7005951628767,1131.7005951628767,1131.7005951628767,1131.7005951628767,1131.7005951628767,1131.7005951628767,1131.7005951628767,1131.7005951628767,1131.7005951628767,1131.7005951628767,1131.7005951628767,1131.7005951628767,1122.741461844449,1122.741461844449,1122.741461844449,1122.741461844449,1122.741461844449,1122.741461844449,1122.741461844449,1122.741461844449,1122.741461844449,1122.741461844449,1122.741461844449,1122.741461844449,1122.741461844449,1122.741461844449,1122.741461844449,1122.741461844449,1122.741461844449,1122.741461844449,1122.741461844449,1122.741461844449,1122.741461844449,1122.741461844449,1122.741461844449,1122.741461844449,1122.741461844449,1122.741461844449,1122.741461844449,1122.741461844449,1122.741461844449,1122.741461844449,1122.741461844449,1122.741461844449,1117.4359142706237,1117.4359142706237,1117.4359142706237,1117.4359142706237,1117.4359142706237,1117.4359142706237,1117.4359142706237,1117.4359142706237,1117.4359142706237,1117.4359142706237,1117.4359142706237,1117.4359142706237,1117.4359142706237,1117.4359142706237,1117.4359142706237,1111.7304754075135,1111.7304754075135,1111.7304754075135,1111.7304754075135,1111.7304754075135,1111.7304754075135,1111.7304754075135,1111.7304754075135,1111.7304754075135,1111.7304754075135,1111.7304754075135,1111.7304754075135,1111.7304754075135,1111.7304754075135,1111.7304754075135,1111.7304754075135,1111.7304754075135,1111.7304754075135,1111.7304754075135,1111.7304754075135,1111.7304754075135,1111.7304754075135,1111.7304754075135,1111.7304754075135,1111.7304754075135,1111.7304754075135,1110.1255605015326,1110.1255605015326,1110.1255605015326,1110.1255605015326,1110.1255605015326,1110.1255605015326,1110.1255605015326,1110.1255605015326,1105.506508757923,1105.506508757923,1105.506508757923,1105.506508757923,1105.506508757923,1105.506508757923,1105.506508757923,1105.506508757923,1105.506508757923,1105.506508757923,1105.506508757923,1105.506508757923,1105.506508757923,1105.506508757923,1105.506508757923,1105.506508757923,1105.506508757923,1105.506508757923,1105.506508757923,1105.506508757923,1105.506508757923,1105.506508757923,1105.506508757923,1105.506508757923,1105.506508757923,1105.506508757923,1105.506508757923,1105.506508757923,1105.506508757923,1105.506508757923,1105.506508757923,1105.506508757923,1105.506508757923,1105.506508757923,1105.506508757923,1105.506508757923,1105.506508757923,1105.506508757923,1105.506508757923,1105.506508757923,1105.506508757923,1105.506508757923,1105.506508757923,1105.506508757923,1105.506508757923,1105.506508757923,1105.506508757923,1105.506508757923,1105.506508757923,1105.506508757923,1105.506508757923,1105.506508757923,1105.506508757923,1105.506508757923,1097.9740714838874,1097.9740714838874,1097.9740714838874,1097.9740714838874,1097.9740714838874,1097.9740714838874,1097.9740714838874,1097.9740714838874,1097.9740714838874,1097.9740714838874,1097.9740714838874,1097.9740714838874,1097.9740714838874,1097.9740714838874,1097.9740714838874,1097.9740714838874,1097.9740714838874,1097.9740714838874,1097.9740714838874,1097.9740714838874,1097.9740714838874,1097.9740714838874,1097.9740714838874,1097.9740714838874,1097.9740714838874,1097.9740714838874,1097.9740714838874,1097.9740714838874,1097.9740714838874,1097.9740714838874,1097.9740714838874,1097.9740714838874,1097.9740714838874,1097.9740714838874,1097.9740714838874,1097.9740714838874,1097.9740714838874,1097.9740714838874,1097.9740714838874,1097.9740714838874,1097.9740714838874,1097.9740714838874,1097.9740714838874,1097.9740714838874,1097.9740714838874,1096.5191841498008,1096.5191841498008,1096.5191841498008,1096.5191841498008,1096.5191841498008,1096.5191841498008,1096.5191841498008,1096.5191841498008,1096.5191841498008,1096.5191841498008,1096.5191841498008,1096.5191841498008,1096.5191841498008,1096.5191841498008,1096.5191841498008,1096.5191841498008,1096.5191841498008,1096.5191841498008,1096.5191841498008,1096.5191841498008,1096.5191841498008,1096.5191841498008,1096.5191841498008,1096.5191841498008,1096.5191841498008,1096.5191841498008,1096.5191841498008,1096.5191841498008,1096.5191841498008,1096.5191841498008,1096.5191841498008,1096.5191841498008,1096.5191841498008,1096.5191841498008,1096.5191841498008,1096.5191841498008,1096.5191841498008,1096.5191841498008,1096.5191841498008,1096.5191841498008,1096.5191841498008,1096.5191841498008,1096.5191841498008,1096.5191841498008,1093.5209021713504,1093.5209021713504,1093.5209021713504,1093.5209021713504,1093.5209021713504,1093.5209021713504,1093.5209021713504,1093.5209021713504,1093.5209021713504,1093.5209021713504,1093.5209021713504,1093.5209021713504,1093.5209021713504,1093.5209021713504,1093.5209021713504,1093.5209021713504,1093.5209021713504,1093.5209021713504,1093.5209021713504,1093.5209021713504,1093.5209021713504,1093.5209021713504,1093.5209021713504,1093.5209021713504,1093.5209021713504,1093.5209021713504,1093.5209021713504,1093.5209021713504,1093.5209021713504,1093.5209021713504,1093.5209021713504,1093.5209021713504,1093.5209021713504,1093.5209021713504,1093.5209021713504,1093.5209021713504,1093.5209021713504,1093.5209021713504,1093.5209021713504,1093.5209021713504,1093.5209021713504,1093.5209021713504,1093.5209021713504,1093.5209021713504,1093.5209021713504,1093.5209021713504,1093.5209021713504,1093.5209021713504,1093.5209021713504,1093.5209021713504,1093.5209021713504,1093.5209021713504,1093.5209021713504,1093.5209021713504,1093.5209021713504,1093.5209021713504,1093.5209021713504,1093.5209021713504,1093.5209021713504,1093.5209021713504,1093.5209021713504,1093.5209021713504,1093.5209021713504,1093.5209021713504,1093.5209021713504,1093.5209021713504,1093.5209021713504,1093.5209021713504,1093.5209021713504,1093.5209021713504,1093.5209021713504,1093.5209021713504,1093.5209021713504,1093.5209021713504,1093.5209021713504,1093.5209021713504,1093.5209021713504,1093.5209021713504,1093.5209021713504,1093.5209021713504,1093.5209021713504,1093.5209021713504,1093.5209021713504,1093.5209021713504,1093.5209021713504,1093.5209021713504,1093.5209021713504,1093.5209021713504,1093.5209021713504,1093.5209021713504,1093.5209021713504,1093.5209021713504,1093.5209021713504,1093.5209021713504,1093.5209021713504,1093.5209021713504,1093.5209021713504,1093.5209021713504,1093.5209021713504,1093.5209021713504,1093.5209021713504,1093.5209021713504,1093.5209021713504,1093.5209021713504,1093.5209021713504,1093.5209021713504,1093.5209021713504,1093.5209021713504,1093.5209021713504,1093.5209021713504,1093.5209021713504,1093.5209021713504,1093.5209021713504,1093.5209021713504,1093.5209021713504,1093.5209021713504,1093.5209021713504,1093.5209021713504,1093.5209021713504,1093.5209021713504,1093.5209021713504,1093.5209021713504,1093.5209021713504,1093.5209021713504,1093.5209021713504,1093.5209021713504,1093.3006923896635,1093.3006923896635,1093.3006923896635,1093.3006923896635,1093.3006923896635,1093.3006923896635,1093.3006923896635,1093.3006923896635,1093.3006923896635,1093.3006923896635,1093.3006923896635,1093.3006923896635,1093.3006923896635,1093.3006923896635,1093.3006923896635,1093.3006923896635,1093.3006923896635,1093.3006923896635,1093.3006923896635,1093.3006923896635,1093.3006923896635,1093.3006923896635,1093.3006923896635,1093.3006923896635,1093.3006923896635,1093.3006923896635,1093.3006923896635,1093.3006923896635,1093.3006923896635,1093.3006923896635,1093.3006923896635,1093.3006923896635,1093.3006923896635,1093.3006923896635,1093.3006923896635,1093.3006923896635,1093.3006923896635,1092.290247625525,1092.290247625525,1092.290247625525,1092.290247625525,1092.290247625525,1092.290247625525,1092.290247625525,1092.290247625525,1092.290247625525,1092.290247625525,