{"benchmark":"E-n76-k14","optimalDistance":1021,"distanceSequence":[1170.4897655824807,1170.4897655824807,1170.4897655824805,1170.4897655824805,1170.4897655824805,1170.4897655824805,1170.4897655824805,1170.4897655824805,1170.4897655824805,1170.4897655824805,1163.7356648486098,1161.7028702714426,1161.7028702714426,1161.7028702714426,1161.7028702714426,1161.7028702714426,1161.7028702714426,1143.3610939180546,1143.3610939180546,1143.3610939180546,1143.3610939180546,1143.3610939180546,1143.3610939180546,1143.3610939180546,1137.5136622903347,1137.5136622903347,1137.5136622903347,1137.5136622903347,1137.5136622903347,1130.490212432587,1130.490212432587,1130.490212432587,1130.1383305072764,1130.1383305072764,1130.1383305072764,1129.746477003664,1129.746477003664,1129.746477003664,1129.746477003664,1129.746477003664,1129.746477003664,1129.746477003664,1129.746477003664,1129.746477003664,1129.746477003664,1129.746477003664,1129.746477003664,1129.746477003664,1129.746477003664,1129.746477003664,1129.746477003664,1129.746477003664,1129.746477003664,1129.746477003664,1129.746477003664,1129.746477003664,1129.746477003664,1129.746477003664,1128.2174473873367,1128.2174473873367,1128.2174473873367,1128.2174473873367,1128.2174473873367,1128.2174473873367,1128.2174473873367,1128.2174473873367,1128.2174473873367,1128.2174473873367,1128.2174473873367,1128.2174473873367,1128.2174473873367,1128.2174473873367,1128.2174473873367,1128.2174473873367,1128.2174473873367,1128.2174473873367,1128.2174473873367,1128.2174473873367,1128.2174473873367,1128.2174473873367,1128.2174473873367,1128.2174473873367,1128.2174473873367,1128.2174473873367,1128.2174473873367,1128.2174473873367,1128.2174473873367,1128.2174473873367,1128.2174473873367,1128.2174473873367,1128.2174473873367,1125.9963857708415,1125.9963857708415,1125.9963857708415,1125.9963857708415,1125.9963857708415,1125.9963857708415,1125.9963857708415,1125.9963857708415,1125.9963857708415,1125.9963857708415,1125.9963857708415,1125.9963857708415,1125.9963857708415,1125.9963857708415,1125.9963857708415,1125.9963857708415,1125.9963857708415,1125.9963857708415,1125.9963857708415,1125.9963857708415,1125.9963857708415,1125.9963857708415,1125.9963857708415,1125.9963857708415,1125.9963857708415,1125.9963857708415,1125.9963857708415,1125.9963857708415,1125.9963857708415,1125.9963857708415,1125.9963857708415,1125.9963857708415,1125.9963857708415,1125.9963857708415,1125.9963857708415,1125.9963857708415,1125.9963857708415,1125.9963857708415,1125.9963857708415,1125.9963857708415,1125.9963857708415,1125.9963857708415,1125.9963857708415,1125.9963857708415,1125.9963857708415,1125.9963857708415,1123.430115338102,1123.430115338102,1123.430115338102,1123.430115338102,1123.430115338102,1123.430115338102,1123.430115338102,1123.430115338102,1123.430115338102,1123.430115338102,1123.430115338102,1123.430115338102,1123.430115338102,1123.430115338102,1123.430115338102,1123.430115338102,1123.430115338102,1123.430115338102,1123.430115338102,1123.430115338102,1123.430115338102,1123.430115338102,1123.430115338102,1123.430115338102,1123.430115338102,1123.430115338102,1123.430115338102,1123.430115338102,1123.430115338102,1123.430115338102,1123.430115338102,1123.430115338102,1123.430115338102,1123.430115338102,1123.430115338102,1123.430115338102,1123.430115338102,1123.430115338102,1123.430115338102,1123.430115338102,1123.430115338102,1123.430115338102,1123.430115338102,1123.430115338102,1123.430115338102,1123.430115338102,1123.430115338102,1123.430115338102,1123.430115338102,1123.430115338102,1123.430115338102,1123.430115338102,1123.430115338102,1123.430115338102,1123.430115338102,1123.430115338102,1123.430115338102,1123.430115338102,1123.430115338102,1123.430115338102,1123.430115338102,1123.430115338102,1123.430115338102,1123.430115338102,1123.430115338102,1123.430115338102,1123.430115338102,1123.430115338102,1123.430115338102,1123.430115338102,1123.430115338102,1123.430115338102,1123.430115338102,1123.430115338102,1123.430115338102,1121.1983008233074,1119.66927120698,1119.66927120698,1119.66927120698,1119.66927120698,1119.66927120698,1119.66927120698,1119.66927120698,1119.66927120698,1119.66927120698,1119.66927120698,1119.66927120698,1119.66927120698,1119.66927120698,1119.66927120698,1119.66927120698,1119.66927120698,1119.66927120698,1119.66927120698,1119.66927120698,1119.66927120698,1119.66927120698,1119.66927120698,1119.66927120698,1119.66927120698,1119.66927120698,1119.66927120698,1119.6692712069798,1119.6692712069798,1119.6692712069798,1119.6692712069798,1119.6692712069798,1119.6692712069798,1119.6692712069798,1119.6692712069798,1119.6692712069798,1119.6692712069798,1119.6692712069798,1119.6692712069798,1119.6692712069798,1119.6692712069798,1117.4374566921852,1117.4374566921852,1117.4374566921852,1117.4374566921852,1117.4374566921852,1117.4374566921852,1117.4374566921852,1115.21639507569,1115.21639507569,1115.21639507569,1115.21639507569,1115.21639507569,1115.21639507569,1115.21639507569,1115.21639507569,1115.21639507569,1115.21639507569,1115.21639507569,1115.21639507569,1115.21639507569,1115.21639507569,1115.21639507569,1115.21639507569,1115.21639507569,1115.21639507569,1115.21639507569,1115.21639507569,1115.21639507569,1115.21639507569,1115.21639507569,1115.21639507569,1115.21639507569,1115.21639507569,1115.21639507569,1115.21639507569,1115.21639507569,1115.21639507569,1115.21639507569,1115.21639507569,1115.21639507569,1115.21639507569,1115.21639507569,1115.21639507569,1115.21639507569,1115.21639507569,1115.21639507569,1115.21639507569,1115.21639507569,1115.21639507569,1115.21639507569,1115.21639507569,1115.21639507569,1115.21639507569,1115.21639507569,1115.21639507569,1115.21639507569,1115.21639507569,1115.21639507569,1115.21639507569,1115.21639507569,1115.21639507569,1115.21639507569,1115.21639507569,1115.21639507569,1115.21639507569,1115.21639507569,1115.21639507569,1115.21639507569,1115.21639507569,1115.21639507569,1115.21639507569,1115.21639507569,1115.21639507569,1115.21639507569,1115.21639507569,1115.21639507569,1115.21639507569,1115.21639507569,1115.21639507569,1115.21639507569,1115.21639507569,1115.21639507569,1115.21639507569,1115.21639507569,1115.21639507569,1115.21639507569,1115.21639507569,1115.21639507569,1115.21639507569,1115.21639507569,1115.21639507569,1115.21639507569,1115.21639507569,1115.21639507569,1115.21639507569,1115.21639507569,1115.21639507569,1115.21639507569,1115.21639507569,1115.21639507569,1115.21639507569,1115.21639507569,1115.21639507569,1115.21639507569,1115.21639507569,1115.21639507569,1115.21639507569,1115.21639507569,1115.21639507569,1115.21639507569,1115.21639507569,1115.21639507569,1115.21639507569,1115.21639507569,1115.21639507569,1115.21639507569,1115.21639507569,1115.21639507569,1115.21639507569,1115.21639507569,1115.21639507569,1115.21639507569,1115.21639507569,1115.21639507569,1115.21639507569,1115.21639507569,1115.21639507569,1115.21639507569,1115.21639507569,1115.21639507569,1115.21639507569,1115.21639507569,1115.21639507569,1115.21639507569,1115.21639507569,1115.21639507569,1115.21639507569,1115.21639507569,1115.21639507569,1115.21639507569,1115.21639507569,1115.21639507569,1115.21639507569,1115.21639507569,1115.21639507569,1115.21639507569,1115.21639507569,1115.21639507569,1115.21639507569,1115.21639507569,1115.21639507569,1115.21639507569,1115.21639507569,1115.21639507569,1115.21639507569,1115.21639507569,1115.21639507569,1115.21639507569,1115.21639507569,1115.21639507569,1115.21639507569,1115.21639507569,1115.21639507569,1115.21639507569,1115.21639507569,1115.21639507569,1115.21639507569,1115.21639507569,1115.21639507569,1115.21639507569,1115.21639507569,1115.21639507569,1115.21639507569,1115.21639507569,1115.21639507569,1115.21639507569,1115.21639507569,1115.21639507569,1115.21639507569,1115.21639507569,1115.21639507569,1115.21639507569,1115.21639507569,1115.21639507569,1115.21639507569,1115.21639507569,1115.21639507569,1115.21639507569,1115.21639507569,1115.21639507569,1115.21639507569,1115.21639507569,