{"benchmark":"E-n76-k14","Optimal":1021,"front":[{"trucks":[[47,35,53,28,58],[41,10,40,73,13],[18,26,32,11,66],[9,36,54,12,8],[22,70,37,72,61,71,21],[68,5,7,76],[14,55,20,15,60],[69,3,29,75,31],[52,17,64,57,25,50],[2,44,43,65,42,24],[4,45,33,51,19,56],[46,49,6,38,16,30],[34,74,63,23,62,48],[27,59,39,67]],"distance":1116.089075232926,"fuel":1562.2345741816766}]}