{"front":[{"distance":1100.848838405358,"fuel":1563.497658424202,"trucks":[[6,38,21,71,61,72,37],[3,63,29,31],[4,45,33,26,10],[76,7,69,46,5],[17,50,25,19,51,56,73],[34,74,2,44,42,43],[9,20,55,58,16,30,28],[18,41,40,13,8],[36,54,15,60,14],[49,48,70,62,22,75],[68,47,53,35],[52,64,24,57,65,23],[12,67,39],[59,11,32,66,27]]},{"trucks":[[3,63,29,31],[6,38,21,71,61,72,37],[9,20,55,58,16,30,28],[34,74,2,44,42,43],[18,41,40,13,8],[76,7,69,46,5],[4,45,33,26,10],[36,54,15,60,14],[49,48,70,62,22,75],[68,47,53,35],[17,50,25,19,51,56,73],[27,59,11,32,66],[52,64,24,57,65,23],[12,67,39]],"fuel":1549.4130303660418,"distance":1100.8752726187074},{"trucks":[[3,63,29,31],[36,54,15,60,14],[9,20,55,58,16,30,28],[27,59,11,32,66],[34,74,2,44,42,43],[76,5,46,69,7],[6,38,21,71,61,72,37],[49,48,22,70,62,75],[68,47,53,35],[17,50,25,19,51,56,73],[18,41,40,13,8],[52,64,24,57,65,23],[4,45,33,26,10],[12,67,39]],"distance":1102.8021663296622,"fuel":1539.4748304194266}],"benchmark":"E-n76-k14","Optimal":1021}