{"benchmark":"E-n76-k14","Optimal":1021,"front":[{"trucks":[[74,2,44,65,23,63],[37,38,21,71,61,72,70,62],[52,75,29,22,48],[17,50,25,19,51,4],[34,64,43,42,57,24],[15,60,67,73,56],[18,41,33,45],[47,35,53,28],[27,59,11,66,39],[13,40,10,26,32],[9,36,54,12,8],[30,6,16,58,14,55,20],[68,5,46,7],[76,69,3,31,49]],"fuel":1568.3792262962786,"distance":1115.6834043848348},{"trucks":[[74,2,44,43,42,57,24],[30,6,16,58,14,55,20],[9,36,54,12,8],[15,60,67,73,56],[47,35,53,28],[27,59,11,39,66],[34,64,65,23,63],[13,40,10,26,32],[37,38,21,71,61,72,70,62],[17,50,25,19,51,4],[52,75,29,22,48],[18,41,33,45],[68,5,46,7],[76,69,3,31,49]],"fuel":1566.9883623944354,"distance":1116.4054209562755},{"trucks":[[18,41,33,45],[37,38,21,71,61,72,70,62],[9,36,54,12,8],[34,64,43,42,57,24],[13,40,10,26,32],[15,60,67,73,56],[75,29,22,48,52],[47,35,53,28],[74,2,44,65,23,63],[30,6,16,58,14,55,20],[17,50,25,19,51,4],[27,59,11,39,66],[76,69,3,31,49],[68,5,46,7]],"distance":1119.6201423390085,"fuel":1566.7090270539911}]}