{"front":[{"fuel":1106.6670904369416,"trucks":[[35,7,26,17,5,2,30],[22,11,31,27,13,4,24,36,34],[10,9,18,37,14,16,3,25],[8,6,12,28,23],[15,33,21,38,32,29,19,20]],"distance":778.6153235208005},{"trucks":[[35,7,26,17,5,2,30],[22,11,31,27,13,4,24,36,34],[10,9,18,37,14,16,3,25],[8,6,28,12,23],[15,33,21,38,32,29,19,20]],"distance":779.2797016815683,"fuel":1106.3086721315237},{"fuel":1092.7387493668891,"trucks":[[30,35,7,26,17,5,2],[22,11,31,27,13,4,24,36,34],[10,9,18,37,14,16,3,25],[8,6,12,28,23],[15,33,21,38,32,29,19,20]],"distance":779.6574567119156},{"fuel":1092.3803310614712,"trucks":[[30,35,7,26,17,5,2],[22,11,31,27,13,4,24,36,34],[10,9,18,37,14,16,3,25],[8,6,28,12,23],[15,33,21,38,32,29,19,20]],"distance":780.3218348726834}],"benchmark":"A-n38-k5","Optimal":730}