{"benchmark":"E-n76-k8","Optimal":735,"front":[{"distance":819.4182059219511,"trucks":[[48,22,70,37,72,61,71,21,38,6,16,58],[29,63,74,2,44,42,43,65,23,62,75],[35,47,53,28,14,55,20,15,60],[59,11,39,66,67,12,54],[9,36,8,73,32,56,26,51,19,25,50,64],[40,10,33,45,4,17,24,57,34],[5,46,30,49,31,3,69,7,52],[68,27,13,41,18,76]],"fuel":1173.4988571757085},{"distance":836.1048454190603,"fuel":1158.6019654618185,"trucks":[[74,2,44,42,43,65,23,63,29,62,70],[76,69,3,75,22,48,37,72,61,71,21],[59,32,56,26,51,19,25,50,57,24],[41,33,45,4,17,64,34,7,52],[46,28,53,35,47,9,20,36],[5,31,49,30,6,38,16,58,14,55],[18,13,10,40,73,11,39,66,67],[68,27,8,54,12,60,15]]}]}