{"optimalDistance":1162,"benchmark":"F-n135-k7","fuelSequence":[1957.2781888533875,1957.2781888533875,1957.2781888533875,1957.2781888533875,1957.2781888533875,1957.2781888533875,1957.2781888533875,1957.2781888533875,1957.2781888533875,1957.2781888533875,1957.2781888533875,1957.2781888533875,1957.2781888533875,1957.2781888533875,1957.2781888533875,1957.2781888533875,1957.2781888533875,1957.2781888533875,1957.2781888533875,1957.2781888533875,1957.2781888533875,1957.2781888533875,1957.2781888533875,1957.2781888533875,1957.2781888533875,1957.2781888533875,1957.2781888533875,1957.2781888533875,1957.2781888533875,1957.2781888533875,1957.2781888533875,1957.2781888533875,1957.2781888533875,1957.2781888533875,1957.2781888533875,1957.2781888533875,1957.2781888533875,1957.2781888533875,1957.2781888533875,1957.2781888533875,1957.2781888533875,1957.2781888533875,1957.2781888533875,1957.2781888533875,1957.2781888533875,1957.2781888533875,1957.2781888533875,1957.2781888533875,1957.2781888533875,1957.2781888533875,1957.2781888533875,1957.2781888533875,1957.2781888533875,1957.2781888533875,1957.2781888533875,1957.2781888533875,1957.2781888533875,1957.2781888533875,1957.2781888533875,1957.2781888533875,1957.2781888533875,1912.822085997283,1912.822085997283,1912.822085997283,1912.822085997283,1912.822085997283,1912.822085997283,1912.822085997283,1912.822085997283,1912.822085997283,1912.822085997283,1912.822085997283,1912.822085997283,1912.822085997283,1912.822085997283,1912.822085997283,1912.822085997283,1912.822085997283,1912.822085997283,1912.822085997283,1912.822085997283,1912.822085997283,1912.822085997283,1912.822085997283,1912.822085997283,1912.822085997283,1912.822085997283,1912.822085997283,1912.822085997283,1912.822085997283,1912.822085997283,1912.822085997283,1912.822085997283,1912.822085997283,1912.822085997283,1912.822085997283,1912.822085997283,1912.822085997283,1912.822085997283,1912.822085997283,1912.822085997283,1912.822085997283,1912.822085997283,1912.822085997283,1912.822085997283,1912.822085997283,1912.822085997283,1912.822085997283,1912.822085997283,1912.822085997283,1912.822085997283,1912.822085997283,1912.822085997283,1912.822085997283,1912.822085997283,1912.822085997283,1912.822085997283,1912.822085997283,1912.822085997283,1912.822085997283,1912.822085997283,1912.822085997283,1912.822085997283,1900.497521437609,1900.497521437609,1900.497521437609,1900.497521437609,1900.497521437609,1900.497521437609,1900.497521437609,1900.497521437609,1900.497521437609,1900.497521437609,1900.497521437609,1900.497521437609,1900.497521437609,1900.497521437609,1900.497521437609,1900.497521437609,1900.497521437609,1900.497521437609,1900.497521437609,1900.497521437609,1900.497521437609,1900.497521437609,1900.497521437609,1900.497521437609,1900.497521437609,1900.497521437609,1900.497521437609,1900.497521437609,1900.497521437609,1900.497521437609,1900.497521437609,1900.497521437609,1900.497521437609,1900.497521437609,1900.497521437609,1900.497521437609,1900.497521437609,1900.497521437609,1900.497521437609,1900.497521437609,1900.497521437609,1900.497521437609,1900.497521437609,1900.497521437609,1895.8686000915957,1895.8686000915957,1895.8686000915957,1895.8686000915957,1895.8686000915957,1895.8686000915957,1895.8686000915957,1895.8686000915957,1895.8686000915957,1895.8686000915957,1895.8686000915957,1895.8686000915957,1895.8686000915957,1895.8686000915957,1895.8686000915957,1895.8686000915957,1895.8686000915957,1895.8686000915957,1895.8686000915957,1895.8686000915957,1895.8686000915957,1895.8686000915957,1895.8686000915957,1895.8686000915957,1895.8686000915957,1895.8686000915957,1895.8686000915957,1895.8686000915957,1895.8686000915957,1895.8686000915957,1895.8686000915957,1895.8686000915957,1895.8686000915957,1895.8686000915957,1895.8686000915957,1895.8686000915957,1895.8686000915957,1895.8686000915957,1895.8686000915957,1895.8686000915957,1895.8686000915957,1895.8686000915957,1895.8686000915957,1895.8686000915957,1895.8686000915957,1895.8686000915957,1895.8686000915957,1895.8686000915957,1895.8686000915957,1895.8686000915957,1895.8686000915957,1895.8686000915957,1895.8686000915957,1895.8686000915957,1895.8686000915957,1893.4541306126957,1893.4541306126957,1893.4541306126957,1893.4541306126957,1893.4541306126957,1893.4541306126957,1893.4541306126957,1893.4541306126957,1893.4541306126957,1893.4541306126957,1893.4541306126957,1893.4541306126957,1893.4541306126957,1893.4541306126957,1893.4541306126957,1893.4541306126957,1893.4541306126957,1893.4541306126957,1893.4541306126957,1893.4541306126957,1893.4541306126957,1893.4541306126957,1893.4541306126957,1893.4541306126957,1893.4541306126957,1893.4541306126957,1893.4541306126957,1893.4541306126957,1893.4541306126957,1893.4541306126957,1893.4541306126957,1893.4541306126957,1893.4541306126957,1893.4541306126957,1893.4541306126957,1893.4541306126957,1893.4541306126957,1893.4541306126957,1893.4541306126957,1893.4541306126957,1893.4541306126957,1893.4541306126957,1893.4541306126957,1893.4541306126957,1893.4541306126957,1893.4541306126957,1893.4541306126957,1893.4541306126957,1893.4541306126957,1893.4541306126957,1893.4541306126957,1893.4541306126957,1893.4541306126957,1893.4541306126957,1893.4541306126957,1893.4541306126957,1893.4541306126957,1893.4541306126957,1893.4541306126957,1893.4541306126957,1893.4541306126957,1893.4541306126957,1893.4541306126957,1893.4541306126957,1893.4541306126957,1893.4541306126957,1893.4541306126957,1893.4541306126957,1893.4541306126957,1893.4541306126957,1893.4541306126957,1893.4541306126957,1893.4541306126957,1893.4541306126957,1893.4541306126957,1893.4541306126957,1893.4541306126957,1893.4541306126957,1893.4541306126957,1893.4541306126957,1893.4541306126957,1893.4541306126957,1893.4541306126957,1893.4541306126957,1893.4541306126957,1893.4541306126957,1893.4541306126957,1893.4541306126957,1893.4541306126957,1893.4541306126957,1893.4541306126957,1893.4541306126957,1892.740267296911,1892.740267296911,1892.740267296911,1892.740267296911,1892.740267296911,1892.740267296911,1892.740267296911,1892.740267296911,1892.740267296911,1892.740267296911,1892.740267296911,1892.740267296911,1892.740267296911,1892.740267296911,1892.740267296911,1892.740267296911,1892.740267296911,1892.740267296911,1892.4359565058303,1892.4359565058303,1892.4359565058303,1892.4359565058303,1892.4359565058303,1892.4359565058303,1892.4359565058303,1892.4359565058303,1892.4359565058303,1892.4359565058303,1892.4359565058303,1892.4359565058303,1892.4359565058303,1892.4359565058303,1892.4359565058303,1892.4359565058303,1892.4359565058303,1892.4359565058303,1892.4359565058303,1892.4359565058303,1892.4359565058303,1892.4359565058303,1892.4359565058303,1892.4359565058303,1892.4359565058303,1892.4359565058303,1892.4359565058303,1892.4359565058303,1892.4359565058303,1892.4359565058303,1892.4359565058303,1892.4359565058303,1892.4359565058303,1892.4359565058303,1892.4359565058303,1892.4359565058303,1892.4359565058303,1892.4359565058303,1892.4359565058303,1892.4359565058303,1892.4359565058303,1892.4359565058303,1892.4359565058303,1892.4359565058303,1892.4359565058303,1892.4359565058303,1892.4359565058303,1892.4359565058303,1892.4359565058303,1892.4359565058303,1892.4359565058303,1892.4359565058303,1892.4359565058303,1892.4359565058303,1892.4359565058303,1892.4359565058303,1892.4359565058303,1892.4359565058303,1892.4359565058303,1892.4359565058303,1892.4359565058303,1892.4359565058303,1892.4359565058303,1892.4359565058303,1892.4359565058303,1892.4359565058303,1892.4359565058303,1892.4359565058303,1892.4359565058303,1892.4359565058303,1892.4359565058303,1892.4359565058303,1892.4359565058303,1890.127611483178,1890.127611483178,1890.127611483178,1890.127611483178,1890.127611483178,1890.127611483178,1890.127611483178,1890.127611483178,1890.127611483178,1890.127611483178,1890.127611483178,1890.127611483178,1890.127611483178,1890.127611483178,1890.127611483178,1890.127611483178,1890.127611483178,1890.127611483178,1890.127611483178,1890.127611483178,