{"Optimal":1162,"front":[{"fuel":1872.0390174453103,"trucks":[[96,38,36,37,100,99,101,102,105,106,58,57,104,103,54,51,52,53,63,62,61,60],[130,129,128,122,121,110,107,108,109],[133,82,114,127,113,126,112,111,123,124,125],[67,72,18,19,20,66,131,120,115,116,117,132,118],[28,29,31,32,59,55,56,98,97,39,40,46,95,94,30,93,17,14,16,15,89,13,12,11,10,9,7,6,5,3,43,42,4,41,45,44],[48,76,2,35,50,49,33,135,77,78,65,79,64,80,68,134,34,81,69,71,70],[87,86,85,84,21,83,119,47,75,74,73,24,25,23,92,22,26,27,8,91,90,88]],"distance":1354.8122453843655}],"benchmark":"F-n135-k7"}