{"optimalDistance":1071,"benchmark":"E-n101-k14","distanceSequence":[1243.4170539832853,1243.4170539832853,1243.4170539832853,1243.4170539832853,1243.4170539832853,1243.4170539832853,1243.4170539832853,1243.4170539832853,1234.998915907784,1234.998915907784,1234.998915907784,1234.998915907784,1234.998915907784,1234.998915907784,1233.224246612556,1233.224246612556,1225.8882952718336,1225.8882952718336,1225.8882952718336,1225.8882952718336,1225.8882952718336,1225.8882952718336,1225.8882952718336,1225.8882952718336,1225.8882952718336,1222.7336009480136,1220.9062970169618,1220.9062970169618,1220.9062970169618,1220.9062970169618,1220.9062970169618,1220.9062970169618,1220.9062970169618,1220.9062970169618,1220.9062970169618,1220.9062970169618,1220.9062970169618,1215.9769333979143,1215.9769333979143,1215.9769333979143,1215.9769333979143,1215.9769333979143,1215.9769333979143,1215.9769333979143,1215.9769333979143,1215.9769333979143,1215.863171160116,1215.863171160116,1210.7499906876153,1210.7499906876153,1210.7499906876153,1210.7499906876153,1207.4359137354174,1207.4359137354174,1207.4359137354174,1207.4359137354174,1207.4359137354174,1204.2880616480081,1204.2880616480081,1204.2880616480081,1204.2880616480081,1202.2089710251184,1202.2089710251184,1202.2089710251184,1202.2089710251184,1202.2089710251184,1202.2089710251184,1196.9329988191066,1196.9329988191066,1196.9329988191066,1196.9329988191066,1196.9329988191066,1196.9329988191066,1196.9329988191066,1196.9329988191066,1196.9329988191066,1195.5221683051823,1195.5221683051823,1194.5878539318253,1194.5878539318253,1194.5878539318253,1194.5878539318253,1194.5878539318253,1194.5878539318253,1194.5878539318253,1194.034957732889,1194.034957732889,1194.034957732889,1189.827746991397,1189.827746991397,1189.827746991397,1189.827746991397,1189.827746991397,1189.827746991397,1189.827746991397,1189.827746991397,1186.6798949039876,1186.6798949039876,1186.6798949039876,1186.6798949039876,1186.6798949039876,1186.6798949039876,1186.6798949039876,1184.8726523630621,1184.8726523630621,1184.8726523630621,1184.8726523630621,1184.8726523630621,1184.8726523630621,1184.8726523630621,1184.8726523630621,1184.8726523630621,1184.8726523630621,1184.8726523630621,1184.8726523630621,1184.8726523630621,1184.8726523630621,1184.8726523630621,1184.8726523630621,1184.8726523630621,1184.8726523630621,1184.7588901252639,1184.7588901252639,1184.7588901252639,1184.7588901252639,1184.7588901252639,1184.7588901252639,1184.7588901252639,1184.7588901252639,1184.7588901252639,1184.7588901252639,1184.7588901252639,1184.7588901252639,1184.7588901252639,1184.7588901252639,1184.7588901252639,1184.7588901252639,1184.7588901252639,1184.7588901252639,1184.7588901252639,1184.7588901252639,1184.7588901252639,1184.7588901252639,1184.7588901252639,1184.7588901252639,1184.7588901252639,1183.4618218491378,1183.4618218491378,1183.4618218491378,1183.4618218491378,1183.4618218491378,1183.4618218491378,1183.4618218491378,1183.4618218491378,1183.4618218491378,1183.4618218491378,1183.4618218491378,1183.4618218491378,1183.4618218491378,1183.4618218491378,1183.4618218491378,1183.4618218491378,1183.4618218491378,1183.4618218491378,1183.4618218491378,1183.4618218491378,1183.4618218491378,1183.4618218491378,1183.3947362477102,1183.3947362477102,1183.3947362477102,1183.3947362477102,1183.3947362477102,1183.3947362477102,1183.3947362477102,1183.3947362477102,1183.3947362477102,1183.3947362477102,1183.3947362477102,1183.3947362477102,1183.3947362477102,1183.3947362477102,1183.3947362477102,1183.3947362477102,1183.3947362477102,1183.3947362477102,1183.3947362477102,1183.3947362477102,1183.3947362477102,1183.3947362477102,1183.3947362477102,1183.3947362477102,1183.3947362477102,1183.3947362477102,1182.8313904444076,1182.8313904444076,1182.8313904444076,1182.8313904444076,1182.8313904444076,1182.8313904444076,1182.8313904444076,1182.8313904444076,1182.8313904444076,1182.8313904444076,1182.8313904444076,1182.8313904444076,1182.8313904444076,1182.8313904444076,1182.8313904444076,1182.8313904444076,1182.8313904444076,1182.8313904444076,1182.8313904444076,1182.8313904444076,1182.8313904444076,1182.5800518442877,1182.5800518442877,1182.5800518442877,1182.5800518442877,1182.5800518442877,1182.5800518442877,1182.5800518442877,1182.5800518442877,1182.5800518442877,1182.5800518442877,1182.5800518442877,1182.5800518442877,1182.4665877717605,1182.4665877717605,1182.4665877717605,1182.4665877717605,1182.4665877717605,1182.4665877717605,1182.4665877717605,1182.4665877717605,1182.4665877717605,1182.4665877717605,1182.4665877717605,1182.4665877717605,1182.4665877717605,1182.4665877717605,1182.4665877717605,1182.4665877717605,1182.4665877717605,1182.4665877717605,1182.4665877717605,1182.4665877717605,1182.4665877717605,1182.4665877717605,1182.4665877717605,1182.4665877717605,1182.4665877717605,1182.4665877717605,1182.4665877717605,1182.4665877717605,1182.4665877717605,1182.4665877717605,1182.4665877717605,1182.4665877717605,1182.4665877717605,1182.4665877717605,1182.4665877717605,1182.4665877717605,1182.4665877717605,1182.4665877717605,1182.4665877717605,1182.4665877717605,1182.4665877717605,1182.4665877717605,1182.4665877717605,1182.4665877717605,1182.4665877717605,1182.4665877717605,1182.4665877717605,1182.4665877717605,1182.4665877717605,1182.4665877717605,1182.4665877717605,1182.4665877717605,1182.4665877717605,1182.4665877717605,1182.4665877717605,1182.4665877717605,1182.4665877717605,1182.4665877717605,1182.4665877717605,1182.4665877717605,1182.4665877717605,1182.4665877717605,1182.4665877717605,1182.4665877717605,1182.4665877717605,1182.4665877717605,1182.4665877717605,1182.4665877717605,1182.4665877717605,1182.4665877717605,1182.4665877717605,1182.4665877717605,1182.4665877717605,1182.4665877717605,1182.3528255339618,1182.3528255339618,1182.3528255339618,1182.3528255339618,1182.3528255339618,1182.3528255339618,1182.3528255339618,1182.3528255339618,1182.3528255339618,1182.3528255339618,1182.3528255339618,1181.62663937046,1181.62663937046,1181.62663937046,1181.62663937046,1181.62663937046,1181.62663937046,1181.62663937046,1181.62663937046,1181.62663937046,1181.62663937046,1181.62663937046,1181.62663937046,1181.62663937046,1181.62663937046,1181.62663937046,1181.62663937046,1181.62663937046,1181.62663937046,1181.62663937046,1181.62663937046,1181.62663937046,1181.62663937046,1181.62663937046,1181.62663937046,1181.62663937046,1181.62663937046,1181.62663937046,1181.62663937046,1181.62663937046,1181.62663937046,1181.62663937046,1181.62663937046,1181.62663937046,1181.62663937046,1181.62663937046,1181.62663937046,1181.62663937046,1181.62663937046,1181.62663937046,1181.62663937046,1181.62663937046,1181.62663937046,1181.62663937046,1181.62663937046,1181.62663937046,1181.62663937046,1181.62663937046,1181.62663937046,1181.62663937046,1181.62663937046,1181.62663937046,1181.62663937046,1181.62663937046,1181.62663937046,1181.62663937046,1181.62663937046,1181.62663937046,1181.62663937046,1181.62663937046,1181.62663937046,1181.62663937046,1181.62663937046,1181.62663937046,1181.62663937046,1181.62663937046,1181.62663937046,1181.62663937046,1181.62663937046,1181.62663937046,1181.62663937046,1181.62663937046,1181.62663937046,1181.62663937046,1181.62663937046,1181.62663937046,1181.62663937046,1181.62663937046,1181.62663937046,1181.62663937046,1181.62663937046,1181.5423168823727,1181.4029880484156,1181.4029880484156,1181.4029880484156,1181.4029880484156,1181.4029880484156,1181.4029880484156,1181.4029880484156,1181.4029880484156,1181.4029880484156,1181.4029880484156,1181.4029880484156,1181.4029880484156,1181.4029880484156,1181.4029880484156,1181.4029880484156,1181.4029880484156,1181.3186655603283,1181.3186655603283,1181.3186655603283,1181.3186655603283,1181.3186655603283,1181.3186655603283,1181.3186655603283,1181.3186655603283,1181.3186655603283,1181.3186655603283,1181.3186655603283,1181.3186655603283,1181.3186655603283,1181.3186655603283,1181.3186655603283,1181.3186655603283,1181.3186655603283,