{"benchmark":"E-n101-k14","front":[{"fuel":1586.7320519419002,"trucks":[[34,82,10,72,66,36,35],[90,61,84,46,9,47,37,50,65,12],[70,71,31,52,21,67,33,91,64],[76,57,24,68,40],[7,100,94,86,92,101,38,99],[88,43,15,45,39,44,16,58],[95,96,98,93,60,97,19],[77,78,4,80,79,30,25,56,26,5],[53,83,49,48,20,8],[28,32,89,63,11,2,51],[6,85,18,87,17,62],[54,41,22,74,73,75,23,42,3],[29,13,69,81,55,27],[59,14]],"distance":1138.0368412088349},{"fuel":1586.0172102520637,"trucks":[[34,82,10,72,66,36,35],[90,61,84,46,9,47,37,50,65,12],[70,71,31,52,21,67,33,91,64],[76,57,24,68,40],[7,100,94,86,92,101,38,99],[88,43,15,45,39,44,16,58],[95,96,98,93,60,97,19],[77,78,4,80,79,30,25,56,26,5],[83,49,48,20,8,53],[28,32,89,63,11,2,51],[6,62,17,87,18,85],[54,41,22,74,73,75,23,42,3],[29,13,69,81,55,27],[59,14]],"distance":1138.8188805086686},{"fuel":1582.9783275383375,"trucks":[[34,82,10,72,66,36,35],[90,61,84,46,9,47,37,50,65,12],[70,71,31,52,21,67,33,91,64],[76,57,24,68,40],[7,100,94,86,92,101,38,99],[88,43,15,45,39,44,16,58],[95,96,98,93,60,97,19],[77,78,4,80,79,30,25,56,26,5],[53,83,49,48,20,8],[28,32,89,63,11,2,51],[6,62,17,87,18,85],[54,41,22,74,73,75,23,42,3],[29,13,69,81,55,27],[59,14]],"distance":1139.4578920689455}],"Optimal":1071}