{"front":[{"distance":676.0884122584413,"fuel":932.5254578615815,"trucks":[[27,29,13,24,8,9],[4,2,20,25,12,16,15],[31,14,18,10,7,23],[22,17,19,6,26,5,30],[21,28,11,3]]}],"Optimal":672,"benchmark":"B-n31-k5"}