{"front":[{"distance":679.3006374879592,"fuel":934.1705674909161,"trucks":[[22,17,19,6,26,5,30],[8,31,14,18,10,7],[4,2,20,25,12,16,15],[27,29,13,9,24,23],[21,28,11,3]]}],"Optimal":672,"benchmark":"B-n31-k5"}