{"optimalDistance":1312,"benchmark":"B-n50-k8","distanceSequence":[1390.1598789757195,1390.1598789757195,1390.1598789757195,1390.1598789757195,1390.1598789757195,1390.1598789757195,1390.1598789757195,1386.6039747773352,1386.6039747773352,1384.550844033161,1384.550844033161,1384.550844033161,1384.550844033161,1384.550844033161,1384.1403515599397,1384.1403515599397,1384.1045996158182,1383.0982529683458,1382.7384658542328,1381.3968394124677,1381.3968394124677,1381.3968394124677,1381.3968394124677,1381.3968394124677,1380.0412077315477,1378.063321385332,1378.063321385332,1378.063321385332,1377.3657236621684,1377.3657236621684,1377.3657236621684,1377.3657236621684,1377.3657236621684,1377.0867009570582,1377.0867009570582,1377.0867009570582,1375.4602460285723,1374.3636735143066,1374.3636735143066,1374.3636735143066,1374.3636735143066,1374.3636735143066,1374.3636735143066,1374.3636735143066,1374.3636735143066,1374.3636735143066,1374.3636735143066,1374.3636735143066,1373.2448483054307,1373.2448483054307,1373.2448483054307,1373.2448483054307,1373.2448483054307,1373.2448483054307,1372.7030004208211,1372.7030004208211,1372.7030004208211,1372.7030004208211,1372.7030004208211,1372.7030004208211,1372.4081902975165,1372.4081902975165,1372.4081902975165,1370.7369329429296,1370.7369329429296,1370.7369329429296,1370.6417745129718,1370.6417745129718,1370.6417745129718,1370.6417745129718,1370.6417745129718,1370.6417745129718,1370.4558983391134,1370.4558983391134,1370.4558983391134,1370.4558983391134,1370.4558983391134,1370.4558983391134,1370.4558983391134,1370.4558983391134,1370.4558983391134,1370.4558983391134,1370.4558983391134,1370.4558983391134,1369.3615054773306,1369.3615054773306,1369.3615054773306,1369.3615054773306,1369.3615054773306,1369.3615054773306,1365.553186725818,1365.5531867258178,1365.5531867258178,1365.5531867258178,1365.5531867258178,1365.5531867258178,1365.5531867258178,1365.5531867258178,1364.2350376334068,1364.2350376334068,1364.2350376334068,1364.2350376334068,1364.2350376334068,1364.2350376334068,1364.2350376334068,1364.2350376334068,1364.2350376334068,1364.2350376334068,1364.2350376334068,1364.2350376334068,1364.2350376334068,1364.2350376334068,1364.2350376334068,1364.2350376334068,1364.2350376334068,1364.2350376334068,1364.2350376334068,1364.2350376334068,1364.2350376334068,1363.0306827766794,1358.1497792006546,1358.1497792006546,1358.1497792006546,1358.1497792006546,1358.1497792006546,1358.1497792006546,1358.1497792006546,1358.1497792006546,1358.1497792006546,1358.1497792006546,1358.1497792006546,1357.4521814774907,1356.7408017375922,1356.7408017375922,1356.7408017375922,1356.7408017375922,1356.2443015670588,1356.2443015670588,1356.2443015670588,1356.2443015670588,1356.2443015670588,1356.2443015670588,1356.2443015670588,1355.5467038438949,1355.5467038438949,1355.5467038438949,1355.5467038438949,1355.5467038438949,1355.5467038438949,1352.3106306914115,1352.3106306914115,1352.3106306914115,1352.3106306914115,1352.3106306914115,1352.3106306914115,1352.3106306914115,1352.3106306914115,1349.4986106050703,1349.4986106050703,1348.8010128819067,1348.8010128819067,1348.8010128819067,1348.8010128819067,1348.8010128819067,1348.8010128819067,1348.8010128819067,1348.8010128819067,1348.8010128819067,1348.8010128819067,1348.5748790056707,1348.5748790056707,1348.5748790056707,1348.5748790056707,1348.513454048341,1348.513454048341,1348.513454048341,1348.513454048341,1348.513454048341,1348.513454048341,1348.513454048341,1348.513454048341,1348.513454048341,1348.513454048341,1348.513454048341,1347.829236573228,1347.829236573228,1347.829236573228,1347.829236573228,1347.829236573228,1347.829236573228,1347.829236573228,1347.829236573228,1347.829236573228,1347.829236573228,1347.829236573228,1347.829236573228,1347.1044765852785,1347.1044765852785,1347.1044765852785,1346.7871379816343,1346.7871379816343,1346.7871379816343,1346.7871379816343,1346.7871379816343,1346.7871379816343,1346.7871379816343,1346.7871379816343,1346.7871379816343,1346.4016576965155,1346.4016576965155,1346.4016576965155,1346.4016576965155,1346.4016576965155,1346.4016576965155,1346.4016576965155,1346.4016576965155,1346.4016576965155,1346.4016576965155,1345.7040599733518,1345.7040599733518,1345.7040599733518,1345.7040599733518,1345.7040599733518,1345.7040599733518,1345.7040599733518,1345.7040599733518,1345.7040599733518,1345.7040599733518,1345.7040599733518,1344.3687398114068,1344.3687398114068,1344.3687398114068,1344.3687398114068,1344.3687398114068,1344.3687398114068,1344.3687398114068,1344.3687398114068,1344.3687398114068,1344.3687398114068,1344.3687398114068,1344.3687398114068,1344.3687398114068,1344.3687398114068,1343.6711420882432,1343.6711420882432,1343.6711420882432,1343.6711420882432,1343.6711420882432,1343.6711420882432,1343.6711420882432,1343.6711420882432,1343.6711420882432,1343.6711420882432,1342.3075139035577,1342.3075139035577,1342.3075139035577,1342.3075139035577,1342.3075139035577,1342.3075139035577,1342.3075139035577,1342.3075139035577,1342.3075139035577,1342.3075139035577,1342.3075139035577,1342.3075139035577,1342.3075139035577,1342.3075139035577,1342.3075139035577,1342.3075139035577,1342.3075139035577,1342.3075139035577,1342.3075139035577,1342.3075139035577,1341.609916180394,1341.609916180394,1341.609916180394,1341.609916180394,1341.609916180394,1341.609916180394,1341.609916180394,1341.609916180394,1341.609916180394,1341.609916180394,1341.609916180394,1341.609916180394,1341.609916180394,1341.609916180394,1341.609916180394,1341.609916180394,1341.609916180394,1341.609916180394,1341.609916180394,1341.609916180394,1341.609916180394,1341.609916180394,1341.609916180394,1341.609916180394,1341.609916180394,1341.609916180394,1341.609916180394,1341.609916180394,1341.609916180394,1341.609916180394,1341.609916180394,1340.5086888995356,1340.5086888995356,1340.5086888995356,1340.5086888995356,1340.5086888995356,1340.5086888995356,1340.5086888995356,1340.5086888995356,1340.5086888995356,1340.5086888995356,1340.5086888995356,1340.5086888995356,1340.5086888995356,1340.5086888995356,1340.5086888995356,1340.5086888995356,1340.5086888995356,1340.5086888995356,1340.5086888995356,1340.5086888995356,1340.5086888995356,1340.5086888995356,1340.5086888995356,1340.5086888995356,1340.5086888995356,1340.5086888995356,1340.5086888995356,1340.5086888995356,1340.5086888995356,1340.5086888995356,1340.5086888995356,1340.5086888995356,1340.5086888995356,1340.379425169074,1340.379425169074,1340.379425169074,1340.379425169074,1340.379425169074,1340.379425169074,1340.379425169074,1340.379425169074,1340.379425169074,1340.379425169074,1340.379425169074,1340.379425169074,1340.379425169074,1340.379425169074,1340.379425169074,1340.379425169074,1340.379425169074,1340.379425169074,1340.379425169074,1340.379425169074,1340.379425169074,1340.379425169074,1340.379425169074,1340.379425169074,1340.379425169074,1340.379425169074,1340.379425169074,1340.379425169074,1340.379425169074,1340.379425169074,1340.379425169074,1340.379425169074,1340.379425169074,1340.379425169074,1340.379425169074,1340.379425169074,1340.379425169074,1340.379425169074,1340.379425169074,1340.379425169074,1340.379425169074,1340.379425169074,1340.379425169074,1340.379425169074,1340.379425169074,1340.379425169074,1340.0824414302756,1340.0824414302756,1339.6482447698208,1339.6482447698208,1339.6181626444254,1339.6181626444254,1339.6181626444254,1339.6181626444254,1339.6181626444254,1339.6181626444254,1339.6181626444254,1339.384843707112,1339.384843707112,1339.384843707112,1339.384843707112,1339.384843707112,1339.384843707112,1339.384843707112,1339.384843707112,1339.384843707112,1339.384843707112,1339.384843707112,1339.384843707112,1339.384843707112,1339.384843707112,1339.384843707112,1339.384843707112,1339.384843707112,1338.3686974919954,1338.3686974919954,1338.3686974919954,1338.3686974919954,1338.3686974919954,1338.3686974919954,1338.3686974919954,1338.3686974919954,1338.3686974919954,1338.3686974919954,1338.3686974919954,1338.3686974919954,1338.3686974919954,