{"benchmark":"B-n50-k8","Optimal":1312,"front":[{"trucks":[[35,49,8,38,10,34,50,44,37],[33,20,30,29,2],[11,22,9,43,18,16],[4,14,47,39,23],[45,12,17,25,48,27,19,5],[7,32,15,31,21,13,28],[24,42,46,40,36],[3,41,26,6]],"fuel":1897.204896768235,"distance":1339.2859537817285},{"distance":1339.3099954984687,"trucks":[[35,49,8,38,10,34,50,44,37],[33,20,30,29,2],[11,22,9,43,18,16],[4,14,23,39,47],[45,12,17,25,48,27,19,5],[7,32,15,31,21,13,28],[24,42,46,40,36],[3,41,26,6]],"fuel":1896.2169480346556}]}