{"front":[{"trucks":[[23,3,6,2,25,7,5],[19,24,11,12,13,9,15,10,18,8,14,17,16,20],[22,21,4,26,30,28,27,29]],"fuel":762.2733645944521,"distance":563.3294816086986}],"benchmark":"E-n30-k3","Optimal":534}