{"front":[{"distance":577.3340889629744,"fuel":801.6344240950659,"trucks":[[3,6,5,2,25,7],[20,21,23,4,30,26,28,29,27,19,24,9,15],[22,16,17,14,8,18,10,13,12,11]]},{"distance":586.2224103283263,"trucks":[[23,3,5,6,2,25,7],[20,21,4,30,26,28,29,27,19,24,9,15],[22,16,11,12,13,10,18,8,14,17]],"fuel":799.1648736286843}],"benchmark":"E-n30-k3","Optimal":534}