{"Optimal":534,"front":[{"fuel":774.4059652039948,"distance":563.8115776744075,"trucks":[[22,23,4,30,26,28,29,27],[24,19,11,12,13,15,9,10,18,8,14,17,16,20,21],[3,5,6,25,2,7]]},{"distance":566.998175756743,"fuel":773.1991965429535,"trucks":[[24,19,11,12,13,9,15,10,18,8,16,14,17,20],[22,21,23,4,30,26,28,29,27],[3,6,5,2,25,7]]}],"benchmark":"E-n30-k3"}