{"Optimal":534,"benchmark":"E-n30-k3","front":[{"distance":565.3451307005845,"fuel":784.6853205520282,"trucks":[[19,24,9,15,10,18,8,14,17,16,13,12,11,20],[23,3,6,5,2,25,7],[22,21,4,27,30,26,28,29]]},{"distance":570.6626533620158,"fuel":779.5395083886197,"trucks":[[19,24,11,12,13,16,17,14,8,18,10,15,9,20],[3,6,5,2,25,7],[22,21,23,4,27,30,26,28,29]]},{"trucks":[[19,24,11,12,13,16,17,14,8,18,10,9,15,20],[23,3,6,5,25,2,7],[22,21,4,27,30,26,28,29]],"fuel":779.4585836260859,"distance":572.8650012127985}]}