{"benchmark":"B-n43-k6","front":[{"distance":759.3851470536448,"trucks":[[18,8,16,39,3,24,2],[21,34,22,6,19,20,15,29,38],[36,28,30,33,26,41,42],[43,40,35,17,37,9,13,32,11],[10,27,7,25,23],[5,31,14,12,4]],"fuel":1060.1762161069269},{"distance":759.5016799696429,"trucks":[[18,8,16,39,3,24,2],[21,34,22,6,19,20,15,29,38],[36,28,33,30,26,41,42],[43,40,35,17,37,9,13,32,11],[10,27,7,25,23],[5,31,14,12,4]],"fuel":1059.8323260257016}],"Optimal":742}