{"front":[{"trucks":[[135,164,25,30,122,170,79,35,165,136,36,137,72,104,10],[118,152,93,60,105,100,94,86,18,92,194,101,38,99,98],[55,131,166,56,26,171,40,188,140,187,57,76,134,42],[62,17,142,192,45,120,193,15,143,43,173,145,58,16,44],[39,141,87,114,174,85,6,119,61,84,200,46,47,7],[9,115,126,175,125,48,169,37,144,50,65,64],[155,139,13,110,178,81,151,69,117,197,78],[32,191,128,89,149,63,160,190,11,127,91,71],[22,74,73,198,75,172,23,146,116,179,3,88],[80,130,186,34,82,121,162,189,21,129,132],[8,124,20,108,176,12,182,33,109,31,123,195],[184,95,96,97,148,90,167,19,154,107,83],[138,153,41,181,27,150,196,180,199,111,5,156],[2,177,133,70,163,102,161,67,66,52,158,103,147],[28,168,53,183,49,157,113,14,59],[185,77,4,159,51,112,29,68,24,106,54]],"distance":1653.6452251032474,"fuel":2381.425749446268},{"fuel":2379.995666125897,"trucks":[[135,164,25,30,122,170,79,35,165,136,36,137,72,104,10],[118,152,93,60,105,100,94,86,18,92,194,101,38,99,98],[55,131,166,56,26,171,40,188,140,187,57,76,134,42],[62,17,142,192,45,120,193,15,143,43,173,145,58,16,44],[39,141,87,114,174,85,6,119,61,84,200,46,47,7],[9,115,175,126,125,48,169,37,144,50,65,64],[155,139,13,110,178,81,151,69,117,197,78],[32,191,128,89,149,63,160,190,11,91,127,123],[22,74,73,198,75,172,23,146,116,179,3,88],[80,130,186,34,82,121,162,189,21,129,132],[8,124,20,108,176,12,182,33,161,31,71,195],[184,95,96,97,148,90,167,19,154,107,83],[138,153,41,181,27,150,196,180,199,111,5,156],[2,177,133,70,163,102,109,67,66,52,158,103,147],[28,168,53,183,49,157,113,14,59],[29,112,51,159,4,77,185,54,106,24,68]],"distance":1666.4183109679657},{"trucks":[[73,172,75,23,134,76,198,57,187,24,140],[74,22,199,111,156,5,188,40,171,26,56,166,131,180],[20,124,108,176,12,127,64,91,33,132,161,129,21,104,25],[8,195,107,154,83,49,125,48,169,37,144,50,47,18,92],[197,117,78,4,159,80,130,170,35,165,136,36],[158,103,51,34,82,121,10,162,72,137,79],[122,30,164,135,55,178,81,151,69,185,77,186,52,71],[148,7,184,95,96,118,98,93,152,60,105,100,97,43],[119,61,84,200,115,9,175,46,126,85,6,174],[183,149,63,160,190,11,109,182,65,89,102],[99,86,62,17,192,142,45,120,15,143,173],[106,181,41,153,59,138,88,145,58,16,44,39,141,38],[139,155,13,110,196,150,68,42,146,3,116,179],[2,177,133,70,163,32,191,128,168,53,19,167],[54,27,29,112,66,67,189,31,123,28,147,90],[157,113,14,94,194,101,193,87,114]],"fuel":2318.1345099662853,"distance":1677.0185912189368},{"trucks":[[73,75,172,23,134,76,198,42,146,116,3,179],[74,22,199,111,156,5,188,40,171,26,56,166,131,180],[20,124,108,176,12,127,64,91,33,132,161,129,21,104,25],[8,195,107,154,83,49,125,48,169,37,144,50,47,18,92],[197,117,78,4,159,80,130,170,35,165,136,36],[158,103,51,34,82,121,10,162,72,137,79],[122,30,164,135,55,178,81,151,69,185,77,186,52,71],[184,95,96,118,98,93,152,60,105,100,97,174,148,7],[119,61,84,200,115,9,175,46,126,85,6,43],[183,149,63,160,190,11,109,182,65,89,102],[99,86,62,17,192,142,45,120,15,143,173],[106,181,41,153,59,138,88,145,58,16,44,39,141,38],[139,155,13,110,196,150,68,57,187,24,140],[2,177,133,70,163,32,191,128,168,53,19,167],[54,27,29,112,123,31,189,67,66,28,147,90],[157,113,14,94,194,101,193,87,114]],"distance":1685.7322630406109,"fuel":2316.2659744352877},{"fuel":2312.7247604391623,"distance":1686.0295696194428,"trucks":[[73,75,172,23,134,76,198,42,146,116,3,179],[74,22,199,111,156,5,188,40,171,26,56,166,131,180],[20,124,108,176,12,127,64,91,33,132,161,129,21,104,25],[8,195,107,154,83,49,125,48,169,37,144,50,47,18,92],[197,117,78,4,159,80,130,170,35,165,136,36],[158,103,51,34,82,121,10,162,72,137,79],[122,30,164,135,55,178,81,151,69,185,77,186,52,71],[148,7,184,95,96,118,98,93,152,60,105,100,97,174],[119,61,84,200,115,9,175,46,126,85,6,43],[183,149,63,160,190,11,109,182,65,89,102],[99,86,62,17,192,142,45,120,15,143,173],[106,181,41,153,59,138,88,145,58,16,44,39,141,38],[139,155,13,110,196,150,68,57,187,24,140],[2,177,133,70,163,32,191,128,168,53,19,167],[54,27,29,112,123,31,189,67,66,28,147,90],[157,113,14,94,194,101,193,87,114]]}],"benchmark":"M-n200-k16","Optimal":1274}