{"front":[{"fuel":2371.1188300013305,"trucks":[[166,56,26,171,40,188,140,187,57,76,134,23,75,74,42,118],[130,80,186,34,82,121,10,162,72,137,36,35],[119,61,84,200,115,9,175,46,126,18,114,174,85,47],[163,102,71,31,123,21,189,129,161,132,33,91,127,64,12,79],[2,177,133,70,32,191,128,89,149,63,160,8],[93,101,92,194,86,62,17,192,142,45,120,15],[28,168,53,154,107,195,183,124,20,108,176,65,37,7],[73,172,146,44,16,58,145,173,43,143,193,87,141,39],[109,11,190,182,67,66,136,165,170,30,25],[181,41,22,199,111,156,5,198,24,68,131],[77,185,69,81,151,178,110,13,164,78,117,197],[27,150,196,180,55,135,122,4,159,158,103,147],[113,184,95,96,98,152,60,100,105,97,99],[83,49,125,48,169,144,50,19,167,6],[153,59,54,106,155,139,29,112,104,52,51],[157,90,148,94,38,3,116,179,88,138,14]],"distance":1708.5936844289647},{"fuel":2370.5394367414874,"distance":1712.1330804146933,"trucks":[[166,56,26,171,40,188,140,187,57,76,134,23,75,74,42,118],[130,80,186,34,82,121,10,162,72,137,36,35],[119,61,84,200,115,9,175,46,126,18,114,174,85,47],[163,102,71,31,123,21,189,129,161,132,33,91,127,64,12,79],[2,177,133,70,32,191,128,89,149,63,160,8],[93,101,92,194,86,62,17,192,142,45,120,15],[28,168,53,154,107,195,183,124,20,108,176,65,37,7],[73,172,146,44,16,58,145,173,43,143,193,87,141,39],[109,11,190,182,67,66,136,165,170,30,25],[181,41,22,199,111,156,5,198,24,68,131],[78,117,197,77,185,69,81,151,178,110,13,164],[27,150,196,180,55,135,122,4,159,158,103,147],[113,184,95,96,98,152,60,100,105,97,99],[83,49,125,48,169,144,50,19,167,6],[153,59,54,106,155,139,29,112,104,52,51],[157,90,148,94,38,3,116,179,88,138,14]]}],"benchmark":"M-n200-k16","Optimal":1274}