{"optimalDistance":835,"benchmark":"E-n33-k4","distanceSequence":[899.5358649950927,899.5358649950927,899.5358649950927,899.5358649950927,899.5358649950927,899.5358649950927,899.5358649950927,899.5358649950927,899.5358649950927,899.5358649950927,899.5358649950927,899.5358649950927,899.5358649950927,899.5358649950927,899.5358649950927,899.5358649950927,899.5358649950927,899.5358649950927,899.5358649950927,899.5358649950927,899.5358649950927,899.5358649950927,899.5358649950927,899.5358649950927,899.5358649950927,899.5358649950927,899.5358649950927,899.5358649950927,899.5358649950927,898.7817839136912,898.7817839136912,898.7817839136912,898.7817839136912,898.7817839136912,898.7817839136912,898.7817839136912,898.7817839136912,898.7817839136912,898.7817839136912,898.7817839136912,898.7817839136912,898.7817839136912,898.4864081848004,898.4864081848004,898.4864081848004,898.4864081848004,898.4864081848004,898.4864081848004,898.4864081848004,898.4864081848004,898.4864081848004,898.4864081848004,898.3517254511414,898.3517254511414,898.3517254511414,898.3517254511414,898.3517254511414,898.3517254511414,898.3517254511414,898.3517254511414,898.3517254511414,898.3517254511414,898.3517254511414,898.3517254511414,898.3517254511414,898.3517254511414,898.3517254511414,898.3517254511414,898.3517254511414,898.3517254511414,898.3517254511414,898.3517254511414,898.3517254511414,898.3517254511414,898.3517254511414,898.3517254511414,898.3517254511414,898.3517254511414,898.3517254511414,898.3517254511414,898.3517254511414,898.3517254511414,887.922700214894,887.922700214894,887.922700214894,886.1298739142057,886.1298739142057,886.1298739142057,886.1298739142057,886.1298739142057,886.1298739142057,886.1298739142057,886.1298739142057,881.2284879563948,881.2284879563948,881.2284879563948,881.2284879563948,881.2284879563948,881.2284879563948,881.2284879563948,881.2284879563948,868.8521222523137,868.8521222523137,868.8521222523137,868.8521222523137,868.8521222523137,868.8521222523137,868.8521222523137,868.8521222523137,868.8521222523137,868.8521222523137,855.05195124273,855.05195124273,855.05195124273,855.05195124273,855.05195124273,855.05195124273,855.05195124273,855.05195124273,855.05195124273,855.05195124273,855.05195124273,855.05195124273,855.05195124273,855.05195124273,855.05195124273,855.05195124273,855.05195124273,855.05195124273,855.05195124273,855.05195124273,855.05195124273,855.05195124273,855.05195124273,855.05195124273,855.05195124273,855.05195124273,855.05195124273,855.05195124273,855.05195124273,855.05195124273,855.05195124273,855.05195124273,855.05195124273,855.05195124273,855.05195124273,855.05195124273,855.05195124273,855.05195124273,855.05195124273,855.05195124273,855.05195124273,855.05195124273,855.05195124273,855.05195124273,855.05195124273,855.05195124273,855.05195124273,855.05195124273,855.05195124273,855.05195124273,855.05195124273,855.05195124273,855.05195124273,855.05195124273,855.05195124273,855.05195124273,855.05195124273,855.05195124273,855.05195124273,855.05195124273,855.05195124273,855.05195124273,855.05195124273,855.05195124273,855.05195124273,855.05195124273,855.05195124273,854.3260640114474,854.3260640114474,854.3260640114474,854.3260640114474,854.3260640114474,854.3260640114474,854.3260640114474,854.3260640114474,854.3260640114474,854.3260640114474,854.3260640114474,854.3260640114474,854.3260640114474,854.3260640114474,854.3260640114474,854.3260640114474,854.3260640114474,854.3260640114474,854.3260640114474,854.3260640114474,854.3260640114474,854.3260640114474,854.3260640114474,854.3260640114474,854.3260640114474,854.3260640114474,854.3260640114474,854.3260640114474,854.3260640114474,854.3260640114474,854.3260640114474,854.3260640114474,854.3260640114474,854.3260640114474,854.3260640114474,854.3260640114474,854.3260640114474,854.3260640114474,854.3260640114474,854.3260640114474,854.3260640114474,854.3260640114474,854.3260640114474,854.3260640114474,854.3260640114474,854.3260640114474,854.3260640114474,854.3260640114474,854.3260640114474,854.3260640114474,854.3260640114474,854.3260640114474,854.3260640114474,854.3260640114474,854.3260640114474,854.3260640114474,854.3260640114474,854.3260640114474,854.3260640114474,854.3260640114474,854.3260640114474,854.3260640114474,854.3260640114474,854.3260640114474,854.3260640114474,854.3260640114474,854.3260640114474,854.3260640114474,854.3260640114474,854.3260640114474,854.3260640114474,854.3260640114474,854.3260640114474,854.3260640114474,854.3260640114474,854.3260640114474,854.3260640114474,854.3260640114474,854.3260640114474,854.3260640114474,854.3260640114474,854.3260640114474,854.3260640114474,854.3260640114474,854.3260640114474,854.3260640114474,854.3260640114474,854.3260640114474,854.3260640114474,854.3260640114474,854.3260640114474,854.3260640114474,854.3260640114474,854.3260640114474,854.3260640114474,854.3260640114474,854.3260640114474,854.3260640114474,854.3260640114474,854.3260640114474,854.3260640114474,854.3260640114474,854.3260640114474,854.3260640114474,854.3260640114474,854.3260640114474,854.3260640114474,854.3260640114474,854.3260640114474,854.3260640114474,854.3260640114474,854.3260640114474,854.3260640114474,854.3260640114474,854.3260640114474,854.3260640114474,854.3260640114474,854.3260640114474,854.3260640114474,854.3260640114474,854.3260640114474,854.3260640114474,854.3260640114474,854.3260640114474,854.3260640114474,854.3260640114474,854.3260640114474,854.3260640114474,854.3260640114474,854.3260640114474,854.3260640114474,854.3260640114474,854.3260640114474,854.3260640114474,854.3260640114474,854.3260640114474,854.3260640114474,854.3260640114474,854.3260640114474,854.3260640114474,854.3260640114474,854.3260640114474,854.3260640114474,854.3260640114474,854.3260640114474,854.3260640114474,854.3260640114474,854.3260640114474,854.3260640114474,854.3260640114474,854.3260640114474,854.3260640114474,854.3260640114474,854.3260640114474,854.3260640114474,854.3260640114474,854.3260640114474,854.3260640114474,854.3260640114474,854.3260640114474,854.3260640114474,854.3260640114474,854.3260640114474,854.3260640114474,854.3260640114474,854.3260640114474,854.3260640114474,854.3260640114474,854.3260640114474,854.3260640114474,854.3260640114474,854.3260640114474,854.3260640114474,854.3260640114474,854.3260640114474,854.3260640114474,854.3260640114474,854.3260640114474,854.3260640114474,854.3260640114474,854.3260640114474,854.3260640114474,854.3260640114474,854.3260640114474,854.3260640114474,854.3260640114474,854.3260640114474,854.3260640114474,854.3260640114474,854.3260640114474,854.3260640114474,854.3260640114474,854.3260640114474,854.3260640114474,854.3260640114474,854.3260640114474,854.3260640114474,854.3260640114474,854.3260640114474,854.3260640114474,854.3260640114474,854.3260640114474,854.3260640114474,854.3260640114474,854.3260640114474,854.3260640114474,854.3260640114474,854.3260640114474,854.3260640114474,854.3260640114474,854.3260640114474,854.3260640114474,854.3260640114474,854.3260640114474,854.3260640114474,854.3260640114474,854.3260640114474,854.3260640114474,854.3260640114474,854.3260640114474,854.3260640114474,854.3260640114474,854.3260640114474,854.3260640114474,854.3260640114474,854.3260640114474,854.3260640114474,854.3260640114474,854.3260640114474,854.3260640114474,854.3260640114474,854.3260640114474,854.3260640114474,854.3260640114474,854.3260640114474,854.3260640114474,854.3260640114474,854.3260640114474,854.3260640114474,854.3260640114474,854.3260640114474,854.3260640114474,854.3260640114474,854.3260640114474,854.3260640114474,854.3260640114474,854.3260640114474,854.3260640114474,854.3260640114474,854.3260640114474,854.3260640114474,854.3260640114474,854.3260640114474,854.3260640114474,854.3260640114474,854.3260640114474,854.3260640114474,854.3260640114474,854.3260640114474,854.3260640114474,854.3260640114474,854.3260640114474,854.3260640114474,854.3260640114474,854.3260640114474,854.3260640114474,854.3260640114474,854.3260640114474,854.3260640114474,854.3260640114474,