{"front":[{"trucks":[[4,6,7,33,11,10,9,8,5],[15,18,26,25,24,23,21,22,20,19],[16,27,28,17,29,30],[31,32,2,14,12,13,3]],"distance":844.2930892183558,"fuel":1200.3392142366324},{"distance":844.4933552450004,"trucks":[[4,6,7,33,11,10,9,8,5],[15,18,26,25,24,23,21,22,20,19],[16,27,28,29,17,30],[31,32,2,14,12,13,3]],"fuel":1196.5856670028152},{"distance":844.9587539118154,"fuel":1193.106285869761,"trucks":[[4,6,7,8,33,11,9,10,5],[15,18,26,25,24,23,21,22,20,19],[16,27,28,29,17,30],[31,32,2,14,12,13,3]]},{"fuel":1192.8436574806424,"distance":845.4421973612446,"trucks":[[4,6,8,9,10,11,33,7,5],[15,18,26,25,24,23,21,22,20,19],[16,27,28,29,17,30],[31,32,2,14,12,13,3]]}],"benchmark":"E-n33-k4","Optimal":835}