{"front":[{"fuel":1090.3327918974426,"trucks":[[38,48,45,11,30,52],[14,47,27,23,51,13,46,5],[3,49,39,17,10,33,50,20,16,35,18],[41,43,21,19,31,2,37],[9,6,28,8,44,36,34],[4,32,25,29,12,22,15,40,24],[26,7,42]],"distance":772.238913065194},{"fuel":1079.627916715854,"trucks":[[4,32,25,29,12,22,15,40,24],[14,47,27,23,51,13,46,5],[45,11,30,28,9,6,52],[3,49,39,17,10,33,50,20,16,35,18],[41,43,21,19,31,2,37],[34,36,8,44],[26,7,48,38,42]],"distance":772.6281007143805},{"fuel":1079.6279167158539,"trucks":[[45,11,30,28,9,6,52],[14,47,27,23,51,13,46,5],[4,32,25,29,12,22,15,40,24],[3,49,39,17,10,33,50,20,16,35,18],[41,43,21,19,31,2,37],[34,36,8,44],[26,7,48,38,42]],"distance":772.6281007143807}],"benchmark":"B-n52-k7","Optimal":747}