{"front":[{"trucks":[[5,46,24,13,51,18,23],[43,21,19,31,2,37],[36,34,8,44,3,49,39,17,10],[27,14,47,50,16,20,33,35],[42,26,7,48,38],[41,4,32,25,40,15,22,12,29],[45,11,30,28,6,9,52]],"distance":768.274832809098,"fuel":1069.4403882036434}],"benchmark":"B-n52-k7","Optimal":747}