{"benchmark":"B-n45-k5","Optimal":751,"front":[{"distance":816.1358123466332,"trucks":[[5,17,30,12,26,27,20,34,9,23],[14,33,19,45,8,35,15,28,25],[24,2,10,38,16,3,29],[40,43,41,6,42,44,22,7,13],[37,31,18,11,21,36,39,4,32]],"fuel":1161.5649163051169},{"fuel":1138.7781139939589,"trucks":[[5,17,30,26,12,27,34,20,9,23],[14,33,19,45,28,15,8,35,25],[24,2,10,38,16,3,29],[40,6,42,44,22,13,7,41,43],[18,31,11,37,21,36,4,32,39]],"distance":816.6037622305619}]}