{"Optimal":1053,"front":[{"distance":1163.1007090431867,"fuel":1606.4219694221322,"trucks":[[133,70,102,71,123,31,21,129,132,33,91,127,64,12,108,20,124],[95,60,94,105,100,97,7,148,90,107,53,147],[28,128,32,89,149,63,11,109,65,50,144,37],[77,117,78,4,80,130,79,35,36,136,121,82,34],[59,41,22,74,73,75,76,24,68,26,56,131,55],[138,88,145,58,146,42,23,134,57,40,140,5,111],[61,119,6,85,18,114,87,141,39,15],[51,103,52,10,104,72,137,66,67,2,112],[54,106,27,150,110,13,81,151,69,122,30,25,135],[19,84,115,9,126,46,47,125,48,49,83,8],[96,118,98,93,38,99,101,92,86,62,17,142,45,120],[29,139,113,14,3,116,16,44,143,43]]}],"benchmark":"M-n151-k12"}