{"Optimal":788,"front":[{"trucks":[[6,7,26,18,32,29,14,16],[23,33,34,24,11],[3,22,8,5,21,9,27],[17,10,15,2],[20,19,25,30,28,4,13,31,12]],"fuel":1122.13044066176,"distance":793.4069819250285},{"trucks":[[6,7,26,18,32,29,14,16],[23,33,34,24,11],[3,8,22,5,21,9,27],[2,10,15,17],[20,19,25,30,28,4,13,31,12]],"fuel":1121.8593821062595,"distance":793.7112771265203}],"benchmark":"B-n34-k5"}