{"benchmark":"B-n34-k5","Optimal":788,"front":[{"trucks":[[23,33,34,11,24],[17,10,15,30],[2,20,19,25,28,4,27,9],[13,21,5,22,8,3,31,12],[6,7,26,18,32,29,14,16]],"distance":793.790015395761,"fuel":1124.5399987104151}]}