{"optimalDistance":741,"benchmark":"B-n50-k7","distanceSequence":[817.9286784328035,817.9286784328035,816.2589812936467,812.7786626304985,812.7786626304985,812.7786626304985,805.786460246862,805.786460246862,805.786460246862,805.786460246862,798.0162357801936,798.0162357801936,798.0162357801936,798.0162357801936,792.0515080238945,792.0515080238945,792.0515080238945,792.0515080238945,792.0515080238945,791.2719696538015,791.2719696538015,790.5529639778542,790.5529639778542,790.5529639778542,790.2262142095836,790.0506841768646,789.1614288943642,784.8970521895005,784.8970521895005,784.8970521895005,784.8970521895005,784.8970521895005,784.8970521895005,784.8970521895005,784.8970521895005,784.8970521895005,784.8970521895005,784.1175138194077,783.8115511218192,782.2184757986806,782.2184757986806,782.2184757986806,782.2184757986806,782.2184757986806,775.569164750182,775.569164750182,775.569164750182,775.569164750182,775.569164750182,775.569164750182,775.569164750182,775.569164750182,775.569164750182,775.569164750182,775.569164750182,775.569164750182,775.569164750182,775.569164750182,774.789626380089,773.4519437034387,773.4519437034387,773.4519437034387,773.4519437034387,773.4519437034387,773.4519437034387,773.4519437034387,773.4519437034387,773.4519437034387,773.4519437034387,773.4519437034387,773.4519437034387,773.4519437034387,773.4519437034387,773.4519437034387,773.4519437034387,773.4519437034387,773.4519437034387,773.4519437034387,773.4519437034387,770.5618645739085,770.5618645739085,770.5618645739085,770.5618645739085,770.5618645739085,770.5618645739085,770.5618645739085,770.5618645739085,770.5618645739085,770.5618645739085,770.5618645739085,770.5618645739085,770.5618645739085,770.5618645739085,770.5618645739085,770.5618645739085,770.5618645739085,770.5618645739085,770.5618645739085,770.5618645739085,770.5618645739085,770.5618645739085,770.5618645739085,770.5618645739085,770.3503618351982,770.3503618351982,770.3503618351982,770.3503618351982,770.3503618351982,770.3503618351982,770.3503618351982,769.4527327900795,769.4527327900795,769.4527327900795,769.4527327900795,769.4527327900795,769.4527327900795,769.4527327900795,769.4527327900795,769.4527327900795,769.4527327900795,769.4527327900795,769.4527327900795,769.4527327900795,769.4527327900795,769.4527327900795,769.4527327900795,769.4527327900795,769.4527327900795,769.4527327900795,769.4527327900795,769.4527327900795,769.4527327900795,769.4527327900795,769.4527327900795,769.4527327900795,769.4527327900795,769.4527327900795,769.4527327900795,769.4527327900795,769.4527327900795,769.4527327900795,769.4527327900795,769.4527327900795,769.4527327900795,769.4527327900795,769.4527327900795,769.4527327900795,769.4527327900795,769.4527327900795,769.4527327900795,769.4527327900795,769.4527327900795,769.4527327900795,769.4527327900795,769.4527327900795,769.4527327900795,769.4527327900795,769.4527327900795,769.4527327900795,769.4527327900795,769.4527327900795,769.4527327900795,769.4527327900795,769.4527327900795,769.4527327900795,769.4527327900795,769.2412300513693,769.2412300513693,769.2412300513693,769.2412300513693,766.7413804988328,766.7413804988328,766.7413804988328,766.7413804988328,766.7413804988328,766.7413804988328,766.7413804988328,766.7413804988328,766.7413804988328,766.7413804988328,766.7413804988328,766.7413804988328,766.7413804988328,766.7413804988328,766.7413804988328,765.9618421287398,765.9618421287398,765.9618421287398,765.9618421287398,765.9618421287398,765.9618421287398,765.9618421287398,765.9618421287398,765.9618421287398,765.9618421287398,765.9618421287398,765.9618421287398,765.9618421287398,765.9618421287398,765.9618421287398,765.9618421287398,765.9618421287398,765.7503393900296,765.7503393900296,765.7503393900296,765.7503393900296,765.7503393900296,765.7503393900296,765.7503393900296,765.7503393900296,765.7503393900296,765.7503393900296,765.7503393900296,765.7503393900296,765.7503393900296,765.7503393900296,765.7503393900296,765.7503393900296,765.7503393900296,765.7503393900296,765.7503393900296,765.7503393900296,765.7503393900296,765.7503393900296,765.7503393900296,765.7503393900296,765.7503393900296,765.7503393900296,765.7503393900296,765.7503393900296,765.7503393900296,765.7503393900296,765.7503393900296,765.7503393900296,765.7503393900296,765.7503393900296,765.7503393900296,765.7503393900296,765.7503393900296,765.7503393900296,765.7503393900296,765.7503393900296,765.7503393900296,765.7503393900296,765.7503393900296,765.7503393900296,765.7503393900296,765.7503393900296,765.7503393900296,765.7503393900296,765.7503393900296,765.7503393900296,765.7503393900296,765.7503393900296,765.7503393900296,765.7503393900296,765.7503393900296,765.7503393900296,765.7503393900296,765.7503393900296,765.7503393900296,765.7503393900296,765.7503393900296,765.7503393900296,765.7503393900296,765.7503393900296,765.7503393900296,765.7503393900296,765.7503393900296,765.7503393900296,765.7503393900296,765.7503393900296,765.7503393900296,765.7503393900296,765.7503393900296,765.7503393900296,765.7503393900296,765.7503393900296,765.7503393900296,765.7503393900296,765.7503393900296,765.7503393900296,765.7503393900296,765.7503393900296,765.7503393900296,765.7503393900296,765.7503393900296,765.7503393900296,765.7503393900296,765.7503393900296,765.7503393900296,765.7503393900296,765.7503393900296,765.7503393900296,765.7503393900296,765.7503393900296,765.7503393900296,765.7503393900296,765.7503393900296,765.7503393900296,765.7503393900296,765.7503393900296,765.7503393900296,765.7503393900296,765.7503393900296,765.7503393900296,765.7503393900296,765.7503393900296,765.7503393900296,765.7503393900296,765.7503393900296,765.7503393900296,765.7503393900296,765.7503393900296,765.7503393900296,765.7503393900296,765.7503393900296,765.7503393900296,765.7503393900296,765.7503393900296,765.7503393900296,765.7503393900296,765.7503393900296,765.7503393900296,765.7503393900296,765.7503393900296,765.7503393900296,765.7503393900296,765.7503393900296,765.7503393900296,765.7503393900296,765.7503393900296,765.7503393900296,765.7503393900296,765.7503393900296,765.7503393900296,765.7503393900296,765.7503393900296,765.7503393900296,765.7503393900296,765.7503393900296,765.7503393900296,765.7503393900296,765.7503393900296,765.7503393900296,765.7503393900296,765.7503393900296,765.7503393900296,765.7503393900296,765.7503393900296,765.7503393900296,765.7503393900296,765.7503393900296,765.7503393900296,765.7503393900296,765.7503393900296,765.7503393900296,765.7503393900296,765.7503393900296,765.7503393900296,765.7503393900296,765.7503393900296,765.7503393900296,765.7503393900296,765.7503393900296,765.7503393900296,765.7503393900296,765.7503393900296,765.7503393900296,765.7503393900296,765.7503393900296,765.7503393900296,765.7503393900296,765.7503393900296,765.7503393900296,765.7503393900296,765.7503393900296,765.7503393900296,765.7503393900296,765.7503393900296,765.7503393900296,765.7503393900296,765.7503393900296,765.7503393900296,765.7503393900296,765.7503393900296,765.7503393900296,765.7503393900296,765.7503393900296,765.7503393900296,765.7503393900296,765.7503393900296,765.7503393900296,765.7503393900296,765.7503393900296,765.7503393900296,765.7503393900296,765.7503393900296,765.7503393900296,765.7503393900296,765.7503393900296,765.7503393900296,765.7503393900296,765.7503393900296,765.7503393900296,765.7503393900296,765.7503393900296,765.7503393900296,765.7503393900296,765.7503393900296,765.7503393900296,765.7503393900296,765.7503393900296,763.5180016090737,763.5180016090737,763.5180016090737,763.5180016090737,763.5180016090737,763.5180016090737,763.5180016090737,763.5180016090737,763.5180016090737,763.5180016090737,763.5180016090737,763.5180016090737,763.5180016090737,763.5180016090737,763.5180016090737,763.5180016090737,763.5180016090737,763.5180016090737,763.5180016090737,763.5180016090737,763.5180016090737,763.5180016090737,763.5180016090737,763.5180016090737,763.5180016090737,763.5180016090737,763.5180016090737,763.5180016090737,