{"optimalDistance":830,"distanceSequence":[1007.09471545933,1007.09471545933,1007.09471545933,990.8141790795162,990.8141790795162,990.8141790795162,990.7840145855407,990.7840145855407,990.7840145855407,990.7840145855407,990.7840145855407,990.7840145855407,990.7840145855407,990.7840145855407,983.8566352458728,983.8566352458728,983.8566352458728,983.8566352458728,983.8566352458728,983.6364099256755,983.6364099256755,983.6364099256755,983.6364099256755,969.335527401738,969.335527401738,969.335527401738,969.335527401738,969.335527401738,969.335527401738,969.335527401738,966.8416690929834,965.2141784857062,957.2027545123912,957.2027545123912,954.2680185467988,954.2680185467988,954.2680185467988,954.2680185467988,954.2680185467988,954.2680185467988,954.2680185467988,954.2680185467988,954.2680185467988,954.2680185467988,954.2680185467988,954.2680185467988,951.085615949495,951.085615949495,951.085615949495,951.085615949495,951.085615949495,951.085615949495,951.085615949495,951.085615949495,951.085615949495,951.085615949495,951.085615949495,948.4546203425775,948.3997129447642,948.3997129447642,940.9939502621627,940.9939502621627,940.9939502621627,940.9939502621627,940.9939502621627,940.9939502621627,940.9939502621627,940.9939502621627,940.9939502621627,940.9939502621627,940.9939502621627,940.9939502621627,940.9939502621627,938.3629546552452,938.3080472574319,938.3080472574319,938.3080472574319,938.3080472574319,938.3080472574319,938.3080472574319,938.3080472574319,935.9903271673279,935.9903271673279,935.9903271673279,935.9903271673279,935.9903271673279,935.9903271673279,935.9903271673279,933.3044241625971,933.3044241625971,933.3044241625971,928.8476743619724,928.8476743619724,928.8476743619724,928.8476743619724,928.8476743619724,928.8476743619724,928.5079912694503,928.5079912694503,928.5079912694503,928.5079912694503,928.5079912694503,928.5079912694503,928.5079912694503,928.5079912694503,928.5079912694503,928.5079912694503,928.5079912694503,922.5628304266393,922.5628304266393,922.5628304266393,922.5628304266393,922.5628304266393,922.5628304266393,922.5628304266393,922.5628304266393,922.5628304266393,922.5628304266393,922.5628304266393,922.5628304266393,922.5628304266393,922.5628304266393,922.5628304266393,922.5628304266393,922.5628304266393,922.5628304266393,922.5628304266393,922.5628304266393,922.5628304266393,922.5628304266393,922.5628304266393,922.5628304266393,922.5628304266393,922.5628304266393,922.5628304266393,922.5628304266393,922.5628304266393,922.5628304266393,922.5628304266393,922.5628304266393,922.5628304266393,922.5628304266393,922.5628304266393,922.5628304266393,922.5628304266393,922.5628304266393,922.5628304266393,922.5628304266393,922.5628304266393,922.5628304266393,922.5628304266393,922.5628304266393,922.5628304266393,922.5628304266393,922.5628304266393,918.1766911767172,918.1766911767172,918.1766911767172,918.1766911767172,918.1766911767172,918.1766911767172,918.1766911767172,918.1766911767172,918.1766911767172,918.1766911767172,917.3769816226088,917.3769816226088,917.3769816226088,917.3769816226088,917.3769816226088,917.3769816226088,917.3769816226088,917.3769816226088,917.3769816226088,917.3769816226088,917.3769816226088,917.3769816226088,917.3769816226088,917.3769816226088,917.3769816226088,917.3769816226088,917.3769816226088,917.3769816226088,917.3769816226088,913.5502034891688,913.5502034891688,913.5502034891688,913.5502034891688,913.5502034891688,913.5502034891688,913.5502034891688,913.5502034891688,913.5502034891688,913.5502034891688,913.5502034891688,913.5502034891688,913.5502034891688,913.5502034891688,913.5502034891688,913.5502034891688,913.5502034891688,913.5502034891688,913.5502034891688,913.5502034891688,913.5502034891688,913.5502034891688,913.5502034891688,910.3468508825597,910.3468508825597,910.3468508825597,910.3468508825597,910.3468508825597,910.3468508825597,910.3468508825597,910.3468508825597,910.3468508825597,910.3468508825597,910.3468508825597,910.3468508825597,910.3468508825597,910.3468508825597,910.3468508825597,910.3468508825597,910.3468508825597,910.3468508825597,910.3468508825597,910.3468508825597,910.3468508825597,910.3468508825597,908.7560591053139,908.7560591053139,908.7560591053139,908.7560591053139,908.7560591053139,908.7560591053139,908.7560591053139,908.7560591053139,908.7560591053139,908.7560591053139,908.7560591053139,908.7560591053139,908.7560591053139,908.7560591053139,904.1387804493042,904.1387804493042,904.1387804493042,904.1387804493042,904.1387804493042,904.1387804493042,904.1387804493042,904.1387804493042,904.1387804493042,904.1387804493042,904.1387804493042,904.1387804493042,904.1387804493042,904.1387804493042,904.1387804493042,904.1387804493042,904.1387804493042,904.1387804493042,904.1387804493042,904.1387804493042,904.1387804493042,904.1387804493042,904.1387804493042,904.1387804493042,904.1387804493042,904.1387804493042,904.1387804493042,904.1387804493042,904.1387804493042,904.1387804493042,904.1387804493042,904.1387804493042,904.1387804493042,904.1387804493042,904.1387804493042,904.1387804493042,904.1387804493042,904.1387804493042,904.1387804493042,904.1387804493042,904.1387804493042,904.1387804493042,904.1387804493042,904.1387804493042,904.1387804493042,904.1387804493042,904.1387804493042,904.1387804493042,904.1387804493042,904.1387804493042,904.1387804493042,904.1387804493042,904.1387804493042,904.1387804493042,904.1387804493042,904.1387804493042,904.1387804493042,904.1387804493042,904.1387804493042,904.1387804493042,904.1387804493042,904.1387804493042,904.1387804493042,904.1387804493042,904.1387804493042,904.1387804493042,904.1387804493042,904.1387804493042,904.1387804493042,904.1387804493042,904.1387804493042,904.1387804493042,904.1387804493042,904.1387804493042,904.1387804493042,904.1387804493042,904.1387804493042,904.1387804493042,904.1387804493042,904.1387804493042,904.1387804493042,904.1387804493042,904.1387804493042,904.1387804493042,904.1387804493042,904.1387804493042,904.1387804493042,904.1387804493042,904.1387804493042,904.1387804493042,904.1387804493042,904.1387804493042,904.1387804493042,904.1387804493042,904.1387804493042,904.1387804493042,904.1387804493042,904.1387804493042,904.1387804493042,904.1387804493042,904.1387804493042,904.1387804493042,904.1387804493042,904.1387804493042,904.1387804493042,904.1387804493042,904.1387804493042,904.1387804493042,904.1387804493042,904.1387804493042,904.1387804493042,904.1387804493042,904.1387804493042,904.1387804493042,904.1387804493042,904.1387804493042,904.1387804493042,904.1387804493042,904.1387804493042,904.1387804493042,904.1387804493042,904.1387804493042,904.1387804493042,904.1387804493042,904.1387804493042,904.1387804493042,904.1387804493042,904.1387804493042,904.1387804493042,904.1387804493042,904.1387804493042,904.1387804493042,904.1387804493042,904.1387804493042,904.1387804493042,904.1387804493042,904.1387804493042,904.1387804493042,904.1387804493042,904.1387804493042,904.1387804493042,904.1387804493042,904.1387804493042,904.1387804493042,904.1387804493042,904.1387804493042,904.1387804493042,904.1387804493042,904.1387804493042,904.1387804493042,904.1387804493042,904.1387804493042,904.1387804493042,904.1387804493042,904.1387804493042,904.1387804493042,904.1387804493042,904.1387804493042,904.1387804493042,904.1387804493042,904.1387804493042,904.1387804493042,904.1387804493042,904.1387804493042,904.1387804493042,904.1387804493042,904.1387804493042,904.1387804493042,904.1387804493042,904.1387804493042,904.1387804493042,904.1387804493042,903.6561415161436,903.6561415161436,903.6561415161436,903.6561415161436,903.6561415161436,903.6561415161436,903.6561415161436,903.6561415161436,903.6561415161436,903.6561415161436,903.6561415161436,903.6561415161436,903.6561415161436,903.6561415161436,903.6561415161436,903.6561415161436,902.4114563936212,902.4114563936212,902.4114563936212,902.4114563936212,902.4114563936212,902.4114563936212,902.4114563936212,902.4114563936212,902.4114563936212,902.4114563936212,902.4114563936212,902.4114563936212,