{"optimalDistance":830,"distanceSequence":[961.6649305809389,961.6649305809389,961.6649305809389,961.6649305809389,961.6649305809389,961.6649305809389,961.6649305809389,961.6649305809389,961.6649305809389,961.6649305809389,961.6649305809389,961.6649305809389,961.6649305809389,961.6649305809389,959.2983710475894,959.2983710475894,959.2983710475894,959.2983710475894,959.2983710475894,959.2983710475894,959.2983710475894,959.2983710475894,959.2983710475894,959.2983710475894,959.2983710475894,959.2983710475894,959.2983710475894,959.2983710475894,959.2983710475894,959.2983710475894,959.2983710475894,959.2983710475894,959.2983710475894,959.2983710475894,959.2983710475894,959.2983710475894,959.2983710475894,959.2983710475894,959.2983710475894,959.2983710475894,959.2983710475894,959.2983710475894,959.2983710475894,959.2983710475894,959.2983710475894,959.2983710475894,959.2983710475894,954.7546036665893,954.7546036665893,954.7546036665893,954.7546036665893,954.7546036665893,954.7546036665893,954.7546036665893,954.7546036665893,954.7546036665893,954.7546036665893,954.7546036665893,954.7546036665893,954.7546036665893,954.7546036665893,954.7546036665893,954.7546036665893,954.7546036665893,954.7546036665893,954.7546036665893,954.7546036665893,954.7546036665893,954.7546036665893,954.7546036665893,954.7546036665893,954.7546036665893,954.7546036665893,954.7546036665893,954.7546036665893,954.7546036665893,954.7546036665893,954.7546036665893,954.7546036665893,954.7546036665893,954.7546036665893,954.7546036665893,954.7546036665893,954.7546036665893,954.7546036665893,954.7546036665893,954.7546036665893,954.7546036665893,954.7546036665893,954.7546036665893,954.7546036665893,954.7546036665893,954.4122117372283,954.4122117372283,954.4122117372283,954.4122117372283,954.4122117372283,954.4122117372283,954.4122117372283,954.4122117372283,954.4122117372283,953.2729235470082,953.1607521677485,953.1607521677485,953.1607521677485,953.1607521677485,953.1607521677485,953.1607521677485,953.1607521677485,952.5950536326261,952.5950536326261,952.5950536326261,952.5950536326261,952.5950536326261,952.5950536326261,952.5950536326261,952.5950536326261,952.5950536326261,952.5950536326261,952.5950536326261,952.5950536326261,952.5950536326261,952.5950536326261,952.5950536326261,952.5950536326261,952.5950536326261,952.5950536326261,952.5950536326261,952.5950536326261,952.5950536326261,952.5950536326261,950.9811508928059,950.9811508928059,950.9811508928059,947.1312989598314,947.1312989598314,947.1312989598314,947.1312989598314,947.1312989598314,947.1312989598314,947.1312989598314,947.1312989598314,947.1312989598314,947.1312989598314,947.1312989598314,947.1312989598314,947.1312989598314,947.1312989598314,947.1312989598314,947.1312989598314,947.1312989598314,947.1312989598314,947.1312989598314,947.1312989598314,947.1312989598314,947.1312989598314,947.1312989598314,947.1312989598314,947.1312989598314,947.1312989598314,947.1312989598314,947.1312989598314,947.1312989598314,947.1312989598314,947.1312989598314,947.1312989598314,947.1312989598314,947.1312989598314,943.1866198166441,943.1866198166441,943.1866198166441,943.1866198166441,943.1866198166441,943.1866198166441,943.1866198166441,943.1866198166441,943.1866198166441,943.1866198166441,943.1866198166441,942.2279875065775,942.2279875065775,942.2279875065775,942.2279875065775,942.2279875065775,938.8017875048923,938.8017875048923,938.8017875048923,938.8017875048923,938.8017875048923,938.8017875048923,938.8017875048923,938.8017875048923,938.8017875048923,938.8017875048923,938.8017875048923,938.8017875048923,938.7735119323137,938.7735119323137,938.7735119323137,938.7735119323137,938.7735119323137,938.7735119323137,938.7735119323137,938.7735119323137,938.7735119323137,938.7735119323137,928.8128478345501,928.8128478345501,928.8128478345501,928.8128478345501,928.8128478345501,928.8128478345501,928.8128478345501,922.1209625273372,922.1209625273372,922.1209625273372,922.1209625273372,922.1209625273372,922.1209625273372,922.1209625273372,922.1209625273372,922.1209625273372,917.7361302155854,917.7361302155854,917.7361302155854,917.7361302155854,917.7361302155854,917.7361302155854,917.7361302155854,917.7361302155854,917.7361302155854,917.7361302155854,917.7361302155854,917.7361302155854,917.7361302155854,917.7361302155854,917.7361302155854,917.7361302155854,914.7045575866681,914.7045575866681,914.7045575866681,914.7045575866681,914.7045575866681,914.7045575866681,914.7045575866681,914.7045575866681,914.7045575866681,914.7045575866681,914.7045575866681,914.7045575866681,914.7045575866681,914.7045575866681,914.7045575866681,914.7045575866681,914.7045575866681,914.7045575866681,914.7045575866681,914.7045575866681,914.7045575866681,914.7045575866681,914.7045575866681,914.7045575866681,914.7045575866681,914.7045575866681,914.7045575866681,914.7045575866681,914.7045575866681,914.7045575866681,914.7045575866681,914.7045575866681,914.7045575866681,914.7045575866681,914.7045575866681,914.7045575866681,914.7045575866681,914.7045575866681,914.7045575866681,914.7045575866681,914.7045575866681,914.7045575866681,914.7045575866681,914.7045575866681,914.7045575866681,914.7045575866681,914.7045575866681,914.7045575866681,914.7045575866681,914.7045575866681,914.7045575866681,914.7045575866681,914.7045575866681,914.7045575866681,914.7045575866681,914.7045575866681,914.7045575866681,914.7045575866681,914.7045575866681,914.7045575866681,914.7045575866681,911.9393355601304,911.9393355601304,911.9393355601304,911.9393355601304,911.9393355601304,911.9393355601304,911.9393355601304,911.9393355601304,911.9393355601304,911.9393355601304,911.9393355601304,911.9393355601304,911.9393355601304,911.9393355601304,911.9393355601304,911.9393355601304,911.9393355601304,911.9393355601304,911.9393355601304,911.9393355601304,911.9393355601304,911.9393355601304,911.9393355601304,911.9393355601304,911.9393355601304,911.9393355601304,911.9393355601304,911.9393355601304,911.9393355601304,911.9393355601304,911.9393355601304,911.9393355601304,911.9393355601304,911.9393355601304,911.9393355601304,911.9393355601304,911.9393355601304,911.9393355601304,911.9393355601304,911.9393355601304,911.9393355601304,911.9393355601304,911.9393355601304,911.9393355601304,911.9393355601304,911.9393355601304,911.9393355601304,911.9393355601304,911.9393355601304,911.9393355601304,911.9393355601304,911.9393355601304,911.9393355601304,911.9393355601304,911.9393355601304,911.9393355601304,911.9393355601304,911.9393355601304,911.9393355601304,911.9393355601304,911.9393355601304,911.9393355601304,911.9393355601304,911.9393355601304,911.9393355601304,911.9393355601304,911.9393355601304,911.9393355601304,911.9393355601304,911.9393355601304,911.9393355601304,911.9393355601304,911.9393355601304,911.9393355601304,911.9393355601304,911.9393355601304,911.9393355601304,911.9393355601304,911.9393355601304,911.9393355601304,911.9393355601304,911.9393355601304,911.9393355601304,911.9393355601304,911.9393355601304,911.9393355601304,911.9393355601304,911.9393355601304,911.9393355601304,911.9393355601304,911.9393355601304,911.9393355601304,911.9393355601304,911.9393355601304,911.9393355601304,911.9393355601304,911.9393355601304,911.9393355601304,911.9393355601304,911.9393355601304,911.9393355601304,911.9393355601304,911.9393355601304,911.9393355601304,911.9393355601304,911.9393355601304,911.9393355601304,911.9393355601304,911.9393355601304,911.9393355601304,911.9393355601304,911.9393355601304,911.9393355601304,911.9393355601304,911.9393355601304,911.9393355601304,911.9393355601304,911.9393355601304,911.9393355601304,911.9393355601304,911.9393355601304,911.9393355601304,911.9393355601304,911.9393355601304,911.9393355601304,911.9393355601304,911.9393355601304,911.9393355601304,911.9393355601304,911.9393355601304,911.9393355601304,911.9393355601304,911.9393355601304,911.9393355601304,911.9393355601304,911.9393355601304,911.9393355601304,911.9393355601304,911.9393355601304,911.9393355601304,911.9393355601304,911.9393355601304,911.9393355601304,