{"Optimal":1073,"benchmark":"A-n48-k7","front":[{"distance":1116.5336566436463,"fuel":1567.4779415568394,"trucks":[[30,22,31,47,14,25,5,12,43,10],[41,37,38,20,26,39],[28,16,9,40,27,21,4,8],[13,32,6,2,7,23,33],[15,3,11,34,29,35,46],[18,17,48,42],[19,45,36,44,24]]},{"distance":1117.243643782771,"fuel":1566.4849192619922,"trucks":[[30,22,31,47,14,25,5,12,43,10],[41,37,38,20,26,39],[28,16,9,40,27,21,4,8],[13,32,6,2,7,23,33],[15,3,11,34,29,35,46],[18,17,48,42],[19,45,36,24,44]]},{"distance":1117.31143439393,"fuel":1566.2114249951635,"trucks":[[30,22,31,47,14,25,5,12,43,10],[41,37,38,20,26,39],[28,16,9,40,27,21,4,8],[13,6,2,7,23,33],[15,3,11,34,29,35,46],[18,17,48,42],[19,45,36,32,44,24]]},{"trucks":[[30,22,31,47,14,25,5,12,43,10],[41,37,38,20,26,39],[28,16,9,40,27,21,4,8],[44,32,6,2,7,23,33],[15,3,11,34,29,35,46],[18,17,48,42],[19,45,36,24,13]],"distance":1118.2142065312482,"fuel":1564.3288122561667}]}