{"Optimal":1073,"benchmark":"A-n48-k7","front":[{"trucks":[[46,35,10,25,5,14,47,31,22,30],[38,20,39,26,4,21,27],[24,44,6,2,7],[41,8,28,16,9,40,12,43],[15,18,48,17],[19,45,36,37,33,23,32,13],[42,3,11,34,29]],"distance":1182.4783142422016,"fuel":1630.3465007651077},{"distance":1183.1087023397622,"trucks":[[46,35,10,25,5,14,47,31,22,30],[38,20,39,26,4,21,27],[24,44,32,6,2,7],[41,8,28,16,9,40,12,43],[15,18,48,17],[19,45,36,37,33,23,13],[42,3,11,34,29]],"fuel":1630.0940030902843}]}