{"Optimal":1073,"benchmark":"A-n48-k7","front":[{"distance":1147.7145004155523,"fuel":1609.4985027369573,"trucks":[[16,9,40,27,21,12,43],[7,23,39,20,26,4,38],[35,28,10,25,5,14,47,31,22,30],[42,3,11,34,29],[24,44,32,2,6,13],[19,45,36,33,37,46,8,41],[15,18,48,17]]},{"trucks":[[16,9,40,27,21,12,43],[7,23,39,20,26,4,38],[46,35,10,25,5,14,47,31,22,30],[42,3,11,34,29],[24,44,32,2,6,13],[19,45,36,33,37,8,28,41],[15,18,48,17]],"distance":1154.1926277899806,"fuel":1605.0943042299323}]}