{"optimalDistance":1010,"distanceSequence":[1147.1656156669662,1147.1656156669662,1147.1656156669662,1147.1656156669662,1147.1656156669662,1147.1656156669662,1147.1656156669662,1147.1656156669662,1147.1656156669662,1147.1656156669662,1147.1656156669662,1147.1656156669662,1147.1656156669662,1147.1656156669662,1147.1656156669662,1147.1656156669662,1147.1656156669662,1147.1656156669662,1147.1656156669662,1147.1656156669662,1147.1656156669662,1147.1656156669662,1147.1656156669662,1147.1656156669662,1147.1656156669662,1147.1656156669662,1147.1656156669662,1147.1656156669662,1147.1656156669662,1147.1656156669662,1147.1656156669662,1147.1656156669662,1147.1656156669662,1147.1656156669662,1145.2640288484083,1145.2640288484083,1145.2640288484083,1145.2640288484083,1145.2640288484083,1145.2640288484083,1145.2640288484083,1145.2640288484083,1145.2640288484083,1145.2640288484083,1145.2640288484083,1145.2640288484083,1145.2640288484083,1145.2640288484083,1145.2640288484083,1145.2640288484083,1145.2640288484083,1145.2640288484083,1145.2640288484083,1145.2640288484083,1145.2640288484083,1145.2640288484083,1145.2640288484083,1145.2640288484083,1145.2640288484083,1145.2640288484083,1145.2640288484083,1145.2640288484083,1145.2640288484083,1145.2640288484083,1145.2640288484083,1145.2640288484083,1145.2640288484083,1145.2640288484083,1145.2640288484083,1145.2640288484083,1140.2954633214083,1140.2954633214083,1140.2954633214083,1140.2954633214083,1140.2954633214083,1140.2954633214083,1140.2954633214083,1140.2954633214083,1140.2954633214083,1140.2954633214083,1140.2954633214083,1140.2954633214083,1140.2954633214083,1140.2954633214083,1140.2954633214083,1140.2954633214083,1140.2954633214083,1140.2954633214083,1140.2954633214083,1140.2954633214083,1140.2954633214083,1140.2954633214083,1140.2954633214083,1140.2954633214083,1140.2954633214083,1140.2954633214083,1140.2954633214083,1140.2954633214083,1140.2954633214083,1140.2954633214083,1140.2954633214083,1140.2954633214083,1140.2954633214083,1140.2954633214083,1140.2954633214083,1140.2954633214083,1140.2954633214083,1140.2954633214083,1140.2954633214083,1140.2954633214083,1140.2954633214083,1132.8883172114436,1132.8883172114436,1132.8883172114436,1132.8883172114436,1132.8883172114436,1132.8883172114436,1132.8883172114436,1132.8883172114436,1132.8883172114436,1132.8883172114436,1132.8883172114436,1132.8883172114436,1132.8883172114436,1121.2217664096866,1121.2217664096866,1121.2217664096866,1121.2217664096866,1121.2217664096866,1121.2217664096866,1121.2217664096866,1121.2217664096866,1121.2217664096866,1121.2217664096866,1121.2217664096866,1121.2217664096866,1121.2217664096866,1121.2217664096866,1121.2217664096866,1121.2217664096866,1121.2217664096866,1121.2217664096866,1121.2217664096866,1121.2217664096866,1121.2217664096866,1121.2217664096866,1121.2217664096866,1121.2217664096866,1117.4778453708532,1117.4778453708532,1117.4778453708532,1105.6034659638765,1105.6034659638765,1105.6034659638765,1105.6034659638765,1105.6034659638765,1105.6034659638765,1105.6034659638765,1105.6034659638765,1105.6034659638765,1105.6034659638765,1105.6034659638765,1105.6034659638765,1105.6034659638765,1105.6034659638765,1105.6034659638765,1105.6034659638765,1105.6034659638765,1105.6034659638765,1105.6034659638765,1105.6034659638765,1105.6034659638765,1105.6034659638765,1105.6034659638765,1105.6034659638765,1105.6034659638765,1105.6034659638765,1105.6034659638765,1105.6034659638765,1105.6034659638765,1105.6034659638765,1105.6034659638765,1105.6034659638765,1105.6034659638765,1105.6034659638765,1105.6034659638765,1105.6034659638765,1105.6034659638765,1105.6034659638765,1105.6034659638765,1105.6034659638765,1105.6034659638765,1105.6034659638765,1105.6034659638765,1105.6034659638765,1105.6034659638765,1105.6034659638765,1105.6034659638765,1105.6034659638765,1105.6034659638765,1105.6034659638765,1105.6034659638765,1105.6034659638765,1105.6034659638765,1105.6034659638765,1105.6034659638765,1105.6034659638765,1105.6034659638765,1105.6034659638765,1105.6034659638765,1105.6034659638765,1105.6034659638765,1105.6034659638765,1105.6034659638765,1105.6034659638765,1105.6034659638765,1105.6034659638765,1105.6034659638765,1105.6034659638765,1104.0099794653613,1104.0099794653613,1104.0099794653613,1104.0099794653613,1104.0099794653613,1104.0099794653613,1104.0099794653613,1104.0099794653613,1098.346246976414,1098.346246976414,1098.346246976414,1098.346246976414,1098.346246976414,1098.346246976414,1098.346246976414,1098.346246976414,1098.346246976414,1098.346246976414,1098.346246976414,1098.346246976414,1098.346246976414,1098.346246976414,1098.346246976414,1098.346246976414,1098.346246976414,1098.346246976414,1098.346246976414,1098.346246976414,1081.6807536806066,1081.6807536806066,1081.6807536806066,1081.6807536806066,1081.6807536806066,1081.6807536806066,1081.6807536806066,1081.6807536806066,1081.6807536806066,1081.6807536806066,1081.6807536806066,1081.6807536806066,1081.6807536806066,1081.6807536806066,1081.6807536806066,1081.6807536806066,1081.6807536806066,1081.6807536806066,1081.6807536806066,1081.6807536806066,1081.6807536806066,1081.6807536806066,1081.6807536806066,1081.6807536806066,1081.6807536806066,1081.6807536806066,1081.6807536806066,1081.6807536806066,1081.6807536806066,1081.6807536806066,1081.6807536806066,1081.6807536806066,1081.6807536806066,1081.6807536806066,1076.0170211916595,1076.0170211916595,1076.0170211916595,1076.0170211916595,1076.0170211916595,1076.0170211916595,1076.0170211916595,1076.0170211916595,1076.0170211916595,1076.0170211916595,1076.0170211916595,1076.0170211916595,1076.0170211916595,1076.0170211916595,1076.0170211916595,1076.0170211916595,1076.0170211916595,1076.0170211916595,1076.0170211916595,1076.0170211916595,1076.0170211916595,1076.0170211916595,1076.0170211916595,1076.0170211916595,1076.0170211916595,1076.0170211916595,1076.0170211916595,1076.0170211916595,1076.0170211916595,1076.0170211916595,1076.0170211916595,1076.0170211916595,1076.0170211916595,1076.0170211916595,1076.0170211916595,1076.0170211916595,1076.0170211916595,1076.0170211916595,1076.0170211916595,1076.0170211916595,1076.0170211916595,1076.0170211916595,1076.0170211916595,1076.0170211916595,1076.0170211916595,1076.0170211916595,1076.0170211916595,1076.0170211916595,1076.0170211916595,1076.0170211916595,1076.0170211916595,1076.0170211916595,1076.0170211916595,1076.0170211916595,1076.0170211916595,1076.0170211916595,1076.0170211916595,1076.0170211916595,1076.0170211916595,1076.0170211916595,1076.0170211916595,1076.0170211916595,1076.0170211916595,1076.0170211916595,1076.0170211916595,1076.0170211916595,1076.0170211916595,1076.0170211916595,1076.0170211916595,1076.0170211916595,1076.0170211916595,1076.0170211916595,1076.0170211916595,1076.0170211916595,1076.0170211916595,1076.0170211916595,1076.0170211916595,1076.0170211916595,1076.0170211916595,1076.0170211916595,1076.0170211916595,1076.0170211916595,1076.0170211916595,1076.0170211916595,1076.0170211916595,1076.0170211916595,1076.0170211916595,1076.0170211916595,1076.0170211916595,1076.0170211916595,1076.0170211916595,1076.0170211916595,1076.0170211916595,1076.0170211916595,1076.0170211916595,1076.0170211916595,1076.0170211916595,1074.5654121813234,1074.5654121813234,1074.5654121813234,1074.5654121813234,1074.5654121813234,1074.5654121813234,1074.5654121813234,1074.5654121813234,1074.5654121813234,1074.5654121813234,1074.5654121813234,1071.0298486535548,1071.0298486535548,1071.0298486535548,1071.0298486535548,1071.0298486535548,1071.0298486535548,1071.0298486535548,1071.0298486535548,1071.0298486535548,1071.0298486535548,1071.0298486535548,1071.0298486535548,1071.0298486535548,1070.6889994474573,1070.6889994474573,1070.6889994474573,1070.6889994474573,1070.6889994474573,1070.6889994474573,1070.6889994474573,1070.2818059281224,1070.2818059281224,1070.2818059281224,1070.2818059281224,1070.2818059281224,1070.2818059281224,1070.2818059281224,1070.2818059281224,1070.2818059281224,1070.2818059281224,