{"optimalDistance":1010,"fuelSequence":[1578.5063215887249,1578.5063215887249,1578.5063215887249,1578.5063215887249,1578.5063215887249,1578.5063215887249,1578.5063215887249,1578.5063215887249,1578.5063215887249,1578.5063215887249,1578.5063215887249,1578.5063215887249,1578.5063215887249,1578.5063215887249,1578.5063215887249,1578.5063215887249,1578.5063215887249,1578.5063215887249,1578.5063215887249,1578.5063215887249,1578.5063215887249,1578.5063215887249,1578.5063215887249,1578.5063215887249,1578.5063215887249,1578.5063215887249,1578.5063215887249,1578.5063215887249,1578.5063215887249,1578.5063215887249,1578.5063215887249,1578.5063215887249,1578.5063215887249,1578.5063215887249,1578.5063215887249,1578.5063215887249,1578.5063215887249,1578.5063215887249,1578.5063215887249,1578.5063215887249,1578.5063215887249,1578.5063215887249,1578.5063215887249,1578.5063215887249,1578.5063215887249,1578.5063215887249,1578.5063215887249,1578.5063215887249,1578.5063215887249,1578.5063215887249,1578.5063215887249,1578.5063215887249,1578.5063215887249,1578.5063215887249,1578.5063215887249,1578.5063215887249,1578.5063215887249,1578.5063215887249,1578.5063215887249,1578.5063215887249,1578.5063215887249,1578.5063215887249,1578.5063215887249,1578.5063215887249,1578.5063215887249,1578.5063215887249,1578.5063215887249,1578.5063215887249,1578.5063215887249,1578.5063215887249,1578.5063215887249,1578.5063215887249,1564.7275922383478,1564.7275922383478,1564.7275922383478,1564.7275922383478,1564.7275922383478,1564.7275922383478,1564.7275922383478,1564.7275922383478,1564.7275922383478,1564.7275922383478,1564.7275922383478,1563.9709545194896,1563.9709545194896,1563.9709545194896,1563.9709545194896,1563.9709545194896,1563.9709545194896,1563.9709545194896,1563.9709545194896,1563.9709545194896,1563.9709545194896,1563.9709545194896,1563.9709545194896,1563.9709545194896,1563.9709545194896,1563.9709545194896,1563.9709545194896,1563.9709545194896,1563.9709545194896,1563.9709545194896,1563.9709545194896,1563.9709545194896,1563.9709545194896,1563.9709545194896,1563.9709545194896,1563.9709545194896,1563.9709545194896,1563.9709545194896,1563.9709545194896,1563.9709545194896,1563.9709545194896,1563.9709545194896,1563.9709545194896,1563.9709545194896,1563.9709545194896,1563.9709545194896,1563.9709545194896,1563.9709545194896,1563.9709545194896,1563.9709545194896,1563.9709545194896,1563.9709545194896,1563.9709545194896,1563.9709545194896,1563.9709545194896,1563.9709545194896,1563.9709545194896,1563.9709545194896,1563.9709545194896,1563.9709545194896,1563.9709545194896,1563.9709545194896,1563.9709545194896,1563.9709545194896,1548.9351080978354,1548.9351080978354,1548.9351080978354,1548.9351080978354,1548.9351080978354,1548.9351080978354,1548.9351080978354,1548.9351080978354,1548.9351080978354,1548.9351080978354,1548.9351080978354,1548.9351080978354,1548.9351080978354,1548.9351080978354,1548.9351080978354,1548.9351080978354,1548.296710779945,1548.296710779945,1548.296710779945,1548.296710779945,1548.296710779945,1548.296710779945,1548.296710779945,1548.296710779945,1548.296710779945,1548.296710779945,1548.296710779945,1548.296710779945,1548.296710779945,1548.296710779945,1548.296710779945,1548.296710779945,1548.296710779945,1548.296710779945,1548.296710779945,1548.296710779945,1548.296710779945,1548.296710779945,1548.296710779945,1548.296710779945,1548.296710779945,1548.296710779945,1548.296710779945,1548.296710779945,1548.296710779945,1548.296710779945,1548.296710779945,1548.296710779945,1545.4217129894498,1545.4217129894498,1545.4217129894498,1545.4217129894498,1545.4217129894498,1545.4217129894498,1545.4217129894498,1545.4217129894498,1545.4217129894498,1525.8547610409446,1525.8547610409446,1525.8547610409446,1525.8547610409446,1525.8547610409446,1525.8547610409446,1525.8547610409446,1525.8547610409446,1525.8547610409446,1525.8547610409446,1525.8547610409446,1525.8547610409446,1525.8547610409446,1525.8547610409446,1525.8547610409446,1525.8547610409446,1525.8547610409446,1525.8547610409446,1525.8547610409446,1525.8547610409446,1525.8547610409446,1525.8547610409446,1525.8547610409446,1525.8547610409446,1525.8547610409446,1525.8547610409446,1525.8547610409446,1525.8547610409446,1525.8547610409446,1525.8547610409446,1525.8547610409446,1525.8547610409446,1525.8547610409446,1525.8547610409446,1525.8547610409446,1525.8547610409446,1525.8547610409446,1525.8547610409446,1525.8547610409446,1525.8547610409446,1525.8547610409446,1525.8547610409446,1525.8547610409446,1525.8547610409446,1525.8547610409446,1525.8547610409446,1525.8547610409446,1525.8547610409446,1525.8547610409446,1525.8547610409446,1525.8547610409446,1525.8547610409446,1525.8547610409446,1525.8547610409446,1525.8547610409446,1525.8547610409446,1525.8547610409446,1525.8547610409446,1525.8547610409446,1525.8547610409446,1525.8547610409446,1525.8547610409446,1525.8547610409446,1525.8547610409446,1525.8547610409446,1525.8547610409446,1525.8547610409446,1525.8547610409446,1525.8547610409446,1525.8547610409446,1525.8547610409446,1525.8547610409446,1525.8547610409446,1525.8547610409446,1525.8547610409446,1525.8547610409446,1525.8547610409446,1525.8547610409446,1525.8547610409446,1525.8547610409446,1525.8547610409446,1525.8547610409446,1525.8547610409446,1525.8547610409446,1525.8547610409446,1525.8547610409446,1525.8547610409446,1525.8547610409446,1525.8547610409446,1525.8547610409446,1525.8547610409446,1525.8547610409446,1525.8547610409446,1525.8547610409446,1525.8547610409446,1525.8547610409446,1525.8547610409446,1525.8547610409446,1525.8547610409446,1525.8547610409446,1525.8547610409446,1525.8547610409446,1525.8547610409446,1525.8547610409446,1525.8547610409446,1525.8547610409446,1525.8547610409446,1525.8547610409446,1525.8547610409446,1525.8547610409446,1525.8547610409446,1525.8547610409446,1525.8547610409446,1525.8547610409446,1525.8547610409446,1525.8547610409446,1525.8547610409446,1525.8547610409446,1525.8547610409446,1525.8547610409446,1525.8547610409446,1525.8547610409446,1525.8547610409446,1525.8547610409446,1525.8547610409446,1525.8547610409446,1525.8547610409446,1525.8547610409446,1525.8547610409446,1525.8547610409446,1525.8547610409446,1525.8547610409446,1525.8547610409446,1525.8547610409446,1525.8547610409446,1525.8547610409446,1525.8547610409446,1525.8547610409446,1525.8547610409446,1525.8547610409446,1525.8547610409446,1525.8547610409446,1525.8547610409446,1525.8547610409446,1525.8547610409446,1525.8547610409446,1525.8547610409446,1525.8547610409446,1525.8547610409446,1525.8547610409446,1525.8547610409446,1525.8547610409446,1525.8547610409446,1525.8547610409446,1525.8547610409446,1525.8547610409446,1525.8547610409446,1525.8547610409446,1525.8547610409446,1525.8547610409446,1525.8547610409446,1525.8547610409446,1509.8774698792456,1509.8774698792456,1509.8774698792456,1509.8774698792456,1509.8774698792456,1509.8774698792456,1509.8774698792456,1509.8774698792456,1509.8774698792456,1509.8774698792456,1509.8774698792456,1509.8774698792456,1509.8774698792456,1509.8774698792456,1509.8774698792456,1509.8774698792456,1509.8774698792456,1509.8774698792456,1509.8774698792456,1509.8774698792456,1509.8774698792456,1509.8774698792456,1509.8774698792456,1509.8774698792456,1509.8774698792456,1509.8774698792456,1509.8774698792456,1509.8774698792456,1509.8774698792456,1509.8774698792456,1509.8774698792456,1509.8774698792456,1509.8774698792456,1509.8774698792456,1509.8774698792456,1509.8774698792456,1509.8774698792456,1509.8774698792456,1509.8774698792456,1509.8774698792456,1509.8774698792456,1509.8774698792456,1509.8774698792456,1509.8774698792456,1509.8774698792456,1509.8774698792456,1509.8774698792456,1509.8774698792456,1509.8774698792456,1509.8774698792456,1509.8774698792456,1509.8774698792456,1509.8774698792456,1509.8774698792456,1509.8774698792456,1509.8774698792456,1509.8774698792456,1509.8774698792456,1509.8774698792456,1509.8774698792456,1509.8774698792456,1509.8774698792456,1509.8774698792456,1509.8774698792456,1509.8774698792456,