{"front":[{"distance":1076.690914300253,"trucks":[[52,39,19,41,27,11,50,30,45,31],[15,22,14,53,35,26,40],[48,8,13,46,49,43],[4,6,12,25,42,18,10],[34,7,21,32,5,23,29],[3,38,37,51,44,24,20,16,33,17,2],[9,47,36,28]],"fuel":1532.7314006467232}],"benchmark":"A-n53-k7","Optimal":1010}