{"optimalDistance":1312,"benchmark":"B-n50-k8","distanceSequence":[1414.1348991497573,1414.1348991497573,1414.1348991497573,1414.1348991497573,1414.1348991497573,1414.1348991497573,1414.1348991497573,1414.1348991497573,1414.1348991497573,1414.1348991497573,1414.1348991497573,1414.1348991497573,1414.1348991497573,1414.1348991497573,1414.1348991497573,1414.1348991497573,1414.1348991497573,1414.1348991497573,1414.1348991497573,1414.1348991497573,1414.1348991497573,1414.1348991497573,1414.1348991497573,1414.1348991497573,1414.1348991497573,1414.1348991497573,1414.1348991497573,1404.7363487765103,1404.7363487765103,1404.7363487765103,1394.8181753888196,1394.8181753888196,1394.8181753888196,1394.8181753888196,1394.8181753888196,1394.8181753888196,1394.8181753888196,1394.8181753888196,1394.8181753888196,1390.873058827246,1390.873058827246,1390.873058827246,1390.873058827246,1380.0672457927362,1380.0672457927362,1380.0672457927362,1380.0672457927362,1380.0672457927362,1380.0672457927362,1380.0672457927362,1380.0672457927362,1380.0672457927362,1380.0672457927362,1380.0672457927362,1380.0672457927362,1380.0672457927362,1375.1705867540377,1375.1705867540377,1375.1705867540377,1375.1705867540377,1375.1705867540377,1375.1705867540377,1375.1705867540377,1375.1705867540377,1375.1705867540377,1375.1705867540377,1375.1705867540377,1375.1705867540377,1375.1705867540377,1375.1705867540377,1375.1705867540377,1375.1705867540377,1375.1705867540377,1375.1705867540377,1375.1705867540377,1375.1705867540377,1375.1705867540377,1375.1705867540377,1375.1705867540377,1375.1705867540377,1375.1705867540377,1375.1705867540377,1375.1705867540377,1375.1705867540377,1375.1705867540377,1375.1705867540377,1375.1705867540377,1375.1705867540377,1375.1705867540377,1375.1705867540377,1375.1705867540377,1375.1705867540377,1375.1705867540377,1375.1705867540377,1375.1705867540377,1375.1705867540377,1375.1705867540377,1375.1705867540377,1374.4318654254869,1374.4318654254869,1374.4318654254869,1374.4318654254869,1374.4318654254869,1374.4318654254869,1374.4318654254869,1374.4318654254869,1374.4318654254869,1374.4318654254869,1374.4318654254869,1374.4318654254869,1374.4318654254869,1374.4318654254869,1374.4318654254869,1374.4318654254869,1374.4318654254869,1374.4318654254869,1374.4318654254869,1374.4318654254869,1374.4318654254869,1374.4318654254869,1374.4318654254869,1367.0829641508903,1367.0829641508903,1367.0829641508903,1367.0829641508903,1367.0829641508903,1367.0829641508903,1367.0829641508903,1367.0829641508903,1367.0829641508903,1367.0829641508903,1367.0829641508903,1367.0829641508903,1367.0829641508903,1367.0829641508903,1367.0829641508903,1367.0829641508903,1367.0829641508903,1367.0829641508903,1367.0829641508903,1367.0829641508903,1367.0829641508903,1367.0829641508903,1367.0829641508903,1367.0829641508903,1367.0829641508903,1367.0829641508903,1367.0829641508903,1367.0829641508903,1367.0829641508903,1367.0829641508903,1367.0829641508903,1367.0829641508903,1364.4659854891086,1364.4659854891086,1364.4659854891086,1364.4659854891086,1364.4659854891086,1364.4659854891086,1364.4659854891086,1364.4659854891086,1364.4659854891086,1364.4659854891086,1364.4659854891086,1364.4659854891086,1364.4659854891086,1364.4659854891086,1364.4659854891086,1364.4659854891086,1364.4659854891086,1364.4659854891086,1364.4659854891086,1364.4659854891086,1364.4659854891086,1364.4659854891086,1364.4659854891086,1364.4659854891086,1364.4659854891086,1357.1817041103643,1357.1817041103643,1357.1817041103643,1356.4471175742517,1356.4471175742517,1356.4471175742517,1356.4471175742517,1356.4471175742517,1356.4471175742517,1356.4471175742517,1356.4471175742517,1356.4471175742517,1356.4471175742517,1356.4471175742517,1356.4471175742517,1356.4471175742517,1356.4471175742517,1356.4471175742517,1356.4471175742517,1356.4471175742517,1356.4471175742517,1356.4471175742517,1356.4471175742517,1356.4471175742517,1356.4471175742517,1356.4471175742517,1356.4471175742517,1356.4471175742517,1356.4471175742517,1356.4471175742517,1356.4471175742517,1356.4471175742517,1356.4471175742517,1355.067927865287,1355.067927865287,1355.067927865287,1355.067927865287,1355.067927865287,1355.067927865287,1355.067927865287,1355.067927865287,1354.2782639292707,1354.2782639292707,1354.2782639292707,1354.2782639292707,1354.2782639292707,1354.2782639292707,1354.2782639292707,1354.2782639292707,1354.2782639292707,1354.2782639292707,1354.2782639292707,1354.2782639292707,1354.2782639292707,1354.2782639292707,1354.2782639292707,1354.2782639292707,1354.2782639292707,1354.2782639292707,1354.2782639292707,1354.2782639292707,1354.2782639292707,1354.2782639292707,1354.2782639292707,1354.2782639292707,1354.2782639292707,1354.2782639292707,1354.2782639292707,1354.2782639292707,1354.2782639292707,1354.2782639292707,1354.2782639292707,1354.2782639292707,1354.2782639292707,1354.2782639292707,1354.2782639292707,1354.2782639292707,1354.2782639292707,1354.2782639292707,1354.2782639292707,1354.2782639292707,1354.2782639292707,1354.2782639292707,1354.2782639292707,1354.2782639292707,1354.2782639292707,1354.2782639292707,1354.2782639292707,1354.2782639292707,1354.2782639292707,1354.2782639292707,1354.2782639292707,1354.2782639292707,1354.2782639292707,1354.2782639292707,1354.2782639292707,1354.2782639292707,1354.2782639292707,1354.2782639292707,1354.2782639292707,1354.2782639292707,1354.2782639292707,1354.2782639292707,1354.2782639292707,1354.2782639292707,1354.2782639292707,1354.2782639292707,1354.2782639292707,1354.2782639292707,1354.2782639292707,1354.2782639292707,1354.2782639292707,1354.2782639292707,1354.2782639292707,1354.2782639292707,1354.2782639292707,1348.0380419854491,1348.0380419854491,1348.0380419854491,1348.0380419854491,1348.0380419854491,1348.0380419854491,1348.0380419854491,1348.0380419854491,1348.0380419854491,1348.0380419854491,1348.0380419854491,1348.0380419854491,1348.0380419854491,1348.0380419854491,1348.0380419854491,1348.0380419854491,1348.0380419854491,1348.0380419854491,1348.0380419854491,1348.0380419854491,1348.0380419854491,1348.0380419854491,1348.0380419854491,1348.0380419854491,1348.038041985449,1348.038041985449,1348.038041985449,1348.038041985449,1348.038041985449,1348.038041985449,1348.038041985449,1348.038041985449,1348.038041985449,1348.038041985449,1347.9642516681176,1347.9642516681176,1347.9642516681176,1347.9642516681176,1347.9642516681176,1347.9642516681176,1347.9642516681176,1347.9642516681176,1347.9642516681176,1347.9642516681176,1347.9642516681176,1347.9642516681176,1347.9642516681176,1347.7861060832442,1347.7861060832442,1347.7861060832442,1347.7861060832442,1347.7861060832442,1347.7861060832442,1345.370036632607,1345.370036632607,1345.370036632607,1345.370036632607,1345.370036632607,1345.370036632607,1345.370036632607,1345.370036632607,1345.370036632607,1345.370036632607,1345.370036632607,1345.370036632607,1345.370036632607,1345.370036632607,1345.370036632607,1345.370036632607,1345.370036632607,1345.370036632607,1345.370036632607,1345.370036632607,1345.370036632607,1345.370036632607,1345.370036632607,1345.370036632607,1345.370036632607,1345.370036632607,1345.370036632607,1345.370036632607,1345.370036632607,1345.370036632607,1345.370036632607,1345.370036632607,1345.370036632607,1345.370036632607,1345.370036632607,1345.370036632607,1345.370036632607,1345.370036632607,1345.370036632607,1345.370036632607,1345.370036632607,1345.370036632607,1345.1181007304024,1345.1181007304024,1345.1181007304024,1345.1181007304024,1345.1181007304024,1345.1181007304024,1345.1181007304024,1345.1181007304024,1345.1181007304024,1345.1181007304024,1345.1181007304024,1345.1181007304024,1345.1181007304024,1345.1181007304024,1345.1181007304024,1345.1181007304024,1345.1181007304024,1345.1181007304024,1345.1181007304024,1345.1181007304024,1345.1181007304024,1345.1181007304024,1345.1181007304024,1345.1181007304024,1345.1181007304024,1345.1181007304024,1345.1181007304024,1345.1181007304024,1345.1181007304024,1345.1181007304024,1345.1181007304024,