{"optimalDistance":1312,"benchmark":"B-n50-k8","fuelSequence":[1969.1827288322575,1969.1827288322575,1969.1827288322575,1969.1827288322575,1969.1827288322575,1969.1827288322575,1969.1827288322575,1968.5963412370409,1968.5963412370409,1968.5963412370409,1932.202706519713,1932.202706519713,1932.202706519713,1932.202706519713,1932.202706519713,1932.202706519713,1932.202706519713,1932.202706519713,1932.202706519713,1932.202706519713,1932.202706519713,1932.202706519713,1932.202706519713,1932.202706519713,1932.202706519713,1932.202706519713,1932.202706519713,1932.202706519713,1932.202706519713,1932.202706519713,1932.202706519713,1932.202706519713,1932.202706519713,1932.202706519713,1932.202706519713,1932.202706519713,1932.202706519713,1932.202706519713,1932.202706519713,1932.202706519713,1932.202706519713,1932.202706519713,1932.202706519713,1932.202706519713,1932.202706519713,1932.202706519713,1932.202706519713,1932.202706519713,1932.202706519713,1932.202706519713,1932.202706519713,1932.202706519713,1932.202706519713,1932.202706519713,1932.202706519713,1932.202706519713,1932.202706519713,1932.202706519713,1932.202706519713,1932.202706519713,1932.202706519713,1932.202706519713,1932.202706519713,1932.202706519713,1932.202706519713,1932.202706519713,1932.202706519713,1932.202706519713,1932.202706519713,1932.202706519713,1932.202706519713,1932.202706519713,1932.202706519713,1932.202706519713,1932.202706519713,1932.202706519713,1932.202706519713,1932.202706519713,1932.202706519713,1932.202706519713,1932.202706519713,1932.202706519713,1932.202706519713,1932.202706519713,1932.202706519713,1932.202706519713,1932.202706519713,1929.080661240114,1929.080661240114,1929.080661240114,1929.080661240114,1929.080661240114,1929.080661240114,1929.080661240114,1929.080661240114,1929.080661240114,1929.080661240114,1929.080661240114,1929.080661240114,1929.080661240114,1929.080661240114,1929.080661240114,1929.080661240114,1929.080661240114,1929.080661240114,1929.080661240114,1929.080661240114,1929.080661240114,1929.080661240114,1929.080661240114,1929.080661240114,1929.080661240114,1929.080661240114,1929.080661240114,1929.080661240114,1929.080661240114,1929.080661240114,1929.080661240114,1929.080661240114,1929.080661240114,1929.080661240114,1926.1562506120165,1926.1562506120165,1926.1562506120165,1926.1562506120165,1926.1562506120165,1926.1562506120165,1926.1562506120165,1926.1562506120165,1926.1562506120165,1926.1562506120165,1926.1562506120165,1926.1562506120165,1926.1562506120165,1926.1562506120165,1926.1562506120165,1926.1562506120165,1926.1562506120165,1926.1562506120165,1926.1562506120165,1926.1562506120165,1926.1562506120165,1926.1562506120165,1926.1562506120165,1926.1562506120165,1926.1562506120165,1926.1562506120165,1926.1562506120165,1926.1562506120165,1926.1562506120165,1926.1562506120165,1926.1562506120165,1926.1562506120165,1926.1562506120165,1926.1562506120165,1926.1562506120165,1926.1562506120165,1926.1562506120165,1926.1562506120165,1926.1562506120165,1926.1562506120165,1926.1562506120165,1926.1562506120165,1926.1562506120165,1926.1562506120165,1926.1562506120165,1926.1562506120165,1926.1562506120165,1926.1562506120165,1926.1562506120165,1926.1562506120165,1926.1562506120165,1926.1562506120165,1926.1562506120165,1926.1562506120165,1926.1562506120165,1925.8377583157994,1925.8377583157994,1925.8377583157994,1925.8377583157994,1925.8377583157994,1925.8377583157994,1925.8377583157994,1925.8377583157994,1925.8377583157994,1925.8377583157994,1925.8377583157994,1925.8377583157994,1925.8377583157994,1925.8377583157994,1925.8377583157994,1925.8377583157994,1925.8377583157994,1925.8377583157994,1925.8377583157994,1925.8377583157994,1925.8377583157994,1925.8377583157994,1925.8377583157994,1925.8377583157994,1925.8377583157994,1925.8377583157994,1925.8377583157994,1925.8377583157994,1925.8377583157994,1925.8377583157994,1925.8377583157994,1925.8377583157994,1925.8377583157994,1925.8377583157994,1925.8377583157994,1925.8377583157994,1925.8377583157994,1925.8377583157994,1925.8377583157994,1925.8377583157994,1925.8377583157994,1925.8377583157994,1925.8377583157994,1925.8377583157994,1925.8377583157994,1925.8377583157994,1925.8377583157994,1925.8377583157994,1925.8377583157994,1925.8377583157994,1925.8377583157994,1925.8377583157994,1925.8377583157994,1925.8377583157994,1925.8377583157994,1925.8377583157994,1925.8377583157994,1925.8377583157994,1925.8377583157994,1925.8377583157994,1925.8377583157994,1925.8377583157994,1925.8377583157994,1925.8377583157994,1925.8377583157994,1925.8377583157994,1925.8377583157994,1925.8377583157994,1925.8377583157994,1925.8377583157994,1925.8377583157994,1925.8377583157994,1925.8377583157994,1925.8377583157994,1925.8377583157994,1925.8377583157994,1925.8377583157994,1925.8377583157994,1925.8377583157994,1925.8377583157994,1925.8377583157994,1925.8377583157994,1925.8377583157994,1925.8377583157994,1925.8377583157994,1925.8377583157994,1925.8377583157994,1925.8377583157994,1925.8377583157994,1925.8377583157994,1925.8377583157994,1925.8377583157994,1925.8377583157994,1925.8377583157994,1925.8377583157994,1925.8377583157994,1925.8377583157994,1925.8377583157994,1925.8377583157994,1925.8377583157994,1925.8377583157994,1925.8377583157994,1925.8377583157994,1925.8377583157994,1925.8377583157994,1925.8377583157994,1925.8377583157994,1925.8377583157994,1925.8377583157994,1925.8377583157994,1925.8377583157994,1921.3175490686942,1921.3175490686942,1921.3175490686942,1921.3175490686942,1921.3175490686942,1921.3175490686942,1921.3175490686942,1921.3175490686942,1921.3175490686942,1921.3175490686942,1921.3175490686942,1921.3175490686942,1921.3175490686942,1921.3175490686942,1921.3175490686942,1921.3175490686942,1921.3175490686942,1921.3175490686942,1921.3175490686942,1921.3175490686942,1921.3175490686942,1921.3175490686942,1921.3175490686942,1921.3175490686942,1921.3175490686942,1921.3175490686942,1921.3175490686942,1921.3175490686942,1921.3175490686942,1921.3175490686942,1921.3175490686942,1921.3175490686942,1921.3175490686942,1921.3175490686942,1921.3175490686942,1921.3175490686942,1921.3175490686942,1921.3175490686942,1921.3175490686942,1921.3175490686942,1921.3175490686942,1921.3175490686942,1921.3175490686942,1921.3175490686942,1921.3175490686942,1921.3175490686942,1921.3175490686942,1921.3175490686942,1921.3175490686942,1921.3175490686942,1921.3175490686942,1921.3175490686942,1921.3175490686942,1921.3175490686942,1921.3175490686942,1921.3175490686942,1921.3175490686942,1921.3175490686942,1921.3175490686942,1921.3175490686942,1921.3175490686942,1921.3175490686942,1921.3175490686942,1921.3175490686942,1921.3175490686942,1921.3175490686942,1921.3175490686942,1921.3175490686942,1921.3175490686942,1921.3175490686942,1921.3175490686942,1921.3175490686942,1921.3175490686942,1921.3175490686942,1921.3175490686942,1921.3175490686942,1921.3175490686942,1921.3175490686942,1921.3175490686942,1921.3175490686942,1921.3175490686942,1921.3175490686942,1921.3175490686942,1921.3175490686942,1921.3175490686942,1921.3175490686942,1921.3175490686942,1921.3175490686942,1921.3175490686942,1921.3175490686942,1921.3175490686942,1921.3175490686942,1921.3175490686942,1921.3175490686942,1921.3175490686942,1921.3175490686942,1921.3175490686942,1921.3175490686942,1921.3175490686942,1921.3175490686942,1921.3175490686942,1921.3175490686942,1921.3175490686942,1921.3175490686942,1921.3175490686942,1921.3175490686942,1921.3175490686942,1921.3175490686942,1921.3175490686942,1921.3175490686942,1921.3175490686942,1921.3175490686942,1921.3175490686942,1921.3175490686942,1921.3175490686942,1921.3175490686942,1921.3175490686942,1921.3175490686942,1921.3175490686942,1921.3175490686942,1921.3175490686942,1921.3175490686942,1921.3175490686942,1921.3175490686942,1921.3175490686942,1921.3175490686942,1921.3175490686942,1921.3175490686942,1921.3175490686942,1921.3175490686942,1921.3175490686942,1921.3175490686942,1921.3175490686942,1921.3175490686942,1921.3175490686942,1921.3175490686942,