{"optimalDistance":1312,"fuelSequence":[1982.3574313480528,1982.3574313480528,1982.3574313480528,1982.3574313480528,1982.3574313480528,1982.3574313480528,1982.3574313480528,1982.3574313480528,1982.3574313480528,1982.3574313480528,1982.3574313480528,1982.3574313480528,1982.3574313480528,1982.3574313480528,1982.3574313480528,1982.3574313480528,1982.3574313480528,1982.3574313480528,1982.3574313480528,1982.3574313480528,1982.3574313480528,1982.3574313480528,1982.3574313480528,1982.3574313480528,1982.3574313480528,1982.3574313480528,1972.7938768918902,1972.7938768918902,1972.7938768918902,1972.7938768918902,1972.7938768918902,1972.7938768918902,1972.7938768918902,1972.7938768918902,1972.7938768918902,1972.7938768918902,1972.7938768918902,1972.7938768918902,1972.7938768918902,1972.7938768918902,1972.7938768918902,1964.172439701455,1964.172439701455,1964.172439701455,1964.172439701455,1964.172439701455,1964.172439701455,1964.172439701455,1964.172439701455,1964.172439701455,1964.172439701455,1964.172439701455,1964.172439701455,1964.172439701455,1964.172439701455,1964.172439701455,1948.4301966738803,1948.4301966738803,1948.4301966738803,1948.4301966738803,1948.4301966738803,1948.4301966738803,1948.4301966738803,1942.9205426070948,1942.9205426070948,1942.9205426070948,1936.980992922897,1936.980992922897,1936.980992922897,1936.980992922897,1936.980992922897,1936.980992922897,1936.980992922897,1936.980992922897,1936.980992922897,1936.980992922897,1936.980992922897,1936.980992922897,1936.980992922897,1936.980992922897,1936.980992922897,1936.980992922897,1936.980992922897,1936.980992922897,1936.980992922897,1936.980992922897,1936.980992922897,1936.980992922897,1936.980992922897,1935.1094474075337,1924.4433507838405,1924.4433507838405,1924.4433507838405,1924.4433507838405,1924.4433507838405,1924.4433507838405,1924.4433507838405,1924.4433507838405,1924.4433507838405,1924.4433507838405,1924.4433507838405,1924.4433507838405,1924.4433507838405,1924.4433507838405,1924.4433507838405,1924.4433507838405,1924.4433507838405,1924.4433507838405,1924.4433507838405,1924.4433507838405,1924.4433507838405,1924.4433507838405,1924.4433507838405,1924.4433507838405,1923.8012373742288,1923.8012373742288,1923.8012373742288,1923.8012373742288,1923.8012373742288,1922.6537792123713,1922.6537792123713,1922.6537792123713,1922.6537792123713,1922.6537792123713,1922.6537792123713,1920.5825664488507,1920.5825664488507,1918.984291759234,1917.0355331040905,1917.0355331040905,1917.0355331040905,1917.0355331040905,1917.0355331040905,1917.0355331040905,1917.0355331040905,1917.0355331040905,1914.9643203405699,1914.9643203405699,1914.9643203405699,1914.9643203405699,1914.9643203405699,1914.9643203405699,1914.9643203405699,1914.9643203405699,1906.7146085364598,1906.7146085364598,1906.7146085364598,1906.7146085364598,1906.7146085364598,1906.7146085364598,1906.7146085364598,1906.7146085364598,1906.7146085364598,1906.7146085364598,1906.7146085364598,1906.7146085364598,1906.7146085364598,1906.7146085364598,1906.7146085364598,1906.7146085364598,1906.7146085364598,1906.7146085364598,1906.7146085364598,1906.7146085364598,1906.7146085364598,1906.7146085364598,1906.7146085364598,1906.7146085364598,1906.7146085364598,1906.7146085364598,1906.7146085364598,1906.7146085364598,1906.7146085364598,1906.7146085364598,1906.7146085364598,1906.7146085364598,1906.7146085364598,1906.7146085364598,1906.7146085364598,1906.7146085364598,1906.7146085364598,1906.7146085364598,1906.7146085364598,1906.7146085364598,1906.7146085364598,1906.7146085364598,1906.7146085364598,1906.7146085364598,1906.7146085364598,1906.7146085364598,1904.6707408905445,1904.6707408905445,1904.6707408905445,1904.6707408905445,1904.6707408905445,1904.6707408905445,1904.6707408905445,1904.6707408905445,1904.6707408905445,1904.6707408905445,1904.6707408905445,1904.6707408905445,1904.6707408905445,1904.6707408905445,1904.6707408905445,1904.6707408905445,1904.6707408905445,1904.6707408905445,1904.6707408905445,1904.6707408905445,1904.6707408905445,1904.6707408905445,1904.6707408905445,1904.6707408905445,1904.6707408905445,1904.6707408905445,1904.6707408905445,1904.6707408905445,1904.6707408905445,1904.6707408905445,1896.7651684802968,1896.7651684802968,1896.7651684802968,1896.7651684802968,1896.7651684802968,1896.7651684802968,1896.7651684802968,1896.7651684802968,1896.7651684802968,1896.7651684802968,1896.7651684802968,1896.7651684802968,1896.7651684802968,1896.7651684802968,1896.7651684802968,1896.7651684802968,1896.7651684802968,1896.7651684802968,1896.7651684802968,1895.8085864710315,1895.8085864710315,1895.8085864710315,1895.8085864710315,1895.8085864710315,1895.8085864710315,1895.8085864710315,1895.8085864710315,1895.8085864710315,1895.8085864710315,1895.8085864710315,1895.8085864710315,1895.8085864710315,1895.8085864710315,1895.8085864710315,1895.8085864710315,1895.8085864710315,1895.8085864710315,1894.4181140767541,1894.4181140767541,1894.4181140767541,1894.4181140767541,1894.4181140767541,1894.4181140767541,1894.4181140767541,1894.4181140767541,1894.4181140767541,1894.4181140767541,1894.4181140767541,1894.4181140767541,1894.4181140767541,1894.4181140767541,1894.4181140767541,1894.4181140767541,1891.9677906847583,1891.9677906847583,1891.9677906847583,1891.9677906847583,1891.9677906847583,1891.9677906847583,1891.9677906847583,1891.9677906847583,1891.9677906847583,1891.9677906847583,1891.9677906847583,1891.9677906847583,1891.9677906847583,1891.9677906847583,1891.9677906847583,1891.9677906847583,1891.9677906847583,1891.9677906847583,1891.9677906847583,1891.9677906847583,1891.9677906847583,1891.9677906847583,1891.9677906847583,1891.9677906847583,1891.9677906847583,1891.9677906847583,1891.9677906847583,1891.9677906847583,1891.9677906847583,1891.9677906847583,1891.9677906847583,1891.9677906847583,1891.9677906847583,1891.9677906847583,1891.9677906847583,1891.9677906847583,1891.9677906847583,1891.9677906847583,1891.9677906847583,1891.9677906847583,1891.9677906847583,1891.9677906847583,1891.391557305465,1891.391557305465,1891.391557305465,1891.391557305465,1891.391557305465,1891.391557305465,1891.391557305465,1891.391557305465,1891.391557305465,1891.391557305465,1891.391557305465,1891.391557305465,1891.391557305465,1891.391557305465,1891.391557305465,1891.391557305465,1890.6175253517895,1890.6175253517895,1890.6175253517895,1890.6175253517895,1890.6175253517895,1890.6175253517895,1890.6175253517895,1890.6175253517895,1890.6175253517895,1890.6175253517895,1890.6175253517895,1890.6175253517895,1890.6175253517895,1890.6175253517895,1890.6175253517895,1890.6175253517895,1890.6175253517895,1890.6175253517895,1890.6175253517895,1890.6175253517895,1890.6175253517895,1890.6175253517895,1890.6175253517895,1890.6175253517895,1890.6175253517895,1890.6175253517895,1890.6175253517895,1890.6175253517895,1890.6175253517895,1890.6175253517895,1890.6175253517895,1890.6175253517895,1890.6175253517895,1890.6175253517895,1890.6175253517895,1890.6175253517895,1890.6175253517895,1890.6175253517895,1890.6175253517895,1890.6175253517895,1890.6175253517895,1890.6175253517895,1890.6175253517895,1890.6175253517895,1890.6175253517895,1890.6175253517895,1890.6175253517895,1890.6175253517895,1890.6175253517895,1890.6175253517895,1890.6175253517895,1890.6175253517895,1890.6175253517895,1890.6175253517895,1890.6175253517895,1890.6175253517895,1890.6175253517895,1890.6175253517895,1890.6175253517895,1890.6175253517895,1890.6175253517895,1890.6175253517895,1890.504433189949,1890.504433189949,1890.504433189949,1890.504433189949,1890.504433189949,1890.504433189949,1890.504433189949,1890.504433189949,1890.504433189949,1890.504433189949,1890.504433189949,1890.504433189949,1890.504433189949,1890.504433189949,1890.504433189949,1890.504433189949,1890.504433189949,1890.504433189949,1890.504433189949,1890.504433189949,1890.504433189949,1890.504433189949,1890.2043809852817,1890.2043809852817,1890.2043809852817,1890.2043809852817,1890.2043809852817,1890.2043809852817,1890.2043809852817,1890.2043809852817,