{"front":[{"fuel":767.4209773498438,"distance":543.9414375168226,"trucks":[[39,10,35,22,30,21,36,37,4,23],[33,3,17,31,11,40,34,16,45],[15,26,14,42,41,20,43,18,38],[28,2,29,32,9,27,8,24,44,25,7],[19,5,13,6,12]]}],"benchmark":"P-n45-k5","Optimal":510}