{"front":[{"fuel":753.0336135186931,"distance":534.9178979989779,"trucks":[[6,39,10,31,35,22,30,17],[15,26,14,42,41,20,43,45],[2,23,29,32,9,27,8,24,44,25,7],[33,12,3,21,36,37,4,28],[19,5,18,38,16,34,40,11,13]]},{"fuel":738.2236098095655,"distance":535.4894869285257,"trucks":[[13,6,39,10,31,35,22,30,17],[15,26,14,42,41,20,43,45],[2,23,29,32,9,27,8,24,44,25,7],[33,12,3,21,36,37,4,28],[19,5,18,38,16,34,40,11]]}],"benchmark":"P-n45-k5","Optimal":510}