{"optimalDistance":861,"distanceSequence":[959.9732810954679,959.9732810954679,959.9732810954679,959.9732810954679,959.9732810954679,959.9732810954679,959.9732810954679,959.9732810954679,959.9732810954679,957.5070747221548,957.5070747221548,957.5070747221548,955.8484118323095,955.678020570441,955.678020570441,955.678020570441,955.678020570441,955.678020570441,950.8813292951047,950.8813292951047,950.8813292951047,950.8813292951047,950.8813292951047,950.8813292951047,950.8813292951047,950.8813292951047,950.8813292951047,950.8813292951047,950.8813292951047,950.8813292951047,948.8468570578273,948.8468570578273,948.8468570578273,948.8468570578273,948.8468570578273,948.8468570578273,948.8468570578273,948.8468570578273,948.8468570578273,948.8468570578273,948.8468570578273,948.8468570578273,948.8468570578273,948.8468570578273,948.8468570578273,948.8468570578273,948.8468570578273,948.8468570578273,948.8468570578273,947.5518876112737,947.5518876112737,947.5518876112737,947.5518876112737,947.5518876112737,947.5518876112737,947.5518876112737,947.5518876112737,947.5518876112737,947.5518876112737,947.5518876112737,947.5518876112737,947.5518876112737,947.5518876112737,947.5518876112737,945.4280046271941,945.4280046271941,945.4280046271941,945.4280046271941,945.4280046271941,945.4280046271941,945.4280046271941,945.4280046271941,945.4280046271941,945.4280046271941,944.1216611942677,944.1216611942677,944.1216611942677,944.1216611942677,944.1216611942677,944.1216611942677,944.1216611942677,944.1216611942677,944.1216611942677,944.1216611942677,944.1216611942677,944.1216611942677,944.1216611942677,944.1216611942677,944.1216611942677,942.4440163215324,942.4440163215324,942.4440163215324,942.4440163215324,942.4440163215324,941.720055512501,941.720055512501,941.720055512501,941.720055512501,941.720055512501,941.720055512501,941.720055512501,941.720055512501,941.720055512501,941.720055512501,941.720055512501,941.720055512501,941.720055512501,941.720055512501,941.720055512501,937.9335067241157,937.9335067241157,937.9335067241157,937.9335067241157,937.9335067241157,937.9335067241157,937.9335067241157,937.9335067241157,937.9335067241157,937.9335067241157,937.9335067241157,937.9335067241157,937.9335067241157,936.9233642371646,936.9233642371646,936.9233642371646,936.9233642371646,936.9233642371646,936.9233642371646,936.9233642371646,936.9233642371646,936.9233642371646,936.9233642371646,936.9233642371646,936.9233642371646,936.9233642371646,935.7233066123702,935.7233066123702,935.7233066123702,935.7233066123702,935.7233066123702,935.7233066123702,935.7233066123702,935.7233066123702,935.7233066123702,935.7233066123702,935.7233066123702,935.7233066123702,932.9603431227927,932.9603431227927,932.9603431227927,932.9603431227927,932.9603431227927,932.9603431227927,932.9603431227927,932.9603431227927,932.9603431227927,932.9603431227927,932.9603431227927,932.9603431227927,932.9603431227927,932.9603431227927,932.9603431227927,932.9603431227927,932.9603431227927,932.9603431227927,932.9603431227927,932.9603431227927,932.9603431227927,932.9603431227927,932.4386098580542,930.635787802456,930.635787802456,929.8822122367636,929.8822122367636,929.8822122367636,929.8822122367636,929.8822122367636,929.8822122367636,929.8822122367636,929.8822122367636,929.8822122367636,929.8822122367636,929.8822122367636,929.8822122367636,929.8822122367636,929.8822122367636,929.8822122367636,929.8822122367636,929.8822122367636,929.8822122367636,929.8822122367636,929.8822122367636,929.8822122367636,929.8822122367636,929.8822122367636,929.8822122367636,929.8822122367636,929.8822122367636,929.8600681166996,929.6071848621659,929.6071848621659,929.6071848621659,929.6071848621659,929.6071848621659,929.6071848621659,929.6071848621659,929.6071848621659,929.6071848621659,929.6071848621659,929.6071848621659,929.6071848621659,929.6071848621659,929.6071848621659,929.6071848621659,929.6071848621659,929.6071848621659,929.6071848621659,929.6071848621659,929.6071848621659,929.6071848621659,929.6071848621659,929.6071848621659,929.6071848621659,927.7724466372841,927.7724466372841,927.7724466372841,927.7724466372841,927.7724466372841,927.7724466372841,927.7724466372841,927.7724466372841,927.7724466372841,927.7724466372841,927.7724466372841,927.7724466372841,927.7724466372841,927.7724466372841,927.7724466372841,927.7724466372841,927.7724466372841,927.7724466372841,927.7724466372841,927.7724466372841,927.7724466372841,927.7724466372841,927.7724466372841,927.7724466372841,927.7724466372841,927.7724466372841,927.7724466372841,927.7724466372841,927.7724466372841,927.7724466372841,927.7724466372841,927.7724466372841,927.7724466372841,927.7724466372841,927.7724466372841,927.7724466372841,927.7724466372841,927.7724466372841,927.7724466372841,927.7724466372841,925.4607437903755,924.3314585418605,924.3314585418605,924.3314585418605,924.3314585418605,924.3314585418605,924.3314585418605,923.9284853339499,923.9284853339499,923.9284853339499,923.9284853339499,923.9284853339499,923.9284853339499,923.9284853339499,923.9284853339499,923.9284853339499,923.9284853339499,923.9284853339499,923.9284853339499,923.9284853339499,923.9284853339499,923.9284853339499,923.9284853339499,923.9284853339499,923.9284853339499,923.9284853339499,923.9284853339499,923.9284853339499,923.9284853339499,923.9284853339499,922.0197556949519,922.0197556949519,922.0197556949519,922.0197556949519,922.0197556949519,922.0197556949519,922.0197556949519,922.0197556949519,922.0197556949519,922.0197556949519,922.0197556949519,921.6167824870412,921.6167824870412,921.6167824870412,921.6167824870412,921.6167824870412,921.6167824870412,921.6167824870412,921.6167824870412,921.6167824870412,921.6167824870412,921.6167824870412,921.6167824870412,921.6167824870412,921.6167824870412,921.6167824870412,921.6167824870412,921.6167824870412,921.6167824870412,921.6167824870412,921.6167824870412,921.6167824870412,921.6167824870412,921.6167824870412,921.6167824870412,921.6167824870412,921.6167824870412,921.6167824870412,921.6167824870412,921.6167824870412,921.6167824870412,921.6167824870412,921.6167824870412,921.6167824870412,921.6167824870412,921.6167824870412,921.6167824870412,921.6167824870412,921.6167824870412,921.6167824870412,921.6167824870412,921.6167824870412,921.6167824870412,921.6167824870412,921.6167824870412,921.6167824870412,921.6167824870412,921.6167824870412,921.6167824870412,921.6167824870412,921.6167824870412,921.6167824870412,921.6167824870412,921.6167824870412,921.6167824870412,921.6167824870412,921.6167824870412,921.6167824870412,921.6167824870412,921.6167824870412,921.6167824870412,921.6167824870412,921.6167824870412,921.6167824870412,921.6167824870412,921.6167824870412,921.6167824870412,921.6167824870412,921.6167824870412,921.6167824870412,921.6167824870412,921.6167824870412,921.6167824870412,921.6167824870412,921.6167824870412,921.6167824870412,921.6167824870412,921.6167824870412,921.6167824870412,921.6167824870412,921.6167824870412,921.6167824870412,921.6167824870412,921.6167824870412,921.6167824870412,921.6167824870412,921.6167824870412,921.6167824870412,921.6167824870412,921.6167824870412,921.6167824870412,921.6167824870412,921.6167824870412,921.6167824870412,921.6167824870412,921.6167824870412,921.6167824870412,921.6167824870412,921.6167824870412,921.6167824870412,921.6167824870412,921.6167824870412,921.6167824870412,921.6167824870412,921.6167824870412,921.6167824870412,921.6167824870412,921.6167824870412,921.6167824870412,921.6167824870412,921.6167824870412,921.6167824870412,921.6167824870412,921.6167824870412,921.6167824870412,921.6167824870412,921.6167824870412,921.6167824870412,921.6167824870412,921.6167824870412,921.6167824870412,921.6167824870412,921.6167824870412,921.6167824870412,921.6167824870412,921.6167824870412,921.6167824870412,921.6167824870412,921.6167824870412,921.6167824870412,921.6167824870412,921.6167824870412,921.6167824870412,921.6167824870412,921.6167824870412,921.6167824870412,921.6167824870412,921.6167824870412,921.6167824870412,921.6167824870412,