{"Optimal":861,"front":[{"fuel":1326.8380487443258,"trucks":[[51,62,48,11,13],[24,26,43,64,3,40,27],[32,18,39,41,35,34],[17,14,57,29,12,30,19,10],[45,46,59,7,54,21,58],[8,31,42,55,9,22,28,47,2],[61,49,37,36,15,52,56,23],[38,20,16,25,6,5,60,4,33],[63,50,44,53]],"distance":921.6167824870412},{"fuel":1325.5327254473514,"distance":921.6297989554386,"trucks":[[51,62,48,11,13],[24,26,43,64,3,40,27],[32,18,39,41,35,34],[17,14,57,29,12,30,19,10],[45,46,59,54,7,21,58],[8,31,42,55,9,22,28,47,2],[61,49,37,36,15,52,56,23],[38,20,16,25,6,5,60,4,33],[63,50,44,53]]}],"benchmark":"B-n64-k9"}