{"benchmark":"B-n44-k7","Optimal":909,"front":[{"trucks":[[11,24,12],[7,22,35,38,42,5,14],[4,34,16,44,32,36],[3,37,15,27,25,40,28],[33,10,39,23,43,31,9],[6,18,41,2,13,29,26,21],[8,17,30,20,19]],"distance":950.4982745356986,"fuel":1347.0076895609795},{"distance":950.7214459123279,"trucks":[[11,24,12],[7,22,35,38,42,5,33],[4,34,16,44,32,36],[3,37,15,27,25,40,28],[14,9,31,43,23,39,10],[6,18,41,2,13,29,26,21],[8,17,30,20,19]],"fuel":1344.7656562638026},{"fuel":1344.4390415559333,"trucks":[[10,24,11],[7,22,35,38,42,5,33],[4,34,16,44,32,36],[3,37,15,27,25,40,28],[14,9,31,43,23,39,12],[6,18,41,2,13,29,26,21],[8,17,30,20,19]],"distance":951.9230053175065}]}