{"front":[{"distance":938.3286761774726,"fuel":1340.051282870315,"trucks":[[9,31,43,23,39,11],[3,37,15,27,25,40,36,16],[4,34,44,32,28,21],[6,18,41,2,13,29,26],[7,22,35,42,38,5,14],[20,12,24,10,33],[8,17,30,19]]},{"fuel":1338.862451618671,"distance":938.4672317860956,"trucks":[[9,31,43,23,39,11],[3,37,15,27,25,40,36,16],[4,34,44,32,28,21],[6,18,41,2,13,29,26],[7,22,35,42,38,5,14],[20,10,24,12,33],[8,17,30,19]]},{"distance":940.4344316616836,"fuel":1338.7630193388732,"trucks":[[9,31,43,23,39,11],[3,37,15,27,25,40,36,16],[4,34,44,32,28,21],[6,18,41,2,13,29,26],[7,22,35,42,38,5,14],[20,33,10,24,12],[8,17,30,19]]}],"benchmark":"B-n44-k7","Optimal":909}