{"benchmark":"B-n44-k7","front":[{"trucks":[[7,22,35,42,38,14,20],[4,34,44,32,28,21],[41,2,26,29,13,16,36],[6,18,3,37,15,40,25,27,10],[5,9,31,43,23,39,33],[11,24,12],[8,17,30,19]],"distance":930.0364801568242,"fuel":1330.8904074615832},{"distance":930.2263651592535,"trucks":[[7,22,35,38,42,14,20],[4,34,44,32,28,21],[41,2,26,29,13,16,36],[6,18,3,37,15,40,25,27,10],[33,5,9,31,43,23,39],[11,24,12],[8,17,30,19]],"fuel":1327.3414011558953},{"distance":932.3179800116501,"trucks":[[7,22,35,38,42,14,20],[4,34,44,32,28,21],[41,2,26,29,13,16,36],[6,18,3,37,15,40,25,27,12],[33,5,9,31,43,23,39],[10,24,11],[8,17,30,19]],"fuel":1325.0465967876462}],"Optimal":909}