{"front":[{"fuel":1834.8678117976285,"distance":1320.721271256062,"trucks":[[58,43,15,26,12,64,11,33,18],[63,57,40,9,60,21],[47,6,38,51,17,49,2,37],[19,32,54,10,31,52,4,45,20],[35,28,66,48,5,61,56],[23,59,67,69,42,46,36,14],[22,68,65,62,3,34,50,8],[13,30,41,39,24,16,7],[25,44,53,27,55,29]]}],"benchmark":"A-n69-k9","Optimal":1159}