{"benchmark":"A-n69-k9","front":[{"fuel":1824.3121713239395,"distance":1287.4489307528936,"trucks":[[17,38,33,18,11,37,2,49],[63,57,40,9,60,21,42],[58,43,15,26,12,64,47,6,51],[45,16,4,52,7,31,10,54,3,34,50],[30,41,39,69,46,36,14,67],[8,35,28,66,56,61,5,48],[59,23,13,44,53,55,27],[20,24,19,32,65,62],[25,29,22,68]]}],"Optimal":1159}