{"optimalDistance":529,"distanceSequence":[543.0770492219478,539.828121173384,539.828121173384,539.828121173384,538.7106014857836,537.3376472433563,537.3376472433563,537.3376472433562,535.467880943841,535.4678809438409,535.4678809438409,535.4678809438409,535.4678809438409,535.4678809438409,534.7828863283236,533.4099320858962,533.4099320858962,533.4099320858962,533.4099320858962,533.4099320858962,533.4099320858961,531.5401657863808,531.5401657863808,531.5401657863808,531.5401657863808,531.5401657863808,531.5401657863808,531.5401657863808,531.5401657863808,531.5401657863808,531.5401657863808,531.5401657863808,531.5401657863808,531.5401657863808,531.5401657863808,531.5401657863808,531.5401657863808,531.5401657863808,531.5401657863808,531.5401657863808,531.5401657863808,531.5401657863808,531.5401657863808,531.5401657863808,531.5401657863808,531.5401657863808,531.5401657863808,531.5401657863808,531.5401657863808,531.5401657863808,531.5401657863808,531.5401657863808,531.5401657863808,531.5401657863808,531.5401657863808,531.5401657863808,531.5401657863808,531.5401657863808,531.5401657863808,531.5401657863808,531.5401657863808,531.5401657863808,531.5401657863808,531.5401657863808,531.5401657863808,531.5401657863808,531.5401657863808,531.5401657863808,531.5401657863808,531.5401657863808,531.5401657863808,531.5401657863808,531.5401657863808,531.5401657863808,531.5401657863808,531.5401657863808,531.5401657863808,531.5401657863808,531.5401657863808,531.5401657863808,531.5401657863808,531.5401657863808,531.5401657863808,531.5401657863808,531.5401657863808,531.5401657863808,531.5401657863808,531.5401657863808,531.5401657863808,531.5401657863808,531.5401657863808,531.5401657863808,531.5401657863808,531.5401657863808,531.5401657863808,531.5401657863808,531.5401657863808,531.5401657863808,531.5401657863808,531.5401657863808,531.5401657863808,531.5401657863808,531.5401657863808,531.5401657863808,531.5401657863808,531.5401657863808,531.5401657863808,531.5401657863808,531.5401657863808,531.5401657863808,531.5401657863808,531.5401657863808,531.5401657863808,531.5401657863808,531.5401657863808,531.5401657863808,531.5401657863808,531.5401657863808,531.5401657863808,531.5401657863808,531.5401657863808,531.5401657863808,531.5401657863808,531.5401657863808,531.5401657863808,531.5401657863808,531.5401657863808,531.5401657863808,531.5401657863808,531.5401657863808,531.5401657863808,531.5401657863808,531.5401657863808,531.5401657863808,531.5401657863808,531.5401657863808,531.5401657863808,531.5401657863808,531.5401657863808,531.5401657863808,531.5401657863808,531.5401657863808,531.5401657863808,531.5401657863808,531.5401657863808,531.5401657863808,531.1738035458811,531.1738035458811,531.1738035458811,531.1738035458811,531.1738035458811,531.1738035458811,531.1738035458811,531.1738035458811,531.1738035458811,531.1738035458811,531.1738035458811,531.1738035458811,531.1738035458811,531.1738035458811,531.1738035458811,531.1738035458811,531.1738035458811,531.1738035458811,531.1738035458811,531.1738035458811,531.1738035458811,531.1738035458811,531.1738035458811,531.1738035458811,531.1738035458811,531.1738035458811,531.1738035458811,531.1738035458811,531.1738035458811,531.1738035458811,531.1738035458811,531.1738035458811,531.1738035458811,531.1738035458811,531.1738035458811,531.1738035458811,531.1738035458811,531.1738035458811,531.1738035458811,531.1738035458811,531.1738035458811,531.1738035458811,531.1738035458811,531.1738035458811,531.1738035458811,531.1738035458811,531.1738035458811,531.1738035458811,531.1738035458811,531.1738035458811,531.1738035458811,531.1738035458811,531.1738035458811,531.1738035458811,531.1738035458811,531.1738035458811,531.1738035458811,531.1738035458811,531.1738035458811,531.1738035458811,531.1738035458811,531.1738035458811,531.1738035458811,531.1738035458811,531.1738035458811,531.1738035458811,531.1738035458811,531.1738035458811,531.1738035458811,531.1738035458811,531.1738035458811,531.1738035458811,531.1738035458811,531.1738035458811,531.1738035458811,531.1738035458811,531.1738035458811,531.1738035458811,531.1738035458811,531.1738035458811,531.1738035458811,531.1738035458811,531.1738035458811,531.1738035458811,531.1738035458811,531.1738035458811,531.1738035458811,531.1738035458811,531.1738035458811,531.1738035458811,531.1738035458811,531.1738035458811,531.1738035458811,531.1738035458811,531.1738035458811,531.1738035458811,531.1738035458811,531.1738035458811,531.1738035458811,531.1738035458811,531.1738035458811,531.1738035458811,531.1738035458811,531.1738035458811,531.1738035458811,531.1738035458811,531.1738035458811,531.1738035458811,531.1738035458811,531.1738035458811,531.1738035458811,531.1738035458811,531.1738035458811,531.1738035458811,531.1738035458811,531.1738035458811,531.1738035458811,531.1738035458811,531.1738035458811,531.1738035458811,531.1738035458811,531.1738035458811,531.1738035458811,531.1738035458811,531.1738035458811,531.1738035458811,531.1738035458811,531.1738035458811,531.1738035458811,531.1738035458811,531.1738035458811,531.1738035458811,531.1738035458811,531.1738035458811,531.1738035458811,531.1738035458811,531.1738035458811,531.1738035458811,531.1738035458811,531.1738035458811,531.1738035458811,531.1738035458811,531.1738035458811,531.1738035458811,531.1738035458811,531.1738035458811,531.1738035458811,531.1738035458811,531.1738035458811,531.1738035458811,531.1738035458811,531.1738035458811,531.1738035458811,531.1738035458811,531.1738035458811,531.1738035458811,531.1738035458811,531.1738035458811,531.1738035458811,531.1738035458811,531.1738035458811,531.1738035458811,531.1738035458811,531.1738035458811,531.1738035458811,531.1738035458811,531.1738035458811,531.1738035458811,531.1738035458811,531.1738035458811,531.1738035458811,531.1738035458811,531.1738035458811,531.1738035458811,531.1738035458811,531.1738035458811,531.1738035458811,531.1738035458811,531.1738035458811,531.1738035458811,531.1738035458811,531.1738035458811,531.1738035458811,531.1738035458811,531.1738035458811,531.1738035458811,531.1738035458811,531.1738035458811,531.1738035458811,531.1738035458811,531.1738035458811,531.1738035458811,531.1738035458811,531.1738035458811,531.1738035458811,531.1738035458811,531.1738035458811,531.1738035458811,531.1738035458811,531.1738035458811,531.1738035458811,531.1738035458811,531.1738035458811,531.1738035458811,531.1738035458811,531.1738035458811,531.1738035458811,531.1738035458811,531.1738035458811,531.1738035458811,531.1738035458811,531.1738035458811,531.1738035458811,531.1738035458811,531.1738035458811,531.1738035458811,531.1738035458811,531.1738035458811,531.1738035458811,531.1738035458811,531.1738035458811,531.1738035458811,531.1738035458811,531.1738035458811,531.1738035458811,531.1738035458811,531.1738035458811,531.1738035458811,531.1738035458811,531.1738035458811,531.1738035458811,531.1738035458811,531.1738035458811,531.1738035458811,531.1738035458811,531.1738035458811,531.1738035458811,531.1738035458811,531.1738035458811,531.1738035458811,531.1738035458811,531.1738035458811,531.1738035458811,531.1738035458811,531.1738035458811,531.1738035458811,531.1738035458811,531.1738035458811,531.1738035458811,531.1738035458811,531.1738035458811,531.1738035458811,531.1738035458811,531.1738035458811,531.1738035458811,531.1738035458811,531.1738035458811,531.1738035458811,531.1738035458811,531.1738035458811,531.1738035458811,531.1738035458811,531.1738035458811,531.1738035458811,531.1738035458811,531.1738035458811,531.1738035458811,531.1738035458811,531.1738035458811,531.1738035458811,531.1738035458811,531.1738035458811,531.1738035458811,531.1738035458811,531.1738035458811,531.1738035458811,531.1738035458811,531.1738035458811,531.1738035458811,531.1738035458811,531.1738035458811,531.1738035458811,531.1738035458811,531.1738035458811,531.1738035458811,531.1738035458811,531.1738035458811,531.1738035458811,531.1738035458811,531.1738035458811,531.1738035458811,531.1738035458811,531.1738035458811,531.1738035458811,531.1738035458811,531.1738035458811,