{"Optimal":529,"front":[{"trucks":[[4,20,19],[18,10,14],[6,15,23],[5,8],[11,13,16,12],[17,9],[7,21,22],[3,2]],"fuel":769.9189761454238,"distance":531.1738035458811},{"trucks":[[17,9],[5,8],[4,20,19],[6,15,23],[18,10,14],[3,2],[22,7,21],[11,13,16,12]],"distance":531.5401657863808,"fuel":766.8545738176167},{"trucks":[[3,2],[4,19,20],[17,9],[5,8],[6,15,23],[18,10,14],[11,13,16,12],[22,7,21]],"distance":534.0306397164087,"fuel":766.5032150991401}],"benchmark":"P-n23-k8"}