{"front":[{"distance":531.1738035458811,"fuel":769.9189761454238,"trucks":[[5,8],[6,15,23],[7,21,22],[18,10,14],[4,20,19],[17,9],[11,13,16,12],[3,2]]},{"trucks":[[6,15,23],[5,8],[3,2],[4,20,19],[18,10,14],[22,7,21],[17,9],[11,13,16,12]],"distance":531.5401657863808,"fuel":766.8545738176167},{"fuel":766.5032150991401,"distance":534.0306397164087,"trucks":[[6,15,23],[11,13,16,12],[4,19,20],[5,8],[18,10,14],[17,9],[22,7,21],[3,2]]}],"benchmark":"P-n23-k8","Optimal":529}