{"Optimal":529,"benchmark":"P-n23-k8","front":[{"trucks":[[17,9],[7,21,22],[4,20,19],[6,15,23],[5,8],[18,10,14],[11,13,16,12],[3,2]],"fuel":769.9189761454238,"distance":531.1738035458811},{"fuel":766.8545738176167,"trucks":[[17,9],[5,8],[4,20,19],[6,15,23],[18,10,14],[11,13,16,12],[22,7,21],[3,2]],"distance":531.5401657863808},{"trucks":[[4,19,20],[6,15,23],[11,13,16,12],[5,8],[18,10,14],[17,9],[22,7,21],[3,2]],"fuel":766.5032150991401,"distance":534.0306397164087}]}