{"front":[{"fuel":769.9189761454238,"trucks":[[4,20,19],[11,13,16,12],[18,10,14],[5,8],[6,15,23],[7,21,22],[17,9],[3,2]],"distance":531.1738035458811},{"fuel":766.8545738176167,"distance":531.5401657863808,"trucks":[[3,2],[5,8],[6,15,23],[4,20,19],[11,13,16,12],[17,9],[18,10,14],[22,7,21]]},{"trucks":[[3,2],[4,19,20],[17,9],[11,13,16,12],[5,8],[6,15,23],[18,10,14],[22,7,21]],"distance":534.0306397164087,"fuel":766.5032150991401}],"Optimal":529,"benchmark":"P-n23-k8"}