{"benchmark":"B-n50-k7","optimalDistance":741,"distanceSequence":[814.0196080231051,814.0196080231051,814.0196080231051,814.0196080231051,814.0196080231051,814.0196080231051,814.0196080231051,814.0196080231051,814.0196080231051,812.3769300214112,812.3769300214112,810.1623851164923,810.1623851164923,810.1623851164923,810.1623851164923,810.1623851164923,806.5055308669998,806.5055308669998,806.5055308669998,805.0560108911009,805.0560108911009,805.0560108911009,805.0560108911009,805.0560108911009,805.0560108911009,804.8445081523905,801.9482958671638,801.9482958671638,801.9482958671638,801.9482958671638,801.9482958671638,800.4456468585063,800.4456468585063,800.4456468585063,800.4456468585063,800.4456468585063,800.3056178654701,800.3056178654701,800.3056178654701,798.8560978895712,798.8560978895712,797.876359516436,797.876359516436,797.4127086189372,796.3570133965563,796.3570133965563,795.9187972518146,795.9187972518146,795.9187972518146,794.1309575670682,794.1309575670682,794.1309575670682,794.1309575670682,793.5470597173614,793.4152525947936,791.6893479425635,791.6893479425635,790.0931307139933,790.0931307139933,790.0931307139933,788.8752650026752,788.8752650026752,788.8752650026752,788.8752650026752,788.8752650026752,788.8752650026752,788.8752650026752,788.6436107380944,787.2414663416957,787.2414663416957,784.4273834018074,784.4273834018074,784.4273834018074,784.4273834018074,784.4273834018074,784.4273834018074,784.4273834018074,784.4273834018074,784.4273834018074,784.4273834018074,784.1158914944834,784.1158914944834,784.1158914944834,784.1158914944834,784.1158914944834,784.1158914944834,784.1158914944834,784.1158914944834,780.1506235341895,780.1506235341895,780.1506235341895,780.1506235341895,780.1506235341895,780.1506235341895,780.1506235341895,780.1506235341895,780.1506235341895,780.1506235341895,780.1506235341895,780.1506235341895,780.1506235341895,780.1506235341895,780.1506235341895,777.7090139096848,777.7090139096848,777.7090139096848,777.7090139096848,777.7090139096848,777.7090139096848,777.7090139096848,777.7090139096848,777.7090139096848,777.7090139096848,777.7090139096848,777.7090139096848,777.4975111709746,777.4975111709746,777.4975111709746,777.4975111709746,777.4975111709746,777.4975111709746,777.4975111709746,777.4975111709746,777.4975111709746,777.4975111709746,777.4975111709746,777.4975111709746,777.4975111709746,777.4975111709746,777.4975111709746,777.4975111709746,777.4975111709746,777.4975111709746,777.4975111709746,777.4975111709746,777.4975111709746,777.4975111709746,777.4975111709746,777.4975111709746,777.4975111709746,777.4975111709746,777.4975111709746,777.4975111709746,777.4975111709746,777.4975111709746,777.4975111709746,777.4975111709746,777.4975111709746,777.4975111709746,777.4975111709746,777.4975111709746,777.4975111709746,777.4975111709746,777.4975111709746,777.4975111709746,777.4975111709746,777.4975111709746,777.4975111709746,777.4975111709746,777.4975111709746,777.4975111709746,777.4975111709746,777.4975111709746,777.4975111709746,777.4975111709746,777.4975111709746,777.4975111709746,777.4975111709746,777.4975111709746,777.4975111709746,777.4975111709746,777.4975111709746,777.4975111709746,777.4975111709746,777.4975111709746,777.4975111709746,777.4975111709746,777.4975111709746,777.4975111709746,777.4975111709746,777.4975111709746,777.4975111709746,777.4975111709746,777.4975111709746,777.0172990290681,777.0172990290681,777.0172990290681,777.0172990290681,777.0172990290681,777.0172990290681,777.0172990290681,777.0172990290681,777.0172990290681,777.0172990290681,777.0172990290681,777.0172990290681,776.2029941935991,776.2029941935991,776.2029941935991,776.2029941935991,776.2029941935991,776.2029941935991,776.2029941935991,776.2029941935991,776.2029941935991,776.2029941935991,776.2029941935991,776.2029941935991,776.2029941935991,776.2029941935991,776.2029941935991,776.2029941935991,776.2029941935991,775.6683755490886,775.6683755490886,775.6683755490886,775.6683755490886,775.6683755490886,775.6683755490886,775.6683755490886,775.6683755490886,775.6683755490886,775.6683755490886,775.6683755490886,775.6683755490886,775.6683755490886,775.6683755490886,775.6683755490886,775.6683755490886,775.6683755490886,775.6683755490886,775.6683755490886,775.4415795802342,775.4415795802342,775.4415795802342,775.4415795802342,775.4415795802342,775.4415795802342,775.4415795802342,775.4415795802342,775.4415795802342,775.4415795802342,775.4415795802342,775.4415795802342,775.4415795802342,775.4415795802342,775.4415795802342,775.4415795802342,775.4415795802342,775.2300768415241,775.2300768415241,775.2300768415241,775.2300768415241,775.2300768415241,775.2300768415241,775.2300768415241,775.2300768415241,775.2300768415241,775.2300768415241,775.2300768415241,775.2300768415241,775.2300768415241,774.6272747447654,774.6272747447654,774.6272747447654,774.6272747447654,774.6272747447654,774.6272747447654,774.6272747447654,774.6272747447654,774.6272747447654,774.6272747447654,774.6272747447654,774.6272747447654,774.6272747447654,774.6272747447654,774.6272747447654,774.6272747447654,774.6272747447654,774.6272747447654,774.6272747447654,774.6272747447654,774.6272747447654,774.6272747447654,774.6272747447654,774.6272747447654,774.6272747447654,774.6272747447654,774.6272747447654,774.6272747447654,774.6272747447654,774.6272747447654,774.6272747447654,774.6272747447654,774.6272747447654,774.6272747447654,774.6272747447654,774.6272747447654,774.6272747447654,774.6272747447654,774.6272747447654,774.6272747447654,774.6272747447654,774.6272747447654,774.6272747447654,774.6272747447654,774.0926561002548,774.0926561002548,774.0926561002548,774.0926561002548,774.0926561002548,774.0926561002548,774.0926561002548,774.0926561002548,774.0926561002548,774.0926561002548,774.0926561002548,774.0926561002548,774.0926561002548,774.0926561002548,774.0926561002548,774.0926561002548,774.0926561002548,774.0926561002548,774.0926561002548,774.0926561002548,774.0926561002548,774.0926561002548,774.0926561002548,774.0926561002548,774.0926561002548,774.0926561002548,774.0926561002548,774.0926561002548,774.0926561002548,774.0926561002548,774.0926561002548,774.0926561002548,774.0926561002548,774.0926561002548,774.0926561002548,774.0926561002548,774.0926561002548,774.0926561002548,774.0926561002548,774.0926561002548,774.0926561002548,774.0926561002548,774.0926561002548,774.0926561002548,774.0926561002548,774.0926561002548,774.0926561002548,774.0926561002548,774.0926561002548,774.0926561002548,774.0926561002548,774.0926561002548,773.8811533615446,773.8811533615446,773.8811533615446,773.8811533615446,773.8811533615446,773.8811533615446,773.8811533615446,773.8811533615446,773.8811533615446,773.8811533615446,773.8811533615446,773.8811533615446,773.8811533615446,773.8811533615446,773.8811533615446,773.8811533615446,773.8811533615446,773.8811533615446,773.8811533615446,773.8811533615446,773.8811533615446,773.8811533615446,773.8811533615446,773.8811533615446,773.8811533615446,773.8811533615446,773.8811533615446,773.8811533615446,773.8811533615446,773.8811533615446,773.8811533615446,773.8811533615446,773.8811533615446,773.8811533615446,773.8811533615446,773.8811533615446,773.8811533615446,773.8811533615446,773.8811533615446,773.8811533615446,773.8811533615446,773.8811533615446,773.8811533615446,773.8811533615446,773.8811533615446,773.8811533615446,773.8811533615446,773.8811533615446,773.8811533615446,773.8811533615446,773.8811533615446,773.8811533615446,773.8811533615446,773.8811533615446,773.8811533615446,773.8811533615446,773.8811533615446,773.8811533615446,773.8811533615446,773.8811533615446,773.8811533615446,773.8811533615446,773.8811533615446,773.8811533615446,773.8811533615446,773.8811533615446,773.8811533615446,773.8811533615446,773.8811533615446,773.8811533615446,773.8811533615446,773.8811533615446,773.8811533615446,773.8811533615446,773.8811533615446,773.8811533615446,773.8811533615446,773.8811533615446,773.8811533615446,773.8811533615446,773.8811533615446,773.8811533615446,