{"Optimal":741,"front":[{"distance":751.9071491642982,"trucks":[[41,29,33,7],[11,43,4,17,28,25,44,15,19,31,26],[39,40,27,14,2,5],[48,34,23,13,10,47,24,30,36],[46,37,6,21,9,12,38,22],[35,50,45,20,18,49,3,16],[42,32,8]],"fuel":1053.5066461457996}],"benchmark":"B-n50-k7"}