{"optimalDistance":1167,"benchmark":"A-n54-k7","fuelSequence":[1916.0671133962057,1916.0671133962057,1916.0671133962057,1916.0671133962057,1916.0671133962057,1916.0671133962057,1916.0671133962057,1916.0671133962057,1916.0671133962057,1916.0671133962057,1916.0671133962057,1916.0671133962057,1916.0671133962057,1916.0671133962057,1916.0671133962057,1916.0671133962057,1916.0671133962057,1916.0671133962057,1916.0671133962057,1916.0671133962057,1916.0671133962057,1916.0671133962057,1916.0671133962057,1916.0671133962057,1916.0671133962057,1916.0671133962057,1916.0671133962057,1916.0671133962057,1916.0671133962057,1916.0671133962057,1916.0671133962057,1916.0671133962057,1916.0671133962057,1916.0671133962057,1916.0671133962057,1916.0671133962057,1916.0671133962057,1916.0671133962057,1916.0671133962057,1916.0671133962057,1916.0671133962057,1916.0671133962057,1916.0671133962057,1916.0671133962057,1916.0671133962057,1916.0671133962057,1916.0671133962057,1916.0671133962057,1916.0671133962057,1916.0671133962057,1916.0671133962057,1916.0671133962057,1916.0671133962057,1916.0671133962057,1916.0671133962057,1916.0671133962057,1916.0671133962057,1916.0671133962057,1916.0671133962057,1916.0671133962057,1916.0671133962057,1916.0671133962057,1916.0671133962057,1916.0671133962057,1904.3314647771933,1904.3314647771933,1904.3314647771933,1904.3314647771933,1904.3314647771933,1904.3314647771933,1904.3314647771933,1904.3314647771933,1904.3314647771933,1904.3314647771933,1904.3314647771933,1904.3314647771933,1904.3314647771933,1904.3314647771933,1904.3314647771933,1904.3314647771933,1904.3314647771933,1904.3314647771933,1904.3314647771933,1904.3314647771933,1904.3314647771933,1904.3314647771933,1904.3314647771933,1904.3314647771933,1904.3314647771933,1904.3314647771933,1904.3314647771933,1904.3314647771933,1904.3314647771933,1904.3314647771933,1904.3314647771933,1904.3314647771933,1904.3314647771933,1904.3314647771933,1904.3314647771933,1904.3314647771933,1904.3314647771933,1904.3314647771933,1904.3314647771933,1904.3314647771933,1904.3314647771933,1904.3314647771933,1904.3314647771933,1903.8461389424172,1903.8461389424172,1903.8461389424172,1903.8461389424172,1903.8461389424172,1903.8461389424172,1903.8461389424172,1903.8461389424172,1903.8461389424172,1903.8461389424172,1903.8461389424172,1903.8461389424172,1903.8461389424172,1903.8461389424172,1903.8461389424172,1903.8461389424172,1903.8461389424172,1903.8461389424172,1903.8461389424172,1903.8461389424172,1903.8461389424172,1903.8461389424172,1903.8461389424172,1903.8461389424172,1903.8461389424172,1903.8461389424172,1903.8461389424172,1903.8461389424172,1903.8461389424172,1903.8461389424172,1903.8461389424172,1903.8461389424172,1903.8461389424172,1903.8461389424172,1903.8461389424172,1903.8461389424172,1903.8461389424172,1903.8461389424172,1903.8461389424172,1903.8461389424172,1903.8461389424172,1903.8461389424172,1903.8461389424172,1903.8461389424172,1903.8461389424172,1903.8461389424172,1903.8461389424172,1903.8461389424172,1903.8461389424172,1903.8461389424172,1903.8461389424172,1903.8461389424172,1903.8461389424172,1903.8461389424172,1903.8461389424172,1903.8461389424172,1903.8461389424172,1903.8461389424172,1903.8461389424172,1903.8461389424172,1903.8461389424172,1903.8461389424172,1903.8461389424172,1903.8461389424172,1903.8461389424172,1903.8461389424172,1903.8461389424172,1903.8461389424172,1872.320782297356,1872.320782297356,1872.320782297356,1872.320782297356,1872.320782297356,1872.320782297356,1872.320782297356,1872.320782297356,1872.320782297356,1872.320782297356,1872.320782297356,1872.320782297356,1872.320782297356,1872.320782297356,1872.320782297356,1872.320782297356,1872.320782297356,1872.320782297356,1872.320782297356,1872.320782297356,1872.320782297356,1872.320782297356,1872.320782297356,1872.320782297356,1872.320782297356,1872.320782297356,1872.320782297356,1872.320782297356,1872.320782297356,1872.320782297356,1872.320782297356,1872.320782297356,1872.320782297356,1872.320782297356,1872.320782297356,1872.320782297356,1872.320782297356,1872.320782297356,1872.320782297356,1872.320782297356,1872.320782297356,1872.320782297356,1872.320782297356,1872.320782297356,1872.320782297356,1872.320782297356,1872.320782297356,1872.320782297356,1872.320782297356,1872.320782297356,1872.320782297356,1872.320782297356,1872.320782297356,1872.320782297356,1872.320782297356,1872.320782297356,1872.320782297356,1872.320782297356,1872.320782297356,1872.320782297356,1872.320782297356,1872.320782297356,1872.320782297356,1872.320782297356,1872.320782297356,1872.320782297356,1872.320782297356,1872.320782297356,1872.320782297356,1872.320782297356,1872.320782297356,1872.320782297356,1872.320782297356,1872.320782297356,1872.320782297356,1872.320782297356,1872.320782297356,1872.320782297356,1872.320782297356,1872.320782297356,1872.320782297356,1872.320782297356,1872.320782297356,1872.320782297356,1872.320782297356,1872.320782297356,1872.320782297356,1872.320782297356,1872.320782297356,1872.320782297356,1872.320782297356,1872.320782297356,1872.320782297356,1872.320782297356,1872.320782297356,1872.320782297356,1872.320782297356,1872.320782297356,1872.320782297356,1872.320782297356,1872.320782297356,1872.320782297356,1872.320782297356,1872.320782297356,1872.320782297356,1872.320782297356,1872.320782297356,1872.320782297356,1872.320782297356,1872.320782297356,1872.320782297356,1872.320782297356,1872.320782297356,1872.320782297356,1872.320782297356,1872.320782297356,1872.320782297356,1872.320782297356,1872.320782297356,1872.320782297356,1872.320782297356,1872.320782297356,1872.320782297356,1872.320782297356,1872.320782297356,1872.320782297356,1872.320782297356,1872.320782297356,1872.320782297356,1872.320782297356,1872.320782297356,1872.320782297356,1872.320782297356,1872.320782297356,1872.320782297356,1872.320782297356,1872.320782297356,1872.320782297356,1872.320782297356,1872.320782297356,1872.320782297356,1872.320782297356,1872.320782297356,1872.320782297356,1872.320782297356,1872.320782297356,1872.320782297356,1872.320782297356,1872.320782297356,1872.320782297356,1872.320782297356,1872.320782297356,1872.320782297356,1872.320782297356,1872.320782297356,1872.320782297356,1872.320782297356,1872.320782297356,1872.320782297356,1872.320782297356,1872.320782297356,1872.320782297356,1872.320782297356,1872.320782297356,1872.320782297356,1872.320782297356,1872.320782297356,1872.320782297356,1872.320782297356,1872.320782297356,1872.320782297356,1872.320782297356,1872.320782297356,1872.320782297356,1872.320782297356,1872.320782297356,1872.320782297356,1872.320782297356,1872.320782297356,1872.320782297356,1872.320782297356,1872.320782297356,1872.320782297356,1872.320782297356,1872.320782297356,1872.320782297356,1872.320782297356,1872.320782297356,1872.320782297356,1872.320782297356,1872.320782297356,1872.320782297356,1872.320782297356,1872.320782297356,1872.320782297356,1872.320782297356,1872.320782297356,1872.320782297356,1872.320782297356,1872.320782297356,1872.320782297356,1872.320782297356,1872.320782297356,1872.320782297356,1872.320782297356,1872.320782297356,1872.320782297356,1872.320782297356,1872.320782297356,1872.320782297356,1869.8990648082536,1869.8990648082536,1869.8990648082536,1869.8990648082536,1869.8990648082536,1869.8990648082536,1869.8990648082536,1869.8990648082536,1869.8990648082536,1869.8990648082536,1869.8990648082536,1869.8990648082536,1869.8990648082536,1869.8990648082536,1869.8990648082536,1869.8990648082536,1869.8990648082536,1869.8990648082536,1869.8990648082536,1869.8990648082536,1869.8990648082536,1869.8990648082536,1869.8990648082536,1869.8990648082536,1869.8990648082536,1869.8990648082536,1869.8990648082536,1869.8990648082536,1869.8990648082536,1869.8990648082536,1869.8990648082536,1869.8990648082536,1869.8990648082536,1869.8990648082536,1869.8990648082536,1869.8990648082536,1869.8990648082536,1869.8990648082536,1869.8990648082536,1869.8990648082536,1869.8990648082536,1869.8990648082536,1869.8990648082536,