{"optimalDistance":1167,"distanceSequence":[1333.607641781387,1333.607641781387,1333.607641781387,1333.607641781387,1333.607641781387,1333.607641781387,1333.607641781387,1333.607641781387,1333.607641781387,1333.6076417813867,1333.6076417813867,1333.6076417813867,1333.6076417813867,1333.6076417813867,1333.6076417813867,1333.6076417813867,1333.6076417813867,1333.6076417813867,1333.6076417813867,1333.6076417813867,1333.6076417813867,1333.6076417813867,1333.6076417813867,1333.6076417813867,1333.6076417813867,1333.6076417813867,1333.6076417813867,1333.6076417813867,1333.6076417813867,1333.6076417813867,1333.6076417813867,1323.5333547764592,1323.5333547764592,1323.5333547764592,1323.5333547764592,1323.5333547764592,1323.5333547764592,1323.5333547764592,1323.5333547764592,1323.5333547764592,1323.5333547764592,1323.5333547764592,1323.5333547764592,1323.5333547764592,1323.5333547764592,1323.5333547764592,1323.5333547764592,1323.5333547764592,1323.5333547764592,1323.5333547764592,1323.5333547764592,1323.5333547764592,1323.5333547764592,1323.5333547764592,1323.5333547764592,1323.5333547764592,1323.5333547764592,1323.5333547764592,1323.5333547764592,1323.5333547764592,1323.5333547764592,1323.5333547764592,1323.5333547764592,1323.5333547764592,1323.5333547764592,1323.5333547764592,1323.5333547764592,1323.5333547764592,1323.5333547764592,1323.5333547764592,1323.5333547764592,1323.5333547764592,1323.5333547764592,1323.5333547764592,1323.5333547764592,1323.5333547764592,1323.5333547764592,1323.5333547764592,1323.5333547764592,1323.5333547764592,1323.5333547764592,1323.5333547764592,1323.5333547764592,1323.5333547764592,1323.5333547764592,1323.5333547764592,1323.5333547764592,1323.5333547764592,1323.5333547764592,1323.5333547764592,1323.5333547764592,1323.5333547764592,1323.5333547764592,1323.5333547764592,1323.5333547764592,1323.5333547764592,1323.5333547764592,1323.5333547764592,1323.5333547764592,1323.5333547764592,1323.5333547764592,1323.5333547764592,1323.5333547764592,1323.5333547764592,1323.5333547764592,1323.5333547764592,1323.5333547764592,1323.5333547764592,1323.5333547764592,1323.5333547764592,1323.5333547764592,1323.5333547764592,1323.5333547764592,1321.3509617401273,1321.3509617401273,1321.3509617401273,1321.3509617401273,1321.3509617401273,1321.3509617401273,1321.3509617401273,1321.3509617401273,1321.3509617401273,1321.3509617401273,1321.3509617401273,1321.3509617401273,1321.3509617401273,1321.3509617401273,1321.3509617401273,1321.3509617401273,1321.3509617401273,1321.3509617401273,1321.3509617401273,1321.3509617401273,1321.3509617401273,1321.3509617401273,1319.5982382388936,1319.5982382388936,1319.5982382388936,1319.5982382388936,1319.5982382388936,1319.5982382388936,1319.5982382388936,1319.5982382388936,1319.5982382388936,1319.5982382388936,1319.5982382388936,1319.5982382388936,1319.5982382388936,1319.5982382388936,1319.5982382388936,1319.5982382388936,1319.5982382388936,1319.5982382388936,1319.5982382388936,1319.5982382388936,1319.5982382388936,1319.5982382388936,1319.5982382388936,1317.9399088462608,1317.9399088462608,1317.9399088462608,1317.4158452025617,1317.4158452025617,1317.4158452025617,1317.4158452025617,1317.4158452025617,1316.9022816411284,1316.9022816411284,1316.9022816411284,1316.9022816411284,1316.9022816411284,1314.0428611072568,1314.0428611072568,1314.0428611072568,1314.0428611072568,1314.0428611072568,1314.0428611072568,1314.0428611072568,1314.0428611072568,1314.0428611072568,1314.0428611072568,1314.0428611072568,1314.0428611072568,1314.0428611072568,1314.0428611072568,1314.0428611072568,1314.0428611072568,1314.0428611072568,1314.0428611072568,1314.0428611072568,1314.0428611072568,1314.0428611072568,1314.0428611072568,1314.0428611072568,1314.0428611072568,1314.0428611072568,1314.0428611072568,1314.0428611072568,1314.0428611072568,1314.0428611072568,1314.0428611072568,1314.0428611072568,1314.0428611072568,1314.0428611072568,1314.0428611072568,1314.0428611072568,1314.0428611072568,1314.0428611072568,1314.0428611072568,1314.0428611072568,1314.0428611072568,1314.0428611072568,1314.0428611072568,1314.0428611072568,1314.0428611072568,1314.0428611072568,1314.0428611072568,1314.0428611072568,1314.0428611072568,1314.0428611072568,1310.1663454351474,1310.1663454351474,1310.1663454351474,1310.1663454351474,1310.1663454351474,1310.1663454351474,1310.1663454351474,1310.1663454351474,1310.1663454351474,1310.1663454351474,1310.1663454351474,1310.1663454351474,1310.1663454351474,1310.1663454351474,1310.1663454351474,1310.1663454351474,1310.1663454351474,1310.1663454351474,1310.1663454351474,1310.1663454351474,1310.1663454351474,1310.1663454351474,1310.1663454351474,1310.1663454351474,1310.1663454351474,1310.1663454351474,1310.1663454351474,1310.1663454351474,1310.1663454351474,1310.1663454351474,1310.1663454351474,1310.1663454351474,1310.1663454351474,1310.1663454351474,1307.8309885449748,1307.8309885449748,1307.8309885449748,1307.8309885449748,1307.8309885449748,1307.8309885449748,1307.8309885449748,1307.8309885449748,1306.4893079972787,1306.4893079972787,1306.4893079972787,1306.4893079972787,1306.4893079972787,1306.4893079972787,1304.1539511071062,1304.1539511071062,1304.1539511071062,1304.1539511071062,1304.1539511071062,1304.1539511071062,1304.1539511071062,1304.1539511071062,1304.1539511071062,1304.1539511071062,1304.1539511071062,1304.1539511071062,1304.1539511071062,1304.1539511071062,1304.1539511071062,1304.1539511071062,1304.1539511071062,1304.1539511071062,1304.1539511071062,1304.1539511071062,1304.1539511071062,1304.1539511071062,1304.1539511071062,1304.1539511071062,1304.1539511071062,1304.1539511071062,1304.1539511071062,1304.1539511071062,1304.1539511071062,1303.4214797761358,1303.4214797761358,1303.4214797761358,1303.4214797761358,1303.4214797761358,1303.4214797761358,1303.4214797761358,1303.4214797761358,1303.4214797761358,1303.4214797761358,1303.4214797761358,1303.4214797761358,1294.2326279560193,1294.2326279560193,1294.2326279560193,1291.8972710658468,1291.8972710658468,1291.8972710658468,1291.8972710658468,1291.8972710658468,1291.8972710658468,1291.8972710658468,1291.8972710658468,1291.8972710658468,1291.8972710658468,1291.8972710658468,1291.8972710658468,1291.8972710658468,1291.8972710658468,1291.8972710658468,1291.8972710658468,1291.8972710658468,1291.8972710658468,1291.8972710658468,1291.8972710658468,1291.8972710658468,1291.8972710658468,1291.8972710658468,1291.8972710658468,1291.8972710658468,1291.8972710658468,1291.8972710658468,1291.8972710658468,1291.8972710658468,1291.8972710658468,1291.8972710658468,1291.8972710658468,1291.8972710658468,1291.8972710658468,1291.8972710658468,1291.8972710658468,1291.8972710658468,1291.8972710658468,1291.8972710658468,1291.8972710658468,1291.1647997348764,1291.1647997348764,1291.1647997348764,1291.1647997348764,1291.1647997348764,1291.1647997348764,1291.1647997348764,1291.1647997348764,1291.1647997348764,1291.1647997348764,1291.1647997348764,1291.1647997348764,1291.1647997348764,1291.1647997348764,1291.1647997348764,1291.1647997348764,1291.1647997348764,1291.1647997348764,1291.1647997348764,1291.1647997348764,1291.1647997348764,1291.1647997348764,1291.1647997348764,1291.1647997348764,1291.1647997348764,1291.1647997348764,1291.1647997348764,1291.1647997348764,1291.1647997348764,1291.1647997348764,1291.1647997348764,1291.1647997348764,1291.1647997348764,1291.1647997348764,1291.1647997348764,1291.1647997348764,1291.1647997348764,1291.1647997348764,1291.1647997348764,1291.1647997348764,1291.1647997348764,1291.1647997348764,1291.1647997348764,1291.1647997348764,1291.1647997348764,1291.1647997348764,1291.1647997348764,1291.1647997348764,1291.1647997348764,1291.1647997348764,1291.1647997348764,1291.1647997348764,1291.1647997348764,1291.1647997348764,1291.1647997348764,1291.1647997348764,1291.1647997348764,1291.1647997348764,1291.1647997348764,1291.1647997348764,1291.1647997348764,1291.1647997348764,1291.1647997348764,1291.1647997348764,1291.1647997348764,1291.1647997348764,1291.1647997348764,