{"Optimal":1167,"benchmark":"A-n54-k7","front":[{"distance":1239.726885143741,"trucks":[[44,17,47,42,48,26,35,31],[5,29,6,8,40,51,50,21,24,19],[33,7,28,15,3,25,43,52],[12,54,23,4,14,53],[39,45,10,34,22],[36,16,11,18,27,46,2,37,30],[13,9,32,20,49,41,38]],"fuel":1773.9315756616768},{"distance":1242.5608245977721,"trucks":[[44,17,47,42,48,26,35,31],[5,29,6,8,40,51,50,30],[39,45,10,34,22],[16,36,11,18,27,46,2,37,21,24,19],[33,7,28,15,3,25,43,52],[12,54,23,4,14,53],[13,9,20,32,41,49,38]],"fuel":1771.3175801446216},{"distance":1249.319888014086,"trucks":[[44,17,47,42,48,26,35,31],[16,36,11,18,27,46,2,37,21,24,19],[39,45,10,34,22],[5,29,6,8,40,51,50,30],[33,7,28,15,3,25,43,52],[53,12,54,23,4,14],[13,9,20,32,49,41,38]],"fuel":1770.498723366522}]}