{"Optimal":1167,"benchmark":"A-n54-k7","front":[{"trucks":[[26,48,42,47,52,43,25,3,13],[18,27,46,22,34,10,4],[28,15,38,49,41,9],[21,24,30,16,36,11,2,37,50,40,6,19],[39,45,54,23],[31,53,17,7,14,12,20,32,33,35],[5,29,8,51,44]],"distance":1316.0931074355544,"fuel":1841.2904815874526}]}