{"benchmark":"A-n54-k7","Optimal":1167,"front":[{"fuel":1905.7772151760407,"trucks":[[37,2,18,27,46,22,34,12],[24,21,29,19,6,8,51,40,50,30,36,16],[13,38,49,41,9,20,32],[14,45,54,23,4],[3,15,28,25,43,52,47,42,26],[11,10,39,7,33,35,48],[5,44,17,53,31]],"distance":1315.8130738988202},{"fuel":1902.5514281964079,"trucks":[[37,2,18,27,46,22,34,12],[6,8,51,40,50,30,16,36,24,21,29,19],[28,38,49,41,9,20,32],[14,45,54,23,4],[3,15,13,25,43,52,47,42,26],[11,10,39,7,33,35,48],[5,44,17,53,31]],"distance":1315.9758369332897},{"fuel":1902.4622124980126,"trucks":[[19,6,29,2,18,46,27,39],[24,21,8,51,40,50,30,36,16,11,37],[13,38,49,41,32,20,9],[14,12,4,45,10,34,22],[53,33,28,15,3,25,43,52,47,42,35],[26,48,23,54],[5,44,17,7,31]],"distance":1325.0118057199584},{"fuel":1868.2748735738944,"trucks":[[28,15,3,13,49,41,32,14],[45,54,23,4,37],[38,9,20,12,39,10,46],[29,19,6,8,40,51,50,30,16,36,24,21],[11,2,18,27,22,34],[44,53,35,42,48,26,31],[5,17,7,33,47,52,43,25]],"distance":1338.7682018982819}]}