{"front":[{"trucks":[[13,38,49,41,32,9,20],[11,16,30,50,51,40,8,6,19],[31,35,42,47,52,43,25,3,28,15,33],[24,21,37,2,18,46,22,34,27],[36,45,54,4,23,14],[53,17,7,12,39,10],[29,5,44,48,26]],"fuel":1815.6597675616763,"distance":1281.593011472311}],"Optimal":1167,"benchmark":"A-n54-k7"}