{"Optimal":1167,"front":[{"distance":1330.6893330468479,"trucks":[[35,42,47,52,43,25,3,13,38,41,33],[5,29,6,8,40,51,50,30],[15,28,49,9,20,32,12],[45,54,23,4,46],[7,14,39,27,18,2,37,19],[44,21,24,36,16,11,22,34,10],[17,53,31,26,48]],"fuel":1862.6824308943187}],"benchmark":"A-n54-k7"}