{"Optimal":1167,"benchmark":"A-n54-k7","front":[{"trucks":[[44,48,26,31,17],[53,35,42,47,52,43,25,3,15,28],[5,29,6,8,40,51,50,30],[7,14,23,4,54],[45,39,22,34,10,12,33],[21,24,37,2,27,46,18,11,16,36,19],[13,38,9,20,32,49,41]],"fuel":1835.842431974927,"distance":1274.7364481523289},{"trucks":[[45,39,22,34,10,12,33],[5,29,6,8,40,51,50,30],[21,24,37,2,27,46,18,11,16,36,19],[31,35,42,47,52,43,25,3,15,28,14],[13,38,9,20,32,49,41],[44,53,17,48,26],[7,23,4,54]],"fuel":1816.545140196249,"distance":1278.6755551977349}]}