{"optimalDistance":742,"benchmark":"B-n43-k6","distanceSequence":[804.7038382531782,804.7038382531782,804.7038382531782,796.4625299465032,796.4625299465032,796.4625299465032,796.4625299465032,796.242900409296,789.6290169222392,789.6290169222392,789.6290169222392,788.625392835761,788.625392835761,788.625392835761,788.625392835761,788.625392835761,788.625392835761,784.6668209350969,784.6668209350969,784.6668209350969,784.6668209350969,784.6668209350969,784.6668209350969,784.6668209350969,784.6668209350969,784.6668209350969,783.7585385477418,782.4545228107619,782.4545228107619,782.4545228107619,782.4545228107619,778.2372864377547,778.2372864377547,778.2372864377547,778.2372864377547,778.2372864377547,778.2372864377547,778.2372864377547,778.2372864377547,778.2372864377547,778.2372864377547,778.2372864377547,778.2372864377547,778.2372864377547,778.2372864377547,778.2372864377547,778.2372864377547,777.3290040503996,777.3290040503996,777.3290040503996,773.9710956986302,773.9710956986302,773.9710956986302,773.9710956986302,773.9710956986302,772.1214329121307,771.9018033749234,771.9018033749234,770.7710055766653,770.7710055766653,770.7710055766653,770.7710055766653,770.7710055766653,770.7710055766653,770.7710055766653,768.9213427901657,768.9213427901657,768.9213427901657,768.9213427901657,768.9213427901657,768.9213427901657,768.9213427901657,768.9213427901657,768.9213427901657,768.9213427901657,768.7017132529585,768.7017132529585,768.7017132529585,768.7017132529585,768.7017132529585,768.7017132529585,768.7017132529585,768.7017132529585,768.7017132529585,768.7017132529585,768.7017132529585,768.7017132529585,768.7017132529585,768.7017132529585,766.8264135738042,766.8264135738042,766.8264135738042,766.8264135738042,766.8264135738042,766.8264135738042,766.8264135738042,765.822789487326,765.822789487326,765.822789487326,765.822789487326,765.822789487326,765.822789487326,765.822789487326,765.822789487326,764.9393759256864,764.9393759256864,764.9393759256864,764.9393759256864,764.9393759256864,764.9393759256864,764.9393759256864,764.9393759256864,764.9393759256864,764.9393759256864,764.9393759256864,764.9393759256864,764.9393759256864,764.9393759256864,764.9393759256864,764.9393759256864,764.9393759256864,764.9393759256864,764.9393759256864,764.9393759256864,764.9393759256864,764.9393759256864,764.9393759256864,764.9393759256864,764.9393759256864,764.9393759256864,764.9393759256864,764.9393759256864,764.9393759256864,764.9393759256864,764.9393759256864,764.9393759256864,764.9393759256864,764.9393759256864,764.9393759256864,764.9393759256864,764.9393759256864,764.9393759256864,764.9393759256864,764.9393759256864,764.9393759256864,764.9393759256864,764.9393759256864,764.9393759256864,764.9393759256864,764.9393759256864,764.9393759256864,764.9393759256864,764.9393759256864,764.9393759256864,764.9393759256864,764.9393759256864,764.9393759256864,764.9393759256864,764.9393759256864,764.9393759256864,764.9393759256864,764.9393759256864,764.9393759256864,764.9393759256864,764.9393759256864,764.9393759256864,764.9393759256864,764.9393759256864,764.9393759256864,764.9393759256864,764.9393759256864,764.9393759256864,764.9393759256864,764.9393759256864,764.9393759256864,764.9393759256864,764.9393759256864,764.9393759256864,764.9393759256864,764.9393759256864,764.9393759256864,764.9393759256864,764.9393759256864,764.9393759256864,764.9393759256864,764.9393759256864,764.9393759256864,764.9393759256864,764.9393759256864,764.9393759256864,764.9393759256864,764.9393759256864,764.9393759256864,764.9393759256864,764.9393759256864,764.9393759256864,764.9393759256864,764.9393759256864,764.9393759256864,764.9393759256864,764.9393759256864,764.9393759256864,764.9393759256864,764.9393759256864,764.9393759256864,764.9393759256864,764.9393759256864,764.9393759256864,764.9393759256864,764.9393759256864,764.9393759256864,764.9393759256864,764.9393759256864,764.9393759256864,764.9393759256864,764.9393759256864,764.9393759256864,764.9393759256864,764.9393759256864,764.9393759256864,764.9393759256864,764.9393759256864,764.9393759256864,764.9393759256864,764.9393759256864,764.9393759256864,764.9393759256864,764.9393759256864,764.9393759256864,764.9393759256864,764.9393759256864,764.9393759256864,764.9393759256864,764.9393759256864,764.9393759256864,764.9393759256864,764.9393759256864,764.9393759256864,764.9393759256864,764.9393759256864,764.9393759256864,764.9393759256864,764.9393759256864,764.9393759256864,764.9393759256864,764.9393759256864,764.9393759256864,764.9393759256864,764.9393759256864,764.9393759256864,764.9393759256864,764.9393759256864,764.9393759256864,764.9393759256864,764.9393759256864,764.9393759256864,764.9393759256864,764.9393759256864,764.9393759256864,764.9393759256864,764.9393759256864,764.9393759256864,764.9393759256864,764.9393759256864,764.9393759256864,764.9393759256864,764.9393759256864,764.9393759256864,764.9393759256864,764.9393759256864,764.9393759256864,764.9393759256864,764.9393759256864,764.9393759256864,764.9393759256864,764.9393759256864,764.9393759256864,764.9393759256864,764.9393759256864,764.9393759256864,764.9393759256864,764.9393759256864,764.9393759256864,764.6449155385116,764.6449155385116,764.6449155385116,764.6449155385116,764.6449155385116,764.6449155385116,764.6449155385116,764.6449155385116,764.6449155385116,764.6449155385116,764.6449155385116,764.6449155385116,764.6449155385116,764.6449155385116,764.6449155385116,764.6449155385116,764.6449155385116,764.6449155385116,763.0064479768432,763.0064479768432,763.0064479768432,763.0064479768432,763.0064479768432,763.0064479768432,763.0064479768432,763.0064479768432,763.0064479768432,763.0064479768432,763.0064479768432,763.0064479768432,763.0064479768432,763.0064479768432,763.0064479768432,763.0064479768432,763.0064479768432,763.0064479768432,763.0064479768432,763.0064479768432,763.0064479768432,763.0064479768432,763.0064479768432,763.0064479768432,763.0064479768432,763.0064479768432,763.0064479768432,763.0064479768432,763.0064479768432,763.0064479768432,763.0064479768432,763.0064479768432,763.0064479768432,763.0064479768432,763.0064479768432,763.0064479768432,763.0064479768432,763.0064479768432,763.0064479768432,763.0064479768432,762.975650109995,762.975650109995,762.975650109995,762.975650109995,762.975650109995,762.975650109995,762.975650109995,762.975650109995,762.975650109995,762.975650109995,762.975650109995,762.975650109995,762.975650109995,762.975650109995,762.975650109995,762.975650109995,762.975650109995,762.975650109995,762.975650109995,762.975650109995,762.975650109995,762.975650109995,762.975650109995,762.975650109995,762.975650109995,762.975650109995,762.975650109995,762.975650109995,762.975650109995,762.975650109995,762.975650109995,762.975650109995,762.975650109995,762.975650109995,762.975650109995,762.975650109995,762.975650109995,762.975650109995,762.975650109995,762.975650109995,762.975650109995,762.975650109995,762.975650109995,762.975650109995,762.975650109995,762.975650109995,762.975650109995,762.975650109995,762.975650109995,762.975650109995,762.975650109995,762.975650109995,762.975650109995,762.975650109995,762.975650109995,762.975650109995,762.975650109995,762.975650109995,762.975650109995,762.975650109995,762.975650109995,762.975650109995,762.975650109995,762.975650109995,762.975650109995,762.975650109995,762.975650109995,762.975650109995,762.975650109995,762.975650109995,762.975650109995,762.975650109995,762.975650109995,762.975650109995,762.975650109995,762.975650109995,762.975650109995,762.975650109995,762.975650109995,762.975650109995,762.975650109995,762.975650109995,762.975650109995,762.975650109995,762.975650109995,762.975650109995,762.975650109995,762.975650109995,762.975650109995,762.975650109995,762.975650109995,762.975650109995,762.975650109995,762.975650109995,762.975650109995,762.975650109995,762.975650109995,762.975650109995,762.975650109995,762.975650109995,762.975650109995,762.975650109995,762.975650109995,762.975650109995,762.975650109995,762.975650109995,