{"benchmark":"B-n43-k6","optimalDistance":742,"distanceSequence":[804.7050559625089,801.1707943257397,801.1707943257397,801.1707943257397,791.2954930546441,791.295493054644,791.295493054644,791.295493054644,791.295493054644,791.295493054644,791.295493054644,791.295493054644,791.295493054644,787.4910890452803,787.4910890452803,787.4910890452803,787.4910890452803,787.4910890452803,786.8105359150412,786.27873406907,786.27873406907,786.27873406907,786.27873406907,770.6608791985252,770.6608791985252,770.6608791985252,770.6608791985252,770.6608791985252,770.0906192028004,770.0906192028004,770.0906192028004,770.0906192028004,770.0906192028004,770.0906192028004,769.6848714391161,769.6848714391161,769.6848714391161,769.6848714391161,769.6848714391161,769.6848714391161,767.036477222969,767.036477222969,767.036477222969,767.036477222969,767.036477222969,767.036477222969,767.036477222969,767.036477222969,767.036477222969,767.036477222969,767.036477222969,765.7748366416607,765.7748366416607,765.7748366416607,765.7748366416607,765.2573654065092,765.2573654065092,765.2573654065092,765.2573654065092,765.2573654065092,765.2573654065092,765.2573654065092,764.7988288822518,764.7988288822518,764.7988288822518,764.7988288822518,764.7988288822518,764.7988288822518,764.7988288822518,764.7988288822518,764.7988288822518,764.7988288822518,764.7988288822518,764.7988288822518,764.7988288822518,764.7988288822518,763.5946634947557,763.5946634947557,763.5946634947557,763.5946634947557,763.5946634947557,763.5946634947557,763.5946634947557,763.5946634947557,763.5946634947557,763.5946634947557,763.5946634947557,763.5946634947557,763.5946634947557,763.5946634947557,763.5946634947557,763.5946634947557,763.5946634947557,763.5946634947557,763.5946634947557,763.5946634947557,763.5946634947557,763.5946634947557,763.5946634947557,763.5946634947557,763.5946634947557,763.5946634947557,763.5946634947557,763.5946634947557,763.5946634947557,763.5946634947557,763.5946634947557,763.5946634947557,763.5946634947557,763.5946634947557,763.5491136092367,763.5491136092367,763.5491136092367,763.5491136092367,763.5491136092367,763.5491136092367,763.5491136092367,763.5491136092367,763.5491136092367,763.5491136092367,763.5491136092367,763.5491136092367,763.5491136092367,763.5491136092367,763.5491136092367,763.5491136092367,763.5491136092367,763.5491136092367,763.5491136092367,763.5491136092367,763.5491136092367,763.5491136092367,763.5491136092367,763.5491136092367,763.5491136092367,763.5491136092367,763.5491136092367,763.5491136092367,763.5491136092367,763.5491136092367,763.5491136092367,763.5491136092367,763.5491136092367,763.5491136092367,763.5491136092367,763.5491136092367,763.5491136092367,763.5491136092367,763.5491136092367,763.5491136092367,763.5491136092367,763.5491136092367,763.5491136092367,763.5491136092367,763.5491136092367,763.5491136092367,763.5491136092367,763.5491136092367,763.5491136092367,763.5491136092367,763.5491136092367,763.5491136092367,763.5491136092367,763.5491136092367,763.5491136092367,763.5491136092367,763.5491136092367,763.5491136092367,763.5491136092367,763.5491136092367,763.5491136092367,763.5491136092367,763.5491136092367,763.5491136092367,763.5491136092367,763.5491136092367,763.5491136092367,763.5491136092367,763.5491136092367,763.5491136092367,763.5491136092367,763.5491136092367,763.5491136092367,763.5491136092367,763.5491136092367,763.5491136092367,763.5491136092367,763.5491136092367,763.5491136092367,763.5491136092367,763.5491136092367,763.5491136092367,763.5491136092367,763.5491136092367,763.5491136092367,763.5491136092367,763.5491136092367,763.5491136092367,763.5491136092367,763.5491136092367,763.5491136092367,763.5491136092367,763.5491136092367,763.5491136092367,763.5491136092367,763.5491136092367,763.5491136092367,763.5491136092367,763.5491136092367,763.5491136092367,763.5491136092367,763.5491136092367,763.5491136092367,763.5491136092367,763.5491136092367,763.5491136092367,763.5491136092367,763.5491136092367,763.5491136092367,763.5491136092367,763.5491136092367,763.5491136092367,763.5491136092367,763.5491136092367,763.5491136092367,763.5491136092367,763.5491136092367,763.5491136092367,763.5491136092367,763.5491136092367,763.5491136092367,763.5491136092367,763.5491136092367,763.5491136092367,763.5491136092367,763.5491136092367,763.5491136092367,763.5491136092367,763.5491136092367,763.5491136092367,763.5491136092367,763.5491136092367,763.5491136092367,763.5491136092367,763.5491136092367,763.5491136092367,763.5491136092367,763.5491136092367,763.5491136092367,763.5491136092367,763.5491136092367,763.5491136092367,763.5491136092367,763.5491136092367,763.5491136092367,763.5491136092367,763.5491136092367,763.5491136092367,763.5491136092367,763.5491136092367,763.5491136092367,763.5491136092367,763.5491136092367,763.5491136092367,763.5491136092367,763.5491136092367,763.5491136092367,763.5491136092367,763.5491136092367,763.5491136092367,763.5491136092367,763.5491136092367,763.5491136092367,763.5491136092367,763.5491136092367,763.5491136092367,763.5491136092367,763.5491136092367,763.5491136092367,763.5491136092367,763.5491136092367,761.9110937836759,761.9110937836759,761.9110937836759,761.9110937836759,761.9110937836759,761.9110937836759,761.9110937836759,761.9110937836759,761.7945608676778,761.7945608676778,761.7945608676778,761.7945608676778,761.7945608676778,761.7945608676778,761.7945608676778,761.7945608676778,761.7945608676778,761.7945608676778,761.7945608676778,761.7945608676778,761.7945608676778,761.7945608676778,761.5853877935452,761.5853877935452,761.5853877935452,761.5853877935452,761.5853877935452,761.5853877935452,761.5853877935452,761.5853877935452,761.5853877935452,761.5853877935452,761.5853877935452,761.5853877935452,761.5853877935452,761.5853877935452,761.5853877935452,761.5853877935452,761.5853877935452,761.5853877935452,761.5853877935452,761.5853877935452,761.5853877935452,761.5853877935452,761.5853877935452,761.5853877935452,761.5853877935452,761.5853877935452,761.5853877935452,761.5853877935452,761.5853877935452,761.5853877935452,761.5853877935452,761.5853877935452,761.5853877935452,761.5853877935452,761.5853877935452,761.5853877935452,761.5853877935452,761.5853877935452,761.5853877935452,761.5853877935452,761.5853877935452,761.5853877935452,761.5853877935452,761.5853877935452,761.5853877935452,761.5853877935452,761.5853877935452,761.5853877935452,761.5853877935452,761.5853877935452,761.5853877935452,761.5853877935452,761.5853877935452,761.5853877935452,761.5853877935452,761.5853877935452,761.5853877935452,761.5853877935452,761.5853877935452,761.5853877935452,761.5853877935452,761.5853877935452,761.5853877935452,761.5853877935452,761.5853877935452,761.5853877935452,761.5853877935452,761.5853877935452,761.5853877935452,761.5853877935452,761.5853877935452,761.5853877935452,761.5853877935452,761.5853877935452,761.5853877935452,761.5853877935452,761.5853877935452,761.5853877935452,761.5853877935452,761.5853877935452,761.5853877935452,761.5853877935452,761.5853877935452,761.5853877935452,761.5853877935452,761.5853877935452,761.5853877935452,761.5853877935452,761.5853877935452,761.5853877935452,761.5853877935452,761.5853877935452,761.5853877935452,761.5853877935452,761.5853877935452,761.5853877935452,761.5853877935452,761.5853877935452,761.5853877935452,761.5853877935452,761.5853877935452,761.5853877935452,761.5853877935452,761.5853877935452,761.5853877935452,761.5853877935452,761.5853877935452,761.5853877935452,761.5853877935452,761.5853877935452,761.5853877935452,761.5853877935452,761.5853877935452,761.5853877935452,761.5853877935452,761.5853877935452,761.5853877935452,761.5853877935452,761.5853877935452,761.5853877935452,761.5853877935452,761.5853877935452,761.5853877935452,761.5853877935452,761.5853877935452,761.5853877935452,761.5853877935452,761.5853877935452,761.5853877935452,761.5853877935452,761.5853877935452,761.5853877935452,761.5853877935452,761.5853877935452,761.5853877935452,761.5853877935452,761.5853877935452,761.5853877935452,761.5853877935452,