{"benchmark":"A-n61-k9","Optimal":1034,"front":[{"trucks":[[40,35,49,19,36,48,57,28,22,37,30],[26,7,9,6,55,47,3],[8,24,20,25,4,41],[15,39,11],[16,31,38,46,60,54],[56,5,27,44,33,43,34],[29,61,12,45,2,17],[23,13,51,14,18,58,53,32],[10,52,59,21,42,50]],"fuel":1617.5490441178297,"distance":1155.9944617865506}]}