{"benchmark":"A-n61-k9","Optimal":1034,"front":[{"trucks":[[26,7,54,6,55,47,3],[39,11,50],[9,42,21,30,37,22,28,57],[29,61,12,32,53,58,18,40],[35,17,49,19,36,48,59,41],[16,4,60,46,38,31,43],[13,23,5,27,44,33,34,10],[8,24,25,20,52],[15,56,51,14,45,2]],"distance":1114.8285194552243,"fuel":1588.8579503447763},{"fuel":1585.7767304291208,"distance":1115.5523461871046,"trucks":[[26,7,54,6,55,47,3],[39,11,50],[9,42,21,30,37,22,28,57],[29,61,12,32,53,58,18,40],[35,17,49,19,36,48,59,41],[16,4,60,46,38,31,43],[13,23,5,27,44,33,34,10],[8,24,20,25,52],[15,56,51,14,45,2]]}]}