{"benchmark":"A-n61-k9","Optimal":1034,"front":[{"fuel":1629.7482356616454,"trucks":[[29,61,12,45,2,17],[40,35,49,19,36,48,57,28,22,37,30],[25,4,16,31,38,46,47],[39,60,11,10],[9,3,55,6,42],[13,23,5,27,44,33,43,34],[15,8,24,20,41,26],[52,59,21,7,54,50],[56,51,14,18,58,53,32]],"distance":1171.534562568776},{"fuel":1626.1585827801298,"trucks":[[29,61,12,45,2,17],[40,35,49,19,36,48,57,28,22,37,30],[25,4,16,31,38,46,47],[39,60,11,10],[9,3,6,55,42],[13,23,5,27,44,33,43,34],[15,8,24,20,41,26],[52,59,21,7,54,50],[56,51,14,18,58,53,32]],"distance":1171.8433874836344},{"trucks":[[29,61,12,45,2,17],[40,35,49,19,36,48,57,28,22,37,30],[25,4,16,31,38,46,47],[39,60,11,10],[42,9,3,55,6],[13,23,5,27,44,33,43,34],[15,24,8,20,41,26],[52,59,21,7,54,50],[56,51,14,18,58,53,32]],"distance":1172.0952792241726,"fuel":1625.611723441163},{"fuel":1622.7086346728627,"trucks":[[29,61,12,45,2,17],[40,35,49,19,36,48,57,28,22,37,30],[25,4,16,31,38,46,47],[39,60,11,10],[42,9,3,6,55],[13,23,5,27,44,33,43,34],[15,8,24,20,41,26],[52,59,21,7,54,50],[56,51,14,18,58,53,32]],"distance":1173.1339037403263}]}