{"benchmark":"P-n40-k5","front":[{"distance":504.2357406813756,"trucks":[[17,22,30,21,36,37,4,29,32,27],[33,39,10,35,31,11,40,34,16],[13,38,18,5,20,14,26,15],[19,7,25,24,8,9,28],[6,12,3,23,2]],"fuel":714.9037076290463},{"fuel":714.6287580393664,"distance":505.8943866165704,"trucks":[[9,27,32,29,4,37,36,21,30,22],[10,35,31,40,11,34,16,38,18,5],[24,8,25,15,26,14,20],[12,6,39,17,3,23,2,33],[13,19,7,28]]},{"fuel":712.9450926746445,"trucks":[[17,22,30,21,36,37,4,29,32],[33,39,10,35,31,11,40,34,16],[13,38,18,5,20,14,26,15],[28,9,27,8,24,25,7],[19,6,12,3,23,2]],"distance":506.10847660894433},{"distance":507.37404417009145,"fuel":705.1103105796485,"trucks":[[17,22,30,21,36,37,4,29,32,27],[33,39,10,35,31,11,40,34,16],[15,26,14,20,5,18,38],[19,7,25,24,8,9,28],[13,6,12,3,23,2]]}],"Optimal":458}