{"Optimal":682,"front":[{"distance":818.4087362192176,"trucks":[[13,73,40,10,32,11,39,66,67,12],[3,31,75,49,48,70,37,72,61,71,21,38,6,30],[76,22,62,29,63,23,65,43,42,44,2,74],[46,28,53,35,47,8,36,9,55,14,58,16],[4,45,33,51,19,56,26,59],[27,68,5,20,60,15,54],[18,41,25,50,24,57,17,64,7,52,34,69]],"fuel":1149.109719891121}],"benchmark":"E-n76-k7"}