{"Optimal":682,"front":[{"fuel":1147.4175244620021,"distance":810.8955091566203,"trucks":[[27,13,41,33,45,4,17,64,34,3],[76,31,69,7,52,18],[59,11,32,56,26,51,19,25,50,24,57,42],[49,48,37,72,61,71,21,38,6,16,58,14,55,9,20],[5,46,30,28,53,35,47,36,8,73,40,10],[22,70,62,29,63,74,2,44,43,65,23,75],[68,15,60,54,67,66,12,39]]}],"benchmark":"E-n76-k7"}