{"Optimal":682,"front":[{"distance":801.7613259970004,"trucks":[[76,22,62,29,63,23,65,43,42,44,2,74],[17,64,24,57,50,25,19,51,26,56,32,11,7],[46,30,6,38,21,71,61,72,37,70,48,49,75,31],[10,40,73,59,39,66,67,60,15],[8,36,54,12,20,55,14,58,16,27],[68,9,47,35,53,28,5],[13,41,33,45,4,18,52,3,69,34]],"fuel":1137.2852965351024}],"benchmark":"E-n76-k7"}