{"optimalDistance":212,"distanceSequence":[236.50422183588125,236.50422183588125,236.50422183588125,236.50422183588125,236.50422183588125,236.50422183588125,236.50422183588125,236.50422183588125,236.50422183588125,236.50422183588125,236.50422183588125,236.50422183588125,236.50422183588125,236.50422183588125,236.50422183588125,236.50422183588125,236.50422183588125,236.50422183588125,236.50422183588125,236.50422183588125,236.50422183588125,236.50422183588125,236.50422183588125,236.50422183588125,236.50422183588125,236.50422183588125,236.50422183588125,236.50422183588125,236.50422183588125,236.50422183588125,236.50422183588125,236.50422183588125,236.50422183588125,236.50422183588125,236.50422183588125,236.50422183588125,236.50422183588125,236.50422183588125,236.50422183588125,236.50422183588125,236.50422183588125,236.50422183588125,236.50422183588125,236.50422183588125,236.50422183588125,236.50422183588125,236.50422183588125,236.50422183588125,236.50422183588125,236.50422183588125,236.50422183588125,236.50422183588125,236.50422183588125,236.50422183588125,236.50422183588125,236.50422183588125,236.50422183588125,236.50422183588125,236.50422183588125,236.50422183588125,236.50422183588125,236.50422183588125,236.50422183588125,236.50422183588125,236.50422183588125,236.50422183588125,236.50422183588125,236.50422183588125,236.50422183588125,236.50422183588125,236.50422183588125,236.50422183588125,236.50422183588125,236.50422183588125,236.50422183588125,236.50422183588125,236.50422183588125,236.50422183588125,236.50422183588125,236.50422183588125,236.50422183588125,236.50422183588125,236.50422183588125,236.50422183588125,236.50422183588125,230.67805501165566,230.67805501165566,230.67805501165566,230.67805501165566,230.67805501165566,230.67805501165566,230.67805501165566,230.67805501165566,230.67805501165566,230.67805501165566,230.67805501165566,230.67805501165566,230.67805501165566,230.67805501165566,230.67805501165566,230.67805501165566,230.67805501165566,230.67805501165566,230.67805501165566,230.67805501165566,230.67805501165566,230.67805501165566,230.67805501165566,230.67805501165566,230.67805501165566,230.67805501165566,230.67805501165566,230.67805501165566,230.67805501165566,230.67805501165566,230.67805501165566,230.67805501165566,230.67805501165566,230.67805501165566,230.67805501165566,230.67805501165566,230.67805501165566,230.67805501165566,230.67805501165566,230.67805501165566,230.67805501165566,230.67805501165566,230.67805501165566,230.67805501165566,230.67805501165566,230.67805501165566,230.67805501165566,230.67805501165566,230.67805501165566,230.67805501165566,230.67805501165566,230.67805501165566,230.67805501165566,230.67805501165566,230.67805501165566,230.67805501165566,230.67805501165566,230.67805501165566,230.67805501165566,230.67805501165566,230.67805501165566,230.67805501165566,230.67805501165566,230.67805501165566,230.67805501165566,230.67805501165566,230.67805501165566,230.67805501165566,230.67805501165566,227.41425327507756,227.41425327507756,227.41425327507756,227.41425327507756,227.41425327507756,227.41425327507756,227.41425327507756,227.41425327507756,227.41425327507756,227.41425327507756,227.41425327507756,227.41425327507756,227.41425327507756,227.41425327507756,227.41425327507756,227.41425327507756,227.41425327507756,227.41425327507756,227.41425327507756,227.41425327507756,227.41425327507756,227.41425327507756,227.41425327507756,227.41425327507756,227.41425327507756,227.41425327507756,227.41425327507756,227.41425327507756,227.41425327507756,227.41425327507756,227.41425327507756,227.41425327507756,227.41425327507756,227.41425327507756,227.41425327507756,227.41425327507756,227.41425327507756,227.41425327507756,227.41425327507756,227.41425327507756,227.41425327507756,227.41425327507756,227.41425327507756,227.41425327507756,227.41425327507756,227.41425327507756,227.41425327507756,227.41425327507756,227.41425327507756,227.41425327507756,227.41425327507756,227.41425327507756,227.41425327507756,227.41425327507756,227.41425327507756,227.41425327507756,227.41425327507756,227.41425327507756,227.41425327507756,227.41425327507756,227.41425327507756,227.41425327507756,227.41425327507756,227.41425327507756,227.41425327507756,227.41425327507756,227.41425327507756,227.41425327507756,227.41425327507756,227.41425327507756,227.41425327507756,227.41425327507756,227.41425327507756,227.41425327507756,227.41425327507756,227.41425327507756,227.41425327507756,227.41425327507756,227.41425327507756,227.41425327507756,227.41425327507756,227.41425327507756,227.41425327507756,227.41425327507756,227.41425327507756,227.41425327507756,227.41425327507756,227.41425327507756,227.41425327507756,227.41425327507756,225.46255645136722,225.46255645136722,225.46255645136722,225.46255645136722,225.46255645136722,225.46255645136722,225.46255645136722,225.46255645136722,225.46255645136722,225.46255645136722,225.46255645136722,225.46255645136722,225.46255645136722,225.46255645136722,225.46255645136722,225.46255645136722,225.46255645136722,225.46255645136722,225.46255645136722,225.46255645136722,225.46255645136722,225.46255645136722,225.46255645136722,225.46255645136722,225.46255645136722,225.46255645136722,225.46255645136722,225.46255645136722,225.46255645136722,225.46255645136722,225.46255645136722,225.46255645136722,225.46255645136722,225.46255645136722,225.46255645136722,225.46255645136722,225.46255645136722,225.46255645136722,225.46255645136722,225.46255645136722,225.46255645136722,225.46255645136722,225.46255645136722,225.46255645136722,225.46255645136722,225.46255645136722,225.46255645136722,225.46255645136722,225.46255645136722,225.46255645136722,225.46255645136722,225.46255645136722,225.46255645136722,225.46255645136722,225.46255645136722,225.46255645136722,225.46255645136722,225.46255645136722,225.46255645136722,225.46255645136722,225.46255645136722,225.46255645136722,225.46255645136722,225.46255645136722,225.46255645136722,225.46255645136722,225.46255645136722,225.46255645136722,225.46255645136722,225.46255645136722,225.46255645136722,225.46255645136722,225.46255645136722,225.46255645136722,225.46255645136722,225.46255645136722,225.46255645136722,225.46255645136722,225.46255645136722,225.46255645136722,225.46255645136722,225.46255645136722,225.46255645136722,225.46255645136722,225.46255645136722,225.46255645136722,219.75413715136335,219.75413715136335,219.75413715136335,219.75413715136335,219.75413715136335,219.75413715136335,219.75413715136335,219.75413715136335,219.75413715136335,219.75413715136335,219.75413715136335,219.75413715136335,219.75413715136335,219.75413715136335,219.75413715136335,219.75413715136335,219.75413715136335,219.75413715136335,219.75413715136335,219.75413715136335,219.75413715136335,219.75413715136335,219.75413715136335,219.75413715136335,219.75413715136335,219.75413715136335,219.75413715136335,219.75413715136335,219.75413715136335,219.75413715136335,219.75413715136335,219.75413715136335,219.75413715136335,219.75413715136335,219.75413715136335,219.75413715136335,219.75413715136335,219.75413715136335,219.75413715136335,219.75413715136335,219.75413715136335,219.75413715136335,219.75413715136335,219.75413715136335,219.75413715136335,219.75413715136335,219.75413715136335,219.75413715136335,219.75413715136335,219.75413715136335,219.75413715136335,219.75413715136335,219.75413715136335,219.75413715136335,219.75413715136335,219.75413715136335,219.75413715136335,219.75413715136335,219.75413715136335,219.75413715136335,219.75413715136335,219.75413715136335,219.75413715136335,219.75413715136335,219.75413715136335,219.75413715136335,219.75413715136335,219.75413715136335,219.75413715136335,219.75413715136335,219.75413715136335,219.75413715136335,219.75413715136335,219.75413715136335,219.75413715136335,219.75413715136335,219.75413715136335,219.75413715136335,219.75413715136335,219.75413715136335,219.75413715136335,219.75413715136335,219.75413715136335,219.75413715136335,219.75413715136335,219.75413715136335,219.75413715136335,219.75413715136335,