{"benchmark":"P-n19-k2","optimalDistance":212,"distanceSequence":[237.05595878976163,237.05595878976163,237.05595878976163,237.05595878976163,237.05595878976163,237.05595878976163,237.05595878976163,237.05595878976163,237.05595878976163,237.05595878976163,237.05595878976163,237.05595878976163,237.05595878976163,237.05595878976163,237.05595878976163,237.05595878976163,237.05595878976163,237.05595878976163,237.05595878976163,237.05595878976163,237.05595878976163,237.05595878976163,237.05595878976163,236.43210957575172,236.43210957575172,236.43210957575172,236.43210957575172,236.43210957575172,236.43210957575172,235.0073639233264,235.0073639233264,235.0073639233264,235.0073639233264,235.0073639233264,235.0073639233264,235.0073639233264,235.0073639233264,235.0073639233264,235.0073639233264,235.0073639233264,235.0073639233264,235.0073639233264,235.0073639233264,235.0073639233264,235.0073639233264,235.0073639233264,235.0073639233264,235.0073639233264,235.0073639233264,235.0073639233264,235.0073639233264,235.0073639233264,235.0073639233264,235.0073639233264,235.0073639233264,235.0073639233264,235.0073639233264,235.0073639233264,235.0073639233264,235.0073639233264,235.0073639233264,235.0073639233264,235.0073639233264,235.0073639233264,235.0073639233264,235.0073639233264,235.0073639233264,235.0073639233264,235.0073639233264,235.0073639233264,235.0073639233264,235.0073639233264,235.0073639233264,235.0073639233264,235.0073639233264,235.0073639233264,235.0073639233264,235.0073639233264,235.0073639233264,235.0073639233264,235.0073639233264,235.0073639233264,235.0073639233264,235.0073639233264,235.0073639233264,235.0073639233264,235.0073639233264,235.0073639233264,235.0073639233264,235.0073639233264,235.0073639233264,235.0073639233264,235.0073639233264,233.18033055111778,233.18033055111778,233.18033055111778,233.18033055111778,233.18033055111778,233.18033055111778,233.18033055111778,233.18033055111778,233.18033055111778,233.18033055111778,233.18033055111778,233.18033055111778,233.18033055111778,233.18033055111778,233.18033055111778,233.18033055111778,233.18033055111778,233.18033055111778,233.18033055111778,233.18033055111778,233.18033055111778,233.18033055111778,233.18033055111778,233.18033055111778,233.18033055111778,233.18033055111778,233.18033055111778,233.18033055111778,233.18033055111778,233.18033055111778,233.18033055111778,233.18033055111778,233.18033055111778,233.18033055111778,233.18033055111778,233.18033055111778,233.18033055111778,233.18033055111778,233.18033055111778,233.18033055111778,233.18033055111778,233.18033055111778,233.18033055111778,233.18033055111778,233.18033055111778,233.18033055111778,233.18033055111778,233.18033055111778,233.18033055111778,233.18033055111778,233.18033055111778,233.18033055111778,233.18033055111778,233.18033055111778,233.18033055111778,233.18033055111778,233.18033055111778,233.18033055111778,233.18033055111778,233.18033055111778,233.18033055111778,233.18033055111778,233.18033055111778,233.18033055111778,233.18033055111778,233.18033055111778,233.18033055111778,233.18033055111778,233.18033055111778,233.18033055111778,233.18033055111778,233.18033055111778,233.18033055111778,233.18033055111778,233.18033055111778,233.18033055111778,233.18033055111778,233.18033055111778,233.18033055111778,233.18033055111778,233.18033055111778,233.18033055111778,233.18033055111778,233.18033055111778,233.18033055111778,233.18033055111778,233.18033055111778,233.18033055111778,233.18033055111778,233.18033055111778,233.18033055111778,233.18033055111778,233.18033055111778,233.18033055111778,233.18033055111778,233.18033055111778,233.18033055111778,233.18033055111778,233.18033055111778,233.18033055111778,233.18033055111778,233.18033055111778,230.51642270688524,230.51642270688524,230.51642270688524,230.51642270688524,230.51642270688524,230.51642270688524,230.51642270688524,230.51642270688524,230.51642270688524,230.51642270688524,230.51642270688524,230.51642270688524,230.51642270688524,230.51642270688524,230.51642270688524,230.51642270688524,230.51642270688524,230.51642270688524,230.51642270688524,230.51642270688524,230.51642270688524,230.51642270688524,230.51642270688524,230.51642270688524,230.51642270688524,230.51642270688524,230.51642270688524,230.51642270688524,230.51642270688524,230.51642270688524,230.51642270688524,230.51642270688524,230.51642270688524,230.51642270688524,230.51642270688524,230.51642270688524,230.51642270688524,230.51642270688524,230.51642270688524,230.51642270688524,230.51642270688524,230.51642270688524,230.51642270688524,230.51642270688524,230.51642270688524,229.02470266304195,229.02470266304195,229.02470266304195,229.02470266304195,229.02470266304195,229.02470266304195,229.02470266304195,229.02470266304195,229.02470266304195,229.02470266304195,229.02470266304195,229.02470266304195,229.02470266304195,229.02470266304195,229.02470266304195,229.02470266304195,229.02470266304195,229.02470266304195,229.02470266304195,229.02470266304195,229.02470266304195,229.02470266304195,229.02470266304195,229.02470266304195,229.02470266304195,229.02470266304195,229.02470266304195,229.02470266304195,229.02470266304195,229.02470266304195,229.02470266304195,229.02470266304195,229.02470266304195,229.02470266304195,229.02470266304195,229.02470266304195,229.02470266304195,229.02470266304195,229.02470266304195,229.02470266304195,229.02470266304195,229.02470266304195,229.02470266304195,229.02470266304195,229.02470266304195,229.02470266304195,229.02470266304195,229.02470266304195,229.02470266304195,229.02470266304195,229.02470266304195,229.02470266304195,229.02470266304195,229.02470266304195,229.02470266304195,229.02470266304195,229.02470266304195,229.02470266304195,229.02470266304195,229.02470266304195,229.02470266304195,229.02470266304195,229.02470266304195,229.02470266304195,229.02470266304195,229.02470266304195,229.02470266304195,229.02470266304195,229.02470266304195,229.02470266304195,229.02470266304195,229.02470266304195,229.02470266304195,229.02470266304195,229.02470266304195,229.02470266304195,229.02470266304195,229.02470266304195,229.02470266304195,229.02470266304195,229.02470266304195,229.02470266304195,229.02470266304195,229.02470266304195,229.02470266304195,229.02470266304195,229.02470266304195,229.02470266304195,229.02470266304195,229.02470266304195,229.02470266304195,229.02470266304195,229.02470266304195,229.02470266304195,229.02470266304195,229.02470266304195,229.02470266304195,229.02470266304195,229.02470266304195,229.02470266304195,229.02470266304195,229.02470266304195,229.02470266304195,229.02470266304195,229.02470266304195,229.02470266304195,229.02470266304195,229.02470266304195,229.02470266304195,229.02470266304195,229.02470266304195,229.02470266304195,229.02470266304195,229.02470266304195,229.02470266304195,229.02470266304195,229.02470266304195,229.02470266304195,229.02470266304195,229.02470266304195,229.02470266304195,229.02470266304195,229.02470266304195,229.02470266304195,229.02470266304195,229.02470266304195,229.02470266304195,229.02470266304195,229.02470266304195,229.02470266304195,229.02470266304195,229.02470266304195,229.02470266304195,229.02470266304195,229.02470266304195,229.02470266304195,229.02470266304195,229.02470266304195,229.02470266304195,229.02470266304195,229.02470266304195,229.02470266304195,229.02470266304195,229.02470266304195,229.02470266304195,229.02470266304195,229.02470266304195,229.02470266304195,229.02470266304195,229.02470266304195,229.02470266304195,229.02470266304195,229.02470266304195,229.02470266304195,229.02470266304195,229.02470266304195,229.02470266304195,229.02470266304195,229.02470266304195,229.02470266304195,229.02470266304195,225.87926384267183,225.87926384267183,225.87926384267183,225.87926384267183,225.87926384267183,225.87926384267183,225.87926384267183,225.87926384267183,225.87926384267183,225.87926384267183,225.87926384267183,225.87926384267183,225.87926384267183,225.87926384267183,225.87926384267183,225.87926384267183,225.87926384267183,225.87926384267183,225.87926384267183,