{"Optimal":944,"front":[{"distance":1071.8547819838395,"fuel":1510.8100912095435,"trucks":[[10,33,21,4,11,9,42,34,22,6],[8,29,14,18,19,12,20,27],[43,5,17,23,37,40,13,3],[45,25,38,31,41,35],[36,15,32,39,26,16],[2,7,30,44,28,24]]}],"benchmark":"A-n45-k6"}