{"front":[{"distance":1038.318557693098,"fuel":1484.8952313587668,"trucks":[[29,8,14,18,19,28],[24,2,45,7,20,44,30],[33,21,6,22,34,9,42,11,4],[15,36,32,39,26,16,10],[27,25,38,35,31,12,41],[23,17,5,43,37,40,13,3]]}],"benchmark":"A-n45-k6","Optimal":944}