{"Optimal":944,"front":[{"distance":999.8618850749863,"trucks":[[39,3,26,13,40,37,23,16],[25,38,35,31,41,12,24],[29,8,14,17,5,43],[10,33,21,6,22,34,42,9,11,4],[2,45,7,15,36,32],[27,30,28,20,18,19,44]],"fuel":1435.5965505600575}],"benchmark":"A-n45-k6"}