{"front":[{"distance":1245.7291184386067,"fuel":1802.3584174146115,"trucks":[[45,54,4,23],[14,12,39,10,34,22,46,27],[30,50,37,2,18,11,16,36],[13,38,49,41,32,9,20],[53,42,47,52,43,25,3,28,15,33],[31,26,48,35,17,7,24,21,6,19],[44,5,29,8,51,40]]},{"trucks":[[45,54,4,23],[14,12,39,10,34,22,46,27],[30,50,37,2,18,11,16,36],[13,38,49,41,32,9,20],[53,33,15,28,3,25,43,52,47,42],[31,26,48,35,17,7,24,21,6,19],[44,5,29,8,40,51]],"distance":1246.709712125675,"fuel":1796.4780753226148},{"fuel":1796.3363662051224,"distance":1251.293446809331,"trucks":[[45,54,4,23],[14,12,39,10,34,22,46,27],[30,50,37,2,18,11,16,36],[13,38,49,41,9,20,32],[53,33,15,28,3,25,43,52,47,42],[31,26,48,35,17,7,24,21,6,19],[44,5,29,8,40,51]]}],"Optimal":1167,"benchmark":"A-n54-k7"}