{"front":[{"distance":728.5487093553638,"trucks":[[21,8,4,10,32,22,34],[45,36,41,39,42,16,19,12],[6,2,43,26,30],[17,14,11,37,3,18,15,25],[40,23,9,13,33,24,38,20,29,28],[44,31,27,7,35,5]],"fuel":1038.574374505438},{"distance":728.6679028744725,"trucks":[[21,8,4,10,32,22,34],[45,36,41,39,42,16,19,12],[31,6,2,43,26],[17,14,11,37,3,18,15,25],[40,23,9,13,33,24,38,20,29,28],[44,30,27,7,35,5]],"fuel":1036.794761357218},{"distance":728.8062474282365,"trucks":[[21,8,4,10,32,22,34],[45,36,41,39,42,16,19,12],[6,2,43,26,30],[17,14,11,37,3,18,15,25],[40,23,9,28,29,20,38,24,33,13],[44,31,27,7,35,5]],"fuel":1033.7370529715045},{"distance":728.9254409473451,"trucks":[[21,8,4,10,32,22,34],[45,36,41,39,42,16,19,12],[31,6,2,43,26],[17,14,11,37,3,18,15,25],[40,23,9,28,29,20,38,24,33,13],[44,30,27,7,35,5]],"fuel":1031.9574398232844}],"Optimal":678,"benchmark":"B-n45-k6"}