{"Optimal":678,"benchmark":"B-n45-k6","front":[{"distance":707.4021273782964,"fuel":1011.2220995071629,"trucks":[[31,6,2,43,26],[14,17,12,11,37,3,15,18,25],[5,45,41,34,21,8,16,19,35,7],[39,42,32,22,10],[40,9,23,29,13,33,24,38,20,28],[44,30,27,4,36]]},{"distance":707.8839401866093,"fuel":1008.9737202881868,"trucks":[[31,6,2,43,26],[14,17,12,11,37,3,15,18,25],[5,45,41,34,21,8,16,19,35,7],[39,42,32,22,10],[40,9,23,28,29,20,38,24,33,13],[44,30,27,4,36]]}]}