{"optimalDistance":741,"benchmark":"P-n51-k10","distanceSequence":[795.3888096576945,795.3888096576945,795.3888096576945,795.3888096576945,795.3888096576945,795.3888096576945,792.7149348893247,792.6969741114508,790.0489860643064,790.0489860643064,785.0932968468642,785.0932968468642,778.7689420886509,778.7689420886509,778.7689420886509,774.785370639373,774.785370639373,774.785370639373,774.785370639373,774.0886512664042,774.0886512664042,772.0935350931293,772.0935350931293,771.3968157201605,770.8368098884148,770.8368098884148,770.8368098884148,770.8368098884148,769.7720233207231,769.7720233207231,769.4196603247594,769.4196603247594,769.4196603247594,769.4196603247594,768.3548737570677,768.3548737570677,768.3548737570677,768.3548737570677,768.2751102651935,766.7524987982933,766.7524987982933,766.7524987982933,766.7524987982933,766.7524987982933,766.7524987982933,766.7524987982933,766.7524987982933,766.7524987982933,766.7524987982933,766.7524987982933,766.7524987982933,766.7524987982933,766.7524987982933,766.7524987982933,766.7524987982933,766.7524987982933,766.7524987982933,766.7524987982933,766.7524987982933,766.7524987982933,766.7524987982933,766.7524987982933,766.7524987982933,766.7524987982933,766.7524987982933,766.7524987982933,766.7524987982933,766.7524987982933,766.7524987982933,766.7524987982933,766.7524987982933,766.7524987982933,766.7524987982933,766.7524987982933,766.7524987982933,766.7524987982933,766.7524987982933,766.7524987982933,766.7524987982933,766.7524987982933,766.7524987982933,766.7524987982933,766.7524987982933,766.7524987982933,766.7524987982933,766.7524987982933,766.7524987982933,766.7524987982933,766.7524987982933,766.7524987982933,766.7524987982933,766.7524987982933,766.7524987982933,766.7524987982933,766.1924929665477,766.1924929665477,766.1924929665477,766.1924929665477,766.1924929665477,766.1924929665477,766.1924929665477,766.1924929665477,766.1924929665477,766.1924929665477,766.1924929665477,766.1924929665477,766.1924929665477,766.1924929665477,766.1924929665477,766.1924929665477,766.1924929665477,766.1924929665477,766.1924929665477,766.1924929665477,766.1924929665477,766.1924929665477,766.1924929665477,766.1924929665477,766.1924929665477,766.1924929665477,766.1924929665477,766.1924929665477,766.1924929665477,766.1924929665477,766.1924929665477,766.1924929665477,766.1924929665477,766.1924929665477,766.1924929665477,766.1924929665477,766.1924929665477,766.1924929665477,766.1924929665477,766.1924929665477,766.1924929665477,766.1924929665477,766.1924929665477,766.1924929665477,766.1924929665477,766.1924929665477,766.1924929665477,766.1924929665477,766.1924929665477,766.1924929665477,766.1924929665477,766.1924929665477,766.1924929665477,766.1924929665477,764.7753434028923,764.7753434028923,764.7753434028923,764.7753434028923,764.7753434028923,764.7753434028923,764.7753434028923,764.7753434028923,764.7753434028923,764.7753434028923,764.7753434028923,764.7753434028923,764.7753434028923,764.7753434028923,764.7753434028923,764.7753434028923,764.7753434028923,764.7753434028923,764.7753434028923,764.7753434028923,764.7753434028923,764.7753434028923,764.7753434028923,764.7753434028923,764.7753434028923,764.7753434028923,764.7753434028923,764.7753434028923,764.7753434028923,764.7753434028923,764.7753434028923,764.7753434028923,764.7753434028923,764.7753434028923,764.7753434028923,764.7753434028923,764.7753434028923,764.7753434028923,764.7753434028923,764.7753434028923,764.7753434028923,764.7753434028923,764.7753434028923,764.7753434028923,764.7753434028923,764.7753434028923,764.7753434028923,764.7753434028923,764.7753434028923,764.7753434028923,764.7753434028923,764.7753434028923,764.7753434028923,764.7753434028923,764.7753434028923,764.7753434028923,764.7753434028923,764.7753434028923,764.7753434028923,764.7753434028923,764.7753434028923,764.7753434028923,764.7753434028923,764.7753434028923,764.7753434028923,764.7753434028923,764.7753434028923,764.7753434028923,764.7753434028923,764.7753434028923,764.7753434028923,764.7753434028923,764.7753434028923,764.7753434028923,764.7753434028923,764.7753434028923,764.7753434028923,764.7753434028923,764.7753434028923,764.7753434028923,764.7753434028923,764.7753434028923,764.7753434028923,764.7753434028923,764.7753434028923,764.7753434028923,764.7753434028923,764.7753434028923,764.7753434028923,764.7753434028923,764.7753434028923,764.7753434028923,764.7753434028923,764.7753434028923,764.7753434028923,764.7753434028923,764.7753434028923,764.7753434028923,764.7753434028923,764.7753434028923,764.7753434028923,764.7753434028923,764.7753434028923,764.7753434028923,764.7753434028923,764.7753434028923,764.7753434028923,764.7753434028923,764.7753434028923,764.7753434028923,764.7753434028923,764.7753434028923,764.7753434028923,764.7753434028923,764.7753434028923,764.7753434028923,764.7753434028923,764.7753434028923,764.7753434028923,764.7753434028923,764.7753434028923,764.7753434028923,764.7753434028923,764.7753434028923,764.7753434028923,764.7753434028923,764.7753434028923,764.7753434028923,764.7753434028923,764.7753434028923,764.7753434028923,764.7753434028923,764.7753434028923,764.7753434028923,764.7753434028923,764.7753434028923,764.7753434028923,764.7753434028923,764.7753434028923,764.7753434028923,764.7753434028923,764.7753434028923,764.7753434028923,764.7753434028923,764.7753434028923,764.7753434028923,764.7753434028923,764.7753434028923,764.7753434028923,764.7753434028923,764.7753434028923,764.7753434028923,764.7753434028923,764.7753434028923,764.7753434028923,764.7753434028923,764.7753434028923,764.7753434028923,764.7753434028923,764.2153375711466,764.2153375711466,764.2153375711466,764.2153375711466,764.2153375711466,764.2153375711466,764.2153375711466,764.2153375711466,764.2153375711466,764.2153375711466,764.2153375711466,764.2153375711466,764.2153375711466,764.2153375711466,764.2153375711466,764.2153375711466,764.2153375711466,764.2153375711466,764.2153375711466,764.2153375711466,764.2153375711466,764.2153375711466,764.2153375711466,764.2153375711466,764.2153375711466,764.2153375711466,764.2153375711466,764.2153375711466,764.2153375711466,764.2153375711466,764.2153375711466,764.2153375711466,764.2153375711466,764.2153375711466,764.2153375711466,764.2153375711466,764.2153375711466,764.2153375711466,764.2153375711466,764.2153375711466,764.2153375711466,764.2153375711466,764.2153375711466,764.2153375711466,764.2153375711466,764.2153375711466,764.2153375711466,764.2153375711466,764.2153375711466,764.2153375711466,764.2153375711466,764.2153375711466,764.2153375711466,764.2153375711466,764.2153375711466,764.2153375711466,764.2153375711466,764.2153375711466,764.2153375711466,764.2153375711466,764.2153375711466,764.2153375711466,764.2153375711466,764.2153375711466,764.2153375711466,764.2153375711466,764.2153375711466,764.2153375711466,764.2153375711466,764.2153375711466,764.2153375711466,764.2153375711466,764.2153375711466,764.2153375711466,764.2153375711466,764.2153375711466,764.2153375711466,764.2153375711466,764.2153375711466,764.2153375711466,764.2153375711466,764.2153375711466,764.2153375711466,764.2153375711466,764.2153375711466,764.2153375711466,764.2153375711466,764.2153375711466,764.2153375711466,764.2153375711466,764.2153375711466,764.2153375711466,764.2153375711466,764.2153375711466,764.2153375711466,764.2153375711466,764.2153375711466,764.2153375711466,764.2153375711466,764.2153375711466,764.2153375711466,764.2153375711466,764.2153375711466,764.2153375711466,764.2153375711466,764.2153375711466,764.2153375711466,764.2153375711466,764.2153375711466,764.2153375711466,764.2153375711466,764.2153375711466,764.2153375711466,764.2153375711466,764.2153375711466,764.2153375711466,764.2153375711466,764.2153375711466,764.2153375711466,764.2153375711466,764.2153375711466,764.2153375711466,764.2153375711466,764.2153375711466,764.2153375711466,764.2153375711466,764.2153375711466,764.2153375711466,764.2153375711466,764.2153375711466,764.2153375711466,764.2153375711466,764.2153375711466,