{"front":[{"fuel":1076.5730043360372,"trucks":[[49,24,8,44,25],[9,27,32,29,23,2],[19,42,5],[50,11,40,34,46,16],[18,38,45,43,20,41,14],[3,30,22,35,51],[33,21,36,37,4],[12,17,31,10,39],[28,7,15,26],[48,13,6,47]],"distance":752.7942311178837},{"fuel":1075.6035118320533,"trucks":[[49,24,8,44,25],[9,27,32,29,23,2],[19,42,5],[50,11,40,34,46,16],[18,38,45,43,20,41,14],[3,30,22,35,51],[33,21,36,37,4],[12,17,10,31,39],[28,7,15,26],[48,13,6,47]],"distance":753.5469125393491},{"fuel":1074.8904279791207,"distance":755.7137622950864,"trucks":[[49,24,8,44,25],[9,27,32,29,23,2],[19,42,5],[50,11,40,34,46,16],[18,38,45,43,20,41,14],[3,30,22,35,51],[33,21,36,37,4],[12,39,10,31,17],[28,7,15,26],[48,13,6,47]]}],"benchmark":"P-n51-k10","Optimal":741}