{"optimalDistance":1763,"distanceSequence":[1981.8464816323842,1981.8464816323842,1981.8464816323842,1981.8464816323842,1981.8464816323842,1981.8464816323842,1981.8464816323842,1981.8464816323842,1981.8464816323842,1981.8464816323842,1981.8464816323842,1981.8464816323842,1981.8464816323842,1981.1570692972364,1981.1570692972364,1971.436722601125,1971.436722601125,1971.436722601125,1963.728600184306,1963.728600184306,1963.728600184306,1962.429266000648,1962.429266000648,1962.429266000648,1962.429266000648,1962.429266000648,1962.429266000648,1958.7977520709637,1958.7977520709637,1958.7977520709637,1958.7977520709637,1954.15576888611,1954.15576888611,1954.15576888611,1954.15576888611,1954.15576888611,1954.15576888611,1950.949336431141,1950.949336431141,1950.949336431141,1950.949336431141,1946.3073532462874,1946.3073532462874,1946.3073532462874,1946.3073532462874,1945.9805826942875,1945.9805826942875,1945.9805826942875,1938.6460968262136,1938.6460968262136,1938.6460968262136,1938.6460968262136,1938.6460968262136,1938.6460968262136,1938.6460968262136,1938.5804887515792,1938.5804887515792,1938.5804887515792,1938.5804887515792,1930.9192323315053,1930.9192323315053,1930.9192323315053,1930.9192323315053,1930.9192323315053,1930.9192323315053,1930.9192323315053,1930.9192323315053,1919.7018651587537,1919.7018651587537,1919.7018651587537,1919.7018651587537,1919.7018651587537,1919.7018651587537,1919.7018651587537,1919.7018651587537,1911.9750006640454,1911.9750006640454,1911.9750006640454,1911.9750006640454,1911.9750006640454,1911.9750006640454,1911.9750006640454,1911.9750006640454,1911.9750006640454,1896.8724506160518,1896.8724506160518,1896.8724506160518,1896.8724506160518,1896.8724506160518,1896.8724506160518,1896.8724506160518,1896.8724506160518,1896.8724506160518,1896.8724506160518,1896.8724506160518,1896.8724506160518,1896.3853749426382,1896.3853749426382,1896.3853749426382,1896.3853749426382,1896.3853749426382,1896.3853749426382,1896.3853749426382,1896.3853749426382,1896.3853749426382,1893.7179517273153,1893.7179517273153,1893.7179517273153,1893.7179517273153,1893.7179517273153,1893.7179517273153,1893.7179517273153,1893.7179517273153,1893.7179517273153,1893.7179517273153,1893.7179517273153,1893.7179517273153,1893.7179517273153,1893.7179517273153,1892.8640317288564,1892.8640317288564,1892.8640317288564,1889.9370530441906,1889.9370530441906,1888.686544104222,1888.686544104222,1888.686544104222,1888.686544104222,1888.686544104222,1888.686544104222,1888.686544104222,1888.3454431795415,1888.3454431795415,1888.3454431795415,1888.3454431795415,1888.3454431795415,1888.3454431795415,1888.3454431795415,1888.3454431795415,1888.3454431795415,1887.8326241057634,1887.8326241057634,1887.8326241057634,1887.8326241057634,1887.8326241057634,1887.4915231810826,1887.4915231810826,1887.4915231810826,1887.4915231810826,1887.4915231810826,1887.4915231810826,1887.4915231810826,1883.3140355564483,1883.3140355564483,1883.3140355564483,1883.3140355564483,1883.3140355564483,1883.3140355564483,1883.3140355564483,1883.3140355564483,1883.3140355564483,1883.3140355564483,1883.3140355564483,1883.3140355564483,1883.3140355564483,1883.3140355564483,1883.3140355564483,1883.3140355564483,1883.3140355564483,1883.3140355564483,1883.3140355564483,1883.3140355564483,1883.3140355564483,1883.3140355564483,1883.3140355564483,1883.3140355564483,1883.3140355564483,1882.4601155579896,1882.4601155579896,1882.4601155579896,1882.4601155579896,1882.4601155579896,1882.4601155579896,1882.4601155579896,1882.4601155579896,1882.4601155579896,1882.4601155579896,1882.4601155579896,1882.4601155579896,1882.4601155579896,1882.4601155579896,1882.4601155579896,1882.4601155579896,1882.4601155579896,1882.4601155579896,1882.4601155579896,1882.4601155579896,1882.4601155579896,1882.4601155579896,1882.4601155579896,1882.4601155579896,1882.4601155579896,1882.4601155579896,1882.4601155579896,1882.4601155579896,1882.4601155579896,1882.4601155579896,1882.4601155579896,1882.4601155579896,1882.4601155579896,1882.4601155579896,1882.4601155579896,1881.8536314497555,1881.8536314497555,1881.8536314497555,1881.8536314497555,1881.8536314497555,1881.8536314497555,1881.8536314497555,1881.8536314497555,1881.8536314497555,1881.8536314497555,1881.8536314497555,1881.8536314497555,1881.8536314497555,1881.8536314497555,1881.8536314497555,1881.8536314497555,1881.8536314497555,1881.8536314497555,1881.8536314497555,1881.8536314497555,1881.8536314497555,1881.8536314497555,1881.8536314497555,1881.8536314497555,1881.8536314497555,1881.8536314497555,1881.8536314497555,1881.8536314497555,1881.8536314497555,1881.8536314497555,1881.8536314497555,1881.8536314497555,1881.8536314497555,1881.8536314497555,1881.8536314497555,1881.8536314497555,1881.8536314497555,1881.8536314497555,1881.8536314497555,1881.8536314497555,1881.8536314497555,1881.8536314497555,1881.8536314497555,1881.8536314497555,1881.8536314497555,1881.8536314497555,1881.8536314497555,1881.8536314497555,1881.8536314497555,1881.8536314497555,1881.8536314497555,1881.8536314497555,1881.8536314497555,1881.8536314497555,1881.8536314497555,1881.8536314497555,1881.8536314497555,1881.8536314497555,1881.8536314497555,1881.8536314497555,1881.8536314497555,1881.8536314497555,1881.8536314497555,1881.8536314497555,1881.8536314497555,1881.8536314497555,1881.8536314497555,1881.8536314497555,1881.8536314497555,1881.8536314497555,1881.8536314497555,1881.8536314497555,1881.8536314497555,1881.8536314497555,1881.8536314497555,1881.8536314497555,1881.8536314497555,1881.8536314497555,1881.8536314497555,1881.8536314497555,1881.8536314497555,1881.8536314497555,1881.8536314497555,1881.8536314497555,1881.8536314497555,1881.8536314497555,1881.8536314497555,1881.8536314497555,1881.8536314497555,1881.8536314497555,1881.8536314497555,1881.8536314497555,1881.8536314497555,1881.8536314497555,1881.8536314497555,1881.8536314497555,1881.8536314497555,1881.8536314497555,1881.8536314497555,1881.8536314497555,1881.8536314497555,1881.8536314497555,1881.8536314497555,1881.8536314497555,1881.8536314497555,1881.8536314497555,1881.8536314497555,1881.8536314497555,1881.8536314497555,1881.8536314497555,1881.8536314497555,1881.8536314497555,1881.8536314497555,1881.8536314497555,1881.8536314497555,1881.8536314497555,1881.8536314497555,1881.8536314497555,1881.8536314497555,1881.8536314497555,1875.888755518305,1875.888755518305,1875.888755518305,1875.888755518305,1875.888755518305,1875.888755518305,1875.888755518305,1875.888755518305,1875.888755518305,1875.888755518305,1875.888755518305,1875.888755518305,1875.888755518305,1873.6906615454218,1873.6906615454218,1873.6906615454218,1873.6906615454218,1873.6906615454218,1873.6906615454218,1873.6906615454218,1873.6906615454218,1873.6906615454218,1873.6906615454218,1873.6906615454218,1873.6906615454218,1873.6906615454218,1873.6906615454218,1873.6906615454218,1873.6906615454218,1873.6906615454218,1873.6906615454218,1873.6906615454218,1873.6906615454218,1873.6906615454218,1873.6906615454218,1873.6906615454218,1873.6906615454218,1873.6906615454218,1873.6906615454218,1873.6906615454218,1873.6906615454218,1873.6906615454218,1873.6906615454218,1873.6906615454218,1873.6906615454218,1873.6906615454218,1873.6906615454218,1873.6906615454218,1873.6906615454218,1873.6906615454218,1873.6906615454218,1873.6906615454218,1873.6906615454218,1873.6906615454218,1873.6906615454218,1873.6906615454218,1873.6906615454218,1873.6906615454218,1873.6906615454218,1873.6906615454218,1873.6906615454218,1873.6906615454218,1873.6906615454218,1873.6906615454218,1873.6906615454218,1873.6906615454218,1873.6906615454218,1873.6906615454218,1873.6906615454218,1873.6906615454218,1873.6906615454218,1873.6906615454218,1873.6906615454218,1873.6906615454218,1873.6906615454218,1873.6906615454218,1873.6906615454218,1872.836741546963,1872.836741546963,1872.836741546963,1872.836741546963,1872.836741546963,1872.836741546963,1872.836741546963,1872.836741546963,1872.836741546963,1872.836741546963,1872.836741546963,1872.836741546963,