{"benchmark":"A-n80-k10","Optimal":1763,"front":[{"trucks":[[68,67,71,73,23,46,51,77],[54,78,4,75,30,28,32,18],[39,59,33,5,55,10,56,16,42,34],[41,22,8,11,72,64],[69,44,17,62,58,20,27,36,66,70,57,48],[52,40,61,65,47,26,76,21,79,9],[2,63,24,6,45,13],[60,31,7,25,38,3,35],[12,53,29,80,19,49,15],[50,74,37,43,14]],"distance":1889.1125781591552,"fuel":2670.2790033093884},{"trucks":[[68,67,71,77,51,46,23,73],[54,78,4,75,30,28,32,18],[39,59,33,5,55,10,56,16,42,34],[41,22,8,11,72,64],[69,44,17,62,58,20,27,36,66,70,57,48],[52,40,61,65,47,26,76,21,79,9],[2,63,24,6,45,13],[60,31,7,25,38,3,35],[12,53,29,80,19,49,15],[50,74,37,43,14]],"distance":1889.512925105784,"fuel":2661.62988728266},{"trucks":[[68,67,71,77,51,46,23,73],[54,78,4,75,30,18,32,28],[39,59,33,5,55,10,56,16,42,34],[41,22,8,11,72,64],[69,44,17,62,58,20,27,36,66,70,57,48],[52,40,61,65,47,26,76,21,79,9],[2,63,24,6,45,13],[60,31,7,25,38,3,35],[12,53,29,80,19,49,15],[50,74,37,43,14]],"distance":1890.8776915494007,"fuel":2659.5579790444717}]}