{"benchmark":"A-n80-k10","Optimal":1763,"front":[{"fuel":2719.9675239001617,"distance":1893.5558380640266,"trucks":[[13,45,6,31,60,28,32,18,30],[7,25,35,53,29,80,49,15,11],[69,44,17,62,58,20,27,36,66,70,57,48],[59,77,73,55,10,56,34,16,42,26,65],[40,47,76,21,79,9,38,3],[14,64,12,19,72,22],[41,2,8,63,24],[50,74,37,67,68,71,54],[39,33,5,23,46,51],[43,52,78,4,61,75]]},{"fuel":2711.8027205149206,"distance":1894.7769063488763,"trucks":[[13,45,6,31,60,28,32,18,30],[7,25,35,53,29,80,49,15,11],[69,44,17,62,58,27,36,66,70,57,48,20],[59,77,73,55,10,56,34,16,42,26,65],[40,47,76,21,79,9,38,3],[14,64,12,19,72,22],[41,2,8,63,24],[50,74,37,67,68,71,54],[39,51,46,23,5,33],[43,52,78,4,61,75]]},{"fuel":2707.190454642243,"distance":1895.716412021214,"trucks":[[13,45,6,31,60,28,32,18,30],[7,25,35,53,29,80,49,15,11],[69,44,17,62,58,20,27,36,66,70,57,48],[59,77,73,55,10,56,34,16,42,26,65],[40,47,76,21,79,9,38,3],[14,64,12,19,72,22],[41,2,8,63,24],[50,74,37,67,68,71,54],[39,51,46,23,5,33],[43,52,78,4,61,75]]}]}