{"optimalDistance":1354,"fuelSequence":[2105.5632415760647,2105.5632415760647,2105.5632415760647,2105.5632415760647,2105.5632415760647,2105.5632415760647,2105.5632415760647,2101.026078337257,2101.026078337257,2101.026078337257,2090.9505851684253,2090.9505851684253,2090.9505851684253,2090.9505851684253,2090.9505851684253,2090.9505851684253,2086.4134219296175,2086.4134219296175,2086.4134219296175,2086.4134219296175,2086.4134219296175,2081.2840571938214,2079.3952994666734,2079.3952994666734,2079.3952994666734,2079.3952994666734,2079.3952994666734,2079.3952994666734,2076.5799717591253,2076.5799717591253,2076.5799717591253,2076.5799717591253,2076.5799717591253,2076.5799717591253,2076.5799717591253,2076.5799717591253,2075.988402886082,2075.988402886082,2075.988402886082,2065.7138175912355,2065.7138175912355,2065.7138175912355,2065.7138175912355,2065.7138175912355,2065.7138175912355,2065.7138175912355,2065.7138175912355,2065.7138175912355,2057.4878802115154,2057.4878802115154,2056.9448466914305,2056.9448466914305,2056.9448466914305,2056.9448466914305,2056.9448466914305,2056.9448466914305,2056.9448466914305,2056.9448466914305,2052.4076834526227,2052.4076834526227,2052.4076834526227,2048.7189093117104,2048.7189093117104,2048.7189093117104,2048.7189093117104,2048.7189093117104,2048.7189093117104,2048.7189093117104,2048.7189093117104,2048.7189093117104,2048.7189093117104,2048.7189093117104,2048.7189093117104,2048.7189093117104,2048.7189093117104,2048.7189093117104,2048.7189093117104,2048.7189093117104,2048.7189093117104,2048.7189093117104,2048.7189093117104,2048.7189093117104,2048.7189093117104,2048.7189093117104,2048.7189093117104,2048.7189093117104,2048.7189093117104,2048.7189093117104,2048.7189093117104,2048.7189093117104,2048.7189093117104,2048.7189093117104,2048.7189093117104,2048.7189093117104,2048.7189093117104,2048.7189093117104,2048.7189093117104,2048.7189093117104,2048.7189093117104,2048.7189093117104,2048.7189093117104,2048.7189093117104,2048.7189093117104,2048.7189093117104,2048.7189093117104,2048.7189093117104,2048.7189093117104,2048.7189093117104,2048.7189093117104,2048.7189093117104,2048.7189093117104,2048.7189093117104,2048.7189093117104,2048.7189093117104,2048.7189093117104,2048.7189093117104,2048.7189093117104,2048.7189093117104,2048.7189093117104,2048.7189093117104,2048.7189093117104,2048.7189093117104,2048.7189093117104,2048.7189093117104,2047.9857853983303,2047.9857853983303,2046.7826220508741,2046.7826220508741,2046.7826220508741,2044.2350423351195,2044.2350423351195,2044.2350423351195,2044.2350423351195,2044.2350423351195,2043.0318789876628,2043.0318789876628,2043.0318789876628,2043.0318789876628,2043.0318789876628,2043.0318789876628,2043.0318789876628,2043.0318789876628,2043.0318789876628,2043.0318789876628,2043.0318789876628,2043.0318789876628,2043.0318789876628,2043.0318789876628,2043.0318789876628,2043.0318789876628,2043.0318789876628,2043.0318789876628,2043.0318789876628,2043.0318789876628,2043.0318789876628,2043.0318789876628,2043.0318789876628,2043.0318789876628,2043.0318789876628,2043.0318789876628,2043.0318789876628,2043.0318789876628,2043.0318789876628,2043.0318789876628,2043.0318789876628,2043.0318789876628,2043.0318789876628,2043.0318789876628,2043.0318789876628,2043.0318789876628,2043.0318789876628,2043.0318789876628,2043.0318789876628,2043.0318789876628,2043.0318789876628,2043.0318789876628,2043.0318789876628,2043.0318789876628,2043.0318789876628,2043.0318789876628,2043.0318789876628,2043.0318789876628,2043.0318789876628,2043.0318789876628,2043.0318789876628,2043.0318789876628,2043.0318789876628,2035.687506564909,2035.687506564909,2035.687506564909,2035.687506564909,2035.687506564909,2035.687506564909,2035.687506564909,2035.687506564909,2035.687506564909,2035.687506564909,2035.687506564909,2035.687506564909,2035.687506564909,2035.687506564909,2035.687506564909,2035.687506564909,2035.687506564909,2035.687506564909,2035.687506564909,2035.687506564909,2035.687506564909,2035.687506564909,2035.687506564909,2018.628474593165,2018.628474593165,2013.47559653526,2013.47559653526,2013.47559653526,2013.47559653526,2013.47559653526,2013.47559653526,2013.47559653526,2013.47559653526,2013.47559653526,2013.47559653526,2011.486835348054,2011.486835348054,2011.486835348054,2011.486835348054,2011.486835348054,2011.486835348054,2011.486835348054,2011.486835348054,2011.486835348054,2011.486835348054,2011.486835348054,2010.4584036719555,2010.4584036719555,2010.4584036719555,2010.4584036719555,2010.4584036719555,2006.175833707853,2006.175833707853,2006.175833707853,2006.175833707853,2006.175833707853,2006.175833707853,2006.175833707853,2006.175833707853,2006.175833707853,2006.175833707853,2006.175833707853,2006.175833707853,2006.175833707853,2006.175833707853,2006.175833707853,2005.1474020317544,2005.1474020317544,2005.1474020317544,2005.1474020317544,2005.1474020317544,2005.1474020317544,2005.1474020317544,2005.1474020317544,2005.1474020317544,2005.1474020317544,2005.1474020317544,2005.1474020317544,2005.1474020317544,2005.1474020317544,2005.1474020317544,2005.1474020317544,2005.1474020317544,2005.1474020317544,2005.1474020317544,2005.1474020317544,2005.1474020317544,2005.1474020317544,2005.1474020317544,2005.1474020317544,2005.1474020317544,2005.1474020317544,2005.1474020317544,2005.1474020317544,2005.1474020317544,2005.1474020317544,2005.1474020317544,2005.1474020317544,2005.1474020317544,2005.1474020317544,2005.1474020317544,2005.1474020317544,2005.1474020317544,2005.1474020317544,2005.1474020317544,2005.1474020317544,2005.1474020317544,2005.1474020317544,2005.1474020317544,2005.1474020317544,2005.1474020317544,2005.1474020317544,2005.1474020317544,2005.1474020317544,2005.1474020317544,2005.1474020317544,2005.1474020317544,2005.1474020317544,2005.1474020317544,2005.1474020317544,2005.1474020317544,2005.1474020317544,2005.1474020317544,2005.1474020317544,2005.1474020317544,2005.1474020317544,2005.1474020317544,2005.1474020317544,2005.1474020317544,2005.1474020317544,2005.1474020317544,2005.1474020317544,2005.1474020317544,2005.1474020317544,2005.1474020317544,2005.1474020317544,2005.1474020317544,2005.1474020317544,2005.1474020317544,2005.1474020317544,2005.1474020317544,2005.1474020317544,2005.1474020317544,2005.1474020317544,2005.1474020317544,2005.1474020317544,2005.1474020317544,2005.1474020317544,2005.1474020317544,2005.1474020317544,2005.1474020317544,2005.1474020317544,2005.1474020317544,2005.1474020317544,2005.1474020317544,2005.1474020317544,2005.1474020317544,2005.1474020317544,2005.1474020317544,2005.1474020317544,2005.1474020317544,2005.1474020317544,2005.1474020317544,2005.1474020317544,2005.1474020317544,2005.1474020317544,2005.1474020317544,2005.1474020317544,2005.1474020317544,2005.1474020317544,2005.1474020317544,2005.1474020317544,2005.1474020317544,2005.1474020317544,2005.1474020317544,2005.1474020317544,2005.1474020317544,2005.1474020317544,2005.1474020317544,2005.1474020317544,2005.1474020317544,2005.1474020317544,2005.1474020317544,2005.1474020317544,2005.1474020317544,2005.1474020317544,2004.6680110823088,2004.6680110823088,2004.6680110823088,2004.6680110823088,2004.6680110823088,2004.6680110823088,2004.6680110823088,2004.6680110823088,2004.6680110823088,2002.100259112039,2002.100259112039,2002.100259112039,2002.100259112039,2002.100259112039,2002.100259112039,2002.100259112039,2002.100259112039,2002.100259112039,2002.100259112039,2002.100259112039,2002.100259112039,2002.100259112039,2002.100259112039,2002.100259112039,2002.100259112039,2002.100259112039,2002.100259112039,2002.100259112039,2002.100259112039,2002.100259112039,2002.100259112039,2002.100259112039,2002.100259112039,2002.100259112039,2002.100259112039,2002.100259112039,2002.100259112039,2002.100259112039,2002.100259112039,2002.100259112039,2002.100259112039,2002.100259112039,2002.100259112039,2002.100259112039,2002.100259112039,2002.100259112039,2002.100259112039,2002.100259112039,2002.100259112039,2002.100259112039,2002.100259112039,2002.100259112039,