{"optimalDistance":1354,"distanceSequence":[1519.0033229892747,1519.0033229892747,1519.0033229892747,1519.0033229892747,1519.0033229892747,1519.0033229892747,1518.6966694013142,1518.6966694013142,1518.6966694013142,1517.1178328316068,1517.1178328316068,1517.1178328316068,1515.1703063326913,1515.1703063326913,1514.9246088362042,1514.7816513616892,1514.7816513616892,1514.7816513616892,1510.6505460441983,1510.6505460441983,1510.6505460441983,1510.6505460441983,1510.498569479092,1510.498569479092,1506.700445549517,1506.700445549517,1506.700445549517,1506.6335256617085,1506.6335256617085,1500.0699497012636,1500.0699497012636,1500.0699497012636,1500.0699497012636,1500.0699497012636,1500.0699497012636,1500.0699497012636,1500.0699497012636,1500.0699497012636,1496.3367803421925,1496.3367803421925,1496.3367803421925,1496.3367803421925,1495.5395811401788,1495.5395811401788,1490.4601231669585,1490.4601231669585,1490.4601231669585,1490.4601231669585,1490.4601231669585,1490.4601231669585,1490.4321344303494,1490.4321344303494,1490.4321344303494,1488.6920783459866,1488.6920783459866,1488.6920783459866,1488.6920783459866,1488.6920783459866,1488.3016138154471,1487.153658264366,1485.0914980858254,1485.0914980858254,1485.0914980858254,1484.8203470071774,1484.8203470071774,1484.8203470071774,1484.8203470071774,1484.8203470071774,1484.8203470071774,1484.7268302935254,1484.7268302935254,1483.2866581892954,1483.2866581892954,1482.0863529510036,1482.0863529510036,1482.0863529510036,1482.0863529510036,1482.0863529510036,1481.128148837784,1481.128148837784,1481.128148837784,1479.9264297389927,1479.9264297389927,1479.9264297389927,1477.0317934191587,1477.0317934191587,1477.0317934191587,1474.7301857509922,1474.7301857509922,1474.7301857509922,1474.7301857509922,1474.7301857509922,1474.7301857509922,1474.7301857509922,1474.7301857509922,1474.051405741836,1467.866161583002,1467.854837044027,1467.854837044027,1467.854837044027,1467.854837044027,1467.854837044027,1467.854837044027,1467.854837044027,1467.854837044027,1463.3266948971673,1463.3266948971673,1463.3266948971673,1463.3266948971673,1463.3266948971673,1463.3153703581922,1463.3153703581922,1463.3153703581922,1461.882776291816,1461.882776291816,1456.8931920259868,1456.8931920259868,1456.8931920259868,1456.8931920259868,1456.8931920259868,1456.8931920259868,1455.4492734206356,1455.4492734206356,1455.4492734206356,1454.8350945155096,1454.8350945155096,1454.8350945155096,1454.8350945155096,1454.8350945155096,1454.8350945155096,1454.8350945155096,1453.5146249433233,1453.5146249433233,1453.5146249433233,1453.5146249433233,1453.5146249433233,1453.5146249433233,1453.5146249433233,1453.5146249433233,1453.5146249433233,1453.5146249433233,1453.5146249433233,1453.5146249433233,1453.5146249433233,1453.5146249433233,1453.5146249433233,1453.5146249433233,1453.5146249433233,1453.5146249433233,1453.5146249433233,1453.5146249433233,1453.3907714586041,1453.3907714586041,1453.3907714586041,1453.3907714586041,1453.3907714586041,1453.3907714586041,1453.3907714586041,1453.3907714586041,1453.3907714586041,1453.3907714586041,1453.3907714586041,1453.3907714586041,1453.3907714586041,1453.3907714586041,1453.3907714586041,1453.3907714586041,1453.3907714586041,1453.3907714586041,1453.3907714586041,1453.1616596365302,1453.1616596365302,1453.1616596365302,1453.1616596365302,1453.1616596365302,1453.1616596365302,1453.1616596365302,1453.1616596365302,1453.1616596365302,1453.1616596365302,1453.1616596365302,1453.1616596365302,1453.1616596365302,1453.1616596365302,1453.1616596365302,1453.1616596365302,1453.1616596365302,1453.1616596365302,1453.1616596365302,1453.1616596365302,1453.1616596365302,1453.1616596365302,1453.1616596365302,1453.1616596365302,1453.1616596365302,1453.1616596365302,1453.1616596365302,1453.0791487399895,1453.0791487399895,1453.0791487399895,1453.0791487399895,1453.0791487399895,1453.0791487399895,1453.0791487399895,1453.0791487399895,1453.0791487399895,1453.0791487399895,1453.0791487399895,1453.0791487399895,1453.0791487399895,1453.0791487399895,1453.0791487399895,1453.0791487399895,1452.6055001940283,1452.6055001940283,1452.6055001940283,1452.6055001940283,1452.6055001940283,1452.6055001940283,1452.6055001940283,1452.6055001940283,1452.6055001940283,1452.6055001940283,1452.6055001940283,1452.6055001940283,1452.6055001940283,1452.6055001940283,1452.6055001940283,1452.6055001940283,1452.6055001940283,1452.6055001940283,1452.6055001940283,1452.6055001940283,1452.6055001940283,1452.6055001940283,1452.6055001940283,1452.6055001940283,1452.6055001940283,1452.6055001940283,1452.6055001940283,1452.6055001940283,1452.6055001940283,1452.6055001940283,1452.6055001940283,1452.6055001940283,1452.6055001940283,1452.6055001940283,1452.6055001940283,1452.6055001940283,1452.6055001940283,1452.6055001940283,1452.6055001940283,1452.6055001940283,1452.6055001940283,1452.3002817065394,1452.3002817065394,1452.3002817065394,1452.3002817065394,1452.3002817065394,1452.3002817065394,1452.3002817065394,1452.3002817065394,1452.3002817065394,1452.3002817065394,1452.3002817065394,1452.3002817065394,1452.3002817065394,1452.3002817065394,1452.3002817065394,1452.3002817065394,1452.3002817065394,1452.3002817065394,1452.3002817065394,1452.3002817065394,1452.3002817065394,1452.3002817065394,1452.3002817065394,1452.3002817065394,1452.3002817065394,1452.3002817065394,1452.3002817065394,1452.3002817065394,1452.3002817065394,1452.3002817065394,1452.3002817065394,1452.3002817065394,1452.3002817065394,1452.3002817065394,1452.3002817065394,1452.3002817065394,1452.3002817065394,1452.3002817065394,1452.3002817065394,1452.3002817065394,1452.3002817065394,1452.3002817065394,1452.3002817065394,1452.3002817065394,1452.3002817065394,1452.3002817065394,1452.3002817065394,1452.3002817065394,1452.3002817065394,1452.3002817065394,1452.3002817065394,1452.3002817065394,1452.3002817065394,1452.3002817065394,1452.3002817065394,1452.3002817065394,1452.3002817065394,1452.3002817065394,1452.3002817065394,1452.3002817065394,1452.3002817065394,1452.3002817065394,1452.3002817065394,1452.3002817065394,1452.3002817065394,1452.3002817065394,1452.3002817065394,1452.3002817065394,1452.3002817065394,1452.3002817065394,1452.3002817065394,1452.3002817065394,1452.3002817065394,1452.3002817065394,1452.3002817065394,1452.3002817065394,1452.3002817065394,1452.3002817065394,1452.3002817065394,1452.3002817065394,1452.3002817065394,1452.3002817065394,1452.3002817065394,1452.3002817065394,1452.3002817065394,1452.3002817065394,1452.3002817065394,1452.3002817065394,1452.3002817065394,1452.3002817065394,1452.3002817065394,1452.3002817065394,1452.3002817065394,1452.3002817065394,1452.3002817065394,1452.3002817065394,1452.3002817065394,1452.3002817065394,1452.3002817065394,1452.3002817065394,1452.3002817065394,1452.3002817065394,1452.3002817065394,1452.3002817065394,1452.3002817065394,1452.3002817065394,1452.3002817065394,1452.3002817065394,1452.3002817065394,1452.3002817065394,1452.3002817065394,1452.3002817065394,1452.3002817065394,1452.3002817065394,1452.3002817065394,1452.3002817065394,1452.3002817065394,1452.3002817065394,1452.3002817065394,1452.3002817065394,1452.3002817065394,1452.3002817065394,1452.3002817065394,1452.3002817065394,1452.3002817065394,1452.3002817065394,1452.3002817065394,1452.3002817065394,1452.3002817065394,1452.3002817065394,1452.3002817065394,1452.3002817065394,1452.3002817065394,1452.3002817065394,1452.3002817065394,1452.3002817065394,1452.3002817065394,1452.3002817065394,1452.3002817065394,1452.3002817065394,1452.3002817065394,1452.3002817065394,1452.3002817065394,1452.3002817065394,1452.3002817065394,1452.3002817065394,1452.3002817065394,1451.8266331605782,1451.8266331605782,1451.8266331605782,1451.8266331605782,1451.8266331605782,1451.8266331605782,1451.8266331605782,1451.8266331605782,1451.8266331605782,1451.8266331605782,1451.8266331605782,1451.8266331605782,1451.8266331605782,1451.8266331605782,1451.8266331605782,1451.8266331605782,1451.8266331605782,1451.8266331605782,