{"front":[{"fuel":1085.8601108817093,"distance":776.4979462855032,"trucks":[[36,42,41,28,30,33,26,5],[21,22,6,34,19,20,15,29,38],[27,43,40,35,18,8,17,16,39],[11,32,13,9,3,24,2],[10,37,7,25,23],[31,12,14,4]]},{"fuel":1083.3188552931524,"distance":777.4088426517516,"trucks":[[21,22,6,34,19,20,15,29,38],[11,32,13,9,3,24,2],[5,36,42,28,26,33,30,41],[27,43,40,35,18,8,17,16,39],[10,37,7,25,23],[31,12,14,4]]}],"benchmark":"B-n43-k6","Optimal":742}