{"benchmark":"B-n43-k6","front":[{"distance":774.7716618166944,"trucks":[[16,39,37,7,25,23],[6,22,21,34,19,20,15,29,38],[10,17,8,18,35,40,43,27],[11,32,13,9,3,24,2],[5,42,36,28,30,33,26,41],[31,12,14,4]],"fuel":1092.531844798265}],"Optimal":742}