{"Optimal":742,"benchmark":"B-n43-k6","front":[{"trucks":[[10,27,43,40,8,35,17,18],[21,22,34,6,19,20,15,29,38],[5,36,42,28,26,33,30,41],[9,3,2,24,39,16],[11,32,13,37,7,25,23],[31,14,4,12]],"fuel":1093.7634577231438,"distance":780.2439747285007},{"trucks":[[10,43,27,7,25,23],[21,22,6,19,20,15,29,38,34],[40,35,18,8,17,16,39,13,32],[5,36,42,26,28,33,30,41],[11,3,37,9,2,24],[31,14,4,12]],"fuel":1093.6237850167581,"distance":784.2055807457707}]}