{"Optimal":742,"benchmark":"B-n43-k6","front":[{"distance":779.8000798329572,"trucks":[[11,32,13,9,3,24,2,34],[5,36,28,42,30,33,26,41],[10,27,43,23,7,25],[18,40,35,17,16,39,37,8],[21,22,6,19,20,15,29,38],[31,14,4,12]],"fuel":1081.2691738024148},{"distance":779.93971065144,"trucks":[[11,32,13,9,3,24,2,34],[18,40,35,17,16,37,39,8],[10,27,43,23,7,25],[5,36,28,26,33,30,42,41],[21,22,6,19,20,15,29,38],[31,4,14,12]],"fuel":1080.78314416777}]}