{"Optimal":568,"benchmark":"P-n55-k7","front":[{"fuel":844.8730982137773,"trucks":[[3,29,23,43,42,44,2,24,50,25],[52,34,17,4,45,33,51,19,26],[35,47,53,28,14,55,20,9,27],[18,13,41,10,40,32,11],[8,36,54,15,12,39],[49,22,48,37,38,21,16,6,30],[5,46,31,7]],"distance":614.3364312770462},{"trucks":[[3,29,23,43,42,44,2,24,50,25],[52,17,4,45,33,51,19,26],[35,47,53,28,14,55,20,9,27],[18,13,41,10,40,32,11],[8,36,54,15,12,39],[49,22,48,37,38,21,16,6,30],[5,46,31,34,7]],"distance":616.8965565402196,"fuel":844.0907781838198}]}