{"benchmark":"P-n55-k7","front":[{"trucks":[[13,40,10,26,51,19,25,50,17],[3,29,23,43,42,44,24,2,34],[35,47,20,15,36],[18,41,33,45,4,52,7],[31,22,48,37,38,21,16,14,55,9],[5,49,6,30,46,28,53],[27,8,54,12,39,11,32]],"fuel":826.4731233443736,"distance":595.6669544758888},{"distance":596.5806605261633,"trucks":[[13,40,10,26,51,19,25,50,17],[3,29,23,43,42,44,24,2,34],[35,47,9,15,36],[18,41,33,45,4,52,7],[31,22,48,37,38,21,16,14,55,20],[5,49,6,30,46,28,53],[27,8,54,12,39,11,32]],"fuel":825.2647111272837},{"fuel":820.3828168301535,"trucks":[[13,40,10,26,51,19,25,50,17],[3,29,23,43,42,44,24,2,34],[35,47,20,15,36,9],[18,41,33,45,4,52,7],[31,22,48,37,38,21,16,14,55],[5,46,49,6,30,28,53],[27,8,54,12,39,11,32]],"distance":596.650134388875},{"fuel":817.3792906441976,"trucks":[[13,40,10,26,51,19,25,50,17],[3,29,23,43,42,44,24,2,34],[35,47,9,36,15,20],[18,41,33,45,4,52,7],[31,22,48,37,38,21,16,14,55],[5,46,49,6,30,28,53],[27,8,54,12,39,11,32]],"distance":596.7181818233307}],"Optimal":568}