{"front":[{"trucks":[[7,52,34,2,44,42,43,23,29],[8,36,54,15,12,39,11],[49,22,48,37,38,21,16,6,30],[35,47,9,20,55,14,28,53],[4,45,33,26,51,19,25,50,24,17],[18,41,10,32,40,13,27],[5,46,31,3]],"distance":589.0869704490178,"fuel":825.4329502795422},{"distance":590.5123785893234,"fuel":824.7128897862256,"trucks":[[7,52,34,2,44,42,43,23,29],[8,36,54,15,12,39,11],[49,22,48,37,38,21,16,6,30],[35,47,9,20,55,14,28,53],[4,45,33,26,51,19,25,50,24,17],[18,41,10,40,32,13,27],[5,46,31,3]]},{"trucks":[[7,52,34,2,44,42,43,23,29],[8,36,54,15,12,39,11],[49,22,48,37,38,21,16,6,30],[35,47,9,20,55,14,28,53],[4,45,33,51,26,19,25,50,24,17],[18,41,10,40,32,13,27],[5,46,31,3]],"distance":591.3588142205775,"fuel":824.5737900112421}],"benchmark":"P-n55-k7","Optimal":568}