{"optimalDistance":799,"distanceSequence":[848.3427897478473,848.3427897478473,848.3427897478473,848.3427897478473,848.3427897478473,848.3427897478473,848.3427897478473,845.1423880009097,845.1423880009097,845.1423880009097,845.1423880009097,845.1423880009097,845.1423880009097,845.1423880009097,845.1423880009097,845.1423880009097,845.1423880009097,845.1423880009097,845.1423880009097,845.1423880009097,845.1423880009097,845.1423880009097,845.1423880009097,845.1423880009097,845.1423880009097,845.1423880009097,845.1423880009097,845.1423880009097,845.1423880009097,845.1423880009097,845.1423880009097,845.1423880009097,845.1423880009097,845.1423880009097,845.1423880009097,845.1423880009097,845.1423880009097,845.1423880009097,845.1423880009097,845.1423880009097,845.1423880009097,845.1423880009097,845.1423880009097,845.1423880009097,845.1423880009097,845.1423880009097,845.1423880009097,845.1423880009097,845.1423880009097,845.1423880009097,845.1423880009097,845.1423880009097,845.1423880009097,845.1423880009097,845.1423880009097,845.1423880009097,845.1423880009097,845.1423880009097,845.1423880009097,842.328691745089,842.328691745089,842.328691745089,842.328691745089,842.328691745089,842.328691745089,840.0729064550287,840.0729064550287,840.0729064550287,840.0729064550287,840.0729064550287,840.0729064550287,840.0729064550287,840.0729064550287,840.0729064550287,840.0729064550287,840.0729064550287,840.0729064550287,840.0729064550287,840.0729064550287,840.0729064550287,840.0729064550287,840.0729064550287,840.0729064550287,840.0729064550287,840.0729064550287,840.0729064550287,840.0729064550287,840.0729064550287,840.0729064550287,840.0729064550287,840.0729064550287,840.0729064550287,840.0729064550287,840.0729064550287,840.0729064550287,840.0729064550287,840.0729064550287,840.0729064550287,840.0729064550287,840.0729064550287,840.0729064550287,840.0729064550287,840.0729064550287,840.0729064550287,840.0729064550287,840.0729064550287,840.0729064550287,840.0729064550287,840.0729064550287,840.0729064550287,840.0729064550287,840.0729064550287,840.0729064550287,840.0729064550287,840.0729064550287,840.0729064550287,840.0729064550287,840.0729064550287,840.0729064550287,840.0729064550287,840.0729064550287,840.0729064550287,840.0729064550287,840.0729064550287,840.0729064550287,840.0729064550287,838.4509615162834,838.4509615162834,838.4509615162834,838.4509615162834,838.4509615162834,838.4509615162834,838.4509615162834,838.4509615162834,838.4509615162834,838.4509615162834,838.4509615162834,838.4509615162834,838.4509615162834,838.4509615162834,838.4509615162834,838.4509615162834,838.4509615162834,838.4509615162834,838.4509615162834,838.4509615162834,838.4509615162834,838.4509615162834,838.4509615162834,838.4509615162834,838.4509615162834,838.4509615162834,835.6372652604628,835.6372652604628,835.6372652604628,835.6372652604628,835.6372652604628,835.6372652604628,835.6372652604628,835.6372652604628,835.6372652604628,835.6372652604628,835.6372652604628,835.6372652604628,835.6372652604628,835.6372652604628,835.6372652604628,835.6372652604628,835.6372652604628,835.6372652604628,835.6372652604628,835.6372652604628,835.6372652604628,835.6372652604628,835.6372652604628,835.6372652604628,835.6372652604628,835.6372652604628,835.6372652604628,835.6372652604628,835.6372652604628,835.6372652604628,835.6372652604628,835.6372652604628,835.6372652604628,835.6372652604628,835.6372652604628,835.6372652604628,835.6372652604628,835.6372652604628,835.6372652604628,835.6372652604628,835.6372652604628,835.6372652604628,835.6372652604628,835.6372652604628,835.6372652604628,835.6372652604628,835.6372652604628,835.6372652604628,835.6372652604628,835.6372652604628,835.6372652604628,835.6372652604628,835.6372652604628,835.6372652604628,835.6372652604628,835.6372652604628,835.6372652604628,835.6372652604628,835.6372652604628,835.6372652604628,835.6372652604628,835.6372652604628,835.6372652604628,835.6372652604628,835.6372652604628,835.6372652604628,835.6372652604628,835.6372652604628,835.6372652604628,835.6372652604628,835.6372652604628,835.6372652604628,835.6372652604628,835.6372652604628,835.6372652604628,835.6372652604628,835.6372652604628,835.6372652604628,835.6372652604628,835.6372652604628,835.6372652604628,835.6372652604628,835.6372652604628,835.6372652604628,835.6372652604628,835.6372652604628,835.6372652604628,835.6372652604628,835.6372652604628,835.6372652604628,835.6372652604628,835.6372652604628,835.6372652604628,835.6372652604628,835.6372652604628,835.6372652604628,835.6372652604628,835.6372652604628,835.6372652604628,835.6372652604628,835.6372652604628,835.6372652604628,835.6372652604628,835.6372652604628,835.6372652604628,835.6372652604628,835.6372652604628,835.6372652604628,835.6372652604628,835.6372652604628,835.6372652604628,835.6372652604628,835.6372652604628,835.6372652604628,835.6372652604628,835.6372652604628,835.6372652604628,835.6372652604628,835.6372652604628,835.6372652604628,835.6372652604628,835.6372652604628,835.6372652604628,835.6372652604628,835.6372652604628,835.6372652604628,835.6372652604628,835.6372652604628,835.6372652604628,835.6372652604628,835.6372652604628,835.6372652604628,835.6372652604628,835.6372652604628,835.6372652604628,835.6372652604628,835.6372652604628,835.6372652604628,835.6372652604628,835.6372652604628,835.6372652604628,835.6372652604628,835.6372652604628,835.6372652604628,835.6372652604628,835.6372652604628,835.6372652604628,835.6372652604628,835.6372652604628,835.6372652604628,835.6372652604628,835.6372652604628,835.6372652604628,835.6372652604628,835.6372652604628,835.6372652604628,835.6372652604628,835.6372652604628,835.6372652604628,835.6372652604628,835.6372652604628,835.6372652604628,835.6372652604628,835.6372652604628,835.6372652604628,835.6372652604628,835.6372652604628,835.6372652604628,835.6372652604628,835.6372652604628,835.6372652604628,835.6372652604628,835.6372652604628,835.6372652604628,835.6372652604628,835.6372652604628,835.6372652604628,835.6372652604628,835.6372652604628,835.6372652604628,835.6372652604628,835.6372652604628,835.6372652604628,835.6372652604628,835.6372652604628,835.6372652604628,835.6372652604628,835.6372652604628,835.6372652604628,835.6372652604628,835.6372652604628,835.6372652604628,835.6372652604628,835.6372652604628,835.6372652604628,835.6372652604628,835.6372652604628,835.6372652604628,835.6372652604628,835.6372652604628,835.6372652604628,835.6372652604628,835.6372652604628,835.6372652604628,835.6372652604628,835.6372652604628,835.6372652604628,835.6372652604628,835.6372652604628,835.6372652604628,835.6372652604628,835.6372652604628,835.6372652604628,835.6372652604628,835.6372652604628,835.6372652604628,835.6372652604628,835.6372652604628,835.6372652604628,835.6372652604628,835.6372652604628,835.6372652604628,835.6372652604628,835.6372652604628,835.6372652604628,835.6372652604628,835.6372652604628,835.6372652604628,835.6372652604628,835.6372652604628,835.6372652604628,835.6372652604628,835.6372652604628,835.6372652604628,835.6372652604628,835.6372652604628,835.6372652604628,835.6372652604628,835.6372652604628,835.6372652604628,835.6372652604628,835.6372652604628,835.6372652604628,835.6372652604628,835.6372652604628,835.6372652604628,835.6372652604628,835.6372652604628,835.6372652604628,835.6372652604628,835.6372652604628,835.6372652604628,835.6372652604628,835.6372652604628,835.6372652604628,835.6372652604628,835.6372652604628,835.6372652604628,835.6372652604628,835.6372652604628,835.6372652604628,835.6372652604628,835.6372652604628,835.6372652604628,835.6372652604628,835.6372652604628,835.6372652604628,835.6372652604628,835.6372652604628,835.6372652604628,835.6372652604628,835.6372652604628,835.6372652604628,835.6372652604628,835.6372652604628,835.6372652604628,835.6372652604628,835.6372652604628,835.6372652604628,835.6372652604628,835.6372652604628,835.6372652604628,835.6372652604628,835.6372652604628,835.6372652604628,835.6372652604628,835.6372652604628,835.6372652604628,835.6372652604628,835.6372652604628,