{"Optimal":799,"front":[{"fuel":1186.5941827650527,"trucks":[[22,19,34,30,31,18,14,33,23],[11,8,27,21,6],[15,35,7,4,13,29],[10,32,20,5,24,3,36,9,16],[12,26,28,25,2,17]],"distance":835.6372652604626},{"fuel":1185.5538285842676,"trucks":[[22,19,34,30,31,18,14,33,23],[11,8,27,21,6],[15,35,24,7,4,13,29],[10,32,20,5,3,36,9,16],[12,26,28,25,2,17]],"distance":838.4509615162834},{"fuel":1184.7803369854723,"trucks":[[22,23,33,19,34,30,31,18,14],[11,8,27,21,6],[15,35,7,4,13,29],[10,32,20,5,24,3,36,9,16],[12,26,28,25,2,17]],"distance":842.328691745089},{"trucks":[[22,23,33,19,34,30,31,18,14],[11,8,27,21,6],[15,35,24,7,4,13,29],[10,32,20,5,3,36,9,16],[12,26,28,25,2,17]],"fuel":1183.7399828046873,"distance":845.1423880009096}],"benchmark":"A-n36-k5"}