{"benchmark":"A-n36-k5","Optimal":799,"front":[{"trucks":[[11,8,27,21,6],[13,7,4,32,20,5,24,29],[10,15,35,3,36,9,16],[22,19,34,30,31,18,14,33,23],[12,26,28,25,2,17]],"distance":824.3998428375081,"fuel":1145.0608569138215},{"distance":825.1986613270432,"fuel":1128.2443160974708,"trucks":[[11,8,27,21,6],[29,13,7,4,32,20,5,24],[10,15,35,3,36,9,16],[22,19,34,30,31,18,14,33,23],[12,26,28,25,2,17]]},{"distance":831.8900878116696,"trucks":[[11,8,27,21,6],[29,13,7,4,32,20,5,24],[10,15,35,3,36,9,16],[22,23,33,19,34,30,31,18,14],[12,26,28,25,2,17]],"fuel":1126.4304703178905}]}