{"front":[{"trucks":[[34,74,63,29,62,23,2,44,43,65,42,57,24,64,17,52],[14,55,20,60,15,54,12,67,66,39,11,32],[18,41,33,45,4,50,25,19,51,56,26,10,40,73,59,13],[76,31,75,49,48,22,70,37,72,61,71,21,38,58,16,6,30,46],[68,27,8,36,9,47,35,53,28,5,69,3,7]],"distance":678.1447292019079,"fuel":991.0615749214036},{"distance":678.5459978916793,"trucks":[[34,74,63,29,62,23,2,44,43,65,42,57,24,64,17,52],[14,55,20,60,15,54,12,67,66,39,11,32],[18,41,33,45,4,50,25,19,51,56,26,10,40,73,59,13],[76,31,75,49,48,22,70,37,72,61,71,21,38,6,16,58,30,46],[68,27,8,36,9,47,35,53,28,5,69,3,7]],"fuel":990.4025639640462},{"trucks":[[34,74,63,29,62,23,2,44,43,65,42,57,24,64,17,52],[14,55,20,54,15,60,12,67,66,39,11,32],[18,41,33,45,4,50,25,19,51,56,26,10,40,73,59,13],[76,31,75,49,48,22,70,37,72,61,71,21,38,58,16,6,30,46],[68,27,8,36,9,47,35,53,28,5,69,3,7]],"fuel":989.8566211968301,"distance":678.6912360112739},{"fuel":989.1976102394729,"trucks":[[34,74,63,29,62,23,2,44,43,65,42,57,24,64,17,52],[14,55,20,54,15,60,12,67,66,39,11,32],[18,41,33,45,4,50,25,19,51,56,26,10,40,73,59,13],[76,31,75,49,48,22,70,37,72,61,71,21,38,6,16,58,30,46],[68,27,8,36,9,47,35,53,28,5,69,3,7]],"distance":679.0925047010452}],"Optimal":627,"benchmark":"P-n76-k5"}