{"optimalDistance":949,"fuelSequence":[1428.6477301469808,1428.6477301469808,1428.6477301469808,1428.6477301469808,1428.6477301469808,1428.6477301469808,1428.6477301469808,1428.6477301469808,1428.6477301469808,1428.6477301469808,1428.6477301469808,1428.6477301469808,1428.6477301469808,1428.6477301469808,1428.6477301469808,1428.6477301469808,1428.6477301469808,1428.6477301469808,1428.6477301469808,1428.6477301469808,1428.6477301469808,1428.6477301469808,1428.6477301469808,1428.6477301469808,1428.6477301469808,1423.250078929277,1423.250078929277,1415.8696565630987,1415.8696565630987,1415.8696565630987,1415.8696565630987,1415.8696565630987,1415.8696565630987,1415.8696565630987,1415.8696565630987,1415.8696565630987,1415.8696565630987,1415.8696565630987,1415.8696565630987,1415.8696565630987,1415.8696565630987,1415.8696565630987,1415.8696565630987,1415.8696565630987,1415.8696565630987,1415.8696565630987,1415.8696565630987,1415.8696565630987,1415.8696565630987,1415.8696565630987,1415.8696565630987,1415.8696565630987,1415.8696565630987,1415.8696565630987,1415.8696565630987,1415.8696565630987,1415.8696565630987,1415.8696565630987,1415.0633397714182,1415.0633397714182,1415.0633397714182,1415.0633397714182,1415.0633397714182,1415.0633397714182,1415.0633397714182,1410.147630529689,1410.147630529689,1410.147630529689,1410.147630529689,1410.147630529689,1410.147630529689,1410.147630529689,1410.147630529689,1410.147630529689,1410.147630529689,1410.147630529689,1410.147630529689,1410.147630529689,1410.147630529689,1410.147630529689,1410.147630529689,1410.147630529689,1410.147630529689,1410.147630529689,1410.147630529689,1410.147630529689,1409.543080708693,1409.543080708693,1409.543080708693,1409.543080708693,1409.543080708693,1409.543080708693,1409.543080708693,1409.543080708693,1409.543080708693,1409.543080708693,1409.543080708693,1409.543080708693,1409.543080708693,1409.543080708693,1409.543080708693,1409.543080708693,1409.543080708693,1409.543080708693,1409.543080708693,1409.543080708693,1409.543080708693,1404.185243731584,1404.185243731584,1404.185243731584,1404.185243731584,1404.185243731584,1404.185243731584,1404.185243731584,1404.185243731584,1404.185243731584,1404.185243731584,1404.185243731584,1404.185243731584,1404.185243731584,1404.185243731584,1404.185243731584,1404.185243731584,1404.185243731584,1404.185243731584,1404.185243731584,1404.185243731584,1404.185243731584,1404.185243731584,1404.185243731584,1404.185243731584,1404.185243731584,1404.185243731584,1404.185243731584,1404.185243731584,1404.185243731584,1404.185243731584,1404.185243731584,1404.185243731584,1404.185243731584,1404.185243731584,1404.185243731584,1404.185243731584,1404.185243731584,1402.8785531556198,1402.8785531556198,1402.8785531556198,1402.8785531556198,1402.8785531556198,1402.8785531556198,1402.8785531556198,1402.8785531556198,1402.8785531556198,1402.8785531556198,1402.8785531556198,1402.8785531556198,1402.8785531556198,1402.8785531556198,1402.8785531556198,1402.8785531556198,1402.8785531556198,1402.8785531556198,1402.8785531556198,1402.8785531556198,1402.8785531556198,1402.8785531556198,1402.8785531556198,1402.8785531556198,1402.8785531556198,1402.8785531556198,1402.8785531556198,1402.8785531556198,1402.8785531556198,1402.8785531556198,1402.8785531556198,1402.8785531556198,1402.8785531556198,1401.964752099095,1401.964752099095,1394.7371355328316,1394.7371355328316,1394.7371355328316,1394.7371355328316,1394.7371355328316,1394.7371355328316,1394.7371355328316,1394.7371355328316,1394.7371355328316,1394.7371355328316,1394.7371355328316,1394.7371355328316,1394.7371355328316,1394.7371355328316,1390.7914619670037,1390.7914619670037,1390.7914619670037,1390.7914619670037,1390.7914619670037,1390.7914619670037,1390.7914619670037,1390.7914619670037,1390.7914619670037,1390.7914619670037,1390.7914619670037,1390.7914619670037,1390.7914619670037,1390.7914619670037,1390.7914619670037,1390.7914619670037,1390.7914619670037,1390.7914619670037,1390.7914619670037,1390.7914619670037,1390.7914619670037,1390.7914619670037,1390.7914619670037,1390.7914619670037,1390.7914619670037,1390.7914619670037,1390.7914619670037,1390.7914619670037,1390.7914619670037,1390.7914619670037,1390.7914619670037,1390.7914619670037,1390.7914619670037,1390.7914619670037,1390.7914619670037,1390.7914619670037,1390.7914619670037,1390.7914619670037,1390.7914619670037,1390.7914619670037,1390.7914619670037,1390.7914619670037,1390.7914619670037,1390.7914619670037,1390.7914619670037,1390.7914619670037,1390.7914619670037,1390.7914619670037,1390.7914619670037,1390.7914619670037,1390.7914619670037,1390.7914619670037,1390.7914619670037,1390.7914619670037,1390.7914619670037,1390.7914619670037,1390.7914619670037,1390.7914619670037,1390.7914619670037,1390.7914619670037,1390.7914619670037,1390.7914619670037,1390.7914619670037,1390.7914619670037,1390.7914619670037,1390.7914619670037,1390.7914619670037,1390.7914619670037,1387.8616117529477,1387.8616117529477,1382.2162354108718,1382.2162354108718,1382.2162354108718,1382.2162354108718,1382.2162354108718,1382.2162354108718,1382.2162354108718,1382.2162354108718,1382.2162354108718,1382.2162354108718,1382.2162354108718,1382.2162354108718,1382.2162354108718,1382.2162354108718,1382.2162354108718,1382.2162354108718,1382.2162354108718,1382.2162354108718,1382.2162354108718,1382.2162354108718,1382.2162354108718,1382.2162354108718,1382.2162354108718,1382.2162354108718,1382.2162354108718,1382.2162354108718,1382.2162354108718,1382.2162354108718,1382.2162354108718,1382.2162354108718,1382.2162354108718,1382.2162354108718,1382.2162354108718,1382.2162354108718,1382.2162354108718,1382.2162354108718,1382.2162354108718,1382.2162354108718,1382.2162354108718,1382.2162354108718,1382.2162354108718,1382.2162354108718,1382.2162354108718,1382.2162354108718,1382.2162354108718,1382.2162354108718,1382.2162354108718,1382.2162354108718,1382.2162354108718,1382.2162354108718,1382.2162354108718,1382.2162354108718,1382.2162354108718,1375.1903382624328,1375.1903382624328,1375.1903382624328,1375.1903382624328,1375.1903382624328,1375.1903382624328,1375.1903382624328,1375.1903382624328,1375.1903382624328,1375.1903382624328,1375.1903382624328,1375.1903382624328,1375.1903382624328,1375.1903382624328,1375.1903382624328,1375.1903382624328,1375.1903382624328,1375.1903382624328,1375.1903382624328,1375.1903382624328,1375.1903382624328,1375.1903382624328,1375.1903382624328,1375.1903382624328,1375.1903382624328,1375.1903382624328,1375.1903382624328,1375.1903382624328,1375.1903382624328,1375.1903382624328,1375.1903382624328,1375.1903382624328,1375.1903382624328,1375.1903382624328,1375.1903382624328,1375.1903382624328,1375.1903382624328,1375.1903382624328,1375.1903382624328,1375.1903382624328,1375.1903382624328,1375.1903382624328,1375.1903382624328,1375.1903382624328,1375.1903382624328,1375.1903382624328,1375.1903382624328,1375.1903382624328,1375.1903382624328,1375.1903382624328,1375.1903382624328,1375.1903382624328,1375.1903382624328,1375.1903382624328,1375.1903382624328,1375.1903382624328,1375.1903382624328,1375.1903382624328,1375.1903382624328,1375.1903382624328,1375.1903382624328,1375.1903382624328,1375.1903382624328,1370.561097307811,1370.561097307811,1370.561097307811,1370.561097307811,1370.561097307811,1370.561097307811,1370.561097307811,1370.561097307811,1370.561097307811,1370.561097307811,1370.561097307811,1370.561097307811,1370.561097307811,1370.561097307811,1370.561097307811,1370.561097307811,1370.561097307811,1370.561097307811,1370.561097307811,1370.561097307811,1370.561097307811,1370.561097307811,1370.561097307811,1370.561097307811,1370.561097307811,1370.561097307811,1370.561097307811,1370.561097307811,1370.561097307811,1370.561097307811,1370.561097307811,1370.561097307811,1370.561097307811,1370.561097307811,1370.561097307811,1370.561097307811,1370.561097307811,1370.561097307811,1370.561097307811,1370.561097307811,1370.561097307811,1370.561097307811,1370.561097307811,1370.561097307811,1370.561097307811,1370.561097307811,