{"benchmark":"A-n33-k5","optimalDistance":661,"distanceSequence":[711.1106350026546,711.1106350026546,711.1106350026546,711.1106350026546,711.1106350026546,711.1106350026546,711.1106350026546,711.1106350026546,711.1106350026546,711.1106350026546,711.1106350026546,711.1106350026546,711.1106350026546,711.1106350026546,711.1106350026546,711.1106350026546,711.1106350026546,711.1106350026546,711.1106350026546,711.1106350026546,711.1106350026546,711.1106350026546,711.1106350026546,711.1106350026546,711.1106350026546,711.1106350026546,711.1106350026546,711.1106350026546,711.1106350026546,711.1106350026546,711.1106350026546,711.1106350026546,711.1106350026546,711.1106350026546,711.1106350026546,711.1106350026546,711.1106350026546,711.1106350026546,711.1106350026546,711.1106350026546,711.1106350026546,711.1106350026546,711.1106350026546,711.1106350026546,711.1106350026546,711.1106350026546,711.1106350026546,711.1106350026546,711.1106350026546,711.1106350026546,711.1106350026546,711.1106350026546,711.1106350026546,711.1106350026546,711.1106350026546,711.1106350026546,711.1106350026546,711.1106350026546,711.1106350026546,711.1106350026546,711.1106350026546,711.1106350026546,711.1106350026546,711.1106350026546,711.1106350026546,711.1106350026546,711.1106350026546,711.1106350026546,711.1106350026546,711.1106350026546,711.1106350026546,711.1106350026546,711.1106350026546,711.1106350026546,711.1106350026546,711.1106350026546,711.1106350026546,711.1106350026546,711.1106350026546,711.1106350026546,711.1106350026546,711.1106350026546,711.1106350026546,711.1106350026546,711.1106350026546,711.1106350026546,711.1106350026546,711.1106350026546,711.1106350026546,711.1106350026546,711.1106350026546,711.1106350026546,711.1106350026546,711.1106350026546,711.1106350026546,711.1106350026546,711.1106350026546,711.1106350026546,711.1106350026546,711.1106350026546,711.1106350026546,711.1106350026546,711.1106350026546,711.1106350026546,711.1106350026546,711.1106350026546,711.1106350026546,711.1106350026546,711.1106350026546,711.1106350026546,711.1106350026546,711.1106350026546,711.1106350026546,711.1106350026546,711.1106350026546,711.1106350026546,711.1106350026546,711.1106350026546,708.7343572753057,705.3711320302511,705.3711320302511,705.3711320302511,705.3711320302511,705.3711320302511,705.3711320302511,705.3711320302511,705.3711320302511,705.3711320302511,705.3711320302511,705.3711320302511,705.3711320302511,705.3711320302511,705.3711320302511,705.3711320302511,705.3711320302511,705.3711320302511,705.3711320302511,705.3711320302511,705.3711320302511,705.3711320302511,705.3711320302511,705.3711320302511,705.3711320302511,705.3711320302511,705.3711320302511,705.3711320302511,705.3711320302511,705.3711320302511,705.3711320302511,705.3711320302511,705.3711320302511,705.3711320302511,705.3711320302511,705.3711320302511,705.3711320302511,705.3711320302511,705.3711320302511,705.3711320302511,705.3711320302511,705.3711320302511,705.3711320302511,705.3711320302511,705.3711320302511,705.3711320302511,700.663110873639,700.663110873639,700.663110873639,700.663110873639,700.663110873639,700.663110873639,700.663110873639,700.663110873639,700.663110873639,700.663110873639,700.663110873639,700.663110873639,700.663110873639,700.663110873639,700.663110873639,700.663110873639,700.663110873639,700.663110873639,700.663110873639,700.663110873639,700.663110873639,700.663110873639,700.663110873639,700.663110873639,700.663110873639,700.663110873639,700.663110873639,700.663110873639,700.663110873639,700.663110873639,700.663110873639,700.663110873639,700.663110873639,700.663110873639,700.663110873639,700.663110873639,700.663110873639,700.663110873639,700.663110873639,700.663110873639,700.663110873639,700.663110873639,700.663110873639,700.663110873639,700.663110873639,700.663110873639,700.663110873639,700.663110873639,700.663110873639,700.663110873639,700.663110873639,700.663110873639,700.663110873639,700.663110873639,700.663110873639,700.663110873639,700.663110873639,700.663110873639,700.663110873639,700.663110873639,700.663110873639,700.663110873639,700.663110873639,700.663110873639,700.663110873639,700.663110873639,700.663110873639,700.663110873639,700.663110873639,700.663110873639,700.663110873639,700.663110873639,700.663110873639,700.663110873639,700.663110873639,700.663110873639,700.663110873639,700.663110873639,700.663110873639,688.8309045710669,688.8309045710669,688.8309045710669,688.8309045710669,688.8309045710669,688.8309045710669,688.8309045710669,688.8309045710669,688.8309045710669,688.8309045710669,688.8309045710669,688.8309045710669,688.8309045710669,688.8309045710669,688.8309045710669,688.8309045710669,688.8309045710669,688.8309045710669,688.8309045710669,688.8309045710669,688.8309045710669,688.8309045710669,688.8309045710669,688.8309045710669,688.8309045710669,688.8309045710669,688.8309045710669,688.8309045710669,688.8309045710669,688.8309045710669,688.8309045710669,688.8309045710669,688.8309045710669,688.8309045710669,688.8309045710669,688.8309045710669,688.8309045710669,688.8309045710669,688.8309045710669,688.8309045710669,688.8309045710669,688.8309045710669,688.8309045710669,688.8309045710669,688.8309045710669,688.8309045710669,688.8309045710669,688.8309045710669,688.8309045710669,688.8309045710669,688.8309045710669,688.8309045710669,688.8309045710669,688.8309045710669,688.8309045710669,688.8309045710669,688.8309045710669,688.8309045710669,688.8309045710669,688.8309045710669,688.8309045710669,688.8309045710669,688.8309045710669,688.8309045710669,688.8309045710669,688.8309045710669,688.8309045710669,688.8309045710669,688.8309045710669,688.8309045710669,688.8309045710669,688.8309045710669,688.8309045710669,688.8309045710669,688.8309045710669,688.8309045710669,688.8309045710669,688.8309045710669,688.8309045710669,688.8309045710669,688.8309045710669,688.8309045710669,688.8309045710669,688.8309045710669,688.8309045710669,688.8309045710669,688.8309045710669,688.8309045710669,688.8309045710669,688.8309045710669,688.8309045710669,688.8309045710669,688.8309045710669,688.8309045710669,688.8309045710669,688.8309045710669,688.8309045710669,688.8309045710669,688.8309045710669,688.8309045710669,688.8309045710669,688.8309045710669,688.8309045710669,688.8309045710669,688.8309045710669,688.8309045710669,688.8309045710669,688.8309045710669,688.8309045710669,688.8309045710669,688.8309045710669,688.8309045710669,688.8309045710669,688.8309045710669,688.8309045710669,688.8309045710669,688.8309045710669,688.8309045710669,688.8309045710669,688.8309045710669,688.8309045710669,688.8309045710669,688.8309045710669,688.8309045710669,688.8309045710669,688.8309045710669,688.8309045710669,688.8309045710669,688.8309045710669,688.8309045710669,683.8418669846017,683.8418669846017,683.8418669846017,683.8418669846017,683.8418669846017,683.8418669846017,683.8418669846017,683.8418669846017,683.8418669846017,683.8418669846017,683.8418669846017,683.8418669846017,683.8418669846017,683.8418669846017,683.8418669846017,683.8418669846017,683.8418669846017,683.8418669846017,683.8418669846017,683.8418669846017,683.8418669846017,683.8418669846017,683.8418669846017,683.8418669846017,683.8418669846017,683.8418669846017,683.8418669846017,683.8418669846017,683.8418669846017,683.8418669846017,683.8418669846017,683.8418669846017,683.8418669846017,683.8418669846017,683.8418669846017,683.8418669846017,683.8418669846017,683.8418669846017,683.8418669846017,683.8418669846017,683.8418669846017,683.8418669846017,683.8418669846017,683.8418669846017,683.8418669846017,683.8418669846017,683.8418669846017,683.8418669846017,683.8418669846017,683.8418669846017,683.8418669846017,683.8418669846017,683.8418669846017,683.8418669846017,683.8418669846017,683.8418669846017,683.8418669846017,683.8418669846017,683.8418669846017,683.8418669846017,683.8418669846017,683.8418669846017,683.8418669846017,683.8418669846017,683.8418669846017,683.8418669846017,683.8418669846017,683.8418669846017,683.8418669846017,683.8418669846017,683.8418669846017,683.8418669846017,