{"front":[{"fuel":1718.3941535307958,"distance":1211.0735489315812,"trucks":[[19,14,33,10,9,39,17,21,8,41],[7,29,4,12,44,42,28,22],[23,31,38,2,43],[40,36,35,27,5,3],[18,24,26,16,11],[6,20,37,30,32],[25,45,15,34,13]]},{"fuel":1717.822695037275,"distance":1215.628562876478,"trucks":[[40,36,35,27,5,3],[10,9,39,18,26,24,43,16],[7,29,4,12,44,42,28],[11,2,38,31,6],[19,14,33,17,21,8,41],[23,32,20,37,30],[13,25,45,15,34,22]]},{"fuel":1714.4855482325402,"distance":1217.259687466165,"trucks":[[25,45,34,6,15],[13,7,29,4,44,12,22],[19,14,33,10,9,39,17,21,8,41],[23,31,38,2,43],[18,24,26,16,11],[40,36,35,27,5,3],[20,32,37,30,28,42]]},{"fuel":1714.277953154847,"distance":1227.1478633213392,"trucks":[[25,45,15,34,32],[19,14,33,10,9,39,17,21,8,41],[13,7,29,4,44,12,22],[23,31,38,2,43],[40,36,35,27,5,3],[18,24,26,16,11],[6,20,37,30,28,42]]}],"benchmark":"A-n45-k7","Optimal":1146}