{"benchmark":"A-n45-k7","front":[{"trucks":[[7,29,4,12,44,42,28,22],[19,14,33,10,9,39,17,21,8,41],[23,6,31,38,2,26],[18,24,43,16,11],[34,32,20,37,30],[40,36,35,5,27],[13,25,45,15,3]],"distance":1203.8168644437628,"fuel":1695.7922854555386}],"Optimal":1146}