{"front":[{"distance":1207.1747450841447,"fuel":1705.3738108144912,"trucks":[[19,14,33,10,9,39,21,17,8,41],[23,6,31,38,2,43],[27,15,34,45,25],[18,24,26,16,11],[5,7,29,4,12,44,22,3],[36,35,40,13],[32,20,37,30,28,42]]}],"Optimal":1146,"benchmark":"A-n45-k7"}