{"optimalDistance":741,"distanceSequence":[826.2368781175185,826.2368781175185,826.2368781175185,826.2368781175185,826.2368781175185,826.2368781175185,826.2368781175185,826.2368781175185,826.2368781175185,826.2368781175185,826.2368781175185,826.2368781175185,826.2368781175185,826.2368781175185,826.2368781175185,826.2368781175185,825.6623761229799,806.6474665201172,806.6474665201172,806.6474665201172,806.6474665201172,806.6474665201172,806.6474665201172,806.6474665201172,806.6474665201172,806.6474665201172,806.6474665201172,806.6474665201172,806.6474665201172,806.6474665201172,806.6474665201172,803.5564922468122,803.5564922468122,803.5564922468122,803.5564922468122,803.5564922468122,803.5564922468122,803.5564922468122,803.5564922468122,803.5564922468122,803.5564922468122,803.5564922468122,803.5564922468122,803.5564922468122,803.5564922468122,803.5564922468122,803.5564922468122,803.5564922468122,803.5564922468122,803.5564922468122,803.5564922468122,803.5564922468122,803.5564922468122,803.5564922468122,803.5564922468122,803.5564922468122,803.5564922468122,803.5564922468122,803.5564922468122,803.5564922468122,803.5564922468122,803.5564922468122,803.5564922468122,803.5564922468122,803.5564922468122,803.5564922468122,803.5564922468122,803.5564922468122,801.5792837200345,801.5792837200345,801.5792837200345,801.5792837200345,801.5792837200345,801.5792837200345,801.5792837200345,801.5792837200345,801.5792837200345,801.5792837200345,801.5792837200345,801.5792837200345,801.5792837200345,801.5792837200345,801.5792837200345,801.5792837200345,801.5792837200345,801.5792837200345,801.5792837200345,801.5792837200345,801.5792837200345,801.5792837200345,801.5792837200345,801.5792837200345,801.5792837200345,801.5792837200345,801.5792837200345,801.5792837200345,801.5792837200345,801.5792837200345,801.5792837200345,801.5792837200345,801.5792837200345,801.5792837200345,801.5792837200345,801.5792837200345,801.5792837200345,801.5792837200345,801.5792837200345,801.5792837200345,801.5792837200345,801.5792837200345,801.5792837200345,801.5792837200345,801.5792837200345,801.5792837200345,801.5792837200345,801.5792837200345,801.5792837200345,801.5792837200345,801.5792837200345,801.5792837200345,801.5792837200345,801.5792837200345,801.5792837200345,801.5792837200345,801.5792837200345,801.5792837200345,801.5792837200345,801.5792837200345,801.5792837200345,801.5792837200345,801.5792837200345,801.5792837200345,801.5792837200345,801.5792837200345,801.5792837200345,801.5792837200345,801.5792837200345,801.5792837200345,801.5792837200345,801.5792837200345,801.5792837200345,801.5792837200345,801.5792837200345,801.5792837200345,801.5792837200345,801.5792837200345,799.8068065985527,799.8068065985527,799.8068065985527,799.8068065985527,799.8068065985527,799.8068065985527,799.8068065985527,799.8068065985527,799.8068065985527,799.8068065985527,799.8068065985527,799.8068065985527,799.8068065985527,799.8068065985527,799.8068065985527,799.8068065985527,799.8068065985527,799.8068065985527,799.8068065985527,799.8068065985527,799.8068065985527,799.8068065985527,799.8068065985527,799.8068065985527,799.8068065985527,799.8068065985527,799.8068065985527,799.8068065985527,799.8068065985527,799.8068065985527,799.8068065985527,799.8068065985527,799.8068065985527,799.8068065985527,799.8068065985527,799.8068065985527,799.8068065985527,799.8068065985527,799.8068065985527,799.8068065985527,799.8068065985527,799.8068065985527,799.8068065985527,799.8068065985527,799.8068065985527,799.8068065985527,798.0961233469463,798.0961233469463,798.0961233469463,798.0961233469463,798.0961233469463,798.0961233469463,798.0961233469463,798.0961233469463,798.0961233469463,798.0961233469463,798.0961233469463,798.0961233469463,798.0961233469463,798.0961233469463,798.0961233469463,798.0961233469463,798.0961233469463,798.0961233469463,798.0961233469463,798.0961233469463,798.0961233469463,798.0961233469463,798.0961233469463,798.0961233469463,798.0961233469463,798.0961233469463,798.0961233469463,798.0961233469463,798.0961233469463,798.0961233469463,798.0961233469463,798.0961233469463,798.0961233469463,798.0961233469463,798.0961233469463,798.0961233469463,798.0961233469463,798.0961233469463,798.0961233469463,798.0961233469463,798.0961233469463,798.0961233469463,798.0961233469463,798.0961233469463,798.0961233469463,798.0961233469463,797.1330543137833,797.1330543137833,797.1330543137833,797.1330543137833,797.1330543137833,797.1330543137833,797.1330543137833,797.1330543137833,797.1330543137833,797.1330543137833,797.1330543137833,797.1330543137833,797.1330543137833,797.1330543137833,797.1330543137833,797.1330543137833,797.1330543137833,797.1330543137833,797.1330543137833,797.1330543137833,797.1330543137833,797.1330543137833,797.1330543137833,797.1330543137833,797.1330543137833,797.1330543137833,797.1330543137833,797.1330543137833,797.1330543137833,797.1330543137833,797.1330543137833,797.1330543137833,797.1330543137833,797.1330543137833,797.1330543137833,797.1330543137833,797.1330543137833,797.1330543137833,797.1330543137833,797.1330543137833,797.1330543137833,797.1330543137833,797.1330543137833,792.5675827985226,792.5675827985226,792.5675827985226,792.5675827985226,792.5675827985226,792.5675827985226,792.5675827985226,792.5675827985226,792.5675827985226,792.5675827985226,792.5675827985226,792.5675827985226,792.5675827985226,792.5675827985226,792.5675827985226,792.5675827985226,792.5675827985226,792.5675827985226,792.5675827985226,792.5675827985226,792.5675827985226,792.5675827985226,792.5675827985226,792.5675827985226,792.5675827985226,792.5675827985226,792.5675827985226,792.5675827985226,792.5675827985226,792.5675827985226,792.5675827985226,792.5675827985226,792.5675827985226,792.5675827985226,792.5675827985226,792.5675827985226,792.5675827985226,792.5675827985226,792.5675827985226,792.5675827985226,792.5675827985226,792.5675827985226,792.5675827985226,792.5675827985226,792.5675827985226,792.5675827985226,792.5675827985226,792.5675827985226,792.5675827985226,792.5675827985226,792.5675827985226,792.5675827985226,792.5675827985226,792.5675827985226,792.5675827985226,792.5675827985226,792.5675827985226,792.5675827985226,792.5675827985226,792.5675827985226,792.5675827985226,792.5675827985226,792.5675827985226,792.5675827985226,792.5675827985226,792.5675827985226,792.5675827985226,792.5675827985226,792.5675827985226,792.5675827985226,792.5675827985226,792.5675827985226,792.5675827985226,792.5675827985226,792.5675827985226,792.5675827985226,792.5675827985226,792.5675827985226,792.5675827985226,792.5675827985226,792.5675827985226,792.5675827985226,792.5675827985226,792.5675827985226,792.5675827985226,792.5675827985226,792.5675827985226,792.5675827985226,792.1688781922603,792.1688781922603,792.1688781922603,792.1688781922603,792.1688781922603,792.1688781922603,792.1688781922603,792.1688781922603,792.1688781922603,792.1688781922603,792.1688781922603,792.1688781922603,792.1688781922603,792.1688781922603,792.1688781922603,792.1688781922603,792.1688781922603,792.1688781922603,792.1688781922603,792.1688781922603,792.1688781922603,792.1688781922603,792.1688781922603,792.1688781922603,792.1688781922603,792.1688781922603,792.1688781922603,792.1688781922603,792.1688781922603,792.1688781922603,792.1688781922603,792.1688781922603,792.1688781922603,792.1688781922603,792.1688781922603,792.1688781922603,792.1688781922603,792.1688781922603,792.1688781922603,792.1688781922603,792.1688781922603,792.1688781922603,792.1688781922603,792.1688781922603,792.1688781922603,792.1688781922603,792.1688781922603,792.1688781922603,792.1688781922603,792.1688781922603,792.1688781922603,792.1688781922603,792.1688781922603,792.1688781922603,792.1688781922603,792.1688781922603,792.1688781922603,792.1688781922603,792.1688781922603,792.1688781922603,792.1688781922603,792.1688781922603,792.1688781922603,792.1688781922603,792.1688781922603,792.1688781922603,792.1688781922603,792.1688781922603,792.1688781922603,792.1688781922603,792.1688781922603,792.1688781922603,792.1688781922603,