{"optimalDistance":741,"fuelSequence":[1133.8340151394689,1133.8340151394689,1133.8340151394689,1133.8340151394689,1133.8340151394689,1133.8340151394689,1133.8340151394689,1133.8340151394689,1133.8340151394689,1133.8340151394689,1133.8340151394689,1132.5928164589661,1132.5928164589661,1132.5928164589661,1121.733011039589,1121.733011039589,1121.733011039589,1121.733011039589,1121.733011039589,1121.733011039589,1121.733011039589,1121.733011039589,1121.733011039589,1121.733011039589,1121.733011039589,1121.733011039589,1121.733011039589,1121.733011039589,1121.733011039589,1121.733011039589,1121.733011039589,1121.733011039589,1121.733011039589,1121.733011039589,1121.733011039589,1121.733011039589,1121.733011039589,1121.733011039589,1121.733011039589,1121.733011039589,1121.733011039589,1120.1977294519008,1120.1977294519008,1120.1977294519008,1120.1977294519008,1120.1977294519008,1120.1977294519008,1120.1977294519008,1120.1977294519008,1120.1977294519008,1120.1977294519008,1120.1977294519008,1120.1977294519008,1120.1977294519008,1120.1977294519008,1120.1977294519008,1120.1977294519008,1120.1977294519008,1120.1977294519008,1120.1977294519008,1120.1977294519008,1120.1977294519008,1120.1977294519008,1120.1977294519008,1120.1977294519008,1120.1977294519008,1117.78775456867,1117.78775456867,1117.78775456867,1117.78775456867,1113.8872687009323,1113.8872687009323,1113.8872687009323,1113.8872687009323,1113.8872687009323,1113.8872687009323,1113.8872687009323,1113.8872687009323,1113.8872687009323,1113.8872687009323,1113.8872687009323,1113.8872687009323,1113.8872687009323,1113.8872687009323,1113.8872687009323,1113.8872687009323,1113.8872687009323,1113.8872687009323,1113.8872687009323,1113.8872687009323,1113.8872687009323,1113.8872687009323,1113.8872687009323,1113.8872687009323,1113.8872687009323,1113.8872687009323,1113.8872687009323,1113.8872687009323,1113.8872687009323,1113.8872687009323,1113.8872687009323,1113.8872687009323,1113.8872687009323,1113.8872687009323,1113.8872687009323,1113.8872687009323,1113.8872687009323,1113.8872687009323,1113.8872687009323,1113.8872687009323,1113.8872687009323,1113.8872687009323,1113.8872687009323,1113.8872687009323,1113.8872687009323,1113.8872687009323,1113.8872687009323,1113.8872687009323,1113.8872687009323,1113.8872687009323,1113.8872687009323,1113.8872687009323,1113.8872687009323,1113.8872687009323,1113.8872687009323,1113.8872687009323,1113.8872687009323,1113.8872687009323,1113.8872687009323,1112.8888347859995,1112.8888347859995,1112.8888347859995,1112.8888347859995,1112.8888347859995,1112.8888347859995,1112.8888347859995,1112.8888347859995,1112.8888347859995,1112.8888347859995,1112.8888347859995,1112.8888347859995,1112.8888347859995,1112.8888347859995,1112.8888347859995,1112.8888347859995,1112.8888347859995,1112.8888347859995,1112.8888347859995,1112.8888347859995,1112.8888347859995,1112.8888347859995,1112.8888347859995,1112.8888347859995,1112.8888347859995,1112.8888347859995,1112.8888347859995,1112.8888347859995,1112.8888347859995,1112.8888347859995,1112.8888347859995,1112.8888347859995,1112.8888347859995,1112.8888347859995,1112.8888347859995,1112.8888347859995,1112.8888347859995,1112.8888347859995,1112.8888347859995,1112.8888347859995,1112.8888347859995,1112.8888347859995,1112.8888347859995,1112.8888347859995,1112.8888347859995,1112.8888347859995,1112.8888347859995,1112.8888347859995,1112.8888347859995,1112.8888347859995,1112.8888347859995,1112.8888347859995,1112.8888347859995,1112.8888347859995,1112.8888347859995,1112.8888347859995,1112.8888347859995,1112.8888347859995,1112.8888347859995,1112.8888347859995,1112.8888347859995,1112.8888347859995,1112.8888347859995,1112.8888347859995,1112.8888347859995,1112.8888347859995,1112.8888347859995,1112.8888347859995,1112.8888347859995,1112.8888347859995,1112.8888347859995,1112.8888347859995,1112.8888347859995,1112.8888347859995,1112.8888347859995,1112.8888347859995,1112.8888347859995,1112.8888347859995,1112.8888347859995,1112.8888347859995,1112.8888347859995,1112.8888347859995,1112.8888347859995,1112.8888347859995,1112.8888347859995,1112.8888347859995,1112.8888347859995,1112.8888347859995,1112.8888347859995,1112.8888347859995,1112.8888347859995,1112.8888347859995,1112.8888347859995,1112.8888347859995,1112.8888347859995,1112.8888347859995,1112.8888347859995,1112.8888347859995,1112.8888347859995,1112.8888347859995,1112.8888347859995,1112.8888347859995,1112.8888347859995,1112.8888347859995,1112.8888347859995,1112.8888347859995,1112.8888347859995,1112.8888347859995,1112.8888347859995,1112.8888347859995,1112.8888347859995,1112.8888347859995,1112.8888347859995,1112.8888347859995,1112.8888347859995,1112.8888347859995,1112.8888347859995,1112.8888347859995,1112.8888347859995,1112.8888347859995,1112.8888347859995,1112.8888347859995,1112.8888347859995,1112.8888347859995,1112.8888347859995,1112.8888347859995,1112.8888347859995,1112.8888347859995,1112.8888347859995,1112.8888347859995,1112.8888347859995,1112.8888347859995,1112.8888347859995,1112.8888347859995,1112.8888347859995,1112.8888347859995,1112.8888347859995,1112.8888347859995,1112.8888347859995,1112.8888347859995,1112.8888347859995,1112.8888347859995,1112.8888347859995,1112.8888347859995,1112.8888347859995,1112.8888347859995,1112.8888347859995,1112.8888347859995,1112.8888347859995,1112.8888347859995,1112.8888347859995,1112.8888347859995,1112.8888347859995,1112.8888347859995,1112.8888347859995,1112.8888347859995,1112.8888347859995,1112.8888347859995,1112.8888347859995,1112.8888347859995,1112.8888347859995,1112.8888347859995,1112.8888347859995,1112.8888347859995,1112.8888347859995,1112.8888347859995,1112.8888347859995,1112.8888347859995,1112.8888347859995,1112.8888347859995,1112.8888347859995,1112.8888347859995,1112.8888347859995,1112.8888347859995,1112.8888347859995,1112.8888347859995,1112.8888347859995,1112.8888347859995,1112.8888347859995,1112.8888347859995,1112.8888347859995,1112.8888347859995,1112.8888347859995,1112.8888347859995,1112.8888347859995,1112.8888347859995,1112.8888347859995,1112.8888347859995,1112.8888347859995,1112.8888347859995,1112.8888347859995,1112.8888347859995,1112.8888347859995,1112.8888347859995,1112.8888347859995,1112.8888347859995,1112.8888347859995,1112.8888347859995,1112.8888347859995,1112.8888347859995,1112.8888347859995,1112.8888347859995,1112.8888347859995,1112.8888347859995,1112.8888347859995,1112.8888347859995,1112.8888347859995,1112.8888347859995,1112.8888347859995,1112.8888347859995,1112.8888347859995,1112.8888347859995,1112.8888347859995,1112.8888347859995,1112.8888347859995,1112.8888347859995,1112.8888347859995,1112.8888347859995,1112.8888347859995,1112.8888347859995,1112.8888347859995,1112.8888347859995,1112.8888347859995,1112.8888347859995,1112.8888347859995,1112.8888347859995,1112.8888347859995,1112.8888347859995,1112.8888347859995,1112.8888347859995,1112.8888347859995,1112.8888347859995,1112.8888347859995,1112.8888347859995,1112.8888347859995,1112.8888347859995,1112.8888347859995,1112.8888347859995,1112.8888347859995,1112.8888347859995,1112.8888347859995,1112.8888347859995,1112.8888347859995,1112.8888347859995,1112.8888347859995,1112.8888347859995,1112.8888347859995,1112.8888347859995,1112.8888347859995,1112.8888347859995,1112.8888347859995,1112.8888347859995,1112.8888347859995,1112.8888347859995,1112.8888347859995,1112.8888347859995,1112.8888347859995,1112.8888347859995,1112.8888347859995,1112.8888347859995,1112.8888347859995,1112.8888347859995,1112.8888347859995,1112.8888347859995,1112.8888347859995,1112.8888347859995,1112.8888347859995,1112.8888347859995,1112.8888347859995,1112.8888347859995,1112.8888347859995,1112.8888347859995,1112.8888347859995,1112.8888347859995,1112.8888347859995,1112.8888347859995,1112.8888347859995,1112.8888347859995,1112.8888347859995,1112.8888347859995,1112.8888347859995,1112.8888347859995,1112.8888347859995,1112.8888347859995,1112.8888347859995,1112.8888347859995,1112.8888347859995,1112.8888347859995,1112.8888347859995,1112.8888347859995,1112.8888347859995,