{"optimalDistance":741,"fuelSequence":[1177.080302522154,1177.080302522154,1177.080302522154,1177.080302522154,1177.080302522154,1177.080302522154,1167.6163518657397,1162.7170266443645,1162.7170266443645,1162.7170266443645,1162.7170266443645,1157.1194503166316,1157.1194503166316,1157.1194503166316,1157.1194503166316,1157.1194503166316,1157.1194503166316,1157.1194503166316,1157.1194503166316,1157.1194503166316,1157.1194503166316,1138.4256805183804,1138.4256805183804,1138.4256805183804,1138.4256805183804,1138.4256805183804,1138.4256805183804,1138.4256805183804,1138.2336031556397,1138.2336031556397,1138.2336031556397,1138.2336031556397,1138.2336031556397,1138.2336031556397,1138.2336031556397,1138.2336031556397,1138.2336031556397,1138.2336031556397,1138.2336031556397,1138.2336031556397,1138.2336031556397,1138.2336031556397,1138.2336031556397,1138.2336031556397,1138.2336031556397,1138.2336031556397,1138.2336031556397,1138.2336031556397,1138.2336031556397,1138.2336031556397,1138.2336031556397,1138.2336031556397,1138.2336031556397,1138.2336031556397,1138.2336031556397,1138.2336031556397,1138.2336031556397,1138.2336031556397,1138.2336031556397,1138.2336031556397,1138.2336031556397,1133.2903444170843,1133.2903444170843,1133.2903444170843,1133.2903444170843,1133.2903444170843,1133.2903444170843,1133.2903444170843,1133.2903444170843,1133.2903444170843,1133.2903444170843,1133.2903444170843,1133.2903444170843,1133.2903444170843,1133.2903444170843,1133.2903444170843,1133.2903444170843,1133.2903444170843,1133.2903444170843,1133.2903444170843,1133.2903444170843,1133.2903444170843,1133.2903444170843,1133.2903444170843,1133.2903444170843,1133.2903444170843,1133.2903444170843,1133.2903444170843,1133.2903444170843,1133.2903444170843,1133.2903444170843,1133.2903444170843,1133.2903444170843,1133.2903444170843,1133.2903444170843,1133.2903444170843,1133.2903444170843,1133.2903444170843,1133.2903444170843,1133.2903444170843,1133.2903444170843,1133.2903444170843,1133.2903444170843,1133.2903444170843,1133.2903444170843,1133.2903444170843,1133.2903444170843,1133.2903444170843,1133.2903444170843,1133.2903444170843,1133.2903444170843,1133.2903444170843,1133.2903444170843,1133.2903444170843,1133.2903444170843,1133.2903444170843,1133.2903444170843,1133.2903444170843,1133.2903444170843,1133.2903444170843,1133.2903444170843,1130.10982384207,1130.10982384207,1130.10982384207,1130.10982384207,1130.10982384207,1130.10982384207,1130.10982384207,1130.10982384207,1130.10982384207,1130.10982384207,1130.10982384207,1130.10982384207,1130.10982384207,1130.10982384207,1130.10982384207,1130.10982384207,1130.10982384207,1130.10982384207,1130.10982384207,1130.10982384207,1130.10982384207,1130.10982384207,1130.10982384207,1130.10982384207,1130.10982384207,1130.10982384207,1130.10982384207,1130.10982384207,1130.10982384207,1130.10982384207,1130.10982384207,1130.10982384207,1130.10982384207,1130.10982384207,1130.10982384207,1130.10982384207,1130.10982384207,1130.10982384207,1130.10982384207,1130.10982384207,1130.10982384207,1130.10982384207,1130.10982384207,1130.10982384207,1130.10982384207,1130.10982384207,1130.10982384207,1130.10982384207,1130.10982384207,1130.10982384207,1130.10982384207,1130.10982384207,1130.10982384207,1130.10982384207,1130.10982384207,1130.10982384207,1130.10982384207,1130.10982384207,1130.10982384207,1130.10982384207,1130.10982384207,1130.10982384207,1130.10982384207,1130.10982384207,1130.10982384207,1130.10982384207,1130.10982384207,1130.10982384207,1130.10982384207,1130.10982384207,1130.10982384207,1130.10982384207,1130.10982384207,1130.10982384207,1130.10982384207,1130.10982384207,1130.10982384207,1130.10982384207,1130.10982384207,1130.10982384207,1130.10982384207,1130.10982384207,1130.10982384207,1130.10982384207,1130.10982384207,1130.10982384207,1130.10982384207,1130.10982384207,1130.10982384207,1130.10982384207,1130.10982384207,1130.10982384207,1130.10982384207,1130.10982384207,1130.10982384207,1130.10982384207,1130.10982384207,1130.10982384207,1130.10982384207,1130.10982384207,1130.10982384207,1130.10982384207,1130.10982384207,1130.10982384207,1130.10982384207,1130.10982384207,1130.10982384207,1130.10982384207,1130.10982384207,1130.10982384207,1130.10982384207,1130.10982384207,1130.10982384207,1130.10982384207,1130.10982384207,1130.10982384207,1130.10982384207,1130.10982384207,1130.10982384207,1130.10982384207,1130.10982384207,1130.10982384207,1130.10982384207,1130.10982384207,1130.10982384207,1130.10982384207,1130.10982384207,1130.10982384207,1130.10982384207,1130.10982384207,1130.10982384207,1130.10982384207,1130.10982384207,1130.10982384207,1130.10982384207,1130.10982384207,1130.10982384207,1130.10982384207,1130.10982384207,1130.10982384207,1130.10982384207,1130.10982384207,1130.10982384207,1130.10982384207,1130.10982384207,1130.10982384207,1130.10982384207,1130.10982384207,1130.10982384207,1130.10982384207,1130.10982384207,1130.10982384207,1130.10982384207,1130.10982384207,1130.10982384207,1130.10982384207,1130.10982384207,1130.10982384207,1130.10982384207,1130.10982384207,1130.10982384207,1130.10982384207,1130.10982384207,1130.10982384207,1130.10982384207,1130.10982384207,1130.10982384207,1130.10982384207,1120.0456717375152,1120.0456717375152,1120.0456717375152,1120.0456717375152,1120.0456717375152,1120.0456717375152,1120.0456717375152,1120.0456717375152,1120.0456717375152,1120.0456717375152,1120.0456717375152,1120.0456717375152,1120.0456717375152,1120.0456717375152,1120.0456717375152,1120.0456717375152,1120.0456717375152,1120.0456717375152,1120.0456717375152,1120.0456717375152,1120.0456717375152,1120.0456717375152,1120.0456717375152,1120.0456717375152,1120.0456717375152,1120.0456717375152,1120.0456717375152,1120.0456717375152,1120.0456717375152,1120.0456717375152,1120.0456717375152,1120.0456717375152,1120.0456717375152,1120.0456717375152,1120.0456717375152,1120.0456717375152,1120.0456717375152,1120.0456717375152,1120.0456717375152,1120.0456717375152,1120.0456717375152,1120.0456717375152,1120.0456717375152,1120.0456717375152,1120.0456717375152,1120.0456717375152,1120.0456717375152,1120.0456717375152,1120.0456717375152,1120.0456717375152,1120.0456717375152,1120.0456717375152,1120.0456717375152,1120.0456717375152,1120.0456717375152,1120.0456717375152,1120.0456717375152,1120.0456717375152,1120.0456717375152,1120.0456717375152,1120.0456717375152,1120.0456717375152,1120.0456717375152,1120.0456717375152,1120.0456717375152,1120.0456717375152,1120.0456717375152,1120.0456717375152,1120.0456717375152,1120.0456717375152,1120.0456717375152,1120.0456717375152,1120.0456717375152,1120.0456717375152,1120.0456717375152,1120.0456717375152,1120.0456717375152,1120.0456717375152,1120.0456717375152,1120.0456717375152,1120.0456717375152,1120.0456717375152,1120.0456717375152,1120.0456717375152,1120.0456717375152,1120.0456717375152,1120.0456717375152,1120.0456717375152,1120.0456717375152,1120.0456717375152,1120.0456717375152,1120.0456717375152,1120.0456717375152,1120.0456717375152,1120.0456717375152,1120.0456717375152,1120.0456717375152,1120.0456717375152,1120.0456717375152,1120.0456717375152,1120.0456717375152,1120.0456717375152,1120.0456717375152,1120.0456717375152,1120.0456717375152,1120.0456717375152,1120.0456717375152,1120.0456717375152,1120.0456717375152,1120.0456717375152,1120.0456717375152,1120.0456717375152,1120.0456717375152,1120.0456717375152,1120.0456717375152,1120.0456717375152,1120.0456717375152,1120.0456717375152,1120.0456717375152,1120.0456717375152,1120.0456717375152,1120.0456717375152,1120.0456717375152,1120.0456717375152,1120.0456717375152,1120.0456717375152,1120.0456717375152,1120.0456717375152,1120.0456717375152,1120.0456717375152,1120.0456717375152,1120.0456717375152,1120.0456717375152,1120.0456717375152,1120.0456717375152,1120.0456717375152,1120.0456717375152,1120.0456717375152,1120.0456717375152,1120.0456717375152,1120.0456717375152,1120.0456717375152,1120.0456717375152,1120.0456717375152,1120.0456717375152,1120.0456717375152,1120.0456717375152,1120.0456717375152,