{"benchmark":"P-n51-k10","Optimal":741,"front":[{"trucks":[[6,50,11,40,31],[49,9,27,32,29,23],[15,25,44,8,24],[14,42,20,41,43],[12,17,51,35,22],[2,4,37,36,21,30],[38,45,16,46,34,10],[48,18,5,26,7],[33,3,39,47,28],[13,19]],"distance":786.2398125380106,"fuel":1120.707810354257},{"fuel":1118.2428173651008,"distance":786.3324127286197,"trucks":[[49,9,27,32,29,23],[14,42,20,41,43],[13,18,48,7],[15,25,44,8,24],[5,19,26],[2,4,37,36,21,30],[38,45,16,46,34,10],[47,28,33,3,39],[6,50,11,40,31],[12,17,51,22,35]]},{"trucks":[[14,42,20,41,43],[49,9,27,32,29,23],[47,28,33,3,39],[6,50,11,40,31],[15,25,44,8,24],[12,17,51,35,22],[2,4,37,36,21,30],[38,45,16,46,34,10],[48,5,26,7],[13,19,18]],"distance":788.5469307367318,"fuel":1112.8888347859995}]}