{"Optimal":741,"front":[{"trucks":[[7,24,8,44,25,47],[30,51,35,31,40,11],[19,5,45,38,18],[39,6,16,46,34],[28,33,2,3,17],[14,42,20,41,43],[13,50,10,12],[48,15,26],[21,4,36,37,22],[49,9,27,32,29,23]],"distance":812.7678062937046,"fuel":1143.5086927454902}],"benchmark":"P-n51-k10"}