{"benchmark":"E-n101-k14","front":[{"distance":1227.568903618515,"fuel":1693.518949476103,"trucks":[[24,40,68,26,56,5],[11,63,12,20,50,65,89],[77,51,34,82,10,52,21,91,64],[27,13,55,81,69,30,25],[41,22,74,73,75,23,42,76,57],[28,70,2,71,31,33,67],[78,4,80,79,35,36,72,66],[54,59,3,58,16,44,15,45,43],[8,83,49,48,37,47,9,84],[100,93,38,99,97,6,85,18,46,61,7,90],[60,94,86,92,101],[53,19,62,17,87,39],[95,14,88,98,96],[29,32]]}],"Optimal":1071}