{"benchmark":"E-n101-k14","front":[{"fuel":1745.092082199503,"distance":1248.3649441490977,"trucks":[[77,78,4,80,79,35,36,72,21],[97,93,38,99,94,86,92,101],[46,18,85,62,17,45,15,44,16],[41,22,74,73,75,23,42,76,57],[100,60,96,98,88,3,58],[6,61,84,9,47,37,50,65,12],[52,34,82,10,66,67],[32,89,63,11,91,64,33],[7,95,14,43,39,87],[83,49,48,20,8,53],[5,40,68,24,26],[54,59,27,13,81,69],[29,55,56,25,30,51,70,2,71,31],[28,19,90]]},{"fuel":1735.0644272398158,"distance":1255.5493770045775,"trucks":[[53,8,83,49,48,37,47,9],[17,87,39,15,45],[51,34,82,10,72,36,66],[70,2,71,31,21,67,33,91,64],[74,73,75,23,42,76,57,5],[29,77,78,4,80,79,35,30],[60,93,38,99,101,92,86],[55,56,26,40,68,24],[54,41,22,3,58,16,44,43,88,98],[32,89,63,12,20,65,11],[59,27,13,25,81,69,52],[100,94,62,6,85,18,46,84,61],[96,95,7,90,50,19],[28,97,14]]}],"Optimal":1071}