{"Optimal":1071,"front":[{"distance":1222.295585136446,"trucks":[[55,56,26,40,68,24],[86,62,92,17,87,61],[32,11,91,64,33,63,89],[74,73,23,75,42,76,57,5],[71,31,21,67,72,36,66,79],[98,93,60,100,94,99,97,7,53],[90,19,83,48,49,8],[29,77,78,4,80,35,30,25,81],[28,34,82,10,52,51,2,70],[20,12,65,50,37,47,9,46,18,85],[22,41,3,58,16,44,15,39,45,43],[13,69,59,54,27],[14,88,101,38,6,84],[95,96]],"fuel":1729.7865787406647},{"distance":1236.4021516317466,"trucks":[[90,19,83,48,49,8],[55,56,26,40,68,24],[29,77,78,4,80,35,30,25,81],[71,31,21,67,72,36,66,79],[20,12,65,50,37,47,9,46,18,85],[74,73,75,23,42,76,57,5],[54,27,13,69,41,22],[98,93,60,100,94,99,97,7,38],[32,11,91,64,33,63,89],[28,34,82,10,52,51,2,70],[96,95,6,61,84,53],[86,62,92,17,87],[3,58,16,44,15,45,43,101,39],[14,88,59]],"fuel":1726.616221844112}],"benchmark":"E-n101-k14"}