{"front":[{"trucks":[[2,44,43,42,24,50,25],[18,45,33,41],[49,48,37,22,23],[36,20,15,12],[35,47,9,14,28],[13,40,10,26,19,4],[46,30,6,38,21,16],[8,39,11,32],[7,17,34,29],[27,5,31,3]],"distance":737.6141494257637,"fuel":1030.1955128780837},{"trucks":[[2,44,43,42,24,50,25],[18,41,33,45],[49,48,37,22,23],[36,20,15,12],[35,47,9,14,28],[13,40,10,26,19,4],[46,30,6,38,21,16],[8,39,11,32],[7,17,34,29],[27,5,31,3]],"distance":738.1466352219469,"fuel":1024.8758033053484},{"trucks":[[2,44,43,42,24,50,25],[18,41,33,45],[49,48,37,22,23],[36,20,15,12],[35,47,9,14,28],[13,40,10,26,19,4],[46,30,6,38,21,16],[8,39,11,32],[7,3,34,17],[27,5,31,29]],"distance":739.8165486499888,"fuel":1023.0350696035622}],"benchmark":"P-n50-k10","Optimal":696}