{"front":[{"distance":451.33508020861797,"trucks":[[2],[9,14],[6,10,4],[5,12],[8,15],[7],[11,13,16],[3]],"fuel":642.9343172178774},{"distance":451.3350802086181,"trucks":[[8,15],[7],[9,14],[6,10,4],[11,13,16],[2],[5,12],[3]],"fuel":642.9343172178773},{"distance":451.94709212981843,"trucks":[[9],[3],[2,4],[6,15],[8,10,14],[7],[11,13,16],[5,12]],"fuel":626.269869050406},{"distance":451.9470921298185,"trucks":[[6,15],[8,10,14],[9],[11,13,16],[7],[3],[5,12],[2,4]],"fuel":626.2698690504059}],"Optimal":450,"benchmark":"P-n16-k8"}