{"front":[{"fuel":642.9343172178773,"distance":451.33508020861797,"trucks":[[9,14],[3],[2],[6,10,4],[7],[11,13,16],[5,12],[8,15]]},{"fuel":626.269869050406,"distance":451.94709212981843,"trucks":[[9],[8,10,14],[6,15],[2,4],[7],[5,12],[3],[11,13,16]]},{"fuel":626.2698690504059,"distance":451.9470921298185,"trucks":[[8,10,14],[6,15],[9],[11,13,16],[5,12],[7],[3],[2,4]]}],"benchmark":"P-n16-k8","Optimal":450}