{"optimalDistance":742,"distanceSequence":[801.8217724530366,801.8217724530366,801.8217724530366,801.8217724530366,801.8217724530366,801.8217724530366,801.8217724530366,801.8217724530366,799.7499698014473,799.7499698014473,799.7499698014473,799.7499698014473,777.1920959983058,777.1920959983058,777.1920959983058,777.1920959983058,777.1920959983058,777.1920959983058,777.1920959983058,775.1202933467165,775.1202933467165,775.1202933467165,774.390546826652,774.390546826652,774.390546826652,771.0047712089253,771.0047712089253,771.0047712089253,771.0047712089253,771.0047712089253,770.2750246888608,770.2750246888608,770.2750246888608,770.2750246888608,766.5876511888733,766.5876511888733,766.5876511888733,766.5876511888733,766.5876511888733,766.5876511888733,766.5876511888733,766.5876511888732,766.5876511888732,766.5876511888732,766.5876511888732,766.5876511888732,766.5876511888732,766.5876511888732,766.5876511888732,766.5876511888732,766.5876511888732,766.5876511888732,766.5876511888732,766.5876511888732,766.5876511888732,766.5876511888732,765.3780852684508,765.3780852684508,765.3780852684508,765.3780852684508,765.3780852684508,765.3780852684508,765.3780852684508,765.3780852684508,765.3780852684508,765.3780852684508,765.3780852684508,765.3780852684508,765.3780852684508,765.3780852684508,765.3780852684508,765.3780852684508,765.3780852684508,765.3780852684508,764.6483387483864,764.6483387483864,764.6483387483864,764.6483387483864,764.6483387483864,764.6483387483864,764.6483387483864,764.6483387483864,764.6483387483864,764.6483387483864,764.6483387483864,764.6483387483864,764.6483387483864,764.6483387483864,764.6483387483864,764.6483387483864,764.6483387483864,764.6483387483864,764.6483387483864,764.6483387483864,764.6483387483864,764.6483387483864,764.6483387483864,764.6483387483864,764.6483387483864,764.6483387483864,764.6483387483864,764.6483387483864,764.6483387483864,764.6483387483864,764.6483387483864,764.6483387483864,764.6483387483864,764.6483387483864,764.6483387483864,764.6483387483864,764.6483387483864,764.6483387483864,764.6483387483864,764.6483387483864,764.6483387483864,764.6483387483864,764.6483387483864,764.6483387483864,764.6483387483864,764.6483387483864,764.6483387483864,764.6483387483864,764.6483387483864,764.6483387483864,764.6483387483864,764.6483387483864,764.6483387483864,764.6483387483864,764.6483387483864,764.6483387483864,764.6483387483864,764.6483387483864,764.6483387483864,764.6483387483864,764.6483387483864,764.6483387483864,764.6483387483864,764.6483387483864,764.6483387483864,764.6483387483864,764.6483387483864,764.6483387483864,764.6483387483864,764.6483387483864,764.6483387483864,764.6483387483864,764.6483387483864,764.6483387483864,764.6483387483864,764.6483387483864,764.6483387483864,764.6483387483864,764.6483387483864,764.6483387483864,764.6483387483864,764.6483387483864,764.6483387483864,764.6483387483864,764.6483387483864,764.6483387483864,764.6483387483864,764.6483387483864,764.6483387483864,764.6483387483864,764.6483387483864,764.6483387483864,764.6483387483864,764.6483387483864,764.6483387483864,764.6483387483864,764.6483387483864,764.6483387483864,764.6483387483864,764.6483387483864,764.6483387483864,764.6483387483864,764.6483387483864,764.6483387483864,764.6483387483864,764.6483387483864,764.6483387483864,764.6483387483864,764.6483387483864,764.6483387483864,764.6483387483864,764.6483387483864,764.6483387483864,764.6483387483864,764.6483387483864,764.6483387483864,764.6483387483864,764.6483387483864,764.6483387483864,764.6483387483864,764.6483387483864,764.6483387483864,764.6483387483864,764.6483387483864,764.6483387483864,764.6483387483864,764.6483387483864,764.6483387483864,764.6483387483864,764.6483387483864,764.6483387483864,764.6483387483864,764.6483387483864,764.6483387483864,764.6483387483864,764.6483387483864,764.6483387483864,764.6483387483864,764.6483387483864,764.6483387483864,764.6483387483864,764.6483387483864,764.6483387483864,764.6483387483864,764.6483387483864,764.6483387483864,764.6483387483864,764.6483387483864,764.6483387483864,764.6483387483864,764.6483387483864,764.6483387483864,764.6483387483864,764.6483387483864,764.6483387483864,764.6483387483864,764.6483387483864,764.6483387483864,764.6483387483864,764.6483387483864,764.6483387483864,764.6483387483864,764.6483387483864,764.6483387483864,764.6483387483864,764.6483387483864,764.6483387483864,764.6483387483864,764.6483387483864,764.6483387483864,764.6483387483864,764.6483387483864,764.6483387483864,764.6483387483864,764.6483387483864,764.6483387483864,764.6483387483864,764.6483387483864,764.6483387483864,764.6483387483864,764.6483387483864,764.6483387483864,764.6483387483864,764.6483387483864,764.6483387483864,764.6483387483864,764.6483387483864,764.6483387483864,764.6483387483864,764.6483387483864,764.6483387483864,764.6483387483864,764.6483387483864,764.6483387483864,764.6483387483864,764.6483387483864,764.6483387483864,764.6483387483864,764.6483387483864,764.6483387483864,764.6483387483864,764.6483387483864,764.6483387483864,764.6483387483864,764.6483387483864,764.6483387483864,764.6483387483864,764.6483387483864,764.6483387483864,764.6483387483864,764.6483387483864,764.6483387483864,764.6483387483864,764.6483387483864,764.6483387483864,764.6483387483864,764.6483387483864,764.6483387483864,764.6483387483864,764.6483387483864,764.6483387483864,764.6483387483864,764.6483387483864,764.6483387483864,764.6483387483864,764.6483387483864,764.6483387483864,764.6483387483864,764.6483387483864,764.6483387483864,764.6483387483864,764.6483387483864,764.6483387483864,764.6483387483864,764.6483387483864,764.6483387483864,764.6483387483864,764.6483387483864,764.6483387483864,764.6483387483864,764.6483387483864,764.6483387483864,764.6483387483864,764.6483387483864,764.6483387483864,764.6483387483864,764.6483387483864,764.6483387483864,764.6483387483864,764.6483387483864,764.6483387483864,764.6483387483864,764.6483387483864,764.6483387483864,764.6483387483864,764.6483387483864,764.6483387483864,764.6483387483864,764.6483387483864,764.6483387483864,764.6483387483864,764.6483387483864,764.6483387483864,764.6483387483864,764.6483387483864,764.6483387483864,764.6483387483864,764.6483387483864,764.6483387483864,764.6483387483864,764.6483387483864,764.6483387483864,764.6483387483864,764.6483387483864,764.6483387483864,764.6483387483864,764.6483387483864,764.6483387483864,764.6483387483864,764.6483387483864,764.6483387483864,764.6483387483864,764.6483387483864,764.6483387483864,764.6483387483864,764.6483387483864,764.6483387483864,764.6483387483864,764.6483387483864,764.6483387483864,764.6483387483864,764.6483387483864,764.6483387483864,764.6483387483864,764.6483387483864,764.6483387483864,764.6483387483864,764.4727364892901,764.4727364892901,764.4727364892901,764.4727364892901,764.4727364892901,764.4727364892901,764.4727364892901,764.4727364892901,764.4727364892901,764.4727364892901,764.4727364892901,764.4727364892901,764.4727364892901,764.4727364892901,764.4727364892901,764.4727364892901,764.4727364892901,764.4727364892901,764.4727364892901,764.4727364892901,764.4727364892901,764.4727364892901,764.4727364892901,764.4727364892901,764.4727364892901,764.4727364892901,764.4727364892901,764.4727364892901,764.4727364892901,764.4727364892901,764.4727364892901,764.4727364892901,764.4727364892901,764.4727364892901,764.4727364892901,764.4727364892901,764.4727364892901,764.4727364892901,764.4727364892901,764.4727364892901,764.4727364892901,764.4727364892901,764.4727364892901,764.4727364892901,764.4727364892901,764.4727364892901,764.4727364892901,764.4727364892901,764.4727364892901,764.4727364892901,764.4727364892901,764.4727364892901,764.4727364892901,764.4727364892901,764.4727364892901,764.4727364892901,764.4727364892901,764.4727364892901,764.4727364892901,764.4727364892901,764.4727364892901,764.4727364892901,764.4727364892901,764.4727364892901,764.4727364892901,764.4727364892901,764.4727364892901,764.4727364892901,764.4727364892901,764.4727364892901,764.4727364892901,