{"optimalDistance":212,"fuelSequence":[329.3783454445185,329.3783454445185,329.3783454445185,329.3783454445185,329.3783454445185,329.3783454445185,329.3783454445185,329.3783454445185,329.3783454445185,329.3783454445185,329.3783454445185,329.3783454445185,329.3783454445185,329.3783454445185,329.3783454445185,329.3783454445185,329.3783454445185,329.3783454445185,329.3783454445185,329.3783454445185,329.3783454445185,329.3783454445185,329.3783454445185,329.3783454445185,329.3783454445185,329.3783454445185,329.3783454445185,329.3783454445185,329.3783454445185,329.3783454445185,329.3783454445185,329.3783454445185,329.3783454445185,329.3783454445185,329.3783454445185,329.3783454445185,329.3783454445185,329.3783454445185,329.3783454445185,329.3783454445185,329.3783454445185,329.3783454445185,329.3783454445185,329.3783454445185,329.3783454445185,329.3783454445185,329.3783454445185,329.3783454445185,329.3783454445185,329.3783454445185,329.3783454445185,329.3783454445185,329.3783454445185,329.3783454445185,329.3783454445185,329.3783454445185,329.3783454445185,329.3783454445185,329.3783454445185,329.3783454445185,329.3783454445185,329.3783454445185,329.3783454445185,329.3783454445185,329.3783454445185,329.3783454445185,329.3783454445185,329.3783454445185,329.3783454445185,329.3783454445185,329.3783454445185,329.3783454445185,329.3783454445185,329.3783454445185,329.3783454445185,329.3783454445185,329.3783454445185,329.3783454445185,329.3783454445185,329.3783454445185,329.3783454445185,329.3783454445185,329.3783454445185,329.3783454445185,329.3783454445185,329.3783454445185,329.3783454445185,329.3783454445185,329.3783454445185,329.3783454445185,329.3783454445185,329.3783454445185,329.3783454445185,329.3783454445185,329.3783454445185,329.3783454445185,329.3783454445185,329.3783454445185,329.3783454445185,329.3783454445185,329.3783454445185,329.3783454445185,329.3783454445185,329.3783454445185,325.4852466084459,325.4852466084459,325.4852466084459,325.4852466084459,325.4852466084459,325.4852466084459,325.4852466084459,325.4852466084459,325.4852466084459,325.4852466084459,325.4852466084459,325.4852466084459,325.4852466084459,325.4852466084459,325.4852466084459,325.4852466084459,325.4852466084459,325.4852466084459,325.4852466084459,325.4852466084459,325.4852466084459,325.4852466084459,325.4852466084459,325.4852466084459,325.4852466084459,325.4852466084459,325.4852466084459,325.4852466084459,325.4852466084459,325.4852466084459,325.4852466084459,325.4852466084459,325.4852466084459,325.4852466084459,322.0749382903129,322.0749382903129,322.0749382903129,322.0749382903129,322.0749382903129,322.0749382903129,319.0904985560762,319.0904985560762,319.0904985560762,319.0904985560762,319.0904985560762,319.0904985560762,319.0904985560762,319.0904985560762,319.0904985560762,319.0904985560762,319.0904985560762,319.0904985560762,319.0904985560762,319.0904985560762,319.0904985560762,319.0904985560762,319.0904985560762,319.0904985560762,319.0904985560762,319.0904985560762,319.0904985560762,313.88949079980694,313.88949079980694,313.88949079980694,313.88949079980694,313.88949079980694,313.88949079980694,313.88949079980694,313.88949079980694,313.88949079980694,313.88949079980694,313.88949079980694,313.88949079980694,313.88949079980694,313.88949079980694,313.88949079980694,313.88949079980694,313.88949079980694,313.88949079980694,313.88949079980694,313.88949079980694,313.88949079980694,313.88949079980694,313.88949079980694,313.88949079980694,313.88949079980694,313.88949079980694,313.88949079980694,313.88949079980694,313.88949079980694,313.88949079980694,313.88949079980694,313.88949079980694,313.88949079980694,313.88949079980694,313.88949079980694,313.88949079980694,313.88949079980694,313.88949079980694,313.88949079980694,313.88949079980694,313.88949079980694,313.88949079980694,313.88949079980694,313.88949079980694,313.88949079980694,313.88949079980694,313.88949079980694,313.88949079980694,313.88949079980694,313.88949079980694,313.88949079980694,313.88949079980694,313.88949079980694,313.88949079980694,313.88949079980694,313.88949079980694,313.88949079980694,313.88949079980694,313.88949079980694,313.88949079980694,313.88949079980694,313.88949079980694,313.88949079980694,313.88949079980694,313.88949079980694,313.88949079980694,313.88949079980694,313.88949079980694,313.88949079980694,313.88949079980694,313.88949079980694,313.88949079980694,313.88949079980694,313.88949079980694,313.88949079980694,313.88949079980694,313.88949079980694,313.88949079980694,313.88949079980694,313.88949079980694,313.88949079980694,313.88949079980694,313.88949079980694,313.88949079980694,313.88949079980694,313.88949079980694,313.88949079980694,313.88949079980694,313.88949079980694,313.88949079980694,313.88949079980694,313.88949079980694,313.88949079980694,313.88949079980694,313.88949079980694,313.88949079980694,313.88949079980694,313.88949079980694,313.88949079980694,313.88949079980694,313.88949079980694,313.88949079980694,313.88949079980694,313.88949079980694,313.88949079980694,313.88949079980694,313.88949079980694,313.88949079980694,313.88949079980694,313.88949079980694,313.88949079980694,313.88949079980694,313.88949079980694,313.88949079980694,313.88949079980694,313.88949079980694,313.88949079980694,313.88949079980694,313.88949079980694,313.88949079980694,313.88949079980694,313.88949079980694,313.88949079980694,313.88949079980694,313.88949079980694,313.88949079980694,313.88949079980694,313.88949079980694,313.88949079980694,313.88949079980694,313.88949079980694,313.88949079980694,313.88949079980694,313.88949079980694,313.88949079980694,313.88949079980694,313.88949079980694,313.88949079980694,313.88949079980694,313.88949079980694,313.88949079980694,313.88949079980694,313.88949079980694,313.88949079980694,313.88949079980694,313.88949079980694,313.88949079980694,313.88949079980694,313.88949079980694,313.88949079980694,313.88949079980694,313.88949079980694,313.88949079980694,313.88949079980694,313.88949079980694,313.88949079980694,313.88949079980694,313.88949079980694,313.88949079980694,313.88949079980694,313.88949079980694,313.88949079980694,313.88949079980694,313.88949079980694,313.88949079980694,313.88949079980694,313.88949079980694,313.88949079980694,313.88949079980694,313.88949079980694,313.88949079980694,313.88949079980694,313.88949079980694,313.88949079980694,313.88949079980694,313.88949079980694,313.88949079980694,313.88949079980694,313.88949079980694,313.88949079980694,313.88949079980694,313.88949079980694,313.88949079980694,313.88949079980694,313.88949079980694,313.88949079980694,313.88949079980694,313.88949079980694,313.88949079980694,313.88949079980694,313.88949079980694,313.88949079980694,313.88949079980694,313.88949079980694,313.88949079980694,313.88949079980694,313.88949079980694,313.88949079980694,313.88949079980694,313.88949079980694,313.88949079980694,313.88949079980694,313.88949079980694,313.88949079980694,313.88949079980694,313.88949079980694,313.88949079980694,313.88949079980694,313.88949079980694,313.88949079980694,313.88949079980694,313.88949079980694,313.88949079980694,313.88949079980694,313.88949079980694,313.88949079980694,313.88949079980694,313.88949079980694,313.88949079980694,313.88949079980694,313.88949079980694,313.88949079980694,313.88949079980694,313.88949079980694,313.88949079980694,313.88949079980694,313.88949079980694,313.88949079980694,313.88949079980694,313.88949079980694,313.88949079980694,313.88949079980694,313.88949079980694,313.88949079980694,313.88949079980694,313.88949079980694,313.88949079980694,313.88949079980694,313.88949079980694,313.88949079980694,313.88949079980694,313.88949079980694,313.88949079980694,313.88949079980694,313.88949079980694,313.88949079980694,313.88949079980694,313.88949079980694,313.88949079980694,313.88949079980694,313.88949079980694,313.88949079980694,313.88949079980694,313.88949079980694,313.88949079980694,313.88949079980694,313.88949079980694,313.88949079980694,313.88949079980694,313.88949079980694,313.88949079980694,313.88949079980694,