{"Optimal":1034,"benchmark":"M-n121-k7","front":[{"fuel":1681.2383664025488,"trucks":[[38,39,40,43,42,45,48,49,44,41,46,52,51,50,47,30],[86,13,18,17,20,26,23,25,28,34,31,32,35,37,36,33,29,27,24,21,22],[106,107,103,102,100,101,117,99,111,116,110,109,119,115,19,84,114,118,85,113],[53,54,56,59,55,58,60,66,62,63,65,67,64,61,57,80,77],[93,90,92,91,94,97,95,98,69,78,81,79,76],[83,82,3,2,4,5,6,7,8,10,11,12,16,15,14,9],[120,89,112,87,88,96,105,104,68,70,71,72,73,75,74,108,121]],"distance":1185.22647430352},{"distance":1185.718868927013,"fuel":1678.0717419989037,"trucks":[[38,39,40,43,42,45,47,50,51,52,46,44,41,49,48,30],[86,13,18,17,20,26,23,25,28,34,31,32,35,37,36,33,29,27,24,21,22],[106,107,103,102,100,101,117,99,111,116,110,109,119,115,19,84,114,118,85,113],[53,55,54,56,59,58,60,66,62,63,65,67,64,61,57],[93,90,92,91,94,97,95,98,69,77,78,80,81,79,76],[83,82,3,2,4,5,6,7,8,10,11,12,16,15,14,9],[120,89,112,87,88,96,105,104,68,70,71,72,73,75,74,108,121]]}]}