{"benchmark":"M-n151-k12","Optimal":1053,"front":[{"distance":1284.4051090546375,"trucks":[[96,118,14,138,3,116,16,44,143,43,15,120,45,142,17],[32,89,149,63,108,124,20,47,62,87,39,141],[77,4,78,117,151,81,69,122,30,25,135,55,131],[147,53,107,8,83,49,125,48,37,144,50,65,12],[90,148,7,95,97,100,105,94,86,99,38,101,92],[60,93,98,88,145,58,146,42,23,134,75,73,74],[46,126,9,115,84,61,119,6,85,18,114,19],[28,52,104,72,137,36,136,121,66,67,2,133,70],[128,102,71,31,123,21,129,132,33,91,127,64,109,11],[54,22,68,40,140,57,76,24,26,56],[113,35,79,130,80,51,103,34,82,10],[106,59,41,27,150,111,5,110,13,139,29,112]],"fuel":1809.767076096222}]}