{"Optimal":805,"benchmark":"B-n38-k6","front":[{"fuel":1127.8019498665267,"trucks":[[26,28,6,8,13,30,25,35,18,37],[24,34,19,5,9],[23,33,29,22],[15,16,2,11,21],[27,17,10,20,7,32],[12,4,14,38,36,3,31]],"distance":826.4598049653542}]}