{"Optimal":211,"benchmark":"P-n21-k2","front":[{"distance":224.99168388534414,"trucks":[[21,6,15,18,10,14,9,19,20,4],[7,8,3,11,13,16,12,5,2,17]],"fuel":317.4510944488936},{"distance":227.16289500313627,"trucks":[[21,6,15,18,10,14,9,19,20,4],[17,7,8,3,11,13,16,12,5,2]],"fuel":317.08040018802177}]}