{"benchmark":"P-n21-k2","Optimal":211,"front":[{"fuel":324.7156847729779,"distance":224.67289753511773,"trucks":[[5,12,16,13,4,20,19,9,14,10,8],[7,21,6,15,18,3,11,2,17]]},{"fuel":317.4510944488936,"distance":224.99168388534414,"trucks":[[21,6,15,18,10,14,9,19,20,4],[7,8,3,11,13,16,12,5,2,17]]},{"fuel":317.08040018802177,"distance":227.16289500313627,"trucks":[[21,6,15,18,10,14,9,19,20,4],[17,7,8,3,11,13,16,12,5,2]]}]}