{"front":[{"trucks":[[2,11,5,12,16,13,4,20,19,9,14,8],[7,21,6,15,18,10,3,17]],"distance":219.09329234419022,"fuel":320.5535257578571}],"benchmark":"P-n21-k2","Optimal":211}