{"front":[{"fuel":847.9939185697042,"distance":600.8255367310455,"trucks":[[17,16],[8,3,2,7],[20],[14,12],[10,6],[11,9,4,5],[15,21,19],[13,18,22]]}],"benchmark":"P-n22-k8","Optimal":603}