{"Optimal":603,"front":[{"fuel":847.9939185697042,"trucks":[[15,21,19],[17,16],[11,9,4,5],[14,12],[8,3,2,7],[10,6],[20],[13,18,22]],"distance":600.8255367310455}],"benchmark":"P-n22-k8"}