{"front":[{"distance":890.1882697689829,"trucks":[[6,48,37,70,61,21,38,16,58],[41,4,45,33,19,25,50],[2,23,65,43,44,42,57,24],[52,17,64,34,63,62,29],[5,46,30,49,22,31],[11,39,66,67,12],[40,10,51,26,56,32,59],[36,54,15,60,20,55,14],[27,8,9,47,35,53,28],[68,13,18,7,3,69]],"fuel":1280.1142904068317},{"distance":891.0790319876727,"trucks":[[6,48,37,70,61,21,38,16,58],[41,4,45,33,19,25,50],[2,23,65,43,44,42,57,24],[52,17,64,34,63,29,62],[5,46,30,49,22,31],[11,39,66,67,12],[40,10,51,26,56,32,59],[36,54,15,60,20,55,14],[27,8,9,47,35,53,28],[68,13,18,7,3,69]],"fuel":1277.085431695413}],"Optimal":827,"benchmark":"P-n70-k10"}