{"Optimal":661,"front":[{"fuel":954.4995448704624,"distance":682.6906994399392,"trucks":[[13,28,6,27,8,9,14,33],[3,21,5,26,31,11],[29,19,32,2,22,15,20],[16,18,10,4,17,30],[23,24,12,7,25]]},{"fuel":952.5829089868887,"distance":687.8176676943375,"trucks":[[13,28,6,27,8,9,14,33],[3,21,5,26,31,11],[29,19,32,2,22,15,20],[16,17,10,18,4,30],[23,24,12,7,25]]},{"fuel":947.4939278152217,"distance":687.9210900707463,"trucks":[[13,28,6,27,8,9,14,33],[3,21,5,26,31,11],[29,19,32,2,22,15,20],[16,17,4,18,10,30],[23,24,12,7,25]]},{"fuel":943.8018502135424,"distance":688.8902923917798,"trucks":[[13,28,6,27,8,9,14,33],[3,21,5,26,31,11],[29,19,32,2,22,15,20],[16,17,4,10,18,30],[23,24,12,7,25]]}],"benchmark":"A-n33-k5"}