{"benchmark":"A-n33-k5","front":[{"fuel":975.3219201499613,"distance":696.0048804864305,"trucks":[[5,28,27,8,9,14,33],[29,19,32,2,22,15,20],[16,18,10,4,17,30],[23,13,11,31,26,6,21],[3,25,7,12,24]]},{"fuel":968.3163030947204,"distance":701.2352711172377,"trucks":[[5,28,27,8,9,14,33],[29,19,32,2,22,15,20],[16,17,4,18,10,30],[23,13,11,31,26,6,21],[3,25,7,12,24]]},{"fuel":964.6242254930411,"distance":702.204473438271,"trucks":[[5,28,27,8,9,14,33],[29,19,32,2,22,15,20],[16,17,4,10,18,30],[23,13,11,31,26,6,21],[3,25,7,12,24]]}],"Optimal":661}