{"Optimal":661,"benchmark":"A-n33-k5","front":[{"fuel":943.4100835198875,"distance":668.2471528547077,"trucks":[[16,18,10,4,17,30],[3,33,14,9,8,27,6,21],[5,28,26,31,11,13],[25,7,20,15,22,2,32],[23,29,19,12,24]]},{"fuel":941.4934476363137,"distance":673.374121109106,"trucks":[[16,17,10,18,4,30],[3,33,14,9,8,27,6,21],[5,28,26,31,11,13],[25,7,20,15,22,2,32],[23,29,19,12,24]]},{"fuel":936.4044664646467,"distance":673.4775434855148,"trucks":[[16,17,4,18,10,30],[3,33,14,9,8,27,6,21],[5,28,26,31,11,13],[25,7,20,15,22,2,32],[23,29,19,12,24]]},{"fuel":932.7123888629674,"distance":674.4467458065483,"trucks":[[16,17,4,10,18,30],[3,33,14,9,8,27,6,21],[5,28,26,31,11,13],[25,7,20,15,22,2,32],[23,29,19,12,24]]}]}