{"optimalDistance":588,"benchmark":"P-n55-k8","distanceSequence":[650.1183678641447,650.1183678641447,650.1183678641447,650.1183678641447,650.1183678641447,650.1183678641447,650.1183678641447,650.1183678641447,650.1183678641447,650.1183678641447,650.1183678641447,650.1183678641447,650.1183678641447,650.1183678641447,646.4256311342438,646.4256311342438,646.4256311342438,645.5723598289823,645.5723598289823,645.5723598289823,645.5723598289823,645.5723598289823,645.5723598289823,645.5723598289823,645.0806075746103,645.0806075746103,645.0806075746103,644.9412089529893,644.3857868897861,644.3857868897861,641.1761201580626,641.1761201580626,641.1761201580626,641.1761201580626,641.1761201580626,641.1761201580626,641.1761201580626,641.1761201580626,641.1761201580626,641.1761201580626,641.1761201580626,641.1761201580626,639.7382498693854,639.7382498693854,639.7382498693854,639.7382498693854,639.7382498693854,639.7382498693854,639.7382498693854,639.7382498693854,639.7382498693854,639.7382498693854,639.7382498693854,639.7382498693854,639.7382498693854,639.7382498693854,639.7382498693854,639.7382498693854,639.7382498693854,639.7382498693854,639.7382498693854,639.7382498693854,639.7382498693854,639.7382498693854,639.7382498693854,639.7382498693854,639.7382498693854,639.7382498693854,639.7382498693854,639.7382498693854,639.7382498693854,639.7382498693854,639.7382498693854,639.7382498693854,639.7382498693854,639.7382498693854,639.7382498693854,639.7382498693854,639.7382498693854,639.7382498693854,639.7382498693854,639.7382498693854,639.7382498693854,639.7382498693854,639.7382498693854,639.7382498693854,639.7382498693854,639.7382498693854,639.7382498693854,639.7382498693854,639.7382498693854,639.7382498693854,639.7382498693854,639.7382498693854,639.7382498693854,639.7382498693854,639.7382498693854,639.7382498693854,639.7382498693854,639.7382498693854,639.7382498693854,639.7382498693854,639.7382498693854,639.7382498693854,639.7382498693854,639.7382498693854,639.7382498693854,639.7382498693854,639.7382498693854,639.7382498693854,639.7382498693854,639.7382498693854,639.7382498693854,639.7382498693854,639.7382498693854,639.7382498693854,639.7382498693854,639.7382498693854,639.7382498693854,639.7382498693854,639.7382498693854,639.7382498693854,639.7382498693854,639.7382498693854,639.7382498693854,639.7382498693854,639.7382498693854,639.7382498693854,639.7382498693854,639.7382498693854,639.7382498693854,639.7382498693854,639.7382498693854,639.7382498693854,639.7382498693854,639.7382498693854,639.7382498693854,639.7382498693854,639.7382498693854,639.7382498693854,639.7382498693854,639.7382498693854,639.7382498693854,639.7382498693854,639.7382498693854,639.7382498693854,639.7382498693854,639.7382498693854,639.7382498693854,639.7382498693854,639.7382498693854,639.7382498693854,639.7382498693854,639.7382498693854,639.7382498693854,639.7382498693854,639.7382498693854,639.7382498693854,639.7382498693854,639.7382498693854,639.7382498693854,639.7382498693854,639.7382498693854,639.7382498693854,639.7382498693854,639.7382498693854,639.7382498693854,639.7382498693854,639.7382498693854,639.7382498693854,639.7382498693854,639.7382498693854,639.7382498693854,639.7382498693854,639.7382498693854,639.7382498693854,639.7382498693854,639.7382498693854,639.7382498693854,639.7382498693854,639.7382498693854,639.7382498693854,639.7382498693854,639.7382498693854,639.7382498693854,639.7382498693854,639.7382498693854,639.7382498693854,639.7382498693854,639.7382498693854,639.7382498693854,639.7382498693854,639.7382498693854,639.7382498693854,639.7382498693854,639.7382498693854,639.7382498693854,639.7382498693854,639.7382498693854,639.7382498693854,639.7382498693854,639.7382498693854,639.7382498693854,639.7382498693854,639.7382498693854,639.7382498693854,639.7382498693854,639.7382498693854,639.7382498693854,639.7382498693854,639.7382498693854,639.7382498693854,639.7382498693854,639.7382498693854,639.7382498693854,639.7382498693854,639.7382498693854,639.7382498693854,639.7382498693854,639.7382498693854,639.7382498693854,639.7382498693854,639.7382498693854,639.7382498693854,639.7382498693854,639.7382498693854,639.7382498693854,639.7382498693854,639.7382498693854,639.7382498693854,639.7382498693854,639.7382498693854,639.7382498693854,639.7382498693854,639.7382498693854,639.7382498693854,639.7382498693854,639.7382498693854,639.7382498693854,639.7382498693854,639.7382498693854,639.7382498693854,639.7382498693854,639.7382498693854,639.7382498693854,639.7382498693854,639.7382498693854,639.7382498693854,639.7382498693854,639.7382498693854,639.7382498693854,639.7382498693854,639.7382498693854,639.7382498693854,639.7382498693854,639.1655059610615,639.1655059610615,639.1655059610615,639.1655059610615,639.1655059610615,639.1655059610615,639.1655059610615,639.1655059610615,639.1655059610615,639.1655059610615,639.1655059610615,639.1655059610615,639.1655059610615,639.1655059610615,639.1655059610615,639.1655059610615,639.1655059610615,639.1655059610615,639.1655059610615,639.1655059610615,639.1655059610615,639.1655059610615,639.1655059610615,639.1655059610615,639.1655059610615,639.1655059610615,639.1655059610615,639.1655059610615,639.1655059610615,639.1655059610615,639.1655059610615,639.1655059610615,639.1655059610615,639.1655059610615,639.1655059610615,639.1655059610615,639.1655059610615,639.1655059610615,639.1655059610615,639.1655059610615,639.1655059610615,639.1655059610615,635.620718156592,635.620718156592,635.620718156592,635.620718156592,635.620718156592,635.620718156592,635.620718156592,635.620718156592,635.620718156592,634.2032524747768,634.2032524747768,634.2032524747768,634.2032524747768,634.2032524747768,634.2032524747768,634.2032524747768,634.2032524747768,634.2032524747768,634.2032524747768,634.2032524747768,634.2032524747768,634.2032524747768,634.2032524747768,634.2032524747768,634.2032524747768,634.2032524747768,634.2032524747768,634.2032524747768,634.2032524747768,634.2032524747768,634.2032524747768,634.2032524747768,634.2032524747768,634.2032524747768,634.2032524747768,634.2032524747768,634.2032524747768,634.2032524747768,634.2032524747768,634.2032524747768,634.2032524747768,634.2032524747768,634.2032524747768,634.2032524747768,634.2032524747768,634.2032524747768,634.2032524747768,634.2032524747768,634.2032524747768,634.2032524747768,634.2032524747768,634.2032524747768,634.2032524747768,634.2032524747768,634.2032524747768,634.2032524747768,634.2032524747768,634.2032524747768,634.2032524747768,634.2032524747768,634.2032524747768,634.2032524747768,634.2032524747768,634.2032524747768,634.2032524747768,634.2032524747768,634.2032524747768,634.2032524747768,634.2032524747768,634.2032524747768,634.2032524747768,634.2032524747768,634.2032524747768,634.2032524747768,634.2032524747768,634.2032524747768,634.2032524747768,634.2032524747768,634.2032524747768,634.2032524747768,634.2032524747768,634.2032524747768,634.2032524747768,634.2032524747768,634.2032524747768,634.2032524747768,634.2032524747768,634.2032524747768,634.2032524747768,634.2032524747768,634.2032524747768,634.2032524747768,634.2032524747768,634.2032524747768,634.2032524747768,634.2032524747768,634.2032524747768,634.2032524747768,634.2032524747768,634.2032524747768,634.2032524747768,634.2032524747768,634.2032524747768,634.2032524747768,634.2032524747768,634.2032524747768,634.2032524747768,634.2032524747768,634.2032524747768,634.2032524747768,634.2032524747768,634.2032524747768,634.2032524747768,634.2032524747768,634.2032524747768,634.2032524747768,634.2032524747768,634.2032524747768,634.2032524747768,634.2032524747768,634.2032524747768,634.2032524747768,634.2032524747768,634.2032524747768,634.2032524747768,634.2032524747768,634.2032524747768,634.2032524747768,634.2032524747768,634.2032524747768,634.2032524747768,634.2032524747768,634.2032524747768,634.2032524747768,634.2032524747768,634.2032524747768,634.2032524747768,634.2032524747768,634.2032524747768,634.2032524747768,634.2032524747768,634.2032524747768,634.2032524747768,634.2032524747768,