{"front":[{"fuel":856.3739456281871,"distance":616.1863266424136,"trucks":[[7,34,2,44,42,43,23,29],[10,26,51,19,25,50,24,17,52],[41,33,45,4,18],[35,53,28,14,55,20,15,54],[13,40,32,11,39,12],[27,8,36,9,47],[49,22,48,37,38,21,16,6],[5,46,30,31,3]]},{"fuel":852.5492464676533,"distance":616.3576830767782,"trucks":[[7,34,2,44,42,43,23,29],[10,26,51,19,25,50,24,17,52],[18,41,33,45,4],[35,53,28,14,55,20,15,54],[13,40,32,11,39,12],[27,8,36,9,47],[49,22,48,37,38,21,16,6],[5,46,30,31,3]]},{"trucks":[[7,34,2,44,42,43,23,29],[52,17,24,50,25,19,51,26],[18,41,10,33,45,4],[35,53,28,14,55,20,15,54],[13,40,32,11,39,12],[27,8,36,9,47],[49,22,48,37,38,21,16,6],[5,46,30,31,3]],"distance":624.2187023779752,"fuel":852.4832449099856}],"Optimal":588,"benchmark":"P-n55-k8"}