{"optimalDistance":1272,"benchmark":"B-n68-k9","distanceSequence":[1378.390469243235,1375.3334882821778,1368.5965994129058,1368.5965994129058,1368.5965994129058,1368.5965994129058,1368.5965994129058,1360.01588417319,1360.01588417319,1359.0884064527058,1359.0884064527058,1359.0884064527058,1359.0884064527058,1358.6832812014989,1354.4266678760816,1354.4266678760816,1352.2221843057841,1352.2221843057841,1351.6350609952144,1348.5958230199892,1348.5958230199892,1348.5958230199892,1348.5958230199892,1348.5810609224873,1346.7407573858904,1346.7407573858904,1346.7407573858904,1346.7407573858904,1345.8042161391218,1345.8042161391218,1343.6303906669627,1341.0352985334855,1341.0352985334855,1341.0352985334855,1338.8571398747738,1338.8571398747738,1338.8571398747738,1336.6833144026148,1336.6833144026148,1336.6833144026148,1336.6833144026148,1336.6833144026148,1336.6833144026148,1336.6833144026148,1336.6833144026148,1336.4781639822047,1335.7136666828562,1335.7136666828562,1335.7136666828562,1335.7136666828562,1335.5335256119356,1334.3271712144772,1334.3271712144772,1334.3271712144772,1334.3271712144772,1334.3271712144772,1333.955877784134,1333.955877784134,1333.955877784134,1333.955877784134,1333.955877784134,1332.4937937159968,1332.2120112185958,1332.1695787245467,1330.3752489566543,1330.3752489566543,1330.3752489566543,1330.3752489566543,1330.3752489566543,1330.3752489566543,1330.3752489566543,1330.3752489566543,1329.913809646294,1329.871377152245,1329.871377152245,1329.871377152245,1328.6493458844684,1328.0615382625658,1328.0615382625658,1328.0615382625658,1328.0615382625658,1325.067167844766,1325.067167844766,1325.067167844766,1325.067167844766,1325.067167844766,1325.067167844766,1324.6198148083254,1324.6198148083254,1324.6198148083254,1324.6198148083254,1324.6198148083254,1324.6198148083254,1322.7110246566283,1322.7110246566283,1322.7110246566283,1322.7110246566283,1322.7110246566283,1322.7110246566283,1322.7110246566283,1322.7110246566283,1321.8832593997195,1321.8832593997195,1321.8832593997195,1321.8832593997195,1321.8832593997195,1321.8832593997195,1321.8832593997195,1321.8832593997195,1321.8832593997195,1321.8832593997195,1321.8832593997195,1321.6538816094433,1321.6538816094433,1321.6538816094433,1321.6538816094433,1321.6538816094433,1321.6538816094433,1321.6538816094433,1319.6541714846744,1318.534545299889,1318.534545299889,1318.534545299889,1318.534545299889,1318.534545299889,1318.534545299889,1316.740215531997,1316.740215531997,1316.740215531997,1316.740215531997,1316.740215531997,1316.1784021117514,1316.1784021117514,1316.1784021117514,1315.8461564119966,1315.8461564119966,1315.8461564119966,1315.8461564119966,1315.8461564119966,1314.3840723438593,1314.3840723438593,1314.3840723438593,1314.3840723438593,1314.3840723438593,1314.3840723438593,1314.3840723438593,1314.3840723438593,1314.3840723438593,1312.4530960290194,1312.4530960290194,1312.4530960290194,1312.4530960290194,1312.4530960290194,1312.4530960290194,1312.4530960290194,1312.4530960290194,1312.4530960290194,1312.4530960290194,1312.4530960290194,1312.4530960290194,1312.4530960290194,1312.4530960290194,1312.4530960290194,1312.4530960290194,1312.4530960290194,1312.4530960290194,1312.4530960290194,1312.4530960290194,1311.8998247862437,1311.8998247862437,1311.8998247862437,1311.8998247862437,1311.8998247862437,1311.8998247862437,1311.8998247862437,1311.8998247862437,1311.8998247862437,1311.8998247862437,1311.8998247862437,1311.8998247862437,1311.8998247862437,1311.8998247862437,1311.8998247862437,1311.7107442154243,1311.7107442154243,1311.7107442154243,1311.7107442154243,1311.7107442154243,1311.7107442154243,1311.7107442154243,1311.7107442154243,1311.7107442154243,1311.7107442154243,1311.7107442154243,1311.7107442154243,1311.7107442154243,1311.7107442154243,1311.7107442154243,1311.7107442154243,1311.7107442154243,1311.7107442154243,1311.7107442154243,1311.7107442154243,1311.7107442154243,1311.7107442154243,1311.7107442154243,1311.7107442154243,1311.7107442154243,1311.7107442154243,1311.7107442154243,1311.7107442154243,1311.7107442154243,1311.7107442154243,1311.7107442154243,1311.7107442154243,1311.7107442154243,1311.7107442154243,1311.7107442154243,1311.7107442154243,1311.7107442154243,1311.7107442154243,1311.7107442154243,1311.7107442154243,1311.7107442154243,1311.7107442154243,1311.7107442154243,1311.7107442154243,1311.7107442154243,1311.7107442154243,1311.7107442154243,1311.7107442154243,1311.7107442154243,1311.7107442154243,1311.7107442154243,1311.7107442154243,1311.7107442154243,1311.7107442154243,1311.7107442154243,1311.7107442154243,1311.7107442154243,1311.7107442154243,1309.8807170480172,1309.8807170480172,1309.8807170480172,1309.8807170480172,1309.8807170480172,1309.8807170480172,1309.8807170480172,1309.8807170480172,1309.8807170480172,1309.8807170480172,1309.8807170480172,1309.8807170480172,1309.8807170480172,1309.8807170480172,1309.8807170480172,1309.8807170480172,1309.6736965115506,1309.6736965115506,1309.6736965115506,1309.6736965115506,1309.6736965115506,1309.6736965115506,1309.6736965115506,1309.6736965115506,1309.6736965115506,1309.6736965115506,1309.6736965115506,1309.6736965115506,1309.6736965115506,1309.6736965115506,1309.6736965115506,1309.6736965115506,1309.6736965115506,1309.6736965115506,1309.6736965115506,1309.6736965115506,1309.6736965115506,1309.6736965115506,1309.6736965115506,1309.6736965115506,1309.6736965115506,1309.6736965115506,1309.6736965115506,1309.6736965115506,1309.6736965115506,1309.6736965115506,1309.6736965115506,1309.6736965115506,1309.6736965115506,1309.6736965115506,1309.6736965115506,1309.6736965115506,1309.6736965115506,1309.6736965115506,1309.6736965115506,1309.6736965115506,1309.6736965115506,1309.6736965115506,1309.6736965115506,1309.6736965115506,1309.6736965115506,1309.6736965115506,1309.6736965115506,1309.6736965115506,1309.6736965115506,1309.6736965115506,1309.6736965115506,1309.6736965115506,1309.6736965115506,1309.6736965115506,1309.6736965115506,1309.6736965115506,1309.6736965115506,1309.6736965115506,1309.6736965115506,1309.6736965115506,1309.6736965115506,1309.6736965115506,1309.6736965115506,1309.6736965115506,1309.6736965115506,1309.6736965115506,1309.6736965115506,1309.6736965115506,1309.6736965115506,1309.6736965115506,1309.6736965115506,1309.6736965115506,1309.6736965115506,1309.6736965115506,1309.6736965115506,1309.6736965115506,1309.6736965115506,1309.6736965115506,1309.6736965115506,1309.6736965115506,1309.6736965115506,1309.6736965115506,1309.6736965115506,1309.6736965115506,1309.6736965115506,1309.6736965115506,1309.6736965115506,1309.6736965115506,1309.6736965115506,1309.6736965115506,1309.6736965115506,1309.6736965115506,1309.6736965115506,1309.6736965115506,1309.6736965115506,1309.6736965115506,1309.6736965115506,1309.6736965115506,1309.6736965115506,1309.6736965115506,1309.6736965115506,1309.6736965115506,1309.6736965115506,1309.6736965115506,1309.6736965115506,1309.6736965115506,1309.6736965115506,1309.6736965115506,1309.6736965115506,1309.6736965115506,1309.6736965115506,1309.6736965115506,1309.6736965115506,1309.6736965115506,1309.6736965115506,1309.6736965115506,1309.6736965115506,1309.6736965115506,1309.6736965115506,1309.6736965115506,1309.6736965115506,1309.6736965115506,1309.6736965115506,1309.6736965115506,1309.6736965115506,1309.6736965115506,1309.6736965115506,1309.6736965115506,1309.6736965115506,1309.6736965115506,1309.6736965115506,1309.6736965115506,1309.6736965115506,1309.6736965115506,1309.6736965115506,1309.6736965115506,1309.6736965115506,1309.6736965115506,1309.6736965115506,1309.6736965115506,1309.6736965115506,1309.6736965115506,1309.6736965115506,1309.6736965115506,1309.6736965115506,1309.6736965115506,1309.6736965115506,1309.6736965115506,1309.6736965115506,1309.6736965115506,1309.6736965115506,1309.6736965115506,1309.6736965115506,1309.6736965115506,1309.6736965115506,1309.6736965115506,1309.6736965115506,1309.6736965115506,1309.6736965115506,1309.6736965115506,1309.6736965115506,1309.6736965115506,