{"Optimal":1272,"benchmark":"B-n68-k9","front":[{"trucks":[[32,36,61,5,2,57,34,16],[22,31,46,13,60,35,45,49,10,53],[68,37,33,7,59,11,25,19,29,43],[50,23,3,9,42,38],[18,21,58,52,62,27],[20,56,24,40,12,4,30],[66,47,14,6,15,63,55,17],[65,28,67,44,8,48],[64,26,41,51,39,54]],"fuel":1858.2592759045642,"distance":1299.0506323824245},{"fuel":1857.8988676820559,"trucks":[[32,36,61,5,2,57,16],[22,31,46,13,60,35,45,49,10,53],[68,37,33,7,59,11,25,19,29,43],[50,23,3,9,42,38],[34,18,21,58,52,62,27],[20,56,24,40,12,4,30],[66,47,14,6,15,63,55,17],[65,28,67,44,8,48],[64,26,41,51,39,54]],"distance":1299.2853186097757},{"distance":1300.0018160893662,"trucks":[[32,36,61,5,2,57,34,16],[22,31,46,13,60,35,45,49,10,53],[68,37,33,7,59,11,25,19,29,43],[50,23,3,9,42,38],[18,21,27,62,52,58],[20,56,24,40,12,4,30],[66,47,14,6,15,63,55,17],[65,28,67,44,8,48],[64,26,41,51,39,54]],"fuel":1857.73464864256}]}