{"Optimal":1272,"front":[{"trucks":[[68,37,33,7,59,11,25,19,29,43],[28,67,14,47,44,66],[27,58,50],[46,13,49,10,45,35,60,17,31],[38,42,9,3,23,52,62,53,21],[16,2,57,34,32,5,61,36,65],[48,8,6,15,63,55,22,18],[41,56,24,40,12,4,30],[20,54,39,51,26,64]],"fuel":1871.098678639802,"distance":1309.6736965115506},{"trucks":[[68,37,33,7,59,11,25,19,29,43],[28,66,44,47,14,67],[27,58,50],[46,13,49,10,45,35,60,17,31],[38,42,9,3,23,52,62,53,21],[16,2,57,34,32,5,61,36,65],[48,8,6,15,63,55,22,18],[41,56,24,40,12,4,30],[20,54,39,51,26,64]],"distance":1309.8807170480172,"fuel":1868.923680497791}],"benchmark":"B-n68-k9"}