{"front":[{"fuel":1045.061735316223,"trucks":[[11,39,66,67,12,54,15,60,20,55,14,58,16],[46,30,6,38,21,71,61,72,37,70,22,48,49,75,29,62,23,74],[3,63,2,44,42,43,65,57,24,50,25,19,51,26,56,32],[27,59,73,40,10,33,45,4,17,64,34,7,52,18,13],[31,69,76,5,28,53,35,47,9,8,36,68,41]],"distance":734.9914491902861}],"benchmark":"P-n76-k5","Optimal":627}