{"benchmark":"P-n76-k5","front":[{"trucks":[[46,30,49,38,6,48,22,70,37,72,61,71,21,16,58,14,55,28],[7,34,64,24,57,42,43,44,74,2,23,65,62,29,63,75,69],[12,67,66,39,11,32,56,26,51,19,25,50,17,52],[47,9,36,20,60,15,54,59,73,40,10,33,4,45],[5,3,31,76,18,41,13,27,68,8,35,53]],"distance":735.329439834835,"fuel":1071.5601090436228},{"trucks":[[28,46,30,49,38,6,48,22,70,37,72,61,71,21,16,58,14,55],[7,34,64,24,57,42,43,44,74,2,23,65,62,29,63,75,69],[12,67,66,39,11,32,56,26,51,19,25,50,17,52],[47,9,36,20,60,15,54,59,73,40,10,33,4,45],[68,27,13,41,18,76,31,3,5,53,35,8]],"distance":739.083445475017,"fuel":1068.8244454819446}],"Optimal":627}