{"front":[{"trucks":[[36,54,12,67,66,39,11,32,56,26,51,19,25,50],[8,9,20,55,14,58,16,21,71,61,72,37,70,22,48,6,38,49,30],[31,75,63,29,62,65,44,2,74,34,64,24,57,42,43,23],[41,13,18,52,17,4,45,33,10,40,73,59,15,60],[27,68,47,35,53,28,46,5,7,3,69,76]],"fuel":1057.4946578900083,"distance":739.9398837130027}],"benchmark":"P-n76-k5","Optimal":627}