{"Optimal":1034,"front":[{"distance":1088.7419103730333,"fuel":1563.414646888953,"trucks":[[52,49,19,36,48,57,28,22,37,30],[40,45,61,12,2,17,35],[4,39,60,11],[8,24,16,31,56],[41,3,6,55,47,46,38],[21,7,42,54,9,50],[23,13,5,27,44,33,43,34],[10,29,32,53,58,18,14,51],[15,20,25,26,59]]}],"benchmark":"A-n61-k9"}