{"benchmark":"P-n55-k10","Optimal":694,"front":[{"fuel":1009.6197856177606,"distance":720.8907276014769,"trucks":[[30,6,38,21,16,14,55],[13,40,10,26,19,51],[12,39,11,32],[41,33,45,4,18],[35,47,9,53,28],[46,49,48,37,22],[52,17,50,25,24,42,43,44],[27,54,15,20,36,8],[3,29,23,2,34],[5,31,7]]},{"fuel":1004.2314125287882,"trucks":[[30,6,38,21,16,14,55],[13,40,10,26,19,51],[12,39,11,32],[18,41,33,45,4],[35,47,9,53,28],[46,49,48,37,22],[52,17,50,25,24,42,43,44],[27,54,15,20,36,8],[3,29,23,2,34],[5,31,7]],"distance":721.0620840358415},{"fuel":994.528912094891,"trucks":[[30,6,38,21,16,14,55],[13,40,10,26,19,51],[12,39,11,32],[18,41,33,45,4],[35,47,9,53,28],[46,49,48,37,22],[52,17,50,25,24,42,43,44],[27,8,36,20,15,54],[7,34,2,23,29],[5,31,3]],"distance":721.0928891972048},{"distance":721.5506110318543,"trucks":[[30,6,38,21,16,14,55],[13,40,10,26,19,51],[12,39,11,32],[18,41,33,45,4],[35,47,9,53,28],[46,49,48,37,22],[52,17,50,25,24,42,43,44],[27,8,36,54,15,20],[7,34,2,23,29],[5,31,3]],"fuel":993.3079602558789}]}