{"optimalDistance":799,"distanceSequence":[868.9257454074417,868.9257454074417,868.9257454074417,868.9257454074417,868.9257454074417,868.9257454074417,868.9257454074417,868.9257454074417,868.9257454074417,859.1795934637489,859.1795934637489,859.1795934637489,859.1795934637489,859.1795934637489,859.1795934637489,859.1795934637489,859.1795934637489,856.0192805955777,856.0192805955777,856.0192805955777,856.0192805955777,853.2518288806258,853.2518288806258,853.2518288806258,853.2518288806258,853.2518288806258,853.2518288806258,853.2518288806258,853.2518288806258,853.2518288806258,853.2518288806258,853.2518288806258,853.2518288806258,853.2518288806258,853.2518288806258,853.2518288806258,853.2518288806258,853.2518288806258,853.2518288806258,853.2518288806258,853.2518288806258,853.2518288806258,853.2518288806258,850.8792295821544,850.8792295821544,850.8792295821544,850.8792295821544,850.5029853354544,850.5029853354544,850.5029853354544,850.5029853354544,850.5029853354544,850.5029853354544,850.5029853354544,850.5029853354544,850.5029853354544,850.5029853354544,850.5029853354544,850.5029853354544,850.5029853354544,850.5029853354544,850.5029853354544,850.5029853354544,850.5029853354544,850.5029853354544,850.5029853354544,850.5029853354544,850.5029853354544,850.5029853354544,850.5029853354544,850.5029853354544,850.5029853354544,850.5029853354544,850.5029853354544,850.5029853354544,850.5029853354544,850.5029853354544,850.5029853354544,850.5029853354544,850.5029853354544,850.5029853354544,850.5029853354544,850.5029853354544,850.5029853354544,850.5029853354544,850.5029853354544,850.5029853354544,850.5029853354544,850.5029853354544,850.5029853354544,850.5029853354544,850.5029853354544,850.5029853354544,850.5029853354544,850.5029853354544,850.5029853354544,850.5029853354544,850.5029853354544,850.5029853354544,850.5029853354544,850.5029853354544,850.5029853354544,850.5029853354544,850.5029853354544,850.5029853354544,850.5029853354544,850.5029853354544,850.5029853354544,850.5029853354544,850.5029853354544,850.5029853354544,850.5029853354544,850.5029853354544,850.5029853354544,850.5029853354544,850.5029853354544,850.5029853354544,850.5029853354544,850.5029853354544,850.5029853354544,850.5029853354544,850.5029853354544,850.5029853354544,850.5029853354544,850.5029853354544,850.5029853354544,850.5029853354544,850.5029853354544,850.5029853354544,850.5029853354544,850.5029853354544,850.5029853354544,850.5029853354544,850.5029853354544,850.5029853354544,850.5029853354544,850.5029853354544,850.5029853354544,850.5029853354544,850.5029853354544,850.5029853354544,850.5029853354544,850.5029853354544,850.5029853354544,850.5029853354544,850.5029853354544,850.5029853354544,850.5029853354544,850.5029853354544,850.5029853354544,850.5029853354544,850.5029853354544,850.5029853354544,847.9126913400788,847.9126913400788,847.9126913400788,847.9126913400788,847.9126913400788,847.9126913400788,843.0527500330119,843.0527500330119,843.0527500330119,843.0527500330119,843.0527500330119,843.0527500330119,843.0527500330119,843.0527500330119,843.0527500330119,843.0527500330119,838.9439421021228,838.9439421021228,838.9439421021228,838.9439421021228,838.9439421021228,838.9439421021228,838.9439421021228,838.9439421021228,838.9439421021228,838.9439421021228,838.9439421021228,838.9439421021228,838.9439421021228,838.9439421021228,838.9439421021228,838.9439421021228,838.9439421021228,838.9439421021228,838.9439421021228,838.9439421021228,838.9439421021228,838.9439421021228,838.9439421021228,838.9439421021228,838.9439421021228,838.9439421021228,838.9439421021228,838.9439421021228,838.9439421021228,838.9439421021228,838.9439421021228,838.9439421021228,838.9439421021228,838.9439421021228,838.9439421021228,838.9439421021228,838.9439421021228,838.9439421021228,838.9439421021228,838.9439421021228,838.9439421021228,838.9439421021228,838.9439421021228,838.9439421021228,838.9439421021228,838.9439421021228,838.9439421021228,838.9439421021228,838.9439421021228,838.9439421021228,838.9439421021228,838.9439421021228,838.9439421021228,838.9439421021228,838.9439421021228,838.9439421021228,838.9439421021228,838.9439421021228,838.9439421021228,838.9439421021228,838.9439421021228,838.9439421021228,838.9439421021228,838.9439421021228,838.9439421021228,838.9439421021228,838.9439421021228,838.9439421021228,838.9439421021228,838.9439421021228,838.9439421021228,838.9439421021228,838.9439421021228,838.9439421021228,838.9439421021228,838.9439421021228,838.9439421021228,838.9439421021228,838.9439421021228,838.9439421021228,838.9439421021228,838.9439421021228,838.9439421021228,838.9439421021228,838.9439421021228,838.9439421021228,838.9439421021228,833.874460556242,833.874460556242,833.874460556242,833.874460556242,833.874460556242,833.874460556242,833.874460556242,833.874460556242,833.874460556242,833.874460556242,833.874460556242,833.874460556242,833.874460556242,833.874460556242,833.874460556242,833.874460556242,833.874460556242,833.874460556242,833.874460556242,833.874460556242,833.874460556242,833.874460556242,833.874460556242,833.874460556242,833.874460556242,833.874460556242,833.874460556242,833.874460556242,833.874460556242,833.874460556242,833.874460556242,833.874460556242,833.874460556242,833.874460556242,833.874460556242,833.874460556242,833.874460556242,833.874460556242,833.874460556242,833.874460556242,833.874460556242,833.874460556242,833.874460556242,833.874460556242,833.874460556242,833.874460556242,833.874460556242,833.874460556242,833.874460556242,833.874460556242,833.874460556242,833.874460556242,833.874460556242,833.874460556242,833.874460556242,833.874460556242,833.874460556242,833.874460556242,833.874460556242,833.874460556242,833.874460556242,833.874460556242,833.874460556242,833.874460556242,833.874460556242,833.874460556242,833.874460556242,833.874460556242,833.874460556242,833.874460556242,833.874460556242,833.874460556242,833.874460556242,833.874460556242,833.874460556242,833.874460556242,833.874460556242,833.874460556242,833.874460556242,833.874460556242,833.874460556242,833.874460556242,833.874460556242,833.874460556242,833.874460556242,833.874460556242,833.874460556242,833.874460556242,833.874460556242,833.874460556242,833.874460556242,833.874460556242,833.874460556242,833.874460556242,833.874460556242,833.874460556242,833.874460556242,833.874460556242,833.874460556242,833.874460556242,833.874460556242,833.874460556242,833.874460556242,833.874460556242,833.874460556242,833.874460556242,833.874460556242,833.874460556242,833.874460556242,833.874460556242,833.874460556242,833.874460556242,833.874460556242,833.874460556242,833.874460556242,833.874460556242,833.874460556242,833.874460556242,833.874460556242,833.874460556242,833.874460556242,833.874460556242,833.874460556242,833.874460556242,833.874460556242,833.874460556242,833.874460556242,833.874460556242,833.874460556242,833.874460556242,833.874460556242,833.874460556242,833.874460556242,833.874460556242,833.874460556242,833.874460556242,833.874460556242,833.874460556242,833.874460556242,833.874460556242,833.874460556242,833.874460556242,833.874460556242,833.874460556242,833.874460556242,833.874460556242,833.874460556242,833.874460556242,833.874460556242,833.874460556242,833.874460556242,833.874460556242,833.874460556242,833.874460556242,833.874460556242,833.874460556242,833.874460556242,833.874460556242,833.874460556242,833.874460556242,833.874460556242,833.874460556242,833.874460556242,833.874460556242,833.874460556242,833.874460556242,833.874460556242,833.874460556242,833.874460556242,833.874460556242,833.874460556242,833.874460556242,833.874460556242,833.874460556242,833.874460556242,833.874460556242,833.874460556242,833.874460556242,833.874460556242,833.874460556242,833.874460556242,833.874460556242,833.874460556242,833.874460556242,833.874460556242,833.874460556242,833.874460556242,833.874460556242,833.874460556242,833.874460556242,833.874460556242,833.874460556242,833.874460556242,833.874460556242,833.874460556242,833.874460556242,833.874460556242,