{"Optimal":799,"benchmark":"A-n36-k5","front":[{"trucks":[[11,8,27,21,6],[29,15,35,24,3,36,9,16],[17,12,25,28,26],[10,7,4,5,20,32,13],[22,19,34,30,31,18,14,33,23,2]],"distance":810.0708134237013,"fuel":1141.954340121607},{"trucks":[[11,8,27,21,6],[29,15,35,24,3,36,9,16],[17,12,25,28,26],[10,13,32,20,5,4,7],[22,19,34,30,31,18,14,33,23,2]],"distance":814.1074119918469,"fuel":1126.565178274031},{"trucks":[[11,8,27,21,6],[29,15,35,24,3,36,9,16],[17,12,26,28,25],[10,13,32,20,5,4,7],[22,19,34,30,31,18,14,33,23,2]],"distance":818.216219922736,"fuel":1126.2549610153462}]}