{"Optimal":1162,"front":[{"trucks":[[46,40,39,97,98,99,101,100,37,36,102,105,104,57,58,106,56,55,54,103,52,53,51,63,62,61,60,32,59,94,95,45,44,41,42,43,4,3,5,6,7,9,10,11,13,12,8,15,89,16,14,17,90,91,93,30],[130,129,128,122,121,110,108,109,107],[133,82,114,111,112,126,113,127,125,123,124],[48,76,2,35,50,49,33,135,77,78,65,79,64,80,68,134,34,81,69,70,71],[29,31,28,27,26,22,92,23,25,24,38,88,87,86,85,84],[21,83,66,131,120,118,132,117,116,115,20,19,18,67],[96,73,74,75,72,47,119]],"distance":1371.9195845735828,"fuel":1912.2058766959499}],"benchmark":"F-n135-k7"}