{"front":[{"fuel":1952.0624855566566,"trucks":[[21,83,84,86,85,87,88,90,91,17,14,16,15,89,13,12,11,10,9,8,7,6,5,3,43,42,4,41,45,44,40,39,97,98,99,101],[92,23,25,24,60,102,105,104,57,58,106,56,55,54,103,100,37,36,38,96,46,95,94,30,93,29,28,27,26,22],[49,50,63,53,52,51,62,59,31,32,61,2,76,33,135,77,78,65,64,80,35,79],[117,132,118,116,115,107,108,109,110,128],[18,19,72,67,34,81,69,70,71,111,123,124,125,127,126],[48,75,74,73,68,134,82,133,113,112,129,130],[47,119,20,66,131,120,114,122,121]],"distance":1419.585186388316}],"Optimal":1162,"benchmark":"F-n135-k7"}