{"benchmark":"P-n40-k5","front":[{"trucks":[[13,38,16,34,40,11,31,10],[19,15,26,14,20,5,18],[28,9,32,29,4,37,36,21,23],[12,3,30,22,35,17,39,6],[7,25,24,8,27,2,33]],"distance":485.9784811356095,"fuel":667.2109282885538}],"Optimal":458}