{"front":[{"distance":751.0179134942942,"fuel":1069.5955995815684,"trucks":[[6,21,16,10,3,4,9,5],[23,27,25,24,32],[33,26,17,31,28,29],[11,22,13],[15,14,2,19,7],[18,12,30,20,8]]},{"distance":751.286381571282,"fuel":1066.5146233619143,"trucks":[[6,21,16,3,10,4,9,5],[23,27,25,24,32],[33,26,17,31,28,29],[22,13,11],[15,14,2,19,7],[18,12,30,20,8]]},{"distance":756.3864507234241,"fuel":1057.7748552746311,"trucks":[[15,18,12,30],[33,26,17,31,28,29],[9,5,27,23,25,24,32],[20,21,10,16,3,4,6],[22,13,11],[2,8,7,19,14]]},{"distance":763.9634523593147,"fuel":1052.6685234320391,"trucks":[[15,18,12,30],[29,33,26,17,31,28],[9,5,27,23,25,24,32],[20,21,10,16,3,4,6],[22,13,11],[2,8,7,19,14]]}],"benchmark":"A-n33-k6","Optimal":742}