{"Optimal":742,"benchmark":"A-n33-k6","front":[{"trucks":[[22,13,11],[9,5,27,23,25,24,32],[20,21,3,16,10,4,6],[33,26,17,31,28,29],[2,7,19,8,14],[15,18,30,12]],"distance":753.8597973171663,"fuel":1059.9982946968871},{"trucks":[[22,13,11],[9,5,27,23,25,24,32],[20,21,3,16,10,4,6],[33,26,17,31,28,29],[2,7,19,8,14],[15,18,12,30]],"distance":755.5424410386073,"fuel":1051.798274021368},{"trucks":[[22,13],[33,11,18,12,30],[5,9,4,3,16,10,21,6],[7,14,23,27,25,24,32],[29,26,17,31,28],[15,2,8,20,19]],"distance":761.6051189034735,"fuel":1044.9527277813124},{"trucks":[[22,13],[33,11,18,12,30,7],[5,9,4,3,16,10,21,6],[14,23,27,25,24,32],[29,26,17,31,28],[15,2,8,20,19]],"distance":762.9581654003287,"fuel":1041.1147167039037}]}