{"optimalDistance":1073,"fuelSequence":[1691.0452565733367,1691.0452565733367,1691.0452565733367,1691.0452565733367,1691.0452565733367,1691.0452565733367,1691.0452565733367,1691.0452565733367,1691.0452565733367,1691.0452565733367,1691.0452565733367,1691.0452565733367,1691.0452565733367,1691.0452565733367,1691.0452565733367,1691.0452565733367,1691.0452565733367,1691.0452565733367,1691.0452565733367,1691.0452565733367,1691.0452565733367,1691.0452565733367,1691.0452565733367,1691.0452565733367,1691.0452565733367,1691.0452565733367,1691.0452565733367,1691.0452565733367,1691.0452565733367,1691.0452565733367,1691.0452565733367,1691.0452565733367,1691.0452565733367,1691.0452565733367,1691.0452565733367,1691.0452565733367,1691.0452565733367,1691.0452565733367,1691.0452565733367,1691.0452565733367,1691.0452565733367,1691.0452565733367,1691.0452565733367,1691.0452565733367,1691.0452565733367,1691.0452565733367,1691.0452565733367,1691.0452565733367,1691.0452565733367,1691.0452565733367,1691.0452565733367,1691.0452565733367,1691.0452565733367,1691.0452565733367,1691.0452565733367,1691.0452565733367,1691.0452565733367,1691.0452565733367,1691.0452565733367,1691.0452565733367,1691.0452565733367,1691.0452565733367,1691.0452565733367,1691.0452565733367,1691.0452565733367,1691.0452565733367,1691.0452565733367,1691.0452565733367,1691.0452565733367,1691.0452565733367,1691.0452565733367,1691.0452565733367,1691.0452565733367,1691.0452565733367,1691.0452565733367,1691.0452565733367,1691.0452565733367,1691.0452565733367,1691.0452565733367,1691.0452565733367,1691.0452565733367,1691.0452565733367,1691.0452565733367,1691.0452565733367,1691.0452565733367,1691.0452565733367,1691.0452565733367,1691.0452565733367,1691.0452565733367,1691.0452565733367,1691.0452565733367,1691.0452565733367,1691.0452565733367,1691.0452565733367,1691.0452565733367,1691.0452565733367,1691.0452565733367,1691.0452565733367,1691.0452565733367,1691.0452565733367,1691.0452565733367,1691.0452565733367,1691.0452565733367,1691.0452565733367,1691.0452565733367,1691.0452565733367,1691.0452565733367,1691.0452565733367,1691.0452565733367,1691.0452565733367,1691.0452565733367,1691.0452565733367,1691.0452565733367,1691.0452565733367,1691.0452565733367,1691.0452565733367,1691.0452565733367,1691.0452565733367,1691.0452565733367,1691.0452565733367,1691.0452565733367,1691.0452565733367,1691.0452565733367,1691.0452565733367,1691.0452565733367,1691.0452565733367,1691.0452565733367,1691.0452565733367,1691.0452565733367,1691.0452565733367,1691.0452565733367,1691.0452565733367,1691.0452565733367,1691.0452565733367,1691.0452565733367,1691.0452565733367,1691.0452565733367,1691.0452565733367,1691.0452565733367,1691.0452565733367,1691.0452565733367,1691.0452565733367,1691.0452565733367,1691.0452565733367,1691.0452565733367,1691.0452565733367,1691.0452565733367,1691.0452565733367,1691.0452565733367,1691.0452565733367,1691.0452565733367,1691.0452565733367,1691.0452565733367,1691.0452565733367,1691.0452565733367,1691.0452565733367,1691.0452565733367,1691.0452565733367,1691.0452565733367,1691.0452565733367,1691.0452565733367,1691.0452565733367,1691.0452565733367,1691.0452565733367,1691.0452565733367,1691.0452565733367,1691.0452565733367,1691.0452565733367,1691.0452565733367,1691.0452565733367,1691.0452565733367,1691.0452565733367,1691.0452565733367,1691.0452565733367,1691.0452565733367,1691.0452565733367,1691.0452565733367,1691.0452565733367,1691.0452565733367,1691.0452565733367,1691.0452565733367,1691.0452565733367,1691.0452565733367,1691.0452565733367,1691.0452565733367,1691.0452565733367,1691.0452565733367,1691.0452565733367,1691.0452565733367,1691.0452565733367,1691.0452565733367,1691.0452565733367,1691.0452565733367,1691.0452565733367,1691.0452565733367,1691.0452565733367,1691.0452565733367,1691.0452565733367,1691.0452565733367,1691.0452565733367,1691.0452565733367,1691.0452565733367,1691.0452565733367,1691.0452565733367,1691.0452565733367,1691.0452565733367,1691.0452565733367,1691.0452565733367,1691.0452565733367,1691.0452565733367,1691.0452565733367,1691.0452565733367,1691.0452565733367,1691.0452565733367,1691.0452565733367,1691.0452565733367,1691.0452565733367,1691.0452565733367,1691.0452565733367,1691.0452565733367,1691.0452565733367,1691.0452565733367,1691.0452565733367,1691.0452565733367,1691.0452565733367,1691.0452565733367,1691.0452565733367,1691.0452565733367,1691.0452565733367,1691.0452565733367,1691.0452565733367,1691.0452565733367,1691.0452565733367,1691.0452565733367,1691.0452565733367,1691.0452565733367,1691.0452565733367,1691.0452565733367,1691.0452565733367,1691.0452565733367,1691.0452565733367,1691.0452565733367,1691.0452565733367,1691.0452565733367,1691.0452565733367,1691.0452565733367,1691.0452565733367,1691.0452565733367,1691.0452565733367,1691.0452565733367,1691.0452565733367,1691.0452565733367,1690.575205501581,1690.575205501581,1690.575205501581,1690.575205501581,1690.575205501581,1690.575205501581,1690.575205501581,1690.575205501581,1690.575205501581,1690.575205501581,1690.575205501581,1690.575205501581,1690.575205501581,1690.575205501581,1690.575205501581,1690.575205501581,1690.575205501581,1690.575205501581,1690.575205501581,1690.575205501581,1690.575205501581,1690.575205501581,1690.575205501581,1690.575205501581,1690.575205501581,1690.575205501581,1690.575205501581,1690.575205501581,1690.575205501581,1690.575205501581,1690.575205501581,1690.575205501581,1690.575205501581,1690.575205501581,1690.575205501581,1690.575205501581,1690.575205501581,1690.575205501581,1690.575205501581,1690.575205501581,1690.575205501581,1690.575205501581,1690.575205501581,1690.575205501581,1690.575205501581,1690.575205501581,1690.575205501581,1690.575205501581,1690.575205501581,1690.575205501581,1690.575205501581,1690.575205501581,1690.575205501581,1690.575205501581,1690.575205501581,1690.575205501581,1690.575205501581,1690.575205501581,1690.575205501581,1690.575205501581,1690.575205501581,1690.575205501581,1690.575205501581,1690.575205501581,1690.575205501581,1690.575205501581,1690.575205501581,1690.575205501581,1690.575205501581,1690.575205501581,1690.575205501581,1690.575205501581,1690.575205501581,1690.575205501581,1690.575205501581,1690.575205501581,1690.575205501581,1690.575205501581,1690.575205501581,1690.575205501581,1690.575205501581,1690.575205501581,1690.575205501581,1690.575205501581,1690.575205501581,1690.575205501581,1690.575205501581,1690.575205501581,1690.575205501581,1690.575205501581,1690.575205501581,1690.575205501581,1690.575205501581,1690.575205501581,1690.575205501581,1690.575205501581,1690.575205501581,1690.575205501581,1690.575205501581,1690.575205501581,1690.575205501581,1690.575205501581,1690.575205501581,1690.575205501581,1690.575205501581,1690.575205501581,1690.575205501581,1690.575205501581,1690.575205501581,1690.575205501581,1690.575205501581,1690.575205501581,1690.575205501581,1690.575205501581,1690.575205501581,1690.575205501581,1690.575205501581,1690.575205501581,1690.575205501581,1690.575205501581,1690.575205501581,1690.575205501581,1690.575205501581,1690.575205501581,1690.575205501581,1690.575205501581,1690.575205501581,1690.575205501581,1690.575205501581,1690.575205501581,1690.575205501581,1690.575205501581,1690.575205501581,1690.575205501581,1690.575205501581,1690.575205501581,1690.575205501581,1690.575205501581,1690.575205501581,1690.575205501581,1690.575205501581,1690.575205501581,1690.575205501581,1690.575205501581,1690.575205501581,1690.575205501581,1690.575205501581,1690.575205501581,1690.575205501581,1690.575205501581,1690.575205501581,1690.575205501581,1690.575205501581,1690.575205501581,1690.575205501581,1690.575205501581,1680.9782082627594,1680.9782082627594,1680.9782082627594,1680.9782082627594,1680.9782082627594,1680.9782082627594,1680.9782082627594,1680.9782082627594,1680.9782082627594,1680.9782082627594,1680.9782082627594,1680.9782082627594,1680.9782082627594,1680.9782082627594,1680.9782082627594,1680.9782082627594,1680.9782082627594,1680.9782082627594,1680.9782082627594,