{"Optimal":1073,"front":[{"distance":1154.7185945418823,"trucks":[[28,16,9,40,27,21],[30,22,31,47,14,25,5,12,43,10],[3,11,34,29,35,46,41,33],[37,8,38,4,26,20,39,23],[15,18,42,48,17],[36,6,2,7,44,32],[45,19,24,13]],"fuel":1646.4324515671742}],"benchmark":"A-n48-k7"}