{"benchmark":"A-n32-k5","Optimal":784,"front":[{"fuel":1112.7530850761664,"trucks":[[21,6,26,11,30,16,23,10,9,19],[8,14,22,32,20,18],[7,4,3,24,29,5,12,15],[25,28],[31,13,2,17,27]],"distance":799.0516915508571},{"trucks":[[31,13,2,17,27],[21,6,26,11,16,23,10,9,19,30],[8,14,22,32,20,18],[7,4,3,24,29,5,12,15],[25,28]],"distance":799.172203381741,"fuel":1103.2488933542654}]}