{"front":[{"trucks":[[8,14,22,32,20,18],[7,4,3,24,29,5,12],[21,6,26,11,30,16,23,10,9,19],[31,13,2,17,27],[28,25,15]],"distance":803.8168009636884,"fuel":1113.1659573778427}],"benchmark":"A-n32-k5","Optimal":784}