{"front":[{"distance":806.2762870855599,"trucks":[[31,17,2,13],[8,14,22,32,20,18],[21,6,26,11,16,23,10,9,19,27],[7,3,4,24,29,5,12,30],[28,25,15]],"fuel":1107.3893951286136},{"distance":809.1059664143697,"trucks":[[28,25,15],[8,14,22,32,20,18],[21,6,26,11,16,23,10,9,30],[7,3,4,24,29,5,12,19],[31,17,13,2,27]],"fuel":1106.567723313544}],"benchmark":"A-n32-k5","Optimal":784}