{"optimalDistance":458,"distanceSequence":[508.71336885089875,508.71336885089875,508.71336885089875,508.71336885089875,508.71336885089875,508.71336885089875,508.71336885089875,506.9613616450955,506.9613616450955,506.9613616450955,506.9613616450955,506.0599634236852,506.0599634236852,504.9534324490262,504.9534324490262,504.9534324490262,504.9534324490262,504.9534324490262,504.9534324490262,504.9534324490262,504.9534324490262,504.9534324490262,504.9534324490262,504.9534324490262,504.9534324490262,502.3301852093622,502.3301852093622,499.31275486395316,498.4494265700697,498.4494265700697,498.4494265700697,498.4494265700697,496.6895076242891,496.6895076242891,496.6895076242891,496.6895076242891,496.6895076242891,496.6895076242891,492.80874898499656,492.80874898499656,492.80874898499656,492.80874898499656,492.80874898499656,492.80874898499656,492.80874898499656,492.80874898499656,492.80874898499656,492.80874898499656,492.80874898499656,492.80874898499656,492.80874898499656,492.80874898499656,492.80874898499656,491.18959199784564,491.18959199784564,491.18959199784564,491.18959199784564,491.18959199784564,491.18959199784564,491.18959199784564,491.18959199784564,491.18959199784564,491.18959199784564,491.18959199784564,491.18959199784564,491.18959199784564,491.18959199784564,491.18959199784564,491.18959199784564,491.18959199784564,491.18959199784564,490.21288417993577,490.21288417993577,490.21288417993577,490.21288417993577,488.2647106342574,488.2647106342574,488.2647106342574,488.2647106342574,488.2647106342574,487.49469792041697,487.49469792041697,487.49469792041697,487.49469792041697,487.49469792041697,487.49469792041697,487.49469792041697,487.28800281634756,487.28800281634756,487.28800281634756,487.28800281634756,487.28800281634756,487.28800281634756,487.28800281634756,487.28800281634756,487.28800281634756,487.28800281634756,487.28800281634756,487.28800281634756,487.28800281634756,487.28800281634756,487.28800281634756,487.28800281634756,487.28800281634756,487.28800281634756,487.28800281634756,487.28800281634756,487.28800281634756,487.28800281634756,487.28800281634756,487.28800281634756,487.28800281634756,487.28800281634756,487.28800281634756,487.28800281634756,487.28800281634756,487.28800281634756,487.28800281634756,487.28800281634756,487.28800281634756,487.28800281634756,487.28800281634756,487.28800281634756,487.28800281634756,487.28800281634756,487.28800281634756,487.28800281634756,487.28800281634756,487.28800281634756,487.28800281634756,487.28800281634756,487.28800281634756,487.28800281634756,487.28800281634756,487.28800281634756,487.28800281634756,487.28800281634756,487.28800281634756,487.28800281634756,487.28800281634756,487.28800281634756,487.28800281634756,487.28800281634756,487.28800281634756,487.28800281634756,487.28800281634756,487.28800281634756,487.28800281634756,487.28800281634756,487.28800281634756,487.28800281634756,487.28800281634756,487.28800281634756,487.28800281634756,487.28800281634756,487.28800281634756,487.28800281634756,487.28800281634756,487.28800281634756,487.28800281634756,487.28800281634756,487.28800281634756,487.28800281634756,487.28800281634756,487.28800281634756,487.28800281634756,487.28800281634756,487.28800281634756,484.0122950029223,484.0122950029223,484.0122950029223,484.0122950029223,484.0122950029223,484.0122950029223,484.0122950029223,484.0122950029223,484.0122950029223,484.0122950029223,484.0122950029223,484.0122950029223,484.0122950029223,484.0122950029223,484.0122950029223,484.0122950029223,484.0122950029223,484.0122950029223,484.0122950029223,484.0122950029223,484.0122950029223,484.0122950029223,484.0122950029223,484.0122950029223,484.0122950029223,484.0122950029223,484.0122950029223,484.0122950029223,484.0122950029223,484.0122950029223,484.0122950029223,484.0122950029223,484.0122950029223,484.0122950029223,484.0122950029223,484.0122950029223,484.0122950029223,484.0122950029223,484.0122950029223,484.0122950029223,484.0122950029223,484.0122950029223,484.0122950029223,484.0122950029223,484.0122950029223,484.0122950029223,484.0122950029223,484.0122950029223,484.0122950029223,484.0122950029223,484.0122950029223,484.0122950029223,484.0122950029223,484.0122950029223,484.0122950029223,484.0122950029223,484.0122950029223,484.0122950029223,484.0122950029223,484.0122950029223,484.0122950029223,484.0122950029223,484.0122950029223,484.0122950029223,484.0122950029223,484.0122950029223,483.5931087389189,483.5931087389189,483.5931087389189,483.5931087389189,483.5931087389189,483.5931087389189,483.5931087389189,483.5931087389189,483.5931087389189,483.5931087389189,483.5931087389189,483.5931087389189,483.5931087389189,483.5931087389189,483.5931087389189,483.5931087389189,483.5931087389189,483.5931087389189,483.5931087389189,483.5931087389189,483.5931087389189,483.5931087389189,483.5931087389189,483.5931087389189,483.5931087389189,483.5931087389189,483.5931087389189,483.5931087389189,483.5931087389189,483.5931087389189,483.5931087389189,483.5931087389189,483.5931087389189,483.5931087389189,483.5931087389189,483.5931087389189,483.5931087389189,483.5931087389189,483.5931087389189,483.5931087389189,483.5931087389189,483.5931087389189,483.5931087389189,483.5931087389189,483.5931087389189,483.5931087389189,483.5931087389189,483.5931087389189,483.5931087389189,483.5931087389189,483.5931087389189,483.5931087389189,483.5931087389189,483.5931087389189,483.5931087389189,483.5931087389189,483.5931087389189,483.5931087389189,483.5931087389189,483.5931087389189,483.5931087389189,483.5931087389189,483.5931087389189,483.5931087389189,483.5931087389189,483.5931087389189,483.5931087389189,483.5931087389189,483.5931087389189,483.5931087389189,483.5931087389189,483.5931087389189,483.5931087389189,483.5931087389189,483.5931087389189,483.5931087389189,483.5931087389189,483.5931087389189,483.5931087389189,483.5931087389189,483.5931087389189,483.5931087389189,483.5931087389189,483.5931087389189,483.5931087389189,483.5931087389189,483.5931087389189,483.5931087389189,483.5931087389189,483.5931087389189,483.5931087389189,483.5931087389189,483.5931087389189,483.5931087389189,483.5931087389189,483.5931087389189,483.5931087389189,483.5931087389189,483.5931087389189,478.01987971232796,478.01987971232796,478.01987971232796,478.01987971232796,478.01987971232796,478.01987971232796,478.01987971232796,478.01987971232796,478.01987971232796,478.01987971232796,478.01987971232796,478.01987971232796,478.01987971232796,478.01987971232796,478.01987971232796,475.4256532843541,475.4256532843541,475.4256532843541,475.4256532843541,475.4256532843541,475.4256532843541,475.4256532843541,475.4256532843541,475.4256532843541,475.4256532843541,475.4256532843541,475.4256532843541,475.4256532843541,475.4256532843541,475.4256532843541,475.4256532843541,475.4256532843541,475.4256532843541,475.4256532843541,475.4256532843541,475.4256532843541,475.4256532843541,475.4256532843541,475.4256532843541,475.4256532843541,475.4256532843541,475.4256532843541,475.4256532843541,475.4256532843541,475.4256532843541,475.4256532843541,475.4256532843541,475.4256532843541,475.4256532843541,475.4256532843541,475.4256532843541,475.4256532843541,475.4256532843541,475.4256532843541,475.4256532843541,475.4256532843541,475.4256532843541,475.4256532843541,475.4256532843541,475.4256532843541,475.4256532843541,475.4256532843541,475.4256532843541,475.4256532843541,475.4256532843541,475.4256532843541,475.4256532843541,475.4256532843541,475.4256532843541,475.4256532843541,475.4256532843541,475.4256532843541,475.4256532843541,475.4256532843541,475.4256532843541,475.4256532843541,475.4256532843541,475.4256532843541,475.4256532843541,475.4256532843541,475.4256532843541,475.4256532843541,475.4256532843541,475.4256532843541,475.4256532843541,475.4256532843541,475.4256532843541,475.4256532843541,475.4256532843541,475.4256532843541,475.4256532843541,475.4256532843541,475.4256532843541,475.4256532843541,475.4256532843541,475.4256532843541,475.4256532843541,475.4256532843541,475.4256532843541,475.4256532843541,