{"optimalDistance":458,"benchmark":"P-n40-k5","fuelSequence":[715.8117359373891,715.8117359373891,715.8117359373891,715.8117359373891,715.8117359373891,715.8117359373891,697.3934952232735,697.3934952232735,697.3934952232735,697.3934952232735,697.3934952232735,697.3934952232735,697.3934952232735,697.3934952232735,697.3934952232735,697.3934952232735,697.3934952232735,697.3934952232735,697.3934952232735,697.3934952232735,689.8351943129924,689.8351943129924,689.8351943129924,689.8351943129924,689.8351943129924,689.8351943129924,689.8351943129924,689.8351943129924,689.8351943129924,689.8351943129924,689.8351943129924,689.8351943129924,689.8351943129924,689.8351943129924,689.8351943129924,689.8351943129924,689.8351943129924,689.8351943129924,689.8351943129924,689.8351943129924,689.8351943129924,689.8351943129924,689.8351943129924,689.8351943129924,681.6192686717625,681.6192686717625,681.6192686717625,681.6192686717625,681.6192686717625,681.6192686717625,681.6192686717625,681.6192686717625,681.6192686717625,681.6192686717625,681.6192686717625,681.6192686717625,681.6192686717625,681.6192686717625,681.6192686717625,681.6192686717625,681.6192686717625,681.6192686717625,681.6192686717625,681.6192686717625,681.6192686717625,681.6192686717625,681.6192686717625,681.6192686717625,681.6192686717625,681.6192686717625,681.6192686717625,681.6192686717625,681.6192686717625,681.6192686717625,681.6192686717625,681.6192686717625,681.6192686717625,681.6192686717625,681.6192686717625,681.6192686717625,681.6192686717625,681.6192686717625,681.6192686717625,681.6192686717625,681.6192686717625,681.6192686717625,681.6192686717625,681.6192686717625,681.6192686717625,681.6192686717625,681.6192686717625,681.6192686717625,681.6192686717625,681.6192686717625,681.6192686717625,681.6192686717625,681.6192686717625,681.6192686717625,681.6192686717625,681.6192686717625,681.6192686717625,681.6192686717625,681.6192686717625,681.6192686717625,681.6192686717625,681.6192686717625,681.6192686717625,681.6192686717625,681.6192686717625,681.6192686717625,681.6192686717625,681.6192686717625,681.6192686717625,681.6192686717625,681.6192686717625,681.6192686717625,681.6192686717625,681.6192686717625,681.6192686717625,681.6192686717625,681.6192686717625,681.6192686717625,681.6192686717625,681.6192686717625,681.6192686717625,681.6192686717625,681.6192686717625,681.6192686717625,681.6192686717625,681.6192686717625,681.6192686717625,681.6192686717625,681.6192686717625,681.6192686717625,681.6192686717625,681.6192686717625,681.6192686717625,681.6192686717625,681.6192686717625,681.6192686717625,681.6192686717625,681.6192686717625,681.6192686717625,681.6192686717625,681.6192686717625,681.6192686717625,681.6192686717625,681.6192686717625,681.6192686717625,681.6192686717625,681.6192686717625,681.6192686717625,681.6192686717625,681.6192686717625,681.6192686717625,681.6192686717625,681.6192686717625,681.6192686717625,681.6192686717625,681.6192686717625,681.6192686717625,681.6192686717625,681.6192686717625,680.2521761393748,680.2521761393748,680.2521761393748,680.2521761393748,680.2521761393748,680.2521761393748,680.2521761393748,680.2521761393748,680.2521761393748,680.2521761393748,680.2521761393748,680.2521761393748,680.2521761393748,680.2521761393748,680.2521761393748,680.2521761393748,680.2521761393748,680.2521761393748,680.2521761393748,680.2521761393748,680.2521761393748,680.2521761393748,680.2521761393748,680.2521761393748,680.2521761393748,680.2521761393748,680.2521761393748,680.2521761393748,680.2521761393748,680.2521761393748,680.2521761393748,680.2521761393748,680.2521761393748,680.2521761393748,680.2521761393748,680.2521761393748,680.2521761393748,680.2521761393748,680.2521761393748,680.2521761393748,680.2521761393748,680.2521761393748,680.2521761393748,680.2521761393748,680.2521761393748,680.2521761393748,680.2521761393748,680.2521761393748,680.2521761393748,680.2521761393748,680.2521761393748,680.2521761393748,680.2521761393748,680.2521761393748,680.2521761393748,680.2521761393748,680.2521761393748,680.2521761393748,680.2521761393748,680.2521761393748,680.2521761393748,680.2521761393748,680.2521761393748,680.2521761393748,680.2521761393748,680.2521761393748,680.2521761393748,680.2521761393748,680.2521761393748,680.2521761393748,680.2521761393748,680.2521761393748,680.2521761393748,680.2521761393748,680.2521761393748,680.2521761393748,680.2521761393748,680.2521761393748,680.2521761393748,680.2521761393748,680.2521761393748,680.2521761393748,680.2521761393748,680.2521761393748,680.2521761393748,680.2521761393748,680.2521761393748,680.2521761393748,680.2521761393748,680.2521761393748,680.2521761393748,680.2521761393748,680.2521761393748,680.2521761393748,680.2521761393748,680.2521761393748,680.2521761393748,680.2521761393748,680.2521761393748,680.2521761393748,680.2521761393748,680.2521761393748,680.2521761393748,680.2521761393748,680.2521761393748,680.2521761393748,680.2521761393748,680.2521761393748,680.2521761393748,680.2521761393748,680.2521761393748,680.2521761393748,680.2521761393748,680.2521761393748,680.2521761393748,680.2521761393748,680.2521761393748,680.2521761393748,680.2521761393748,680.2521761393748,680.2521761393748,680.2521761393748,680.2521761393748,680.2521761393748,680.2521761393748,680.2521761393748,680.2521761393748,680.2521761393748,680.2521761393748,680.2521761393748,680.2521761393748,680.2521761393748,680.2521761393748,680.2521761393748,680.2521761393748,680.2521761393748,680.2521761393748,680.2521761393748,680.2521761393748,680.2521761393748,680.2521761393748,680.2521761393748,680.2521761393748,680.2521761393748,680.2521761393748,680.2521761393748,680.2521761393748,680.2521761393748,680.2521761393748,680.2521761393748,680.2521761393748,680.2521761393748,680.2521761393748,680.2521761393748,680.2521761393748,680.2521761393748,680.2521761393748,680.2521761393748,680.2521761393748,680.2521761393748,680.2521761393748,680.2521761393748,680.2521761393748,680.2521761393748,680.2521761393748,680.2521761393748,680.2521761393748,680.2521761393748,680.2521761393748,680.2521761393748,680.2521761393748,680.2521761393748,680.2521761393748,680.2521761393748,680.2521761393748,680.2521761393748,680.2521761393748,680.2521761393748,680.2521761393748,680.2521761393748,680.2521761393748,680.2521761393748,680.2521761393748,680.2521761393748,680.2521761393748,680.2521761393748,680.2521761393748,680.2521761393748,680.2521761393748,680.2521761393748,680.2521761393748,680.2521761393748,680.2521761393748,680.2521761393748,680.2521761393748,680.2521761393748,680.2521761393748,680.2521761393748,680.2521761393748,680.2521761393748,680.2521761393748,680.2521761393748,680.2521761393748,680.2521761393748,680.2521761393748,680.2521761393748,680.2521761393748,680.2521761393748,680.2521761393748,680.2521761393748,680.2521761393748,680.2521761393748,680.2521761393748,680.2521761393748,680.2521761393748,680.2521761393748,680.2521761393748,680.2521761393748,680.2521761393748,680.2521761393748,680.2521761393748,680.2521761393748,680.2521761393748,680.2521761393748,680.2521761393748,680.2521761393748,680.2521761393748,680.2521761393748,680.2521761393748,680.2521761393748,680.2521761393748,680.2521761393748,680.2521761393748,680.2521761393748,680.2521761393748,680.2521761393748,680.2521761393748,680.2521761393748,680.2521761393748,680.2521761393748,680.2521761393748,680.2521761393748,680.2521761393748,680.2521761393748,680.2521761393748,680.2521761393748,680.2521761393748,680.2521761393748,680.2521761393748,680.2521761393748,680.2521761393748,680.2521761393748,680.2521761393748,680.2521761393748,680.2521761393748,680.2521761393748,680.2521761393748,680.2521761393748,680.2521761393748,680.2521761393748,680.2521761393748,680.2521761393748,680.2521761393748,680.2521761393748,680.2521761393748,680.2521761393748,680.2521761393748,680.2521761393748,680.2521761393748,680.2521761393748,680.2521761393748,680.2521761393748,680.2521761393748,680.2521761393748,680.2521761393748,680.2521761393748,680.2521761393748,680.2521761393748,