{"Optimal":458,"front":[{"fuel":669.3745720463858,"distance":469.4129869579074,"trucks":[[3,17,22,30,21,36,37,4,23],[19,5,20,14,26,15],[28,2,29,32,9,27,8,24,25,7],[39,10,35,31,11,40,34,16,38,18],[13,6,12,33]]},{"fuel":661.1586464051559,"trucks":[[3,17,22,30,21,36,37,4,23],[19,15,26,14,20,5],[28,2,29,32,9,27,8,24,25,7],[39,10,35,31,11,40,34,16,38,18],[13,6,12,33]],"distance":471.1867242508409},{"trucks":[[3,17,22,30,21,36,37,4,23],[19,15,26,14,20,5],[28,7,25,24,8,27,9,32,29,2],[39,10,35,31,11,40,34,16,38,18],[13,6,12,33]],"distance":474.67054137913817,"fuel":660.8957953426219}],"benchmark":"P-n40-k5"}