{"benchmark":"P-n40-k5","Optimal":458,"front":[{"distance":477.9112831501466,"trucks":[[10,31,35,22,30,21,36,37,4],[7,25,24,8,27,9,32,29,23,2],[19,5,20,14,26,15],[13,18,38,16,34,40,11,39,6],[28,33,3,17,12]],"fuel":679.5235751517837},{"trucks":[[10,31,35,22,30,21,36,37,4],[7,25,24,8,27,9,32,29,23,2],[19,15,26,14,20,5],[13,18,38,16,34,40,11,39,6],[28,33,3,17,12]],"distance":479.68502044308,"fuel":671.3076495105536},{"distance":481.9254910135269,"fuel":660.361842421625,"trucks":[[12,17,22,35,31,10],[7,25,24,8,27,9,32,29,23,2],[19,15,26,14,20,5],[13,6,39,11,40,34,16,38,18],[33,3,30,21,36,37,4,28]]},{"distance":485.52640243949077,"trucks":[[12,17,22,35,31,10],[7,25,24,8,27,9,32,29,23,2],[19,15,26,14,20,5],[13,6,39,11,40,34,16,38,18],[28,33,3,30,21,36,37,4]],"fuel":659.9921239100166}]}