{"benchmark":"B-n63-k10","Optimal":1496,"front":[{"distance":1583.4599273411266,"trucks":[[19,51,2,28,37],[32,50,57,60,47,9,31],[43,62,22,3,63,35],[38,54,39,58,25,44,18,12,24],[26,36,27,7,55,13,59,15,42],[23,40,53,20,52,34],[49,33,14,56,6,61],[16,48,10,5,4],[29,30,45,17,41],[46,21,8,11]],"fuel":2240.142897506049},{"trucks":[[19,51,2,28,21],[32,50,57,60,47,9,31],[43,62,22,3,63,35],[38,54,39,58,25,44,18,12,24],[26,36,27,7,55,13,59,15,42],[23,40,53,20,34,52],[49,33,14,56,6,61],[16,48,10,5,4],[29,30,45,17,41],[46,37,8,11]],"distance":1585.7412478794183,"fuel":2238.916815249158},{"distance":1586.0974357144166,"fuel":2238.125131809764,"trucks":[[19,51,2,28,21],[32,50,57,60,47,9,31],[43,62,22,3,63,35],[38,54,39,58,25,44,18,12,24],[26,36,27,7,55,13,59,15,42],[23,40,53,20,52,34],[49,33,14,56,6,61],[16,48,10,5,4],[29,30,45,17,41],[46,37,8,11]]}]}