{"front":[{"trucks":[[13,11,17,2,24,10,8,21],[6,23,31,12,20,3,33,14],[35,28,25,5,29,15,16],[22,26,32,7,27,19,4,34],[30,18,9]],"fuel":1368.5551337550519,"distance":973.5111964631792},{"trucks":[[35,28,25,5,29,15,23],[13,11,17,2,24,10,8,21,18],[16,6,31,12,20,3,33,14],[22,26,32,7,27,19,4,34],[30,9]],"fuel":1368.2123702278589,"distance":975.2841377148383},{"trucks":[[13,11,17,2,24,10,8,21,18],[23,6,31,12,20,3,33,14],[35,28,25,5,29,15,16],[22,26,32,7,27,19,4,34],[30,9]],"fuel":1368.1085726038307,"distance":976.0563051595693}],"benchmark":"B-n35-k5","Optimal":955}