{"front":[{"distance":972.9826613855904,"trucks":[[22,26,32,34,4,27,19,7],[35,28,15,25,5,29,23],[16,31,6,12,20,3,33,14],[21,13,17,11,2,24,10,8,18],[30,9]],"fuel":1368.6256879213906},{"distance":974.1733614100017,"trucks":[[23,31,6,12,20,3,33,14],[22,26,32,7,19,27,4,34],[35,28,15,25,5,29,16],[18,13,17,11,2,24,10,8,21],[30,9]],"fuel":1368.2961176165056},{"distance":975.3483676937582,"trucks":[[22,26,32,7,19,27,4,34],[35,28,15,25,5,29,23],[16,31,6,12,20,3,33,14],[21,13,17,11,2,24,10,8,18],[30,9]],"fuel":1368.0826359933499}],"Optimal":955,"benchmark":"B-n35-k5"}