{"front":[{"trucks":[[22,26,32,7,19,27,34,4],[35,28,25,29,5,15,16],[6,23,31,12,20,3,33,14],[30,18,11,17,10,8,24,2],[13,21,9]],"distance":983.632907782533,"fuel":1380.9700313683863},{"trucks":[[18,30,11,17,8,10,24,2],[28,35,25,29,5,15,16],[23,31,6,20,12,3,33,14],[22,26,32,7,19,27,34,4],[13,21,9]],"distance":983.9410230848418,"fuel":1379.5209073110973}],"Optimal":955,"benchmark":"B-n35-k5"}