{"front":[{"trucks":[[21,6,15,18,10,14,9,19,20,4,11],[17,7,8,3,13,16,12,5,2]],"distance":225.91410600051012,"fuel":317.99377368682076}],"Optimal":211,"benchmark":"P-n21-k2"}