{"Optimal":211,"benchmark":"P-n21-k2","front":[{"distance":223.742894882718,"trucks":[[21,6,15,18,10,14,9,19,20,4,11],[7,8,3,13,16,12,5,2,17]],"fuel":318.45456777016125},{"trucks":[[21,6,15,18,10,14,9,19,20,4,11],[17,7,8,3,13,16,12,5,2]],"fuel":317.99377368682076,"distance":225.91410600051012}]}