{"front":[{"distance":226.58306969050824,"fuel":323.06614444049444,"trucks":[[2,11,5,12,16,13,4,20,19,9,14,10],[17,7,3,8,18,15,6,21]]}],"benchmark":"P-n21-k2","Optimal":211}