{"benchmark":"B-n45-k5","optimalDistance":751,"fuelSequence":[1174.2621743999107,1174.2621743999107,1174.2621743999107,1174.2621743999107,1174.2621743999107,1174.1054122539213,1174.0703929234041,1174.0703929234041,1174.0703929234041,1174.0703929234041,1174.0703929234041,1174.0703929234041,1174.0703929234041,1174.0703929234041,1174.0703929234041,1174.0703929234041,1174.0703929234041,1174.0703929234041,1174.0703929234041,1174.0703929234041,1174.0282164481264,1170.1294470541197,1170.1294470541197,1170.1294470541197,1170.1294470541197,1170.1294470541197,1170.1294470541197,1170.1294470541197,1170.1294470541197,1170.1294470541197,1170.1294470541197,1170.1294470541197,1170.1294470541197,1170.1294470541197,1170.1294470541197,1170.1294470541197,1170.1294470541197,1170.1294470541197,1169.9726849081303,1169.9726849081303,1169.9726849081303,1169.9726849081303,1169.9726849081303,1169.9726849081303,1169.9726849081303,1169.9726849081303,1169.9305084328523,1169.9305084328523,1168.6268718528952,1168.6268718528952,1168.6268718528952,1168.6268718528952,1168.6268718528952,1168.6268718528952,1168.6268718528952,1168.4701097069058,1168.4701097069058,1168.4701097069058,1168.4701097069058,1168.4701097069058,1168.4701097069058,1168.4701097069058,1160.4959679667393,1160.4959679667393,1160.4959679667393,1160.4959679667393,1160.4959679667393,1160.4959679667393,1160.4959679667393,1160.4959679667393,1160.4959679667393,1160.4959679667393,1160.2875049686425,1160.2875049686425,1160.2875049686425,1157.9563582551502,1157.9563582551502,1157.9563582551502,1157.9563582551502,1157.9563582551502,1157.9563582551502,1157.9563582551502,1157.9563582551502,1155.1032661446088,1155.1032661446088,1154.8466800716858,1154.8466800716858,1154.8466800716858,1154.8466800716858,1154.8466800716858,1154.8466800716858,1154.8466800716858,1154.8466800716858,1154.8466800716858,1154.8466800716858,1154.8466800716858,1154.8466800716858,1154.8466800716858,1154.8466800716858,1154.4848427447848,1154.4848427447848,1154.4848427447848,1154.4848427447848,1154.4848427447848,1154.4848427447848,1154.4848427447848,1154.4848427447848,1154.4848427447848,1154.4848427447848,1151.3721579738638,1151.3721579738638,1151.3721579738638,1151.3721579738638,1151.3721579738638,1151.3721579738638,1151.3721579738638,1151.3721579738638,1151.3721579738638,1151.3721579738638,1151.3721579738638,1151.3721579738638,1151.3721579738638,1151.3721579738638,1151.3721579738638,1151.3721579738638,1151.3721579738638,1151.3721579738638,1151.3721579738638,1151.3721579738638,1151.3721579738638,1151.3721579738638,1151.3721579738638,1151.3721579738638,1151.3721579738638,1151.3721579738638,1151.3721579738638,1151.3721579738638,1151.3721579738638,1151.3721579738638,1151.3721579738638,1151.3721579738638,1151.3721579738638,1151.3721579738638,1151.3721579738638,1151.3721579738638,1148.5707112072269,1148.5707112072269,1148.5707112072269,1148.5707112072269,1148.5707112072269,1148.5707112072269,1148.5707112072269,1148.5707112072269,1148.5707112072269,1148.5707112072269,1148.5707112072269,1148.5707112072269,1148.5707112072269,1148.5707112072269,1148.5707112072269,1148.5707112072269,1148.5707112072269,1148.5707112072269,1148.5707112072269,1148.5707112072269,1148.5707112072269,1148.5707112072269,1148.5707112072269,1148.5707112072269,1148.5707112072269,1148.5707112072269,1148.5707112072269,1148.5707112072269,1148.5707112072269,1148.5707112072269,1148.5707112072269,1148.5707112072269,1148.5707112072269,1148.5707112072269,1148.5707112072269,1148.5707112072269,1148.5707112072269,1148.5707112072269,1148.5707112072269,1148.5707112072269,1148.5707112072269,1148.5707112072269,1148.5707112072269,1148.5707112072269,1148.5707112072269,1148.5707112072269,1148.5707112072269,1148.5707112072269,1148.5707112072269,1148.5707112072269,1148.5707112072269,1148.5707112072269,1148.5707112072269,1148.282041117669,1148.282041117669,1148.282041117669,1148.282041117669,1148.282041117669,1148.282041117669,1148.282041117669,1148.282041117669,1148.282041117669,1148.282041117669,1148.282041117669,1148.282041117669,1148.282041117669,1148.282041117669,1148.282041117669,1148.282041117669,1148.282041117669,1148.282041117669,1148.282041117669,1148.282041117669,1148.282041117669,1148.282041117669,1148.282041117669,1148.282041117669,1148.282041117669,1148.282041117669,1148.282041117669,1148.282041117669,1148.282041117669,1148.282041117669,1148.282041117669,1148.282041117669,1148.282041117669,1148.282041117669,1148.282041117669,1148.282041117669,1148.282041117669,1148.282041117669,1148.282041117669,1148.282041117669,1148.282041117669,1148.282041117669,1148.282041117669,1148.282041117669,1148.282041117669,1148.282041117669,1148.282041117669,1148.282041117669,1148.282041117669,1148.282041117669,1148.282041117669,1148.282041117669,1148.282041117669,1148.282041117669,1148.282041117669,1148.282041117669,1148.282041117669,1148.282041117669,1148.282041117669,1148.282041117669,1148.282041117669,1148.282041117669,1148.282041117669,1148.282041117669,1148.282041117669,1148.282041117669,1148.282041117669,1148.282041117669,1148.282041117669,1148.282041117669,1148.282041117669,1148.282041117669,1148.282041117669,1148.282041117669,1148.282041117669,1148.282041117669,1148.282041117669,1148.282041117669,1148.282041117669,1148.282041117669,1148.282041117669,1148.282041117669,1148.282041117669,1148.282041117669,1148.282041117669,1148.282041117669,1148.282041117669,1148.282041117669,1148.282041117669,1148.282041117669,1148.282041117669,1148.282041117669,1148.282041117669,1148.282041117669,1148.282041117669,1148.282041117669,1148.282041117669,1148.282041117669,1138.7975535686671,1138.7975535686671,1138.7975535686671,1138.7975535686671,1138.7975535686671,1138.7975535686671,1138.7975535686671,1138.7975535686671,1138.7975535686671,1138.7975535686671,1138.7975535686671,1138.7975535686671,1138.7975535686671,1138.7975535686671,1138.7975535686671,1137.7916029351934,1137.7916029351934,1137.7916029351934,1137.7916029351934,1137.7916029351934,1137.7916029351934,1137.7916029351934,1137.7916029351934,1137.7916029351934,1137.7916029351934,1137.7916029351934,1137.7916029351934,1137.7916029351934,1137.7916029351934,1137.7916029351934,1137.7916029351934,1137.7916029351934,1137.7916029351934,1137.7916029351934,1137.7916029351934,1137.7916029351934,1137.7916029351934,1137.7916029351934,1137.7916029351934,1137.7916029351934,1137.7916029351934,1137.7916029351934,1137.7916029351934,1137.7916029351934,1137.7916029351934,1137.7916029351934,1137.7916029351934,1137.7916029351934,1137.7916029351934,1137.7916029351934,1137.7916029351934,1137.7916029351934,1137.7916029351934,1137.7916029351934,1136.0915501981387,1136.0915501981387,1136.0915501981387,1136.0915501981387,1133.7015061010054,1133.7015061010054,1133.7015061010054,1133.7015061010054,1133.7015061010054,1133.7015061010054,1133.4213025253027,1133.4213025253027,1133.4213025253027,1133.4213025253027,1133.4213025253027,1133.4213025253027,1132.070474609021,1132.070474609021,1132.070474609021,1128.1056717788374,1128.1056717788374,1128.1056717788374,1128.1056717788374,1128.1056717788374,1128.1056717788374,1128.1056717788374,1128.1056717788374,1128.1056717788374,1128.1056717788374,1128.1056717788374,1128.1056717788374,1128.1056717788374,1128.1056717788374,1128.1056717788374,1128.1056717788374,1128.1056717788374,1128.1056717788374,1128.1056717788374,1128.1056717788374,1128.1056717788374,1128.1056717788374,1128.1056717788374,1128.1056717788374,1128.1056717788374,1127.3251335507878,1124.7682359058272,1124.6868271652636,1124.6868271652636,1124.6868271652636,1124.6868271652636,1124.324855440993,1124.324855440993,1122.5426848020907,1122.5426848020907,1122.5426848020907,1122.5426848020907,1122.5426848020907,1122.5426848020907,1122.5426848020907,1122.5426848020907,1122.5426848020907,1122.5426848020907,1122.5426848020907,1122.2224197749033,1122.2224197749033,1122.2224197749033,1122.2224197749033,1122.2224197749033,1122.2224197749033,1122.2224197749033,1122.2224197749033,1122.2224197749033,1119.6976765137142,