{"optimalDistance":751,"distanceSequence":[799.5068673981913,799.5068673981913,799.5068673981913,799.5068673981913,799.5068673981913,799.5068673981913,799.5068673981913,799.5068673981913,799.5068673981913,798.9043952430919,798.9043952430919,798.9043952430919,798.9043952430919,795.8011392983688,795.8011392983688,795.8011392983688,795.8011392983688,795.8011392983688,793.2378506749511,793.2378506749511,793.2378506749511,793.2378506749511,793.2378506749511,793.2378506749511,792.3253093090493,792.3253093090493,792.3253093090493,792.3253093090493,792.3253093090493,792.3253093090493,792.3253093090493,792.3253093090493,792.3253093090493,792.3253093090493,792.3253093090493,792.3253093090493,792.3253093090493,792.3253093090493,792.3253093090493,792.3253093090493,792.3253093090493,792.3253093090493,792.3253093090493,787.9771294985376,787.9771294985376,787.9771294985376,787.9771294985376,787.9771294985376,787.9771294985376,787.9771294985376,787.9771294985376,787.9771294985376,787.9771294985376,787.9771294985376,787.9771294985376,787.7315646868773,786.7974605157495,786.7974605157495,784.2714013987149,784.2714013987149,784.2714013987149,784.2714013987149,784.2714013987149,784.2714013987149,784.2714013987149,784.2714013987149,784.2714013987149,784.2714013987149,784.0258365870548,784.0258365870548,784.0258365870548,783.7082959990107,783.7082959990107,783.7082959990107,783.7082959990107,783.7082959990107,783.7082959990107,783.7082959990107,783.7082959990107,783.7082959990107,783.7082959990107,783.7082959990107,783.7082959990107,783.7082959990107,783.7082959990107,783.7082959990107,783.7082959990107,783.7082959990107,783.7082959990107,783.7082959990107,783.7082959990107,783.7082959990107,783.7082959990107,783.7082959990107,783.7082959990107,783.7082959990107,783.7082959990107,783.7082959990107,783.7082959990107,783.7082959990107,783.7082959990107,783.7082959990107,783.4627311873505,783.4627311873505,783.4627311873505,783.4627311873505,783.4627311873505,783.4627311873505,783.4627311873505,783.4627311873505,783.4627311873505,783.4627311873505,783.4627311873505,783.4627311873505,783.4627311873505,783.4627311873505,783.4627311873505,783.4627311873505,783.4627311873505,783.1362634138763,783.1362634138763,783.1362634138763,783.1362634138763,783.1362634138763,783.1362634138763,783.1362634138763,783.1362634138763,783.1362634138763,783.1362634138763,783.1362634138763,783.1362634138763,783.1362634138763,783.1362634138763,783.1362634138763,783.1362634138763,783.1362634138763,783.1362634138763,783.1362634138763,783.1362634138763,783.1362634138763,783.1362634138763,783.1362634138763,783.1362634138763,783.1362634138763,783.1362634138763,783.1362634138763,783.1362634138763,783.1362634138763,783.1362634138763,783.1362634138763,783.1362634138763,783.1362634138763,783.1362634138763,783.1362634138763,783.1362634138763,783.1362634138763,783.1362634138763,783.1362634138763,783.1362634138763,783.1362634138763,783.1362634138763,783.1362634138763,783.1362634138763,783.1362634138763,783.1362634138763,783.1362634138763,783.1362634138763,783.1362634138763,783.1362634138763,783.1362634138763,783.1362634138763,783.1362634138763,783.128167306342,783.128167306342,783.128167306342,783.128167306342,783.128167306342,783.128167306342,783.128167306342,783.128167306342,783.128167306342,783.128167306342,783.128167306342,783.128167306342,783.128167306342,783.128167306342,783.128167306342,783.128167306342,783.128167306342,783.128167306342,783.128167306342,783.128167306342,783.128167306342,783.128167306342,783.128167306342,783.128167306342,783.128167306342,783.128167306342,783.128167306342,783.128167306342,783.128167306342,783.128167306342,783.128167306342,783.128167306342,783.128167306342,783.128167306342,783.128167306342,783.128167306342,783.128167306342,783.128167306342,783.128167306342,783.128167306342,783.128167306342,783.128167306342,783.128167306342,783.128167306342,783.128167306342,783.128167306342,783.128167306342,783.128167306342,783.128167306342,783.128167306342,783.128167306342,783.128167306342,782.0246710887961,782.0246710887961,776.5027917015018,776.5027917015018,776.5027917015018,776.5027917015018,776.5027917015018,776.5027917015018,776.5027917015018,776.5027917015018,776.5027917015018,776.5027917015018,775.3386015881961,775.3386015881961,775.3386015881961,775.3386015881961,775.3340393233343,775.3340393233343,774.6553146371239,774.6553146371239,774.6553146371239,774.6553146371239,774.6553146371239,774.6553146371239,774.6553146371239,774.6553146371239,774.6553146371239,774.6553146371239,774.6553146371239,774.6553146371239,774.6553146371239,774.6553146371239,774.6553146371239,774.6553146371239,774.6553146371239,774.6553146371239,774.6553146371239,774.6553146371239,774.6553146371239,774.6553146371239,774.6553146371239,770.7464203461027,770.7464203461027,770.7464203461027,770.7464203461027,770.7464203461027,770.7464203461027,770.7464203461027,770.7464203461027,770.7464203461027,770.1833149463984,770.1833149463984,770.1833149463984,770.1833149463984,770.1833149463984,770.1833149463984,770.1833149463984,770.1833149463984,770.1833149463984,770.1833149463984,770.1833149463984,770.1833149463984,770.1833149463984,770.1833149463984,770.1833149463984,770.1833149463984,770.1833149463984,770.1833149463984,770.1833149463984,770.1833149463984,770.1833149463984,770.1833149463984,770.1833149463984,770.1833149463984,770.1833149463984,770.0815860913935,770.0815860913935,770.0815860913935,770.0815860913935,770.0815860913935,769.7551183179194,769.7551183179194,769.7551183179194,769.7551183179194,769.7551183179194,769.7551183179194,769.7551183179194,769.7551183179194,769.7551183179194,769.7551183179194,769.7551183179194,769.7551183179194,769.7551183179194,769.7551183179194,769.7551183179194,769.747022210385,769.747022210385,769.747022210385,769.747022210385,769.747022210385,769.747022210385,769.747022210385,769.747022210385,769.747022210385,769.747022210385,769.747022210385,769.747022210385,769.747022210385,769.747022210385,769.747022210385,769.747022210385,769.747022210385,769.747022210385,769.747022210385,769.747022210385,769.747022210385,769.747022210385,769.747022210385,769.747022210385,769.747022210385,769.747022210385,769.747022210385,769.747022210385,769.747022210385,769.747022210385,769.747022210385,769.747022210385,769.747022210385,769.747022210385,769.747022210385,769.747022210385,769.747022210385,769.747022210385,769.747022210385,769.747022210385,769.747022210385,769.747022210385,769.747022210385,769.747022210385,769.747022210385,769.747022210385,769.747022210385,769.747022210385,769.747022210385,769.747022210385,769.747022210385,769.747022210385,769.747022210385,769.747022210385,769.747022210385,769.747022210385,769.747022210385,769.747022210385,769.747022210385,769.747022210385,769.747022210385,769.747022210385,769.747022210385,769.747022210385,769.747022210385,769.747022210385,769.747022210385,769.747022210385,769.747022210385,769.747022210385,769.747022210385,769.747022210385,769.747022210385,769.747022210385,769.747022210385,769.747022210385,769.747022210385,769.747022210385,769.747022210385,769.747022210385,769.747022210385,769.747022210385,769.747022210385,769.747022210385,769.747022210385,769.747022210385,769.747022210385,769.747022210385,769.747022210385,769.747022210385,769.747022210385,769.747022210385,769.747022210385,769.747022210385,769.747022210385,769.747022210385,769.747022210385,769.747022210385,769.747022210385,769.747022210385,769.747022210385,769.747022210385,769.747022210385,769.747022210385,769.747022210385,769.747022210385,769.747022210385,769.747022210385,769.747022210385,769.747022210385,769.747022210385,769.747022210385,769.747022210385,769.747022210385,769.747022210385,769.747022210385,769.747022210385,769.747022210385,769.747022210385,769.747022210385,769.747022210385,769.747022210385,769.747022210385,769.747022210385,769.747022210385,769.747022210385,769.747022210385,769.747022210385,769.747022210385,769.747022210385,769.747022210385,769.747022210385,769.747022210385,