{"front":[{"trucks":[[2,45,28,25,4,32,39,36,21],[10,38,33,16,3,29],[6,7,13,9,22,5,17,30,42],[11,26,27,34,20,12,44,23,41,43],[40,18,31,24,37,19,15,35,8,14]],"distance":786.7500284037683,"fuel":1094.4606719163812},{"distance":786.75459066863,"fuel":1094.1506157027509,"trucks":[[2,45,28,25,4,32,39,36,21],[10,38,33,16,3,29],[6,7,13,9,22,5,17,30,42],[11,26,27,20,34,12,44,23,41,43],[40,18,31,24,37,19,15,35,8,14]]}],"benchmark":"B-n45-k5","Optimal":751}