{"benchmark":"A-n38-k5","front":[{"fuel":1085.5145862459058,"trucks":[[6,23,28,12,38,32,29],[36,24,34,9,18,37,14,16],[22,11,31,30,35,20],[19,7,26,17,5,2,4,13,27],[10,3,25,15,33,21,8]],"distance":756.3316964511735}],"Optimal":730}