{"front":[{"fuel":1068.8755392732955,"trucks":[[11,31,27,13,4,2,5,17,26],[15,25,3,14,37,16,33,21],[8,6,23,28,12,38],[10,22,24,36,34,9,18],[19,20,30,35,7,32,29]],"distance":768.1874686728478},{"fuel":1068.3275550506005,"trucks":[[11,31,27,13,4,2,5,17,26],[15,25,3,18,37,16,33,21],[8,6,23,28,12,38],[10,22,24,36,34,9,14],[19,20,30,35,7,32,29]],"distance":772.9185742383756}],"benchmark":"A-n38-k5","Optimal":730}