{"optimalDistance":778,"benchmark":"A-n34-k5","distanceSequence":[856.12940145104,856.12940145104,856.12940145104,856.12940145104,856.12940145104,856.12940145104,856.12940145104,856.12940145104,856.12940145104,856.12940145104,856.12940145104,856.12940145104,856.12940145104,856.12940145104,856.12940145104,856.12940145104,856.12940145104,856.12940145104,856.12940145104,856.12940145104,856.12940145104,856.12940145104,856.12940145104,856.12940145104,856.12940145104,856.12940145104,856.12940145104,856.12940145104,856.12940145104,856.12940145104,856.12940145104,856.12940145104,856.12940145104,856.12940145104,856.12940145104,856.12940145104,856.12940145104,856.12940145104,856.12940145104,856.12940145104,856.12940145104,856.12940145104,856.12940145104,856.12940145104,856.12940145104,856.12940145104,856.12940145104,856.12940145104,856.12940145104,856.12940145104,847.5576133664641,847.5576133664641,847.5576133664641,847.5576133664641,847.5576133664641,847.5576133664641,847.5576133664641,847.5576133664641,847.5576133664641,847.5576133664641,847.5576133664641,847.5576133664641,847.5576133664641,847.5576133664641,846.6796789648187,846.6796789648187,846.6796789648187,846.6796789648187,846.6796789648187,846.6796789648187,844.8411897684919,844.8411897684919,844.8411897684919,844.8411897684919,844.8411897684919,844.8411897684919,844.8411897684919,844.8411897684919,844.8411897684919,844.8411897684919,844.8411897684919,844.8411897684919,844.8411897684919,841.5393230042814,841.5393230042814,841.5393230042814,841.5393230042814,841.5393230042814,841.5393230042814,841.5393230042814,841.5393230042814,841.5393230042814,841.5393230042814,841.5393230042814,841.5393230042814,841.5393230042814,841.5393230042814,841.5393230042814,841.5393230042814,841.5393230042814,841.5393230042814,841.5393230042814,841.5393230042814,841.5393230042814,841.5393230042814,841.5393230042814,841.5393230042814,841.5393230042814,841.5393230042814,841.5393230042814,841.5393230042814,841.5393230042814,841.5393230042814,841.5393230042814,841.5393230042814,841.5393230042814,841.5393230042814,841.5393230042814,841.5393230042814,841.5393230042814,841.5393230042814,841.5393230042814,841.5393230042814,841.5393230042814,841.5393230042814,841.5393230042814,841.5393230042814,841.5393230042814,841.5393230042814,841.5393230042814,841.5393230042814,841.5393230042814,841.5393230042814,841.5393230042814,841.5393230042814,841.5393230042814,841.5393230042814,841.5393230042814,841.5393230042814,841.5393230042814,841.5393230042814,841.5393230042814,841.5393230042814,841.5393230042814,841.5393230042814,841.5393230042814,841.5393230042814,841.5393230042814,841.5393230042814,841.5393230042814,841.5393230042814,841.5393230042814,841.5393230042814,841.5393230042814,838.2839888099279,838.2839888099279,838.2839888099279,838.2839888099279,838.2839888099279,838.2839888099279,838.2839888099279,838.2839888099279,838.2839888099279,838.2839888099279,838.2839888099279,838.2839888099279,838.2839888099279,838.2839888099279,838.2839888099279,838.2839888099279,838.2839888099279,838.2839888099279,838.2839888099279,838.2839888099279,838.2839888099279,838.2839888099279,837.3070856748673,837.3070856748673,837.3070856748673,837.3070856748673,837.3070856748673,837.3070856748673,837.3070856748673,837.3070856748673,837.3070856748673,837.3070856748673,837.3070856748673,837.3070856748673,837.3070856748673,837.3070856748673,837.3070856748673,837.3070856748673,837.3070856748673,837.3070856748673,837.3070856748673,837.3070856748673,837.3070856748673,837.3070856748673,837.3070856748673,837.3070856748673,837.3070856748673,837.3070856748673,837.3070856748673,837.3070856748673,837.3070856748673,837.3070856748673,837.3070856748673,837.3070856748673,837.3070856748673,837.3070856748673,837.3070856748673,837.3070856748673,837.3070856748673,837.3070856748673,837.3070856748673,837.3070856748673,837.3070856748673,837.3070856748673,837.3070856748673,837.3070856748673,837.3070856748673,837.3070856748673,837.3070856748673,837.3070856748673,837.3070856748673,837.3070856748673,837.3070856748673,837.3070856748673,837.3070856748673,837.3070856748673,837.3070856748673,837.3070856748673,837.3070856748673,837.3070856748673,837.3070856748673,837.3070856748673,837.3070856748673,837.3070856748673,837.3070856748673,837.3070856748673,837.3070856748673,837.3070856748673,837.3070856748673,837.3070856748673,837.3070856748673,837.3070856748673,837.3070856748673,834.382953065652,834.382953065652,834.382953065652,834.382953065652,834.382953065652,834.382953065652,834.382953065652,834.382953065652,834.382953065652,834.382953065652,834.382953065652,834.382953065652,834.382953065652,834.382953065652,834.382953065652,834.382953065652,834.382953065652,834.382953065652,834.382953065652,834.382953065652,834.382953065652,834.382953065652,834.382953065652,834.382953065652,834.382953065652,834.382953065652,834.382953065652,834.382953065652,834.382953065652,834.382953065652,834.382953065652,834.382953065652,834.382953065652,834.382953065652,834.382953065652,834.382953065652,834.382953065652,834.382953065652,834.382953065652,834.382953065652,834.382953065652,834.382953065652,834.382953065652,834.382953065652,834.382953065652,834.382953065652,834.382953065652,834.382953065652,834.382953065652,834.382953065652,834.382953065652,834.382953065652,834.382953065652,834.382953065652,834.382953065652,834.382953065652,834.382953065652,834.382953065652,834.382953065652,834.382953065652,834.382953065652,834.382953065652,834.382953065652,834.382953065652,834.382953065652,834.382953065652,834.382953065652,834.382953065652,834.382953065652,834.382953065652,834.382953065652,834.382953065652,834.382953065652,834.382953065652,834.382953065652,834.382953065652,834.382953065652,834.382953065652,834.382953065652,834.382953065652,834.382953065652,834.382953065652,834.382953065652,834.382953065652,834.382953065652,834.382953065652,834.382953065652,834.382953065652,834.382953065652,834.382953065652,834.382953065652,834.382953065652,834.382953065652,834.382953065652,834.382953065652,834.382953065652,834.382953065652,834.382953065652,834.382953065652,834.382953065652,834.382953065652,834.382953065652,834.382953065652,834.382953065652,834.382953065652,834.382953065652,834.382953065652,834.382953065652,834.382953065652,834.382953065652,834.382953065652,834.382953065652,834.382953065652,834.382953065652,834.382953065652,834.382953065652,834.382953065652,834.382953065652,834.382953065652,834.382953065652,834.382953065652,834.382953065652,834.382953065652,834.382953065652,834.382953065652,834.382953065652,834.382953065652,834.382953065652,834.382953065652,834.382953065652,834.382953065652,834.382953065652,834.382953065652,834.382953065652,834.382953065652,834.382953065652,834.382953065652,834.382953065652,833.1322747990162,833.1322747990162,833.1322747990162,833.1322747990162,833.1322747990162,833.1322747990162,833.1322747990162,833.1322747990162,833.1322747990162,833.1322747990162,833.1322747990162,833.1322747990162,833.1322747990162,833.1322747990162,833.1322747990162,833.1322747990162,833.1322747990162,833.1322747990162,833.1322747990162,833.1322747990162,833.1322747990162,833.1322747990162,833.1322747990162,833.1322747990162,833.1322747990162,833.1322747990162,833.1322747990162,833.1322747990162,833.1322747990162,833.1322747990162,833.1322747990162,833.1322747990162,833.1322747990162,833.1322747990162,833.1322747990162,833.1322747990162,833.1322747990162,833.1322747990162,833.1322747990162,833.1322747990162,833.1322747990162,833.1322747990162,833.1322747990162,833.1322747990162,833.1322747990162,833.1322747990162,833.1322747990162,833.1322747990162,833.1322747990162,833.1322747990162,833.1322747990162,833.1322747990162,831.6172504676072,831.6172504676072,831.6172504676072,831.6172504676072,831.6172504676072,831.6172504676072,831.6172504676072,831.6172504676072,828.4122334193514,828.4122334193514,828.4122334193514,828.4122334193514,828.4122334193514,828.4122334193514,828.4122334193514,828.4122334193514,828.4122334193514,