{"benchmark":"A-n34-k5","front":[{"fuel":1135.7436014158066,"distance":803.8353201045484,"trucks":[[21,34,17,23,10,13,4,3],[30,16,9,12,24,28,2],[27,5,6,25,31],[15,7,8,11,14,22,19],[20,18,32,26,29,33]]},{"trucks":[[21,34,17,23,10,13,4,3],[8,16,9,12,24,2,28],[27,5,6,25,31],[15,30,7,11,14,22,19],[20,18,32,26,29,33]],"distance":804.4840804152628,"fuel":1135.0793998567308}],"Optimal":778}