{"front":[{"fuel":1187.506896759104,"trucks":[[34,20,5,17,11],[31,21,33,28,35,23,19,22,24,18],[13,39,38,32,15,36,26,3,9,8],[25,4,30,29,10,6,27],[16,14],[7,2,37,12]],"distance":848.5623247982431},{"distance":848.8755767830901,"trucks":[[34,20,5,17,11],[31,21,33,28,35,23,19,22,24,18],[13,39,38,32,15,36,26,3,9,8],[25,4,30,29,10,6],[16,14],[27,12,37,2,7]],"fuel":1178.3216003270352}],"Optimal":831,"benchmark":"A-n39-k6"}