{"benchmark":"A-n39-k6","Optimal":831,"front":[{"trucks":[[3,34,20,5,17],[27,6,13,39,38,32,36,26,15],[21,33,19,23,35,28,11,8,9,31],[7,2,22,24,18,37,12],[16,14],[25,4,30,29,10]],"distance":868.0976400207268,"fuel":1191.819191067012},{"trucks":[[3,34,20,5,17],[27,6,13,39,38,32,36,26,15],[31,21,33,19,23,35,28,11,8,9],[7,2,22,24,18,37,12],[16,14],[25,4,30,29,10]],"distance":871.0993510318839,"fuel":1184.0111317554115},{"trucks":[[3,34,20,5,17],[27,6,13,39,38,32,36,26,15],[31,21,33,19,23,35,28,11,8,9],[12,7,2,37,18,24,22],[16,14],[25,4,30,29,10]],"distance":876.4476874526489,"fuel":1179.5273861488363}]}