{"optimalDistance":831,"fuelSequence":[1236.5101911665508,1236.5101911665508,1236.5101911665508,1236.5101911665508,1235.3596214585555,1235.3596214585555,1228.4762067577565,1228.4762067577565,1228.4762067577565,1198.620404916804,1198.620404916804,1198.620404916804,1198.620404916804,1198.620404916804,1198.105571940994,1198.105571940994,1198.105571940994,1198.105571940994,1198.105571940994,1198.105571940994,1198.105571940994,1198.105571940994,1198.105571940994,1190.58642050801,1190.58642050801,1190.58642050801,1190.58642050801,1190.58642050801,1190.58642050801,1190.58642050801,1190.58642050801,1186.8228746083184,1186.8228746083184,1186.8228746083184,1186.8228746083184,1186.8228746083184,1186.8228746083184,1186.8228746083184,1186.8228746083184,1186.8228746083184,1186.8228746083184,1186.8228746083184,1178.739272948665,1178.739272948665,1178.739272948665,1178.739272948665,1178.739272948665,1178.739272948665,1178.739272948665,1178.739272948665,1178.739272948665,1178.739272948665,1178.739272948665,1178.739272948665,1178.739272948665,1178.739272948665,1178.739272948665,1177.0652947880924,1177.0652947880924,1177.0652947880924,1177.0652947880924,1177.0652947880924,1177.0652947880924,1177.0652947880924,1177.0652947880924,1177.0652947880924,1177.0652947880924,1177.0652947880924,1177.0652947880924,1177.0652947880924,1177.0652947880924,1177.0652947880924,1177.0652947880924,1177.0652947880924,1177.0652947880924,1177.0652947880924,1177.0652947880924,1177.0652947880924,1177.0652947880924,1177.0652947880924,1177.0652947880924,1177.0652947880924,1177.0652947880924,1177.0652947880924,1177.0652947880924,1177.0652947880924,1177.0652947880924,1177.0652947880924,1177.0652947880924,1177.0652947880924,1177.0652947880924,1177.0652947880924,1177.0652947880924,1177.0652947880924,1177.0652947880924,1177.0652947880924,1177.0652947880924,1177.0652947880924,1177.0652947880924,1177.0652947880924,1177.0652947880924,1177.0652947880924,1177.0652947880924,1177.0652947880924,1177.0652947880924,1177.0652947880924,1177.0652947880924,1177.0652947880924,1177.0652947880924,1177.0652947880924,1177.0652947880924,1177.0652947880924,1177.0652947880924,1177.0652947880924,1177.0652947880924,1177.0652947880924,1177.0652947880924,1177.0652947880924,1177.0652947880924,1177.0652947880924,1177.0652947880924,1177.0652947880924,1177.0652947880924,1177.0652947880924,1177.0652947880924,1177.0652947880924,1177.0652947880924,1177.0652947880924,1177.0652947880924,1177.0652947880924,1177.0652947880924,1177.0652947880924,1177.0652947880924,1177.0652947880924,1177.0652947880924,1177.0652947880924,1177.0652947880924,1177.0652947880924,1177.0652947880924,1177.0652947880924,1177.0652947880924,1177.0652947880924,1177.0652947880924,1177.0652947880924,1177.0652947880924,1177.0652947880924,1177.0652947880924,1177.0652947880924,1177.0652947880924,1177.0652947880924,1177.0652947880924,1177.0652947880924,1177.0652947880924,1177.0652947880924,1177.0652947880924,1177.0652947880924,1177.0652947880924,1177.0652947880924,1177.0652947880924,1177.0652947880924,1177.0652947880924,1177.0652947880924,1177.0652947880924,1177.0652947880924,1177.0652947880924,1177.0652947880924,1177.0652947880924,1177.0652947880924,1176.1760444733186,1176.1760444733186,1176.1760444733186,1176.1760444733186,1176.1760444733186,1176.1760444733186,1176.1760444733186,1176.1760444733186,1176.1760444733186,1176.1760444733186,1176.1760444733186,1176.1760444733186,1176.1760444733186,1176.1760444733186,1174.4504345457588,1174.4504345457588,1174.4504345457588,1170.5797187702065,1170.5797187702065,1170.5797187702065,1170.5797187702065,1170.5797187702065,1170.5797187702065,1170.5797187702065,1170.5797187702065,1170.5797187702065,1170.5797187702065,1170.5797187702065,1169.4531628304412,1169.4531628304412,1169.4531628304412,1169.4531628304412,1169.4531628304412,1169.4531628304412,1169.4531628304412,1169.4531628304412,1169.4531628304412,1169.4531628304412,1169.4531628304412,1169.4531628304412,1169.4531628304412,1169.4531628304412,1169.4531628304412,1169.4531628304412,1169.4531628304412,1169.4531628304412,1169.4531628304412,1169.4531628304412,1169.4531628304412,1169.4531628304412,1169.4531628304412,1169.4531628304412,1169.4531628304412,1169.4531628304412,1169.4531628304412,1169.4531628304412,1169.4531628304412,1169.4531628304412,1169.4531628304412,1169.4531628304412,1169.4531628304412,1169.4531628304412,1169.4531628304412,1169.4531628304412,1169.4531628304412,1169.4531628304412,1169.4531628304412,1169.4531628304412,1169.4531628304412,1169.4531628304412,1169.4531628304412,1169.4531628304412,1169.4531628304412,1169.4531628304412,1169.4531628304412,1169.4531628304412,1169.4531628304412,1169.4531628304412,1169.4531628304412,1169.4531628304412,1169.4531628304412,1169.4531628304412,1169.4531628304412,1169.4531628304412,1169.4531628304412,1169.4531628304412,1169.4531628304412,1169.4531628304412,1169.4531628304412,1169.4531628304412,1169.4531628304412,1169.4531628304412,1169.4531628304412,1169.4531628304412,1169.4531628304412,1169.4531628304412,1169.4531628304412,1169.4531628304412,1169.4531628304412,1169.4531628304412,1169.4531628304412,1169.4531628304412,1169.4531628304412,1169.4531628304412,1169.4531628304412,1169.4531628304412,1169.4531628304412,1169.4531628304412,1169.4531628304412,1169.4531628304412,1169.4531628304412,1169.4531628304412,1169.4531628304412,1169.4531628304412,1169.4531628304412,1169.4531628304412,1169.4531628304412,1169.4531628304412,1169.4531628304412,1169.4531628304412,1169.4531628304412,1169.4531628304412,1169.4531628304412,1169.4531628304412,1169.4531628304412,1169.4531628304412,1169.4531628304412,1169.4531628304412,1169.4531628304412,1169.4531628304412,1169.4531628304412,1169.4531628304412,1169.4531628304412,1169.4531628304412,1169.4531628304412,1169.4531628304412,1169.4531628304412,1169.4531628304412,1169.4531628304412,1169.4531628304412,1169.4531628304412,1169.4531628304412,1169.4531628304412,1169.4531628304412,1169.4531628304412,1169.4531628304412,1169.4531628304412,1169.4531628304412,1169.4531628304412,1169.4531628304412,1169.4531628304412,1169.4531628304412,1169.4531628304412,1169.4531628304412,1169.4531628304412,1169.4531628304412,1169.4531628304412,1169.4531628304412,1169.4531628304412,1169.4531628304412,1169.4531628304412,1169.4531628304412,1169.4531628304412,1169.4531628304412,1169.4531628304412,1169.4531628304412,1169.4531628304412,1169.4531628304412,1169.4531628304412,1169.4531628304412,1169.4531628304412,1169.4531628304412,1169.4531628304412,1169.4531628304412,1169.4531628304412,1169.4531628304412,1169.4531628304412,1169.4531628304412,1169.4531628304412,1169.4531628304412,1169.4531628304412,1169.4531628304412,1169.4531628304412,1169.4531628304412,1169.4531628304412,1169.4531628304412,1169.4531628304412,1169.4531628304412,1169.4531628304412,1169.4531628304412,1169.4531628304412,1169.4531628304412,1169.4531628304412,1169.4531628304412,1169.4531628304412,1169.4531628304412,1169.4531628304412,1169.4531628304412,1169.4531628304412,1169.4531628304412,1169.4531628304412,1169.4531628304412,1169.4531628304412,1169.4531628304412,1169.4531628304412,1169.4531628304412,1169.4531628304412,1169.4531628304412,1169.4531628304412,1169.4531628304412,1169.4531628304412,1169.4531628304412,1169.4531628304412,1169.4531628304412,1169.4531628304412,1169.4531628304412,1169.4531628304412,1169.4531628304412,1169.4531628304412,1169.4531628304412,1169.4531628304412,1169.4531628304412,1169.4531628304412,1169.4531628304412,1169.4531628304412,1169.4531628304412,1169.4531628304412,1169.4531628304412,1169.4531628304412,1169.4531628304412,1169.4531628304412,1169.4531628304412,1169.4531628304412,1169.4531628304412,1169.4531628304412,1169.4531628304412,1169.4531628304412,1169.4531628304412,1169.4531628304412,1169.4531628304412,1169.4531628304412,1169.4531628304412,1169.4531628304412,1169.4531628304412,1169.4531628304412,1169.4531628304412,1169.4531628304412,1169.4531628304412,1169.4531628304412,1169.4531628304412,1169.4531628304412,1169.4531628304412,1169.4531628304412,