{"Optimal":831,"benchmark":"A-n39-k6","front":[{"trucks":[[3,20,34,26,36,15,32,38],[21,33,28,35,23,19,22,24,18,37],[16,31,8,9,5,17,11],[25,4,39,13,10,29,30,6],[27,12,2,7],[14]],"fuel":1188.6742915915318,"distance":848.4779145148998},{"distance":849.6187098784999,"trucks":[[3,20,34,26,36,15,32,38],[21,33,28,35,23,19,22,24,18,37],[16,31,8,9,5,17,11],[25,4,39,13,10,29,30,6],[27,12,7,2],[14]],"fuel":1186.459840169388},{"distance":850.0191020095534,"fuel":1184.3433226213222,"trucks":[[3,20,34,26,36,15,32,38],[21,33,28,35,23,19,22,24,18,37],[16,31,8,9,5,17,11],[25,4,39,13,30,29,10,6],[27,12,2,7],[14]]},{"distance":851.1598973731535,"trucks":[[3,20,34,26,36,15,32,38],[21,33,28,35,23,19,22,24,18,37],[16,31,8,9,5,17,11],[25,4,39,13,30,29,10,6],[27,12,7,2],[14]],"fuel":1182.1288711991783}]}