{"Optimal":1034,"benchmark":"M-n121-k7","front":[{"trucks":[[51,52,49,48,47,50,45,42,38,39,40,43,44,46,41,58],[22,21,24,27,29,32,31,28,25,23,26,20,17,18,33,36,37,35,34,30,63,61,80],[120,82,118,114,84,85,113,86,90,93,92,91,19,119,115,109,110,116],[75,79,81,57,53,55,54,56,59,67,64,65,62,66,60],[105,101,117,111,99,68,70,71,76,73,72,69,78,77,74],[8,7,6,4,5,11,12,10,16,15,14,13,9,2,3,89],[121,83,112,87,88,96,104,108,106,107,103,102,100,97,94,95,98]],"distance":1264.6857507184702,"fuel":1809.2348775892037},{"fuel":1807.9935375794703,"distance":1268.917141934587,"trucks":[[51,52,49,48,47,50,45,42,43,40,39,38,44,46,41,58],[22,21,24,27,29,32,31,28,25,23,26,20,17,18,33,36,37,35,34,30,63,61,80],[120,82,118,114,84,85,113,86,90,93,92,91,19,119,115,109,110,116],[75,79,81,57,53,55,54,56,59,67,64,65,62,66,60],[105,101,117,111,99,68,70,71,76,73,72,69,78,77,74],[8,7,6,4,5,11,12,10,16,15,14,13,9,2,3,89],[83,112,87,88,96,104,108,106,107,103,102,100,97,94,95,98,121]]}]}