{"benchmark":"M-n121-k7","Optimal":1034,"front":[{"trucks":[[48,47,50,45,42,43,40,39,38,49,46,44,41,52,51,30],[53,55,58,60,66,62,63,65,64,61,59,56,54,57,67,80,77],[27,24,21,22,18,17,20,26,25,23,28,31,32,35,37,36,33,29,34,13,10],[14,15,16,12,11,5,4,6,7,8,9,2,3,84,114,119],[91,92,90,93,94,97,95,98,116,111,99,117,101,100,102,103,107,106,108,105],[75,76,73,72,74,78,79,81,69,68,70,71,104,86],[96,88,87,112,113,85,118,19,115,109,110,82,83,89,120,121]],"fuel":1791.8652832885366,"distance":1236.5174766383568}]}