{"benchmark":"A-n53-k7","Optimal":1010,"front":[{"trucks":[[26,22,35,14,53,25,42,10],[2,38,3,37,51,44,24,20,16,33,17,8],[40,4,6,15,12,18],[29,23,46,43,49,13],[52,39,19,41,27,11,50,30,45,31],[28,9,36,7,21],[34,32,47,5,48]],"distance":1082.0073853397953,"fuel":1543.9401979998365},{"fuel":1543.0216862922007,"distance":1082.3609157636072,"trucks":[[26,22,35,14,53,25,42,10],[2,38,3,37,51,44,24,20,16,33,17,8],[40,4,6,15,12,18],[5,29,23,46,43,49,13],[52,39,19,41,27,11,50,30,45,31],[28,9,36,7,21],[34,32,47,48]]}]}