{"benchmark":"M-n151-k12","Optimal":1053,"front":[{"distance":1140.05335095099,"trucks":[[54,117,78,4,80,130,79,35,136,36,137,66,72,67],[97,94,86,62,17,92,101,99,38,93,60,100,105,7],[29,139,13,110,151,81,69,122,30,25,135,55,131],[41,22,74,73,75,23,134,76,57,40,140,5,111],[77,51,103,34,82,52,28],[147,128,32,89,149,63,11,109,31,123,71,102,2,133,70],[83,49,124,20,108,65,50,144,37,48,125,47],[95,96,118,98,88,145,58,16,44,43,143,15,120,45],[61,119,6,85,18,114,87,39,141,142],[59,14,138,3,116,146,42,24,68,26,56,150,27,106],[113,148,90,19,84,126,46,9,115,8,107,53],[112,121,10,104,21,129,132,33,91,64,127,12]],"fuel":1584.5075779752979},{"distance":1141.8545759443755,"trucks":[[54,117,78,4,80,130,79,35,136,36,137,66,72,67],[97,94,86,62,17,92,101,99,38,93,60,100,105,7],[29,139,13,110,151,81,69,122,30,25,135,55,131],[41,22,74,73,75,23,134,76,57,40,140,5,111],[28,51,103,34,82,52,77],[147,128,32,89,149,63,11,109,31,123,71,102,2,133,70],[83,49,124,20,108,65,50,144,37,48,125,47],[95,96,118,98,88,145,58,16,44,43,143,15,120,45],[61,119,6,85,18,114,87,39,141,142],[59,14,138,3,116,146,42,24,68,26,56,150,27,106],[113,148,90,19,84,126,46,9,115,8,107,53],[112,121,10,104,21,129,132,33,91,127,64,12]],"fuel":1583.2099307978026}]}