{"Optimal":968,"front":[{"distance":993.4061725883142,"fuel":1411.1473818369036,"trucks":[[12,60,20],[6,38,21,16,58],[53,28,14,55,9],[40,32,26,56,19],[3,29,31],[7,34,2,23],[33,51,10],[4,45,25,50,17],[35,47,27,52],[59,11,39],[44,43,42,57,24],[49,48,37,22],[8,54,15,36],[18,41,13],[5,46,30]]},{"distance":998.7362664267071,"fuel":1404.7698072673825,"trucks":[[40,32,26,56,19],[6,38,21,16,58],[59,11,39],[33,51,10],[7,34,2,23],[44,43,42,57,24],[49,48,37,22],[35,47,9],[53,28,14,55,20],[27,12,60],[8,54,15,36],[5,46,30,52],[4,45,25,50,17],[18,41,13],[3,29,31]]},{"distance":1006.4025396237316,"fuel":1403.8968663023688,"trucks":[[27,12,60],[53,28,14,55,20],[18,41,13],[40,10,26,56,19],[6,38,21,16,58],[35,47,9],[44,43,42,57,24],[59,11,39],[7,34,2,23],[49,48,37,22],[8,54,15,36],[5,46,30,52],[4,45,25,50,17],[3,29,31],[33,51,32]]},{"distance":1006.4025396237317,"fuel":1403.8968663023686,"trucks":[[44,43,42,57,24],[3,29,31],[7,34,2,23],[6,38,21,16,58],[59,11,39],[33,51,32],[49,48,37,22],[35,47,9],[53,28,14,55,20],[27,12,60],[8,54,15,36],[5,46,30,52],[4,45,25,50,17],[40,10,26,56,19],[18,41,13]]}],"benchmark":"P-n60-k15"}