{"Optimal":696,"front":[{"distance":746.7233002092337,"fuel":1044.347045344533,"trucks":[[49,48,37,38,21,16],[31,22,29,23],[2,44,43,42,24,50,25],[27,13,33,19,45],[5,46,30,6],[47,9,36,20,14,35],[39,11,32,26,4],[8,12,15,28],[7,17,34,3],[18,41,10,40]]},{"distance":747.3400566445915,"fuel":1037.3608987943032,"trucks":[[35,47,9,36,20,14],[2,44,43,42,24,50,25],[39,11,32,26,4],[8,12,15,28],[5,46,30,6],[49,48,37,38,21,16],[27,13,33,19,45],[31,22,29,23],[7,17,34,3],[18,41,10,40]]},{"distance":748.7220962367844,"fuel":1037.042846772933,"trucks":[[39,11,32,26,4],[8,12,15,28],[31,22,29,23],[49,48,37,38,21,16],[35,47,9,36,20,14],[27,13,33,19,45],[2,44,43,42,24,50,25],[5,46,6,30],[18,41,10,40],[7,3,34,17]]}],"benchmark":"P-n50-k10"}