{"optimalDistance":861,"fuelSequence":[1372.4987180623825,1372.4987180623825,1372.4987180623825,1372.4987180623825,1372.4987180623825,1372.4987180623825,1354.6634399303246,1354.6634399303246,1354.6634399303246,1354.6634399303246,1354.6634399303246,1354.3209587154681,1349.1456251818272,1345.1578996833175,1345.1578996833175,1345.1578996833175,1345.1578996833175,1314.2399610879515,1314.2399610879515,1314.2399610879515,1314.2399610879515,1314.2399610879515,1314.2399610879515,1314.2399610879515,1314.2399610879515,1312.7011422523358,1312.7011422523358,1312.7011422523358,1312.5593927663272,1312.5593927663272,1312.5593927663272,1312.5593927663272,1312.5593927663272,1312.5593927663272,1312.5593927663272,1310.802578734976,1310.802578734976,1310.802578734976,1310.802578734976,1310.802578734976,1310.802578734976,1310.0381258133875,1310.0381258133875,1310.0381258133875,1310.0381258133875,1310.0381258133875,1310.0381258133875,1310.0381258133875,1310.0381258133875,1310.0381258133875,1309.353054415403,1303.2289227632853,1303.2289227632853,1303.2289227632853,1303.2289227632853,1303.2289227632853,1303.2289227632853,1303.2289227632853,1303.2289227632853,1302.5438513653007,1301.5986232547373,1301.5986232547373,1301.5986232547373,1296.6284736301711,1295.877497838401,1295.877497838401,1295.877497838401,1295.877497838401,1295.877497838401,1295.877497838401,1295.877497838401,1295.877497838401,1295.877497838401,1289.277048705287,1289.277048705287,1289.277048705287,1289.277048705287,1289.277048705287,1289.277048705287,1288.8156441319013,1288.8156441319013,1284.3505164058863,1284.3505164058863,1284.3505164058863,1284.3505164058863,1284.3505164058863,1284.3505164058863,1284.3505164058863,1284.3505164058863,1284.3505164058863,1284.3505164058863,1284.3505164058863,1283.9676292565382,1283.9676292565382,1283.9676292565382,1275.6849533327165,1275.6849533327165,1275.6849533327165,1275.6849533327165,1275.6849533327165,1275.6849533327165,1275.6849533327165,1275.6849533327165,1275.6849533327165,1275.6849533327165,1275.6849533327165,1275.6849533327165,1275.6849533327165,1275.6849533327165,1272.6212711835187,1272.6212711835187,1272.6212711835187,1272.6212711835187,1272.6212711835187,1272.6212711835187,1272.6212711835187,1272.6212711835187,1272.6212711835187,1272.6212711835187,1272.6212711835187,1272.6212711835187,1272.6212711835187,1272.6212711835187,1272.6212711835187,1272.6212711835187,1272.6212711835187,1272.6212711835187,1272.6212711835187,1272.6212711835187,1272.6212711835187,1272.6212711835187,1272.6212711835187,1272.6212711835187,1272.6212711835187,1272.6212711835187,1272.6212711835187,1272.6212711835187,1272.6212711835187,1272.6212711835187,1272.6212711835187,1272.6212711835187,1272.6212711835187,1272.6212711835187,1272.6212711835187,1272.6212711835187,1272.6212711835187,1272.6212711835187,1272.6212711835187,1272.6212711835187,1272.6212711835187,1270.898413543701,1270.898413543701,1270.898413543701,1270.898413543701,1270.898413543701,1270.898413543701,1270.898413543701,1270.898413543701,1270.898413543701,1270.898413543701,1270.898413543701,1270.898413543701,1270.898413543701,1270.898413543701,1270.898413543701,1270.898413543701,1270.898413543701,1270.898413543701,1270.898413543701,1270.898413543701,1270.898413543701,1270.898413543701,1270.898413543701,1270.898413543701,1270.898413543701,1270.898413543701,1270.898413543701,1270.898413543701,1270.898413543701,1270.898413543701,1270.898413543701,1270.898413543701,1270.898413543701,1270.1984749647374,1270.1984749647374,1270.1984749647374,1270.1984749647374,1270.1984749647374,1270.1984749647374,1270.1984749647374,1270.1984749647374,1270.1984749647374,1270.1984749647374,1270.1984749647374,1270.1984749647374,1270.1984749647374,1270.1984749647374,1270.1984749647374,1270.1984749647374,1270.1984749647374,1270.1984749647374,1270.1984749647374,1270.1984749647374,1270.1984749647374,1270.1984749647374,1270.1984749647374,1270.1984749647374,1270.1984749647374,1270.1984749647374,1270.1984749647374,1270.1984749647374,1270.1984749647374,1270.1984749647374,1270.1984749647374,1270.1984749647374,1270.1984749647374,1270.1984749647374,1270.1984749647374,1270.1984749647374,1270.1984749647374,1270.1984749647374,1270.1984749647374,1270.1984749647374,1270.1984749647374,1270.1984749647374,1270.1984749647374,1270.1984749647374,1270.1984749647374,1270.1984749647374,1270.1984749647374,1270.1984749647374,1270.1984749647374,1270.1984749647374,1270.1984749647374,1270.1984749647374,1270.1984749647374,1270.1984749647374,1270.1984749647374,1270.1984749647374,1270.1984749647374,1270.1984749647374,1270.1984749647374,1270.1984749647374,1270.1984749647374,1270.1984749647374,1270.1984749647374,1270.1984749647374,1270.1984749647374,1270.1984749647374,1270.1984749647374,1270.1984749647374,1270.1984749647374,1270.1984749647374,1270.1984749647374,1270.1984749647374,1270.1984749647374,1270.1984749647374,1270.1984749647374,1270.1984749647374,1270.1984749647374,1270.1984749647374,1270.1984749647374,1270.1984749647374,1270.1984749647374,1270.1984749647374,1270.1984749647374,1270.1984749647374,1270.1984749647374,1270.1984749647374,1270.1984749647374,1270.1984749647374,1270.1984749647374,1270.1984749647374,1270.1984749647374,1270.1984749647374,1270.1984749647374,1270.1984749647374,1270.1984749647374,1270.1984749647374,1270.1984749647374,1270.1984749647374,1270.1984749647374,1270.1984749647374,1270.1984749647374,1270.1984749647374,1270.1984749647374,1270.1984749647374,1270.1984749647374,1270.1984749647374,1270.1984749647374,1270.1984749647374,1270.1984749647374,1270.1984749647374,1270.1984749647374,1270.1984749647374,1270.1984749647374,1270.1984749647374,1270.1984749647374,1270.1984749647374,1270.1984749647374,1270.1984749647374,1270.1984749647374,1270.1984749647374,1270.1984749647374,1270.1984749647374,1270.1984749647374,1270.1984749647374,1270.1984749647374,1270.1984749647374,1270.1984749647374,1270.1984749647374,1270.1984749647374,1270.1984749647374,1270.1984749647374,1270.1984749647374,1270.1984749647374,1270.1984749647374,1269.4766535638942,1269.4766535638942,1269.4766535638942,1269.4766535638942,1269.4766535638942,1269.4766535638942,1269.4766535638942,1269.4766535638942,1269.4766535638942,1269.4766535638942,1269.4766535638942,1269.4766535638942,1269.4766535638942,1269.4766535638942,1269.4766535638942,1269.4766535638942,1269.4766535638942,1269.4766535638942,1269.4766535638942,1269.4766535638942,1269.4766535638942,1269.4766535638942,1269.4766535638942,1269.4766535638942,1269.4766535638942,1269.4766535638942,1269.4766535638942,1269.4766535638942,1269.4766535638942,1269.4766535638942,1269.4766535638942,1269.4766535638942,1269.4766535638942,1269.4766535638942,1269.4766535638942,1269.4766535638942,1269.4766535638942,1268.7767149849305,1267.5214728729443,1267.5214728729443,1267.5214728729443,1267.5214728729443,1267.5214728729443,1267.5214728729443,1267.5214728729443,1267.5214728729443,1267.5214728729443,1267.5214728729443,1267.5214728729443,1267.5214728729443,1267.5214728729443,1267.5214728729443,1267.5214728729443,1267.5214728729443,1267.5214728729443,1267.5214728729443,1267.5214728729443,1267.5214728729443,1267.5214728729443,1267.5214728729443,1267.5214728729443,1267.5214728729443,1267.5214728729443,1267.5214728729443,1267.5214728729443,1266.8215342939807,1266.8215342939807,1266.8215342939807,1266.2898496947387,1266.2898496947387,1266.2898496947387,1266.2898496947387,1266.2898496947387,1266.2898496947387,1266.2898496947387,1266.2898496947387,1266.2898496947387,1266.2898496947387,1266.2898496947387,1266.2898496947387,1266.2898496947387,1266.2898496947387,1266.2898496947387,1266.2898496947387,1266.2898496947387,1266.2898496947387,1266.2898496947387,1266.2898496947387,1266.2898496947387,1266.2898496947387,1266.2898496947387,1266.2898496947387,1266.2898496947387,1266.2898496947387,1266.2898496947387,1266.2898496947387,1266.2898496947387,1266.2898496947387,1266.2898496947387,1266.2898496947387,1266.2898496947387,1266.2898496947387,1266.2898496947387,1266.2898496947387,