{"front":[{"trucks":[[46,45,7,54,59,3,21],[4,16,61,37,49,36,15,5,60,23,10],[19,30,12,29,57,14,17],[63,50,44,53],[48,62,51,11,13],[27,24,26,40,43,64,58],[33,38,20,25,6,52,56],[18,9,22,28,39,35,41],[2,8,31,47,42,55,32,34]],"distance":906.8503998956992,"fuel":1316.318907954178},{"trucks":[[46,45,59,54,7,3,21],[4,16,49,37,61,36,15,5,60,23,10],[19,30,12,29,57,14,17],[63,50,44,53],[48,62,51,11,13],[27,24,26,40,43,64,58],[33,38,20,25,6,52,56],[18,9,22,28,39,35,41],[2,8,31,47,42,55,32,34]],"distance":907.6671890716732,"fuel":1314.3699484768545},{"distance":908.8632702890816,"trucks":[[46,45,59,54,7,3,21],[4,16,49,37,61,36,15,5,60,23,10],[19,30,12,29,57,14,17],[63,50,44,53],[48,62,51,11,13],[24,26,40,43,64,58,27],[33,38,20,25,6,52,56],[18,9,22,28,39,35,41],[2,8,31,47,42,55,32,34]],"fuel":1314.1276920957996}],"Optimal":861,"benchmark":"B-n64-k9"}