{"Optimal":593,"front":[{"fuel":972.6526272258535,"trucks":[[59,39,66,67,60,15,20,55,14,58,16,6,38,21,71,61,72,37,48,49],[3,31,75,29,22,70,62,65,23,63,74,2,44,43,42,57,24,64,17,7],[18,13,41,33,10,40,73,11,32,56,26,51,19,25,50,4,45,52,34],[76,69,5,46,30,28,53,35,47,9,36,54,12,8,27,68]],"distance":667.7276777819218},{"fuel":967.5165875917229,"trucks":[[59,39,66,67,60,15,20,55,14,58,16,6,38,21,71,61,72,37,48,49],[7,3,31,75,29,22,70,62,65,23,63,74,2,44,43,42,57,24,64,17],[18,13,41,33,10,40,73,11,32,56,26,51,19,25,50,4,45,52,34],[76,69,5,46,30,28,53,35,47,9,36,54,12,8,27,68]],"distance":668.9624245270294}],"benchmark":"P-n76-k4"}