{"benchmark":"P-n65-k10","optimalDistance":792,"distanceSequence":[871.9719834518581,871.9719834518581,871.9719834518581,871.9719834518581,871.9719834518581,871.9719834518581,871.9719834518581,870.46283019484,870.46283019484,870.46283019484,870.46283019484,870.46283019484,870.46283019484,869.2875922055389,869.2875922055389,868.621214915449,868.621214915449,868.621214915449,868.621214915449,868.621214915449,868.621214915449,863.7368825474846,863.7368825474846,863.7368825474846,863.7368825474846,863.7368825474846,863.7368825474846,863.7368825474846,863.247285060912,863.247285060912,863.247285060912,863.247285060912,862.1162699470575,862.1162699470575,862.1162699470575,862.1162699470575,862.1162699470575,862.1162699470575,858.6220196123493,858.6220196123493,858.6220196123493,858.6220196123493,858.6220196123493,858.6220196123493,858.6220196123493,858.6220196123493,858.6220196123493,858.6220196123493,858.1532770675265,858.1532770675265,853.459087307988,853.459087307988,853.459087307988,853.459087307988,853.459087307988,853.459087307988,853.459087307988,853.459087307988,852.9903447631652,852.9903447631652,852.9903447631652,852.9903447631652,852.9903447631652,852.9903447631652,852.9903447631652,852.9903447631652,852.9903447631652,849.4045579182066,849.4045579182066,849.4045579182066,849.4045579182066,849.4045579182066,849.4045579182066,849.0526759928957,849.0526759928957,849.0526759928957,847.7839453177795,847.7839453177795,839.4921492502789,839.4921492502789,839.4921492502789,839.4921492502789,839.4921492502789,839.4921492502789,839.4921492502789,839.4921492502789,839.4921492502789,839.4921492502789,839.4921492502789,839.4921492502789,839.4921492502789,836.9401179572175,836.9401179572175,836.9401179572175,836.9401179572175,836.9401179572175,836.9401179572175,836.9401179572175,836.9401179572175,836.9401179572175,836.9401179572175,836.9401179572175,836.9401179572175,836.9401179572175,836.9401179572175,836.350090634835,836.350090634835,836.350090634835,836.350090634835,836.350090634835,836.350090634835,836.350090634835,836.350090634835,836.350090634835,836.350090634835,836.350090634835,836.350090634835,836.350090634835,836.350090634835,836.350090634835,836.350090634835,836.350090634835,836.350090634835,836.350090634835,835.9982087095242,835.9982087095242,835.9982087095242,835.9982087095242,835.9982087095242,835.9982087095242,835.9982087095242,835.9982087095242,835.9982087095242,835.9982087095242,835.9982087095242,835.9982087095242,835.9982087095242,835.9982087095242,835.9982087095242,835.9982087095242,835.9982087095242,835.9982087095242,835.9982087095242,835.9982087095242,835.9982087095242,835.9982087095242,835.9982087095242,835.9982087095242,835.9982087095242,835.9982087095242,835.9982087095242,835.9982087095242,835.9982087095242,835.9982087095242,835.9982087095242,835.9982087095242,835.9982087095242,835.9982087095242,835.9982087095242,835.9982087095242,835.9982087095242,835.9982087095242,835.9982087095242,835.9982087095242,835.9982087095242,835.9982087095242,835.9982087095242,835.9982087095242,835.9982087095242,835.9982087095242,835.9982087095242,835.9982087095242,835.9982087095242,835.9982087095242,835.9982087095242,835.9982087095242,835.9982087095242,835.9982087095242,835.9982087095242,835.9982087095242,835.9982087095242,835.9982087095242,835.9982087095242,835.9982087095242,835.9982087095242,835.9982087095242,835.9982087095242,835.9982087095242,835.9982087095242,835.9982087095242,835.9982087095242,835.9982087095242,835.9982087095242,835.9982087095242,835.9982087095242,835.9982087095242,835.9982087095242,835.9982087095242,835.9982087095242,835.9982087095242,835.9982087095242,835.9982087095242,834.2257939893606,834.2257939893606,834.2257939893606,834.2257939893606,834.2257939893606,833.194917845885,833.194917845885,833.194917845885,833.194917845885,833.194917845885,833.194917845885,833.194917845885,833.194917845885,833.194917845885,833.194917845885,833.194917845885,833.194917845885,833.194917845885,833.194917845885,833.194917845885,833.194917845885,833.194917845885,833.194917845885,831.4225031257216,831.4225031257216,831.4225031257216,831.4225031257216,831.4225031257216,831.4225031257216,831.4225031257216,831.4225031257216,831.4225031257216,831.4225031257216,831.4225031257216,831.4225031257216,831.4225031257216,831.4225031257216,831.4225031257216,831.4225031257216,831.4225031257216,831.4225031257216,831.4225031257216,831.4225031257216,831.4225031257216,831.4225031257216,831.4225031257216,831.4225031257216,831.4225031257216,831.4225031257216,831.4225031257216,831.4225031257216,831.4225031257216,831.4225031257216,831.4225031257216,831.4225031257216,831.4225031257216,831.4225031257216,831.4225031257216,831.4225031257216,831.4225031257216,831.4225031257216,831.4225031257216,831.4225031257216,831.4225031257216,831.4225031257216,831.4225031257216,831.4225031257216,831.4225031257216,831.4225031257216,831.4225031257216,831.4225031257216,831.4225031257216,831.4225031257216,831.4225031257216,831.4225031257216,831.4225031257216,831.4225031257216,831.4225031257216,831.4225031257216,831.4225031257216,831.4225031257216,831.4225031257216,831.4225031257216,831.4225031257216,831.4225031257216,831.4225031257216,831.4225031257216,831.4225031257216,831.4225031257216,831.4225031257216,831.4225031257216,831.4225031257216,831.4225031257216,831.4225031257216,831.4225031257216,831.4225031257216,831.4225031257216,831.4225031257216,831.4225031257216,831.4225031257216,831.4225031257216,831.4225031257216,831.4225031257216,831.4225031257216,831.4225031257216,831.4225031257216,831.4225031257216,831.4225031257216,831.4225031257216,831.4225031257216,831.4225031257216,831.4225031257216,831.4225031257216,831.4225031257216,831.4225031257216,831.4225031257216,831.4225031257216,831.4225031257216,831.4225031257216,831.4225031257216,831.4225031257216,831.4225031257216,831.4225031257216,831.4225031257216,831.4225031257216,831.4225031257216,831.4225031257216,831.4225031257216,831.4225031257216,831.4225031257216,831.4225031257216,831.4225031257216,831.4225031257216,831.4225031257216,831.4225031257216,831.4225031257216,831.4225031257216,831.4225031257216,831.4225031257216,831.4225031257216,831.4225031257216,831.4225031257216,831.4225031257216,831.4225031257216,831.4225031257216,831.4225031257216,831.4225031257216,831.4225031257216,831.4225031257216,831.4225031257216,831.4225031257216,831.4225031257216,831.4225031257216,831.4225031257216,831.4225031257216,831.4225031257216,831.4225031257216,831.4225031257216,831.4225031257216,831.4225031257216,831.4225031257216,831.4225031257216,831.4225031257216,831.4225031257216,831.4225031257216,831.4225031257216,831.4225031257216,831.4225031257216,831.4225031257216,831.4225031257216,831.4225031257216,831.4225031257216,831.4225031257216,831.4225031257216,831.4225031257216,831.4225031257216,831.4225031257216,831.4225031257216,831.4225031257216,831.4225031257216,831.4225031257216,831.4225031257216,831.4225031257216,831.4225031257216,831.4225031257216,831.4225031257216,831.4225031257216,831.4225031257216,831.4225031257216,831.4225031257216,831.4225031257216,831.4225031257216,831.4225031257216,831.4225031257216,831.4225031257216,831.4225031257216,830.770027283223,830.770027283223,830.770027283223,830.770027283223,830.770027283223,830.770027283223,830.770027283223,830.770027283223,830.770027283223,830.770027283223,830.770027283223,830.770027283223,830.770027283223,830.770027283223,830.770027283223,830.770027283223,830.770027283223,830.770027283223,830.770027283223,830.770027283223,830.770027283223,830.770027283223,830.770027283223,830.770027283223,830.770027283223,830.770027283223,830.770027283223,830.770027283223,830.770027283223,830.770027283223,830.770027283223,830.770027283223,830.770027283223,830.770027283223,830.770027283223,830.770027283223,830.770027283223,830.770027283223,830.770027283223,830.770027283223,830.770027283223,830.770027283223,830.770027283223,830.770027283223,830.770027283223,830.770027283223,830.770027283223,830.770027283223,830.770027283223,