{"benchmark":"P-n65-k10","Optimal":792,"front":[{"trucks":[[59,11,39,12,54],[8,36,15,60,20,55,14],[2,44,43,42,57,24,50,25],[22,48,37,61,21,38,30],[45,33,51,19,26,56,32],[3,29,62,65,23,63],[7,34,64,17,4,52,18],[35,47,9,53,28,5],[31,49,6,16,58,46],[27,13,40,10,41]],"distance":825.8978498192781,"fuel":1173.2102003363834},{"distance":828.2405029385284,"trucks":[[59,11,39,12,54],[8,36,15,60,20,55,14],[2,44,43,42,57,24,50,25],[22,48,37,61,21,38,30],[45,33,51,19,56,26,32],[3,29,62,65,23,63],[7,34,64,17,4,52,18],[35,47,9,53,28,5],[31,49,6,16,58,46],[27,13,41,10,40]],"fuel":1172.6905747965045},{"fuel":1172.5643477518438,"trucks":[[59,11,39,12,54],[8,36,15,60,20,55,14],[2,44,43,42,57,24,50,25],[22,48,37,61,21,38,30],[45,33,51,19,26,56,32],[3,29,62,65,23,63],[7,34,64,17,4,52,18],[35,47,9,53,28,5],[31,49,6,16,58,46],[27,13,41,10,40]],"distance":828.9197833431508}]}