{"benchmark":"P-n65-k10","Optimal":792,"front":[{"fuel":1220.2817177553184,"trucks":[[46,30,6,16,58,14,55,20],[39,11,59,40,10,26],[2,44,43,42,57,24,50,25],[8,54,12,60,15],[4,45,33,51,19,56,32],[31,22,48,37,61,21,38],[34,63,23,65,64,17,52],[3,29,62,49,28,53],[27,13,41,18,7],[5,35,47,9,36]],"distance":866.4812291027773},{"fuel":1216.9740657064315,"distance":868.1769797884368,"trucks":[[46,30,6,16,58,14,55,20],[39,11,59,40,10,26],[2,44,43,42,57,24,50,25],[8,54,12,60,15],[4,45,33,51,19,56,32],[31,22,48,37,61,21,38],[52,17,64,34,65,23,63],[3,29,62,49,28,53],[27,13,41,18,7],[5,35,47,9,36]]},{"distance":872.2760265855599,"fuel":1214.8435474511375,"trucks":[[46,30,6,16,58,14,55,20],[39,11,59,40,10,26],[2,44,43,42,57,24,50,25],[8,54,12,60,15],[4,45,33,51,19,56,32],[31,22,48,37,61,21,38],[52,17,64,34,63,23,65],[3,29,62,49,28,53],[27,13,41,18,7],[5,35,47,9,36]]}]}