{"benchmark":"P-n65-k10","front":[{"trucks":[[8,54,12,60,15],[33,51,19,56,26,10,40],[22,48,37,61,21,38,6],[46,30,16,58,14,55,20,36,9],[3,29,62,65,23,63],[41,45,4,25,50,24,34],[52,17,64,57,42,43,44,2],[13,59,11,32,39,27],[35,47,53,28,49,31],[5,7,18]],"distance":830.770027283223,"fuel":1196.1350953222438},{"fuel":1189.0132807009697,"distance":832.5424420033866,"trucks":[[8,54,12,60,15],[33,51,19,56,26,10,40],[22,48,37,61,21,38,6],[46,30,16,58,14,55,20,36,9],[3,29,62,65,23,63],[41,45,4,25,50,24,34],[52,17,64,57,42,43,44,2],[27,13,59,11,32,39],[35,47,53,28,49,31],[5,7,18]]}],"Optimal":792}