{"optimalDistance":1162,"distanceSequence":[1381.1463966803663,1381.1463966803663,1381.1463966803663,1381.1463966803663,1381.1463966803663,1381.1463966803663,1381.1463966803663,1374.7896592692841,1374.7896592692841,1374.7896592692841,1374.7896592692841,1374.7896592692841,1374.7896592692841,1373.0044719136204,1373.0044719136204,1373.0044719136204,1373.0044719136204,1373.0044719136204,1373.0044719136204,1373.0044719136204,1373.0044719136204,1373.0044719136204,1373.0044719136204,1372.5046777893003,1372.5046777893003,1372.5046777893003,1372.5046777893003,1372.5046777893003,1372.5046777893003,1372.0806436644211,1371.7617997264315,1371.7617997264315,1371.7617997264315,1371.7617997264315,1371.7617997264315,1371.7617997264315,1371.7617997264315,1371.7617997264315,1371.6918935492758,1371.6918935492758,1371.6918935492758,1370.8840349975521,1370.8840349975521,1370.8840349975521,1370.8840349975521,1370.8840349975521,1370.3087088290295,1370.3087088290295,1370.3087088290295,1370.3087088290295,1370.3087088290295,1370.3087088290295,1370.3087088290295,1370.3087088290295,1370.3087088290295,1366.496324669376,1366.496324669376,1366.496324669376,1366.496324669376,1366.496324669376,1366.496324669376,1366.496324669376,1366.496324669376,1366.496324669376,1366.496324669376,1366.496324669376,1366.3461095108737,1366.3461095108737,1366.3461095108737,1366.2765630538079,1366.2765630538079,1366.2765630538079,1366.2765630538079,1366.2765630538079,1366.2765630538079,1366.2765630538079,1366.2765630538079,1366.2765630538079,1366.2765630538079,1366.2765630538079,1366.2765630538079,1366.2765630538079,1366.1263478953056,1366.1263478953056,1366.1263478953056,1366.1263478953056,1366.1263478953056,1366.1263478953056,1366.1263478953056,1365.7662307776977,1365.7662307776977,1365.7662307776977,1365.7662307776977,1365.7662307776977,1365.7662307776977,1365.7662307776977,1365.7662307776977,1365.7662307776977,1365.7662307776977,1365.6472967649452,1365.6472967649452,1357.5282099992774,1357.5282099992774,1357.5282099992774,1357.5282099992774,1357.5282099992774,1357.5282099992774,1357.5282099992774,1357.5282099992774,1357.5282099992774,1357.5282099992774,1357.5282099992774,1356.8996095174894,1356.5360513361416,1356.5360513361416,1356.5360513361416,1356.5360513361416,1356.5360513361416,1356.5360513361416,1356.5360513361416,1356.5360513361416,1355.2027330383316,1355.2027330383316,1355.2027330383316,1355.2027330383316,1355.2027330383316,1352.804887965915,1352.804887965915,1352.804887965915,1352.804887965915,1352.804887965915,1352.804887965915,1352.804887965915,1347.5939325866611,1347.5939325866611,1347.5939325866611,1347.5939325866611,1347.5939325866611,1347.5939325866611,1347.5939325866611,1347.5939325866611,1347.5939325866611,1347.5939325866611,1347.5939325866611,1347.0483635924293,1347.0483635924293,1347.0483635924293,1347.0483635924293,1347.0483635924293,1347.0483635924293,1347.0483635924293,1347.0483635924293,1345.3353286791353,1345.3353286791353,1345.3353286791353,1345.3353286791353,1345.3353286791353,1345.3353286791353,1345.3353286791353,1345.3353286791353,1343.536960070387,1343.536960070387,1343.536960070387,1343.536960070387,1343.536960070387,1343.536960070387,1343.536960070387,1343.536960070387,1343.536960070387,1343.536960070387,1343.536960070387,1343.536960070387,1343.536960070387,1343.536960070387,1343.536960070387,1343.536960070387,1343.1768429527788,1343.1768429527788,1343.1768429527788,1343.1768429527788,1342.3345330562265,1342.3345330562265,1342.3345330562265,1342.2382112325681,1342.2382112325681,1342.2382112325681,1342.2382112325681,1342.2382112325681,1342.2382112325681,1342.2382112325681,1323.598945935245,1323.598945935245,1323.598945935245,1323.598945935245,1322.3628779577452,1322.3628779577452,1322.3628779577452,1322.3628779577452,1322.3628779577452,1321.1675879650393,1321.1675879650393,1321.1675879650393,1321.1675879650393,1321.1675879650393,1321.1675879650393,1321.1675879650393,1321.1675879650393,1320.6286307750047,1320.6286307750047,1320.6286307750047,1320.6286307750047,1320.6286307750047,1320.6286307750047,1320.6286307750047,1320.053304606482,1320.053304606482,1320.053304606482,1320.053304606482,1320.053304606482,1320.053304606482,1320.053304606482,1319.6899990547936,1319.6899990547936,1319.6899990547936,1319.6899990547936,1319.2802537065816,1319.2109947099298,1319.2109947099298,1316.158462657293,1316.158462657293,1316.158462657293,1316.158462657293,1316.158462657293,1316.158462657293,1316.158462657293,1316.158462657293,1316.158462657293,1316.158462657293,1316.158462657293,1316.158462657293,1315.3854117573926,1315.3854117573926,1315.3854117573926,1315.3854117573926,1315.3854117573926,1315.3854117573926,1315.3854117573926,1314.81008558887,1314.81008558887,1314.81008558887,1314.81008558887,1314.81008558887,1314.81008558887,1314.81008558887,1314.81008558887,1314.81008558887,1314.81008558887,1314.81008558887,1314.81008558887,1314.81008558887,1314.81008558887,1313.3100158389043,1313.3100158389043,1313.3100158389043,1313.3100158389043,1313.3100158389043,1313.3100158389043,1313.3100158389043,1313.3100158389043,1313.3100158389043,1313.3100158389043,1312.3713841186932,1312.3713841186932,1312.3713841186932,1312.3713841186932,1312.3713841186932,1312.3713841186932,1310.2481285243898,1310.2481285243898,1310.2481285243898,1310.2481285243898,1310.2481285243898,1310.2481285243898,1310.2481285243898,1310.2481285243898,1310.2481285243898,1310.2481285243898,1310.2481285243898,1310.2481285243898,1310.2481285243898,1310.2481285243898,1310.2481285243898,1310.2481285243898,1310.2481285243898,1310.2481285243898,1310.2481285243898,1309.4743721621471,1308.0331652146465,1308.0331652146465,1308.0331652146465,1308.0331652146465,1308.0331652146465,1308.0331652146465,1308.0331652146465,1308.0331652146465,1308.0331652146465,1308.0331652146465,1308.0331652146465,1308.0331652146465,1308.0331652146465,1308.0331652146465,1308.0331652146465,1308.0331652146465,1307.2594088524033,1307.2594088524033,1307.2594088524033,1307.2594088524033,1307.2594088524033,1307.2594088524033,1307.2594088524033,1307.2594088524033,1307.2594088524033,1307.2594088524033,1307.2594088524033,1307.2594088524033,1307.2594088524033,1307.0313412571968,1307.0313412571968,1307.0313412571968,1307.0313412571968,1307.0313412571968,1307.0313412571968,1307.0313412571968,1307.0313412571968,1307.0313412571968,1307.0313412571968,1307.0313412571968,1306.0927095369857,1306.0927095369857,1306.0927095369857,1306.0927095369857,1306.0927095369857,1306.0927095369857,1306.0927095369857,1306.0927095369857,1306.0927095369857,1306.0927095369857,1303.8067468295112,1303.8067468295112,1303.8067468295112,1303.6878128167587,1303.6878128167587,1303.6878128167587,1303.6878128167587,1303.6878128167587,1303.6878128167587,1303.6878128167587,1300.9685832132755,1300.9685832132755,1300.9685832132755,1300.9685832132755,1300.9685832132755,1300.9685832132755,1300.9685832132755,1300.9685832132755,1300.9685832132755,1300.9685832132755,1300.9685832132755,1300.9412816481,1300.9412816481,1300.9412816481,1300.9412816481,1300.9412816481,1300.9412816481,1300.9412816481,1300.9412816481,1300.9412816481,1300.9412816481,1300.7642483708146,1300.7642483708146,1300.7642483708146,1300.7642483708146,1300.7642483708146,1300.7642483708146,1300.7642483708146,1300.7642483708146,1300.7642483708146,1300.7642483708146,1300.7642483708146,1300.7642483708146,1300.7642483708146,1300.7642483708146,1300.7642483708146,1300.7642483708146,1299.8256166506035,1299.8256166506035,1299.8256166506035,1299.8256166506035,1299.8256166506035,1299.8256166506035,1299.8256166506035,1299.8256166506035,1297.2027343802852,1297.2027343802852,1297.2027343802852,1297.2027343802852,1297.2027343802852,1297.2027343802852,1297.2027343802852,1297.2027343802852,1297.2027343802852,1297.2027343802852,1297.2027343802852,1297.2027343802852,1297.2027343802852,1297.2027343802852,1297.2027343802852,1297.2027343802852,1297.2027343802852,1297.2027343802852,1297.2027343802852,1297.2027343802852,1297.2027343802852,1297.2027343802852,