{"benchmark":"B-n67-k10","front":[{"fuel":1540.0956739092187,"distance":1100.9309634740184,"trucks":[[43,45,41,65,35,7,37],[29,14,59,23,53,46,13],[12,36,50,2,20,21],[49,10,54,40],[64,63,62,31,58,4,61],[30,60,25,8,51,15,5,47],[18,39,11,28,44,17,42,67],[52,9,24,38,66,33,19],[34,48,3,27,32],[6,16,57,56,55,22,26]]},{"fuel":1537.497591676998,"distance":1100.9351738698033,"trucks":[[54,45,41,65,35,7,37],[29,14,59,23,53,46,13],[12,36,50,2,20,21],[49,10,43,40],[64,63,62,31,58,4,61],[17,30,60,25,8,51,15,5,47],[18,39,11,28,44,42,67],[52,9,24,38,66,33,19],[34,48,3,27,32],[6,16,57,56,55,22,26]]},{"fuel":1534.3424513800062,"distance":1102.3347898223483,"trucks":[[54,45,41,65,35,7,37],[29,14,59,23,53,46,13],[12,36,50,2,20,21],[49,10,43,40],[64,63,62,31,58,4,61],[30,60,25,8,51,15,5,47],[18,39,11,28,44,17,42,67],[52,66,38,24,9,33,19],[34,48,3,27,32],[6,16,57,56,55,22,26]]},{"fuel":1534.1929440425672,"distance":1102.8092315836848,"trucks":[[54,45,41,65,35,7,37],[29,14,59,23,53,46,13],[12,36,50,2,20,21],[49,10,40,43],[64,63,62,31,58,4,61],[30,60,25,8,51,15,5,47],[18,39,11,28,44,17,42,67],[52,66,38,24,9,33,19],[34,48,3,27,32],[6,16,57,56,55,22,26]]}],"Optimal":1032}