{"optimalDistance":627,"distanceSequence":[744.4365401891048,744.4365401891048,744.4365401891048,744.4365401891048,744.4365401891048,744.4365401891048,744.4365401891048,744.4365401891048,744.4365401891048,744.4365401891048,744.4365401891048,744.4365401891048,744.4365401891048,744.4365401891048,744.4365401891048,744.4365401891048,744.4365401891048,744.4365401891048,744.4365401891048,744.4365401891048,744.4365401891048,744.4365401891048,744.4365401891048,744.4365401891048,744.4365401891048,744.4365401891048,744.4365401891048,744.4365401891048,744.4365401891048,744.4365401891048,744.4365401891048,744.4365401891048,744.4365401891048,744.4365401891048,744.4365401891048,744.4365401891048,744.4365401891048,744.4365401891048,744.4365401891048,744.4365401891048,744.4365401891048,744.4365401891048,744.4365401891048,744.4365401891048,744.4365401891048,744.4365401891048,744.4365401891048,744.4365401891048,744.4365401891048,744.4365401891048,744.4365401891048,744.4365401891048,744.4365401891048,744.4365401891048,744.4365401891048,744.4365401891048,744.4365401891048,744.4365401891048,744.4365401891048,744.4365401891048,744.4365401891048,744.4365401891048,744.4365401891048,744.4365401891048,744.4365401891048,744.4365401891048,744.4365401891048,744.4365401891048,744.4365401891048,744.4365401891048,744.4365401891048,744.4365401891048,744.4365401891048,744.4365401891048,744.4365401891048,744.4365401891048,744.4365401891048,744.4365401891048,744.4365401891048,744.4365401891048,744.4365401891048,744.4365401891048,744.4365401891048,744.4365401891048,744.4365401891048,744.4365401891048,744.4365401891048,744.4365401891048,744.4365401891048,744.4365401891048,744.4365401891048,744.4365401891048,744.4365401891048,744.4365401891048,744.4365401891048,744.4365401891048,744.4365401891048,744.4365401891048,744.4365401891048,744.4365401891048,744.4365401891048,744.4365401891048,744.4365401891048,744.4365401891048,744.4365401891048,744.4365401891048,744.4365401891048,744.4365401891048,744.4365401891048,744.4365401891048,744.4365401891048,744.4365401891048,744.4365401891048,744.4365401891048,744.4365401891048,744.4365401891048,744.4365401891048,744.4365401891048,744.4365401891048,744.4365401891048,744.4365401891048,744.4365401891048,744.4365401891048,744.4365401891048,744.4365401891048,744.4365401891048,744.4365401891048,744.4365401891048,744.4365401891048,744.4365401891048,744.4365401891048,744.4365401891048,744.4365401891048,744.4365401891048,744.4365401891048,744.4365401891048,744.4365401891048,744.4365401891048,744.4365401891048,744.4365401891048,744.4365401891048,744.4365401891048,744.4365401891048,744.4365401891048,744.4365401891048,744.4365401891048,744.4365401891048,738.563803140328,738.563803140328,738.563803140328,738.563803140328,738.563803140328,733.1777927557541,733.1777927557541,733.1777927557541,733.1777927557541,733.1777927557541,733.1777927557541,733.1777927557541,733.1777927557541,733.1777927557541,733.1777927557541,733.1777927557541,733.1777927557541,733.1777927557541,733.1777927557541,733.1777927557541,733.1777927557541,733.1777927557541,733.1777927557541,733.1777927557541,733.1777927557541,733.1777927557541,733.1777927557541,733.1777927557541,733.1777927557541,733.1777927557541,733.1777927557541,733.1777927557541,733.1777927557541,733.1777927557541,733.1777927557541,733.1777927557541,733.1777927557541,733.1777927557541,733.1777927557541,733.1777927557541,733.1777927557541,733.1777927557541,733.1777927557541,733.1777927557541,733.1777927557541,733.1777927557541,733.1777927557541,733.1777927557541,733.1777927557541,733.1777927557541,733.1777927557541,733.1777927557541,733.1777927557541,733.1777927557541,733.1777927557541,733.1777927557541,733.1777927557541,733.1777927557541,733.1777927557541,733.1777927557541,733.1777927557541,733.1777927557541,733.1777927557541,733.1777927557541,733.1777927557541,733.1777927557541,733.1777927557541,733.1777927557541,733.1777927557541,733.1777927557541,733.1777927557541,733.1777927557541,733.1777927557541,733.1777927557541,733.1777927557541,733.1777927557541,733.1777927557541,733.1777927557541,733.1777927557541,733.1777927557541,733.1777927557541,733.1777927557541,733.1777927557541,733.1777927557541,733.1777927557541,733.1777927557541,733.1777927557541,733.1777927557541,733.1777927557541,733.1777927557541,733.1777927557541,733.1777927557541,733.1777927557541,733.1777927557541,733.1777927557541,733.1777927557541,733.1777927557541,733.1777927557541,733.1777927557541,733.1777927557541,733.1777927557541,733.1777927557541,733.1777927557541,733.1777927557541,733.1777927557541,733.1777927557541,733.1777927557541,733.1777927557541,733.1777927557541,733.1777927557541,733.1777927557541,733.1777927557541,733.1777927557541,733.1777927557541,733.1777927557541,733.1777927557541,733.1777927557541,733.1777927557541,733.1777927557541,733.1777927557541,733.1777927557541,733.1777927557541,733.1777927557541,733.1777927557541,733.1777927557541,733.1777927557541,733.1777927557541,733.1777927557541,733.1777927557541,733.1777927557541,733.1777927557541,733.1777927557541,733.1777927557541,733.1777927557541,733.1777927557541,733.1777927557541,733.1777927557541,733.1777927557541,733.1777927557541,733.1777927557541,733.1777927557541,733.1777927557541,733.1777927557541,733.1777927557541,733.1777927557541,733.1777927557541,733.1777927557541,733.1777927557541,733.1777927557541,733.1777927557541,733.1777927557541,733.1777927557541,733.1777927557541,733.1777927557541,733.1777927557541,733.1777927557541,733.1777927557541,733.1777927557541,733.1777927557541,733.1777927557541,733.1777927557541,733.1777927557541,733.1777927557541,733.1777927557541,733.1777927557541,733.1777927557541,733.1777927557541,733.1777927557541,733.1777927557541,733.1777927557541,733.1777927557541,733.1777927557541,733.1777927557541,733.1777927557541,733.1777927557541,733.1777927557541,733.1777927557541,733.1777927557541,733.1777927557541,733.1777927557541,733.1777927557541,733.1777927557541,733.1777927557541,733.1777927557541,733.1777927557541,733.1777927557541,733.1777927557541,733.1777927557541,733.1777927557541,733.1777927557541,733.1777927557541,733.1777927557541,733.1777927557541,733.1777927557541,733.1777927557541,733.1777927557541,733.1777927557541,733.1777927557541,733.1777927557541,733.1777927557541,733.1777927557541,733.1777927557541,733.1777927557541,733.1777927557541,733.1777927557541,733.1777927557541,733.1777927557541,733.1777927557541,733.1777927557541,733.1777927557541,733.1777927557541,733.1777927557541,733.1777927557541,733.1777927557541,733.1777927557541,733.1777927557541,733.1777927557541,733.1777927557541,733.1777927557541,733.1777927557541,733.1777927557541,733.1777927557541,733.1777927557541,733.1777927557541,733.1777927557541,733.1777927557541,733.1777927557541,733.1777927557541,733.1777927557541,733.1777927557541,733.1777927557541,733.1777927557541,733.1777927557541,733.1777927557541,733.1777927557541,733.1777927557541,733.1777927557541,733.1777927557541,733.1777927557541,733.1777927557541,733.1777927557541,733.1777927557541,733.1777927557541,733.1777927557541,733.1777927557541,733.1777927557541,733.1777927557541,733.1777927557541,733.1777927557541,733.1777927557541,733.1777927557541,733.1777927557541,733.1777927557541,733.1777927557541,733.1777927557541,733.1777927557541,733.1777927557541,733.1777927557541,733.1777927557541,733.1777927557541,733.1777927557541,733.1777927557541,733.1777927557541,733.1777927557541,733.1777927557541,733.1777927557541,733.1777927557541,733.1777927557541,733.1777927557541,733.1777927557541,733.1777927557541,733.1777927557541,733.1777927557541,733.1777927557541,733.1777927557541,733.1777927557541,733.1777927557541,733.1777927557541,733.1777927557541,733.1777927557541,733.1777927557541,733.1777927557541,733.1777927557541,733.1777927557541,733.1777927557541,733.1777927557541,733.1777927557541,733.1777927557541,733.1777927557541,733.1777927557541,733.1777927557541,733.1777927557541,733.1777927557541,733.1777927557541,733.1777927557541,