{"benchmark":"A-n44-k6","Optimal":937,"front":[{"distance":981.3359532365699,"trucks":[[34,11,12,38,43,33,22,6,25],[31,2,36,19,21,17,27],[32,16,8,29,28,20],[5,35,40,13,4,26,7],[18,24,41,30,44,14,39,10],[3,42,15,37,23,9]],"fuel":1399.7716827299084},{"fuel":1391.914783428566,"distance":984.1952930757113,"trucks":[[34,11,12,38,43,33,22,6,25],[31,2,36,19,21,17,27],[32,16,29,28,20],[5,35,40,13,4,26,7],[18,24,41,30,44,14,39,10],[3,42,15,37,23,9,8]]},{"fuel":1387.3772420279229,"trucks":[[34,11,12,38,43,33,22,6,25],[31,2,36,19,21,17,27],[32,20,28,29,16,9],[5,35,40,13,4,26,7],[18,24,41,30,44,14,39,10],[3,42,15,37,23,8]],"distance":984.2975473696565},{"trucks":[[34,11,12,38,43,33,22,6,25],[31,2,36,19,21,17,27],[32,9,16,29,28,20],[5,35,40,13,4,26,7],[18,24,41,30,44,14,39,10],[3,42,15,37,23,8]],"fuel":1380.467847785936,"distance":984.7708382280091}]}