{"benchmark":"E-n23-k3","Optimal":569,"front":[{"trucks":[[13,12,14,10,9,6,5,22,8],[19,20,21,23,18,15,16,17,4,3,2,7],[11]],"distance":569.8846342332732,"fuel":728.5598291492821},{"trucks":[[13,12,10,8,9,6,5,22],[19,20,21,23,18,15,16,17,4,3,2,7],[11,14]],"distance":574.0150528150333,"fuel":726.9112060602147}]}