{"Optimal":1312,"benchmark":"B-n50-k8","front":[{"distance":1339.1573136323045,"trucks":[[15,20,30,29,33],[45,12,17,25,48,27,19,5],[4,14,24,47,23,39],[35,49,8,10,34,13,28,38],[11,2,22,43,18,9],[7,32,31,21,37,44,50],[36,42,46,40,16],[3,41,26,6]],"fuel":1878.0182075983466},{"trucks":[[15,33,29,30,20],[45,12,17,25,48,27,19,5],[4,14,24,47,39,23],[35,49,8,10,34,13,28,38],[11,2,22,43,18,9],[7,32,31,21,37,44,50],[36,42,46,40,16],[3,41,26,6]],"distance":1339.201529570694,"fuel":1874.257155912782}]}