{"Optimal":1073,"benchmark":"A-n48-k7","front":[{"fuel":1661.546124799547,"distance":1171.1363899321,"trucks":[[45,19,36,33,37,46,8,41],[16,9,40,27,21,28],[35,10,30,22,31,47,14,5,25,12,43],[7,23,38,4,26,20,39],[13,6,2,44,24,32],[42,3,11,34,29,48],[15,18,17]]}]}