{"benchmark":"A-n48-k7","Optimal":1073,"front":[{"fuel":1659.5005263642136,"distance":1171.985101038784,"trucks":[[30,22,31,47,14,5,25,43,12,10,35],[6,2,7,33,41],[28,16,9,40,21,27],[15,18,48,17],[37,8,4,38,20,39,26,23],[19,36,45,32,44,24,13],[42,3,11,34,29,46]]},{"fuel":1656.3027100555762,"distance":1174.530048486871,"trucks":[[6,2,7,33,41],[35,10,30,22,31,47,14,25,5,12,43],[28,16,9,40,27,21],[15,18,48,17],[37,8,4,38,20,39,26,23],[42,3,11,34,29,46],[19,36,45,32,44,24,13]]}]}