{"benchmark":"A-n64-k9","Optimal":1401,"front":[{"trucks":[[57,53,14,62,25,33,43,11],[16,54,4,63],[34,21,20,52,46],[15,36,27,22,45,40,50,56,60,32],[39,19,23,13,44,29,28],[35,5,6,55,59,10],[42,61,17,9,47,48,64,3,51,37,41,8],[12,58,18,2,31,38,24],[7,49,26,30]],"fuel":2148.560169736118,"distance":1516.650134093075},{"trucks":[[49,21,20,52],[35,5,6,55,48,10],[57,53,14,62,25,33,43,11],[15,36,27,22,45,40,50,56,60,32],[39,19,23,13,44,29,28],[42,61,17,9,47,64,59,3,51,37,41,8],[46,12,58,18,2,31,38,24],[16,54,4,63],[7,34,26,30]],"fuel":2146.4352070310442,"distance":1521.3833835494784},{"trucks":[[49,21,20,52],[39,19,23,13,44,29,28],[42,61,17,9,47,64,59,3,51,37,41,8],[57,53,14,62,25,33,43,11],[7,26,30,16,34],[35,5,6,55,48,10],[46,12,58,18,2,31,38,24],[15,36,27,22,45,40,50,56,60,32],[63,4,54]],"fuel":2141.1821949968025,"distance":1525.492995146169},{"trucks":[[15,36,27,22,45,40,50,56,60,32],[35,5,6,55,48],[39,19,23,13,44,29,28],[12,58,18,2,31,38,24],[7,26,30,16,46,49],[57,53,14,62,25,33,43,11],[42,61,17,9,47,64,59,3,51,37,41,8],[63,4,54],[34,21,20,52,10]],"fuel":2138.1224834790023,"distance":1527.3554112857269}]}