{"Optimal":1401,"front":[{"trucks":[[15,36,27,22,45,40,50,56,60,32],[62,25,61,17,9,47,64,3,59],[13,29,44,18,2,28,8,41,37,51],[21,20,52,10,35,24,38],[46,16,54,4,31,58,12],[26,30,39,19,23],[6,55,5,48,33,14],[34,49,63],[7,11,42,57,53,43]],"distance":1548.8982136588572,"fuel":2179.6802486606625},{"trucks":[[57,53,14,62,25,61,17,9,47],[18,2,28,15,36,27,22,8,40,45,24],[21,20,52,35,38,60,10],[39,19,23,13,44,29],[6,55,59,3,64,48],[7,26,30,16,46,49],[11,34,4,12,58,31],[33,5,56,50,32,51,37,41],[54,63,43,42]],"distance":1582.224967502839,"fuel":2178.7963434450435}],"benchmark":"A-n64-k9"}