{"optimalDistance":1496,"fuelSequence":[2350.1701058212307,2350.1701058212307,2350.1701058212307,2350.1701058212307,2350.1701058212307,2350.1701058212307,2350.1701058212307,2350.1701058212307,2350.1701058212307,2350.1701058212307,2350.1701058212307,2350.1701058212307,2350.1701058212307,2350.1701058212307,2350.1701058212307,2350.1701058212307,2350.1701058212307,2350.1701058212307,2350.1701058212307,2350.1701058212307,2350.1701058212307,2350.1701058212307,2318.293481090688,2318.293481090688,2318.293481090688,2318.293481090688,2318.293481090688,2318.293481090688,2318.293481090688,2318.293481090688,2318.293481090688,2318.293481090688,2318.293481090688,2318.293481090688,2318.293481090688,2318.293481090688,2318.293481090688,2318.293481090688,2318.293481090688,2318.293481090688,2318.293481090688,2318.293481090688,2318.293481090688,2318.293481090688,2318.293481090688,2318.293481090688,2318.293481090688,2293.936501347388,2293.936501347388,2293.936501347388,2293.936501347388,2293.936501347388,2293.936501347388,2293.936501347388,2293.936501347388,2293.936501347388,2293.936501347388,2293.936501347388,2293.936501347388,2293.936501347388,2293.936501347388,2293.936501347388,2293.936501347388,2293.936501347388,2293.936501347388,2293.936501347388,2293.936501347388,2293.936501347388,2293.936501347388,2293.936501347388,2293.936501347388,2293.936501347388,2293.936501347388,2293.936501347388,2293.936501347388,2293.936501347388,2293.936501347388,2293.936501347388,2293.936501347388,2293.936501347388,2293.936501347388,2293.936501347388,2293.936501347388,2293.936501347388,2293.936501347388,2293.936501347388,2293.936501347388,2293.936501347388,2293.936501347388,2293.936501347388,2293.936501347388,2293.936501347388,2293.936501347388,2293.936501347388,2293.936501347388,2293.936501347388,2293.936501347388,2293.936501347388,2293.936501347388,2293.936501347388,2293.936501347388,2293.936501347388,2293.936501347388,2293.936501347388,2293.936501347388,2293.936501347388,2293.936501347388,2293.936501347388,2293.936501347388,2293.936501347388,2293.936501347388,2293.936501347388,2293.936501347388,2293.936501347388,2293.936501347388,2293.936501347388,2293.936501347388,2293.936501347388,2293.936501347388,2287.549553627692,2287.549553627692,2287.549553627692,2287.549553627692,2276.64658071552,2276.64658071552,2276.64658071552,2276.64658071552,2276.64658071552,2276.64658071552,2276.64658071552,2276.64658071552,2276.64658071552,2268.2378087771117,2268.2378087771117,2268.2378087771117,2268.2378087771117,2268.2378087771117,2268.2378087771117,2268.2378087771117,2268.2378087771117,2268.2378087771117,2268.2378087771117,2268.2378087771117,2268.2378087771117,2268.2378087771117,2268.2378087771117,2268.2378087771117,2268.2378087771117,2268.2378087771117,2268.2378087771117,2268.2378087771117,2268.2378087771117,2268.2378087771117,2268.2378087771117,2268.2378087771117,2268.2378087771117,2268.2378087771117,2268.2378087771117,2268.2378087771117,2268.2378087771117,2268.2378087771117,2268.2378087771117,2268.2378087771117,2268.2378087771117,2268.2378087771117,2268.2378087771117,2268.2378087771117,2268.2378087771117,2268.2378087771117,2268.2378087771117,2268.2378087771117,2268.2378087771117,2268.2378087771117,2268.2378087771117,2268.2378087771117,2268.2378087771117,2268.2378087771117,2268.2378087771117,2268.2378087771117,2268.2378087771117,2268.2378087771117,2268.2378087771117,2268.2378087771117,2268.2378087771117,2268.2378087771117,2268.2378087771117,2268.2378087771117,2268.2378087771117,2268.2378087771117,2268.2378087771117,2268.2378087771117,2268.2378087771117,2268.2378087771117,2268.2378087771117,2268.2378087771117,2268.2378087771117,2268.2378087771117,2268.2378087771117,2268.2378087771117,2268.2378087771117,2268.2378087771117,2268.2378087771117,2268.2378087771117,2268.2378087771117,2268.2378087771117,2268.2378087771117,2268.2378087771117,2268.2378087771117,2268.2378087771117,2268.2378087771117,2268.2378087771117,2268.2378087771117,2259.9999123465864,2259.9999123465864,2259.9999123465864,2259.9999123465864,2259.9999123465864,2259.9999123465864,2259.9999123465864,2259.9999123465864,2259.9999123465864,2259.9999123465864,2259.9999123465864,2259.9999123465864,2259.9999123465864,2259.9999123465864,2259.9999123465864,2259.9999123465864,2259.9999123465864,2259.9999123465864,2259.9999123465864,2259.9999123465864,2259.9999123465864,2259.9999123465864,2259.9999123465864,2259.9999123465864,2259.9999123465864,2259.9999123465864,2259.9999123465864,2259.9999123465864,2259.9999123465864,2259.9999123465864,2248.4659784096652,2248.4659784096652,2248.4659784096652,2248.4659784096652,2248.4659784096652,2248.4659784096652,2248.4659784096652,2248.4659784096652,2248.4659784096652,2248.4659784096652,2248.4659784096652,2248.4659784096652,2248.4659784096652,2248.4659784096652,2248.4659784096652,2248.4659784096652,2248.4659784096652,2248.4659784096652,2248.4659784096652,2248.4659784096652,2248.4659784096652,2248.4659784096652,2248.4659784096652,2248.4659784096652,2248.4659784096652,2248.4659784096652,2248.4659784096652,2248.4659784096652,2248.4659784096652,2248.4659784096652,2248.4659784096652,2248.4659784096652,2248.4659784096652,2248.4659784096652,2248.4659784096652,2248.4659784096652,2248.4659784096652,2248.4659784096652,2248.4659784096652,2248.4659784096652,2248.4659784096652,2248.4659784096652,2248.4659784096652,2248.4659784096652,2248.4659784096652,2248.4659784096652,2248.4659784096652,2248.4659784096652,2248.4659784096652,2248.4659784096652,2248.4659784096652,2248.4659784096652,2248.4659784096652,2248.4659784096652,2248.4659784096652,2248.4659784096652,2248.4659784096652,2248.4659784096652,2248.1626122373777,2248.1626122373777,2248.1626122373777,2248.1626122373777,2248.1626122373777,2248.1626122373777,2248.1626122373777,2248.1626122373777,2248.1626122373777,2248.1626122373777,2248.1626122373777,2248.1626122373777,2248.1626122373777,2248.1626122373777,2248.1626122373777,2248.1626122373777,2248.1626122373777,2248.1626122373777,2248.1626122373777,2248.1626122373777,2248.1626122373777,2248.1626122373777,2248.1626122373777,2248.1626122373777,2248.1626122373777,2248.1626122373777,2248.1626122373777,2248.1626122373777,2239.686161948111,2239.686161948111,2239.686161948111,2239.686161948111,2239.686161948111,2239.686161948111,2239.686161948111,2239.686161948111,2239.686161948111,2239.686161948111,2239.686161948111,2239.686161948111,2239.686161948111,2239.686161948111,2239.686161948111,2239.686161948111,2239.686161948111,2239.686161948111,2239.686161948111,2239.686161948111,2239.686161948111,2239.686161948111,2239.686161948111,2239.686161948111,2239.686161948111,2239.686161948111,2239.686161948111,2239.686161948111,2239.686161948111,2239.686161948111,2239.686161948111,2239.686161948111,2239.686161948111,2239.686161948111,2239.686161948111,2239.686161948111,2239.686161948111,2239.686161948111,2239.686161948111,2239.686161948111,2239.686161948111,2239.686161948111,2239.686161948111,2239.686161948111,2239.686161948111,2239.686161948111,2239.686161948111,2239.686161948111,2239.686161948111,2239.686161948111,2239.686161948111,2239.686161948111,2239.686161948111,2239.686161948111,2239.686161948111,2239.686161948111,2239.686161948111,2239.686161948111,2239.686161948111,2239.686161948111,2239.686161948111,2239.686161948111,2239.686161948111,2239.686161948111,2239.686161948111,2239.686161948111,2239.686161948111,2239.686161948111,2239.686161948111,2239.686161948111,2239.686161948111,2239.686161948111,2239.686161948111,2239.686161948111,2239.686161948111,2239.686161948111,2239.686161948111,2239.686161948111,2239.686161948111,2239.686161948111,2239.686161948111,2239.686161948111,2239.686161948111,2239.686161948111,2239.686161948111,2239.686161948111,2239.686161948111,2239.686161948111,2239.686161948111,2239.686161948111,2239.686161948111,2239.686161948111,2239.686161948111,2239.686161948111,2239.686161948111,2239.686161948111,2239.686161948111,2239.686161948111,2239.686161948111,2239.686161948111,2239.686161948111,2239.686161948111,