{"benchmark":"B-n63-k10","Optimal":1496,"front":[{"fuel":2270.806767193764,"distance":1596.1027788258193,"trucks":[[45,17,4,5,41],[58,39,54,24,12,18,44,25,13],[27,36,7,34,42,15,59,55],[33,49,14,56,6,61],[30,29,10,48,16],[63,3,22,52,53,20,26],[32,50,57,47,60,31,9],[23,35,40,43,62,11,38],[19,51,2,28,37,8],[46,21]]},{"fuel":2268.7889481789393,"distance":1602.3585264883159,"trucks":[[23,43,62,40,35,11,38],[29,30,45,17,41],[33,49,14,56,6,61],[63,3,22,52,53,20,26],[46,8,21,37,28],[27,36,7,34,55,59,15,42],[32,50,57,47,60,31,9],[58,39,54,24,12,18,25,44,13],[16,48,10,5,4],[51,2,19]]}]}