{"front":[{"distance":1582.4238727096906,"trucks":[[51,2,19],[30,6,16,10,48],[38,11,54,24,39,58,52],[29,49,33,56,14,61],[12,18,44,25,59,15,42,55,13,7],[50,57,60,47,9,31],[23,35,34,27,36,26],[43,62,40,63,3,22,53,20],[45,17,41,4,5,32],[46,8,21,37,28]],"fuel":2251.0566928961744}],"Optimal":1496,"benchmark":"B-n63-k10"}