{"optimalDistance":554,"distanceSequence":[621.8791853050711,621.8791853050711,621.8791853050711,621.8791853050711,621.8791853050711,621.8791853050711,621.8791853050711,621.8791853050711,618.4674696781225,617.5870734930853,617.5870734930853,617.5870734930853,617.5870734930853,617.5870734930853,617.5870734930853,617.5870734930853,617.5870734930853,616.7942256642482,616.7942256642482,616.7942256642482,614.0107198774978,614.0107198774978,614.0107198774978,614.0107198774978,614.0107198774978,614.0107198774978,614.0107198774978,614.0107198774978,614.0107198774978,614.0107198774978,614.0107198774978,614.0107198774978,614.0107198774978,614.0107198774978,614.0107198774978,614.0107198774978,614.0107198774978,614.0107198774978,614.0107198774978,614.0107198774978,614.0107198774978,614.0107198774978,614.0107198774978,614.0107198774978,614.0107198774978,614.0107198774978,614.0107198774978,614.0107198774978,614.0107198774978,614.0107198774978,614.0107198774978,614.0107198774978,614.0107198774978,614.0107198774978,614.0107198774978,605.4332602886145,605.4332602886145,605.4332602886145,605.4332602886145,605.4332602886145,605.4332602886145,605.4332602886145,605.4332602886145,605.4332602886145,605.4332602886145,605.4332602886145,605.4332602886145,605.4332602886145,605.4332602886145,605.4332602886145,605.4332602886145,605.4332602886145,605.4332602886145,605.4332602886145,605.4332602886145,605.4332602886145,605.0117762588359,605.0117762588359,605.0117762588359,605.0117762588359,605.0117762588359,605.0117762588359,605.0117762588359,605.0117762588359,605.0117762588359,605.0117762588359,605.0117762588359,605.0117762588359,605.0117762588359,605.0117762588359,605.0117762588359,605.0117762588359,605.0117762588359,605.0117762588359,605.0117762588359,605.0117762588359,605.0117762588359,605.0117762588359,605.0117762588359,605.0117762588359,605.0117762588359,605.0117762588359,605.0117762588359,605.0117762588359,605.0117762588359,605.0117762588359,605.0117762588359,605.0117762588359,605.0117762588359,605.0117762588359,605.0117762588359,605.0117762588359,605.0117762588359,605.0117762588359,605.0117762588359,605.0117762588359,605.0117762588359,605.0117762588359,605.0117762588359,605.0117762588359,605.0117762588359,605.0117762588359,605.0117762588359,605.0117762588359,605.0117762588359,605.0117762588359,605.0117762588359,605.0117762588359,605.0117762588359,605.0117762588359,605.0117762588359,605.0117762588359,605.0117762588359,605.0117762588359,605.0117762588359,605.0117762588359,605.0117762588359,605.0117762588359,605.0117762588359,605.0117762588359,605.0117762588359,605.0117762588359,605.0117762588359,605.0117762588359,605.0117762588359,605.0117762588359,605.0117762588359,605.0117762588359,605.0117762588359,605.0117762588359,605.0117762588359,605.0117762588359,605.0117762588359,605.0117762588359,605.0117762588359,605.0117762588359,605.0117762588359,605.0117762588359,605.0117762588359,605.0117762588359,605.0117762588359,605.0117762588359,605.0117762588359,605.0117762588359,605.0117762588359,605.0117762588359,605.0117762588359,605.0117762588359,605.0117762588359,605.0117762588359,605.0117762588359,605.0117762588359,605.0117762588359,605.0117762588359,605.0117762588359,605.0117762588359,605.0117762588359,605.0117762588359,605.0117762588359,605.0117762588359,601.2830456306821,601.2830456306821,601.2830456306821,601.2830456306821,601.2830456306821,601.2830456306821,601.2830456306821,601.2830456306821,601.2830456306821,601.2830456306821,601.2830456306821,601.2830456306821,601.2830456306821,601.2830456306821,601.2830456306821,601.2830456306821,601.2830456306821,601.2830456306821,601.2830456306821,601.2830456306821,601.2830456306821,601.2830456306821,601.2830456306821,601.2830456306821,601.2830456306821,601.2830456306821,601.2830456306821,601.2830456306821,601.2830456306821,601.2830456306821,601.2830456306821,601.2830456306821,601.2830456306821,601.2830456306821,601.2830456306821,601.2830456306821,601.2830456306821,601.2830456306821,601.2830456306821,601.2830456306821,598.255820737538,598.255820737538,598.255820737538,598.255820737538,598.255820737538,598.255820737538,598.255820737538,598.255820737538,598.255820737538,598.255820737538,598.255820737538,598.255820737538,598.255820737538,598.255820737538,598.255820737538,598.255820737538,598.255820737538,598.255820737538,598.255820737538,598.255820737538,598.255820737538,598.255820737538,598.255820737538,598.255820737538,598.255820737538,598.255820737538,598.255820737538,598.255820737538,598.255820737538,598.255820737538,598.255820737538,598.255820737538,598.255820737538,598.255820737538,598.255820737538,598.255820737538,598.255820737538,598.255820737538,598.255820737538,598.255820737538,598.255820737538,598.255820737538,598.255820737538,598.255820737538,598.255820737538,598.255820737538,598.255820737538,598.255820737538,598.255820737538,598.255820737538,598.255820737538,598.255820737538,598.255820737538,598.255820737538,598.255820737538,598.255820737538,598.255820737538,598.255820737538,598.255820737538,598.255820737538,598.255820737538,598.255820737538,598.255820737538,598.255820737538,598.255820737538,598.255820737538,598.255820737538,598.255820737538,598.255820737538,598.255820737538,598.255820737538,598.255820737538,598.255820737538,598.255820737538,598.255820737538,598.255820737538,598.255820737538,598.255820737538,598.255820737538,598.255820737538,598.255820737538,598.255820737538,598.255820737538,598.255820737538,598.255820737538,598.255820737538,598.255820737538,598.255820737538,598.255820737538,598.255820737538,598.255820737538,598.255820737538,598.255820737538,598.255820737538,598.255820737538,598.255820737538,598.255820737538,598.255820737538,598.255820737538,597.8321521315826,597.8321521315826,597.8321521315826,597.8321521315826,597.8321521315826,597.8321521315826,597.8321521315826,597.8321521315826,597.8321521315826,597.8321521315826,597.8321521315826,597.8321521315826,597.8321521315826,597.8321521315826,597.8321521315826,597.8321521315826,597.8321521315826,597.8321521315826,597.8321521315826,597.8321521315826,597.8321521315826,597.8321521315826,597.8321521315826,597.8321521315826,597.8321521315826,597.8321521315826,597.8321521315826,597.8321521315826,597.8321521315826,597.8321521315826,597.8321521315826,597.8321521315826,597.8321521315826,597.8321521315826,597.8321521315826,597.8321521315826,597.8321521315826,597.8321521315826,597.8321521315826,597.8321521315826,597.8321521315826,597.8321521315826,597.8321521315826,597.8321521315826,597.8321521315826,597.8321521315826,597.8321521315826,597.8321521315826,597.8321521315826,597.8321521315826,597.8321521315826,597.8321521315826,597.8321521315826,597.8321521315826,597.8321521315826,597.8321521315826,597.8321521315826,597.8321521315826,597.8321521315826,597.8321521315826,597.8321521315826,597.8321521315826,597.8321521315826,597.8321521315826,597.8321521315826,597.8321521315826,597.8321521315826,597.8321521315826,597.8321521315826,597.8321521315826,597.8321521315826,597.8321521315826,597.8321521315826,597.8321521315826,597.8321521315826,597.8321521315826,597.8321521315826,597.8321521315826,597.8321521315826,597.8321521315826,597.8321521315826,597.8321521315826,597.8321521315826,597.8321521315826,597.8321521315826,597.8321521315826,597.8321521315826,597.8321521315826,597.8321521315826,597.8321521315826,597.8321521315826,597.8321521315826,597.8321521315826,597.8321521315826,597.8321521315826,597.8321521315826,597.8321521315826,597.8321521315826,597.8321521315826,597.8321521315826,597.8321521315826,597.8321521315826,597.8321521315826,597.8321521315826,597.8321521315826,597.8321521315826,597.8321521315826,597.8321521315826,597.8321521315826,597.8321521315826,597.8321521315826,597.8321521315826,597.8321521315826,597.8321521315826,597.8321521315826,597.8321521315826,597.8321521315826,597.8321521315826,597.8321521315826,597.8321521315826,597.8321521315826,597.8321521315826,597.8321521315826,597.8321521315826,597.8321521315826,597.8321521315826,597.8321521315826,597.8321521315826,