{"front":[{"fuel":812.0651690618299,"distance":594.3850209699287,"trucks":[[13,40,10,26,19,25,4],[3,29,23,43,42,44,2,24,50],[46,30,6,38,21,16,14,28],[18,41,33,45,17,34],[35,47,9,20,15,36,8],[5,49,48,37,22,31,7],[27,12,39,11,32]]},{"trucks":[[13,40,10,26,19,25,4],[3,29,23,43,42,44,2,24,50],[46,30,6,38,21,16,14,28],[18,41,33,45,17,34],[35,47,9,20,15,36],[5,49,48,37,22,31,7],[27,8,12,39,11,32]],"fuel":811.2659012398258,"distance":595.3300403837438}],"benchmark":"P-n50-k7","Optimal":554}