{"benchmark":"P-n50-k7","front":[{"distance":596.9579947782061,"fuel":840.4218681630305,"trucks":[[31,22,48,37,38,21,16,14],[33,10,26,19,25,50,4,45],[18,17,24,2,44,42,43,23,29],[13,41,40,32,11,39],[35,47,28,46,30,6,49],[27,8,36,12,15,20,9],[5,3,34,7]]}],"Optimal":554}