{"benchmark":"P-n23-k8","front":[{"fuel":769.9189761454239,"distance":531.1738035458812,"trucks":[[4,20,19],[11,13,16,12],[18,10,14],[7,21,22],[6,15,23],[3,2],[17,9],[5,8]]},{"fuel":766.8545738176168,"distance":531.540165786381,"trucks":[[6,15,23],[18,10,14],[4,20,19],[11,13,16,12],[22,7,21],[3,2],[17,9],[5,8]]},{"fuel":766.5032150991402,"distance":534.0306397164088,"trucks":[[6,15,23],[18,10,14],[4,19,20],[11,13,16,12],[22,7,21],[3,2],[17,9],[5,8]]}],"Optimal":529}