{"Optimal":661,"front":[{"trucks":[[3,33,14,9,8,27,6,21],[16,17,18,10,4,30],[25,7,20,15,22,2,32,12],[5,28,31,11,26,13],[23,24,19,29]],"distance":681.2789120764073,"fuel":958.2810628336944},{"distance":681.962694161216,"fuel":947.4123802242832,"trucks":[[16,17,4,10,18,30],[25,7,20,15,22,2,32,12],[21,5,26,28,31,11],[3,33,14,9,8,27,6,13],[23,19,24,29]]}],"benchmark":"A-n33-k5"}