{"benchmark":"P-n45-k5","Optimal":510,"front":[{"fuel":766.4892595322548,"distance":538.1723735928226,"trucks":[[18,38,45,16,34,40,11,31,35,22,30],[26,15,25,44,24,8,27,32,9],[7,19,14,42,41,20,43,5],[3,21,36,37,4,29,23,2,28],[13,6,39,10,17,12,33]]}]}