{"optimalDistance":805,"fuelSequence":[1201.445050603082,1201.445050603082,1201.445050603082,1166.6868279956673,1166.6868279956673,1166.6868279956673,1166.6868279956673,1166.6868279956673,1166.6868279956673,1166.6868279956673,1166.6868279956673,1166.6868279956673,1166.6868279956673,1166.6868279956673,1166.6868279956673,1166.6868279956673,1166.6868279956673,1166.6868279956673,1166.6868279956673,1166.6868279956673,1166.6868279956673,1166.6868279956673,1166.6868279956673,1166.6868279956673,1166.6868279956673,1166.6868279956673,1166.6868279956673,1166.6868279956673,1166.6868279956673,1166.6868279956673,1166.6868279956673,1166.6868279956673,1166.6868279956673,1166.6868279956673,1166.6868279956673,1166.6868279956673,1166.6868279956673,1166.6868279956673,1166.6868279956673,1166.6868279956673,1166.6868279956673,1166.6868279956673,1166.6868279956673,1166.6868279956673,1166.6868279956673,1166.6868279956673,1166.6868279956673,1166.6868279956673,1166.6868279956673,1166.6868279956673,1166.6868279956673,1166.6868279956673,1166.6868279956673,1166.6868279956673,1166.6868279956673,1166.6868279956673,1166.6868279956673,1166.6868279956673,1166.6868279956673,1166.6868279956673,1166.6868279956673,1166.6868279956673,1166.6868279956673,1166.6868279956673,1166.6868279956673,1166.6868279956673,1166.6868279956673,1149.520870036367,1149.520870036367,1149.520870036367,1149.520870036367,1149.520870036367,1149.520870036367,1149.520870036367,1149.520870036367,1149.520870036367,1149.520870036367,1149.520870036367,1149.520870036367,1149.520870036367,1149.520870036367,1149.520870036367,1149.520870036367,1149.520870036367,1149.520870036367,1149.520870036367,1149.520870036367,1149.520870036367,1149.520870036367,1149.520870036367,1149.520870036367,1149.520870036367,1149.520870036367,1149.520870036367,1149.520870036367,1149.520870036367,1149.520870036367,1149.520870036367,1149.520870036367,1149.520870036367,1149.520870036367,1149.520870036367,1149.520870036367,1149.520870036367,1149.520870036367,1149.520870036367,1149.520870036367,1149.520870036367,1149.520870036367,1149.520870036367,1149.520870036367,1149.520870036367,1149.520870036367,1149.520870036367,1149.520870036367,1149.520870036367,1149.520870036367,1149.520870036367,1149.520870036367,1149.520870036367,1149.520870036367,1149.520870036367,1149.520870036367,1149.520870036367,1149.520870036367,1149.520870036367,1149.520870036367,1149.520870036367,1149.520870036367,1149.520870036367,1149.520870036367,1149.520870036367,1149.520870036367,1149.520870036367,1149.520870036367,1149.520870036367,1149.520870036367,1149.520870036367,1149.520870036367,1149.520870036367,1149.520870036367,1149.520870036367,1149.520870036367,1149.520870036367,1149.520870036367,1149.520870036367,1149.520870036367,1149.520870036367,1149.520870036367,1149.520870036367,1149.520870036367,1149.520870036367,1149.520870036367,1149.520870036367,1149.520870036367,1149.520870036367,1149.520870036367,1149.520870036367,1149.520870036367,1149.520870036367,1149.520870036367,1149.520870036367,1149.520870036367,1149.520870036367,1149.520870036367,1149.520870036367,1149.520870036367,1149.520870036367,1149.520870036367,1149.520870036367,1149.520870036367,1149.520870036367,1149.520870036367,1149.520870036367,1149.520870036367,1149.520870036367,1149.520870036367,1149.520870036367,1149.520870036367,1149.520870036367,1149.520870036367,1149.520870036367,1149.520870036367,1149.520870036367,1149.520870036367,1149.520870036367,1149.520870036367,1149.520870036367,1149.520870036367,1149.520870036367,1149.520870036367,1149.520870036367,1149.520870036367,1149.520870036367,1149.520870036367,1149.520870036367,1149.520870036367,1149.520870036367,1149.520870036367,1149.520870036367,1149.520870036367,1149.520870036367,1149.520870036367,1149.520870036367,1149.520870036367,1149.520870036367,1149.520870036367,1149.520870036367,1149.520870036367,1149.520870036367,1149.520870036367,1149.520870036367,1149.520870036367,1149.520870036367,1149.520870036367,1149.520870036367,1149.520870036367,1149.520870036367,1149.520870036367,1149.520870036367,1149.520870036367,1149.520870036367,1149.520870036367,1149.520870036367,1149.520870036367,1149.520870036367,1149.520870036367,1149.520870036367,1149.520870036367,1149.520870036367,1149.520870036367,1149.520870036367,1149.520870036367,1149.520870036367,1149.520870036367,1149.520870036367,1149.520870036367,1149.520870036367,1149.520870036367,1149.520870036367,1149.520870036367,1149.520870036367,1149.520870036367,1149.520870036367,1149.520870036367,1149.520870036367,1149.520870036367,1149.520870036367,1149.520870036367,1149.520870036367,1149.520870036367,1149.520870036367,1149.520870036367,1149.520870036367,1149.520870036367,1149.520870036367,1149.520870036367,1149.520870036367,1149.520870036367,1149.520870036367,1149.520870036367,1149.520870036367,1149.520870036367,1149.520870036367,1149.520870036367,1149.520870036367,1149.520870036367,1149.520870036367,1149.520870036367,1149.520870036367,1149.520870036367,1149.520870036367,1149.520870036367,1149.520870036367,1149.520870036367,1149.520870036367,1149.520870036367,1149.520870036367,1149.520870036367,1149.520870036367,1149.520870036367,1149.520870036367,1149.520870036367,1149.520870036367,1149.520870036367,1149.520870036367,1149.520870036367,1149.520870036367,1149.520870036367,1149.520870036367,1149.520870036367,1149.520870036367,1149.520870036367,1149.520870036367,1147.7507888771324,1147.7507888771324,1147.7507888771324,1147.7507888771324,1147.7507888771324,1147.7507888771324,1147.7507888771324,1147.7507888771324,1147.7507888771324,1147.7507888771324,1147.7507888771324,1147.7507888771324,1147.7507888771324,1147.7507888771324,1147.7507888771324,1147.7507888771324,1147.7507888771324,1147.7507888771324,1147.7507888771324,1147.7507888771324,1147.7507888771324,1147.7507888771324,1147.7507888771324,1147.7507888771324,1147.7507888771324,1147.7507888771324,1147.7507888771324,1147.7507888771324,1147.7507888771324,1147.7507888771324,1147.7507888771324,1147.7507888771324,1147.7507888771324,1147.7507888771324,1147.7507888771324,1147.7507888771324,1147.7507888771324,1147.7507888771324,1147.7507888771324,1147.7507888771324,1147.7507888771324,1147.7507888771324,1147.7507888771324,1147.7507888771324,1147.7507888771324,1147.7507888771324,1147.7507888771324,1147.7507888771324,1147.7507888771324,1147.7507888771324,1147.7507888771324,1147.7507888771324,1147.7507888771324,1147.7507888771324,1147.7507888771324,1147.7507888771324,1147.7507888771324,1147.7507888771324,1147.7507888771324,1147.7507888771324,1147.7507888771324,1147.7507888771324,1147.7507888771324,1147.7507888771324,1147.7507888771324,1147.7507888771324,1147.7507888771324,1147.7507888771324,1147.7507888771324,1147.7507888771324,1147.7507888771324,1147.7507888771324,1147.7507888771324,1147.7507888771324,1147.7507888771324,1147.7507888771324,1147.7507888771324,1147.7507888771324,1147.7507888771324,1147.7507888771324,1147.7507888771324,1147.7507888771324,1147.7507888771324,1147.7507888771324,1147.7507888771324,1147.7507888771324,1147.7507888771324,1147.7507888771324,1147.7507888771324,1147.7507888771324,1147.7507888771324,1147.7507888771324,1147.7507888771324,1147.7507888771324,1147.7507888771324,1147.7507888771324,1147.7507888771324,1147.7507888771324,1147.7507888771324,1147.7507888771324,1147.7507888771324,1147.7507888771324,1147.7507888771324,1147.7507888771324,1147.7507888771324,1147.7507888771324,1147.7507888771324,1147.7507888771324,1147.7507888771324,1147.7507888771324,1147.7507888771324,1147.7507888771324,1147.7507888771324,1147.7507888771324,1147.7507888771324,1147.7507888771324,1147.7507888771324,1147.7507888771324,1147.7507888771324,1147.7507888771324,1147.7507888771324,1147.7507888771324,1147.7507888771324,1147.7507888771324,1147.7507888771324,1147.7507888771324,1147.7507888771324,1147.7507888771324,1147.7507888771324,1147.7507888771324,1147.7507888771324,1147.7507888771324,1147.7507888771324,1147.7507888771324,1147.7507888771324,1147.7507888771324,1147.7507888771324,