{"Optimal":805,"front":[{"distance":832.8003138318282,"trucks":[[6,24,19,34,5,26],[8,28,13,30,25,35,9,18,37],[33,14,38,36,3,31],[27,20,7,10,32,17],[23,12,4,29,22,15],[16,11,2,21]],"fuel":1146.810719317616}],"benchmark":"B-n38-k6"}