{"benchmark":"B-n38-k6","front":[{"trucks":[[29,14,36,3,38,31,7],[26,6,13,30,25,35,9,18,37],[27,17,10,20,32],[15,21,11,2,16],[8,28,24,19,34,5],[23,12,33,4,22]],"fuel":1156.1811048717186,"distance":820.8967884715029},{"distance":823.7777395070523,"fuel":1134.3023769990075,"trucks":[[26,28,5,19,34,24],[16,21,11,2,29],[27,17,10,7,20,32],[8,6,25,30,13,35,9,18,37],[23,14,36,38,3,31],[15,22,4,33,12]]},{"trucks":[[26,6,13,30,25,35,9,18,37],[23,14,36,3,38,31],[16,21,2,11],[8,28,34,19,24,5],[22,15,29,33,4,12],[27,17,7,20,10,32]],"fuel":1133.8070405001233,"distance":832.0349909071792}],"Optimal":805}