{"Optimal":216,"front":[{"trucks":[[2,11,5,12,16,13,4,20,19,9,14,10],[17,7,3,8,22,18,15,6,21]],"fuel":325.6698192106725,"distance":226.60145359864114}],"benchmark":"P-n22-k2"}