{"benchmark":"P-n22-k2","front":[{"distance":223.67103393181844,"fuel":324.9110507998068,"trucks":[[7,21,8,22,6,15,18,10,14,3],[17,2,11,4,20,19,9,13,16,12,5]]}],"Optimal":216}