{"optimalDistance":1153,"benchmark":"B-n57-k7","fuelSequence":[1802.696986798861,1802.696986798861,1802.696986798861,1802.696986798861,1800.2617690908512,1800.2617690908512,1800.2617690908512,1800.2617690908512,1795.4501926300363,1791.084193889018,1791.084193889018,1791.084193889018,1790.5045270662554,1786.3169494604497,1786.3169494604497,1782.5548123766043,1768.1262288370544,1768.1262288370544,1768.1262288370544,1768.1262288370544,1768.1262288370544,1768.1262288370544,1768.1262288370544,1759.9560495248156,1759.9560495248156,1759.9560495248156,1758.3689868124588,1758.3689868124588,1758.3689868124588,1756.7167663275723,1749.2129219220828,1749.0283362607684,1749.0283362607684,1742.906558285048,1742.906558285048,1742.906558285048,1742.906558285048,1740.593348832523,1740.593348832523,1740.593348832523,1740.593348832523,1740.2164303802049,1740.2164303802049,1740.2164303802049,1740.2164303802049,1731.437283942147,1731.437283942147,1731.437283942147,1731.437283942147,1731.437283942147,1731.437283942147,1731.437283942147,1729.7155595478766,1729.7155595478766,1729.7155595478766,1729.7155595478766,1729.7155595478766,1729.7155595478766,1729.254466442988,1728.4262636840804,1728.4262636840804,1726.8026128073618,1726.8026128073618,1726.8026128073618,1726.8026128073618,1726.8026128073618,1726.8026128073618,1726.8026128073618,1723.8831329407228,1723.8831329407228,1723.8831329407228,1723.8831329407228,1723.8831329407228,1723.1617097187293,1722.7727892298064,1722.7727892298064,1722.7727892298064,1722.7727892298064,1722.1614085464525,1719.866312599985,1719.866312599985,1719.866312599985,1719.866312599985,1719.866312599985,1719.866312599985,1718.3910687093964,1718.3910687093964,1718.3910687093964,1717.8915815725034,1716.8552923419184,1716.8552923419184,1716.8552923419184,1716.8552923419184,1716.8552923419184,1716.169857178233,1716.169857178233,1716.169857178233,1716.169857178233,1716.169857178233,1716.169857178233,1716.169857178233,1716.0311068911408,1713.2724398397208,1713.2724398397208,1713.2724398397208,1713.2724398397208,1713.2724398397208,1713.2724398397208,1713.2724398397208,1713.1336895526285,1712.9581515362702,1712.9581515362702,1712.9581515362702,1712.9581515362702,1712.9581515362702,1712.9581515362702,1712.9581515362702,1712.9581515362702,1712.9581515362702,1712.9581515362702,1711.4829076456815,1711.4829076456815,1711.4829076456815,1711.4829076456815,1711.4829076456815,1711.4829076456815,1711.4829076456815,1711.4829076456815,1711.4829076456815,1711.4829076456815,1711.4829076456815,1711.4829076456815,1711.4829076456815,1711.4829076456815,1711.3441573585892,1711.3441573585892,1711.3441573585892,1711.3441573585892,1711.3441573585892,1711.3441573585892,1711.3441573585892,1711.3441573585892,1711.3441573585892,1711.3441573585892,1711.3441573585892,1711.3441573585892,1711.3441573585892,1711.3441573585892,1711.3441573585892,1711.3441573585892,1711.3441573585892,1711.3441573585892,1708.6994431855226,1708.6994431855226,1708.6994431855226,1708.6994431855226,1708.6994431855226,1708.6994431855226,1708.6994431855226,1707.2693002468304,1707.2397514699421,1707.2397514699421,1704.4684445493153,1704.4684445493153,1704.4684445493153,1703.6567314619895,1703.6567314619895,1702.5772085057345,1702.5772085057345,1702.5772085057345,1702.1814875714008,1702.1161202128906,1702.1161202128906,1702.1161202128906,1702.1161202128906,1701.7654954184086,1701.7654954184086,1701.7654954184086,1701.7654954184086,1701.7654954184086,1701.7359466415203,1701.7359466415203,1701.7359466415203,1700.3058037028281,1700.3058037028281,1700.3058037028281,1700.3058037028281,1700.3058037028281,1700.3058037028281,1700.3058037028281,1700.3058037028281,1700.3058037028281,1700.3058037028281,1700.3058037028281,1700.3058037028281,1700.3058037028281,1700.3058037028281,1700.3058037028281,1700.3058037028281,1700.3058037028281,1700.3058037028281,1698.5945598037142,1698.5945598037142,1698.5945598037142,1698.5945598037142,1698.5945598037142,1698.5945598037142,1698.5945598037142,1698.5945598037142,1698.5945598037142,1698.5945598037142,1698.5945598037142,1698.5945598037142,1698.5945598037142,1698.5945598037142,1698.5945598037142,1698.5945598037142,1698.5945598037142,1698.5945598037142,1698.5945598037142,1698.5945598037142,1698.5945598037142,1698.5945598037142,1698.5945598037142,1698.5945598037142,1698.5945598037142,1698.5945598037142,1698.5945598037142,1698.5945598037142,1698.5945598037142,1698.5945598037142,1698.5945598037142,1698.5945598037142,1698.5945598037142,1698.5945598037142,1698.5945598037142,1698.5945598037142,1698.5945598037142,1698.5945598037142,1698.5945598037142,1698.5945598037142,1698.5945598037142,1698.5945598037142,1698.5945598037142,1698.5945598037142,1698.5945598037142,1698.5945598037142,1698.5945598037142,1698.5945598037142,1698.5945598037142,1698.5945598037142,1698.5945598037142,1698.5945598037142,1698.5945598037142,1698.5945598037142,1698.5945598037142,1698.5945598037142,1698.5945598037142,1698.5945598037142,1698.5945598037142,1698.5945598037142,1698.5945598037142,1698.5945598037142,1698.5945598037142,1698.5945598037142,1698.5945598037142,1698.5945598037142,1698.5945598037142,1698.5945598037142,1698.5945598037142,1698.5945598037142,1698.5945598037142,1698.5945598037142,1698.5945598037142,1698.5945598037142,1698.5945598037142,1698.5945598037142,1698.5945598037142,1698.5945598037142,1698.5945598037142,1698.5945598037142,1698.5945598037142,1698.5945598037142,1698.5945598037142,1698.5945598037142,1698.5945598037142,1698.5945598037142,1698.5945598037142,1698.5945598037142,1698.5945598037142,1698.5945598037142,1698.5945598037142,1698.5945598037142,1698.5945598037142,1698.5945598037142,1698.5945598037142,1698.5945598037142,1698.5945598037142,1698.5945598037142,1698.5945598037142,1698.5945598037142,1698.5945598037142,1698.5945598037142,1698.5945598037142,1698.5945598037142,1698.5945598037142,1698.5945598037142,1698.5945598037142,1698.5945598037142,1698.5945598037142,1698.5945598037142,1698.5945598037142,1698.5945598037142,1698.5945598037142,1698.5945598037142,1698.5945598037142,1698.5945598037142,1698.5945598037142,1698.5945598037142,1698.5945598037142,1698.5945598037142,1698.5945598037142,1698.5945598037142,1698.5945598037142,1698.5945598037142,1698.5945598037142,1698.5945598037142,1698.5945598037142,1698.5945598037142,1698.5945598037142,1698.5945598037142,1698.5945598037142,1698.5945598037142,1698.5945598037142,1698.5945598037142,1698.5945598037142,1698.5945598037142,1698.5945598037142,1698.5945598037142,1698.5945598037142,1698.5945598037142,1698.5945598037142,1698.5945598037142,1698.5945598037142,1698.5945598037142,1698.5945598037142,1698.5945598037142,1698.5945598037142,1698.5945598037142,1698.5945598037142,1698.5945598037142,1698.5945598037142,1698.5945598037142,1698.5945598037142,1698.5945598037142,1698.5945598037142,1698.5945598037142,1698.5945598037142,1698.5945598037142,1698.5945598037142,1698.5945598037142,1698.5945598037142,1698.5945598037142,1698.5945598037142,1698.5945598037142,1698.5945598037142,1698.5945598037142,1698.5945598037142,1698.5945598037142,1698.5945598037142,1698.5945598037142,1698.5945598037142,1698.5945598037142,1698.5945598037142,1698.5945598037142,1698.5945598037142,1698.5945598037142,1698.5945598037142,1698.5945598037142,1698.5945598037142,1698.5945598037142,1698.5945598037142,1698.5945598037142,1698.5945598037142,1698.5945598037142,1698.5945598037142,1698.5945598037142,1698.5945598037142,1698.5945598037142,1698.5945598037142,1698.5945598037142,1698.5945598037142,1698.5945598037142,1698.5945598037142,1698.5945598037142,1698.5945598037142,1698.5945598037142,1698.5945598037142,1698.5945598037142,1698.5945598037142,1698.5945598037142,1698.5945598037142,1698.5945598037142,1698.5945598037142,1698.5945598037142,1698.5945598037142,1698.5945598037142,1698.5945598037142,1698.5945598037142,1698.5945598037142,1698.5945598037142,1698.5945598037142,1698.5945598037142,1698.5945598037142,1698.5945598037142,1698.5945598037142,1698.5945598037142,1698.5945598037142,1698.5945598037142,