{"optimalDistance":1034,"benchmark":"M-n121-k7","fuelSequence":[1792.0644144080998,1792.0644144080998,1792.0644144080998,1792.0644144080998,1792.0644144080998,1792.0644144080998,1792.0644144080998,1789.1516110851494,1789.1516110851494,1789.1516110851494,1788.765833341172,1788.765833341172,1783.8758424152095,1783.8758424152095,1783.8758424152095,1783.8758424152095,1783.8758424152095,1783.8758424152095,1783.8758424152095,1783.8758424152095,1778.2891224943023,1778.2891224943023,1778.2891224943023,1778.2891224943023,1778.2891224943023,1778.2891224943023,1778.2891224943023,1778.2891224943023,1777.4248705758166,1770.1005505014118,1770.1005505014118,1770.1005505014118,1768.9890765929295,1768.9890765929295,1768.9890765929295,1768.9890765929295,1768.9890765929295,1768.9890765929295,1768.218762398805,1768.218762398805,1768.218762398805,1767.5317272297184,1766.2841814571025,1766.2841814571025,1766.2841814571025,1765.7981443098422,1765.7981443098422,1765.7981443098422,1751.236062476613,1751.236062476613,1751.236062476613,1751.236062476613,1751.236062476613,1751.236062476613,1751.236062476613,1751.236062476613,1751.236062476613,1751.236062476613,1751.236062476613,1751.236062476613,1749.9615175140166,1749.9615175140166,1749.9615175140166,1749.9615175140166,1749.9615175140166,1749.9615175140166,1749.9615175140166,1749.9615175140166,1746.7948827985467,1746.7948827985467,1746.7948827985467,1746.7948827985467,1746.7948827985467,1746.7948827985467,1746.7948827985467,1746.7948827985467,1746.7948827985467,1746.7948827985467,1746.7948827985467,1746.7948827985467,1746.7948827985467,1738.6063108056567,1738.6063108056567,1738.6063108056567,1738.6063108056567,1738.6063108056567,1738.6063108056567,1738.6063108056567,1738.6063108056567,1738.6063108056567,1736.439921671957,1736.439921671957,1736.439921671957,1736.439921671957,1736.439921671957,1736.439921671957,1736.439921671957,1736.439921671957,1736.439921671957,1736.439921671957,1736.439921671957,1736.439921671957,1736.439921671957,1736.439921671957,1735.0622373187948,1735.0622373187948,1735.0622373187948,1735.0622373187948,1735.0622373187948,1735.0622373187948,1733.2649232591725,1733.2649232591725,1733.2649232591725,1733.2649232591725,1733.2649232591725,1733.2649232591725,1733.2649232591725,1733.2649232591725,1733.2649232591725,1733.2649232591725,1733.2649232591725,1733.2649232591725,1731.8872389060102,1731.8872389060102,1731.8872389060102,1731.8872389060102,1731.8872389060102,1731.8872389060102,1731.8872389060102,1731.8872389060102,1731.8872389060102,1731.8872389060102,1731.8872389060102,1731.8872389060102,1731.8872389060102,1731.8872389060102,1731.8872389060102,1731.8872389060102,1731.8872389060102,1731.8872389060102,1731.8872389060102,1731.8872389060102,1731.8872389060102,1731.32680596326,1731.32680596326,1731.32680596326,1731.32680596326,1731.32680596326,1731.32680596326,1731.32680596326,1731.32680596326,1731.32680596326,1731.32680596326,1731.32680596326,1731.32680596326,1731.32680596326,1731.32680596326,1731.32680596326,1730.5564917691358,1720.1090524983256,1720.1090524983256,1720.1090524983256,1720.1090524983256,1720.1090524983256,1720.1090524983256,1720.1090524983256,1720.1090524983256,1720.1090524983256,1720.1090524983256,1720.1090524983256,1720.1090524983256,1720.1090524983256,1717.886899037008,1717.886899037008,1717.886899037008,1717.886899037008,1717.886899037008,1717.886899037008,1717.886899037008,1717.886899037008,1717.886899037008,1717.886899037008,1717.886899037008,1717.886899037008,1717.886899037008,1717.1165848428839,1717.1165848428839,1717.1165848428839,1717.1165848428839,1716.1025610620454,1716.1025610620454,1716.1025610620454,1716.1025610620454,1716.1025610620454,1716.1025610620454,1716.1025610620454,1716.1025610620454,1716.1025610620454,1716.1025610620454,1716.1025610620454,1716.1025610620454,1716.1025610620454,1716.1025610620454,1716.1025610620454,1716.1025610620454,1716.1025610620454,1716.1025610620454,1716.1025610620454,1716.1025610620454,1716.1025610620454,1716.1025610620454,1716.1025610620454,1716.1025610620454,1716.1025610620454,1716.1025610620454,1715.3322468679207,1715.3322468679207,1715.3322468679207,1715.3322468679207,1715.3322468679207,1715.3322468679207,1715.3322468679207,1715.3322468679207,1715.3322468679207,1715.3322468679207,1715.3322468679207,1715.3322468679207,1715.3322468679207,1715.3322468679207,1715.3322468679207,1715.3322468679207,1715.3322468679207,1715.3322468679207,1715.3322468679207,1715.3322468679207,1715.3322468679207,1715.3322468679207,1715.3322468679207,1715.3322468679207,1715.3322468679207,1715.3322468679207,1715.3322468679207,1715.3322468679207,1715.3322468679207,1715.3322468679207,1715.3322468679207,1715.3322468679207,1715.3322468679207,1715.3322468679207,1714.0182514170046,1714.0182514170046,1714.0182514170046,1714.0182514170046,1713.1100934066033,1713.1100934066033,1713.1100934066033,1713.1100934066033,1713.1100934066033,1713.1100934066033,1713.1100934066033,1713.1100934066033,1713.1100934066033,1713.1100934066033,1713.1100934066033,1713.1100934066033,1713.1100934066033,1713.1100934066033,1713.1100934066033,1713.1100934066033,1713.1100934066033,1713.1100934066033,1713.1100934066033,1713.1100934066033,1713.1100934066033,1713.1100934066033,1713.1100934066033,1713.1100934066033,1713.1100934066033,1713.1100934066033,1713.1100934066033,1713.1100934066033,1713.1100934066033,1713.1100934066033,1713.1100934066033,1713.1100934066033,1713.1100934066033,1713.1100934066033,1713.1100934066033,1713.1100934066033,1713.0932898919875,1713.0932898919875,1713.0932898919875,1713.0932898919875,1713.0932898919875,1713.0932898919875,1713.0932898919875,1713.0932898919875,1713.0932898919875,1713.0932898919875,1713.0932898919875,1713.0932898919875,1713.0932898919875,1713.0932898919875,1713.0932898919875,1713.0932898919875,1713.0932898919875,1713.0932898919875,1713.0932898919875,1713.0932898919875,1713.0932898919875,1713.0932898919875,1713.0932898919875,1713.0932898919875,1713.0932898919875,1713.0932898919875,1713.0932898919875,1713.0932898919875,1713.0932898919875,1713.0932898919875,1713.0932898919875,1713.0932898919875,1713.0932898919875,1713.0932898919875,1711.7294235384943,1711.7294235384943,1711.7294235384943,1711.7294235384943,1711.7294235384943,1709.786982313779,1709.786982313779,1709.786982313779,1709.786982313779,1709.786982313779,1709.786982313779,1705.8454778750422,1705.8454778750422,1705.8454778750422,1705.8454778750422,1705.8454778750422,1705.8454778750422,1705.8454778750422,1705.8454778750422,1705.8454778750422,1705.8454778750422,1705.8454778750422,1705.8454778750422,1705.8454778750422,1705.8454778750422,1705.8454778750422,1705.8454778750422,1705.8454778750422,1705.8454778750422,1705.8454778750422,1705.8454778750422,1705.8454778750422,1705.8454778750422,1705.8454778750422,1705.8454778750422,1705.8454778750422,1705.8454778750422,1705.8454778750422,1705.8454778750422,1705.8454778750422,1705.8454778750422,1705.8454778750422,1705.8454778750422,1705.8454778750422,1705.8454778750422,1705.8454778750422,1705.8454778750422,1705.6839165229255,1705.6839165229255,1705.6839165229255,1705.6839165229255,1705.6839165229255,1705.6839165229255,1705.6839165229255,1705.6839165229255,1705.6839165229255,1705.6839165229255,1705.6839165229255,1705.6839165229255,1705.6839165229255,1705.6839165229255,1705.6839165229255,1705.6839165229255,1705.6839165229255,1705.6839165229255,1705.6839165229255,1705.6839165229255,1705.6839165229255,1705.6839165229255,1705.6839165229255,1705.6839165229255,1705.6839165229255,1705.6839165229255,1705.6839165229255,1705.6839165229255,1705.6839165229255,1705.6839165229255,1705.6839165229255,1705.6839165229255,1705.6839165229255,1705.6839165229255,1705.6839165229255,1705.6839165229255,1705.6839165229255,1705.6839165229255,1704.6798590526948,1704.6798590526948,1704.6798590526948,1704.6798590526948,1704.6798590526948,1704.6798590526948,1704.6798590526948,1704.6798590526948,1704.5182977005782,1704.5182977005782,1704.5182977005782,1704.5182977005782,1704.5182977005782,