{"front":[{"distance":1182.4609405913225,"trucks":[[2,3,4,5,6,7,8,10,11,12,16,15,14,9,13,21],[88,93,90,92,91,115,19,119,109,110,116,111,99,117,101,100,102,107],[60,58,55,53,54,56,59,62,66,63,65,67,64,61,57,80,77],[96,98,38,39,40,43,42,45,48,49,52,46,44,41],[26,25,23,20,17,18,22,27,24,29,32,28,31,34,35,37,36,33,30,47,50,51],[120,83,89,112,87,82,118,84,114,85,113,86,95,94,97,103,105,104,108,121],[106,70,71,68,74,72,75,76,73,79,81,78,69]],"fuel":1679.6788934965527}],"Optimal":1034,"benchmark":"M-n121-k7"}