{"Optimal":1034,"benchmark":"M-n121-k7","front":[{"trucks":[[41,44,46,43,40,39,38,42,45,47,50,48,49,51,52,58],[53,55,60,66,62,63,65,67,64,61,57,59,56,54,81,80],[110,18,17,20,21,26,23,25,28,34,31,32,35,37,30,33,36,29,24,27,22],[78,79,73,76,75,72,74,77,69,68,71,70,99,111,119],[93,90,91,92,94,97,95,98,116,19,115,109,8,10,7,118,85,113,86],[89,114,84,3,2,4,5,6,11,12,16,15,13,9,14],[103,106,107,108,105,104,117,101,100,102,96,88,87,112,83,82,120,121]],"distance":1182.2703114347712,"fuel":1699.3310658517144},{"trucks":[[41,44,46,43,40,39,38,42,45,47,50,48,49,51,52,58],[53,55,60,66,62,63,65,67,64,61,57,59,56,54,81,80],[19,18,17,20,24,27,29,26,23,25,28,34,31,32,35,37,36,33,30,21,22],[78,79,73,76,75,72,74,77,69,68,71,70,99,111,119],[93,90,91,92,94,97,95,98,116,110,115,109,8,10,7,118,85,113,86],[89,114,84,3,2,4,5,6,11,12,16,15,14,9,13],[103,106,107,108,105,104,117,101,100,102,96,88,87,112,83,82,120,121]],"distance":1184.9870494311601,"fuel":1695.8450516666917}]}