{"front":[{"distance":572.6157590018228,"trucks":[[7,34,2,44,42,43,23,29],[41,33,45,4,18],[31,22,48,37,38,21,16,14],[5,28,46,30,6,49,3],[15,12,39,11,32],[35,47,9,20,36,8,27],[13,40,10,26,19,25,50,24,17]],"fuel":797.7045801411512},{"distance":572.7871154361874,"trucks":[[7,34,2,44,42,43,23,29],[18,41,33,45,4],[31,22,48,37,38,21,16,14],[5,28,46,30,6,49,3],[15,12,39,11,32],[35,47,9,20,36,8,27],[13,40,10,26,19,25,50,24,17]],"fuel":793.6134772742909}],"benchmark":"P-n50-k7","Optimal":554}