{"front":[{"distance":581.0442612306161,"trucks":[[7,34,44,42,43,23,29],[15,12,39,11,32],[13,40,10,26,19,25,50,24,2],[46,30,6,38,21,16,14,28],[18,41,33,45,4,17],[5,35,47,9,20,36,8,27],[31,49,48,37,22,3]],"fuel":802.7960807890088}],"benchmark":"P-n50-k7","Optimal":554}