{"optimalDistance":1174,"benchmark":"A-n65-k9","distanceSequence":[1341.6061888963777,1341.6061888963777,1341.6061888963777,1341.6061888963777,1341.6061888963777,1341.6061888963777,1341.6061888963777,1341.6061888963777,1341.6061888963777,1282.173279293268,1282.173279293268,1282.173279293268,1282.173279293268,1282.173279293268,1282.173279293268,1282.173279293268,1282.173279293268,1282.1732792932678,1282.1732792932678,1282.1732792932678,1282.1732792932678,1282.1732792932678,1282.1732792932678,1282.1732792932678,1282.1732792932678,1282.1732792932678,1282.1732792932678,1282.1732792932678,1282.1732792932678,1282.1732792932678,1282.1732792932678,1282.1732792932678,1282.1732792932678,1282.1732792932678,1282.1732792932678,1282.1732792932678,1282.1732792932678,1282.1732792932678,1282.1732792932678,1282.1732792932678,1282.1732792932678,1282.1732792932678,1282.1732792932678,1282.1732792932678,1282.1732792932678,1282.1732792932678,1282.1732792932678,1282.1732792932678,1282.1732792932678,1282.1732792932678,1282.1732792932678,1282.1732792932678,1282.1732792932678,1282.1732792932678,1282.1732792932678,1282.1732792932678,1282.1732792932678,1282.1732792932678,1282.1732792932678,1282.1732792932678,1275.2903065397113,1275.2903065397113,1275.2903065397113,1275.2903065397113,1275.2903065397113,1275.2903065397113,1275.2903065397113,1275.2903065397113,1275.2903065397113,1275.2903065397113,1275.2903065397113,1275.2903065397113,1275.2903065397113,1275.2903065397113,1275.2903065397113,1275.2903065397113,1275.2903065397113,1275.2903065397113,1274.9965563440394,1274.9965563440394,1274.9965563440394,1274.9965563440394,1274.9965563440394,1274.9965563440394,1274.9965563440394,1274.9965563440394,1274.9965563440394,1274.9965563440394,1274.408103754358,1274.408103754358,1274.408103754358,1274.408103754358,1274.408103754358,1274.408103754358,1274.408103754358,1274.408103754358,1274.408103754358,1274.408103754358,1274.408103754358,1274.408103754358,1274.408103754358,1274.408103754358,1274.408103754358,1274.408103754358,1274.408103754358,1274.408103754358,1274.408103754358,1274.408103754358,1274.408103754358,1274.408103754358,1274.408103754358,1274.408103754358,1274.408103754358,1274.408103754358,1274.408103754358,1274.408103754358,1274.408103754358,1274.408103754358,1274.408103754358,1274.408103754358,1274.408103754358,1274.408103754358,1274.408103754358,1274.408103754358,1274.408103754358,1274.408103754358,1274.408103754358,1274.408103754358,1274.408103754358,1274.408103754358,1274.408103754358,1274.408103754358,1274.408103754358,1274.408103754358,1274.408103754358,1274.408103754358,1274.408103754358,1272.4146116029774,1272.4146116029774,1272.4146116029774,1272.4146116029774,1272.4146116029774,1270.9433174924252,1270.9433174924252,1270.9433174924252,1268.1110803278088,1268.1110803278088,1268.1110803278088,1268.1110803278088,1268.1110803278088,1268.1110803278088,1268.1110803278088,1268.1110803278088,1268.1110803278088,1268.1110803278088,1268.1110803278088,1268.1110803278088,1268.1110803278088,1268.1110803278088,1266.1175881764282,1266.1175881764282,1266.1175881764282,1266.1175881764282,1266.1175881764282,1266.1175881764282,1266.1175881764282,1266.1175881764282,1266.1175881764282,1266.1175881764282,1266.1175881764282,1266.1175881764282,1266.1175881764282,1266.1175881764282,1266.1175881764282,1266.1175881764282,1266.117588176428,1266.117588176428,1266.117588176428,1266.117588176428,1266.117588176428,1266.117588176428,1266.117588176428,1263.4863443095846,1263.4863443095846,1263.4863443095846,1263.4863443095846,1263.4863443095846,1263.4863443095846,1263.4863443095846,1263.4863443095846,1263.4863443095846,1263.4863443095846,1263.4863443095846,1263.4863443095846,1263.4863443095846,1263.4863443095846,1263.4863443095846,1258.847156130963,1258.847156130963,1258.847156130963,1258.847156130963,1258.847156130963,1258.847156130963,1258.847156130963,1258.847156130963,1258.847156130963,1258.847156130963,1258.847156130963,1258.847156130963,1258.847156130963,1258.847156130963,1258.847156130963,1258.847156130963,1258.847156130963,1258.847156130963,1258.847156130963,1258.847156130963,1258.847156130963,1258.847156130963,1258.847156130963,1258.847156130963,1258.847156130963,1258.847156130963,1258.847156130963,1258.847156130963,1258.847156130963,1258.847156130963,1258.847156130963,1258.847156130963,1258.847156130963,1258.847156130963,1258.847156130963,1258.847156130963,1258.847156130963,1258.847156130963,1258.847156130963,1258.847156130963,1258.847156130963,1258.847156130963,1258.847156130963,1258.847156130963,1258.847156130963,1258.847156130963,1258.847156130963,1258.847156130963,1258.847156130963,1258.847156130963,1258.847156130963,1258.847156130963,1258.847156130963,1258.847156130963,1258.847156130963,1258.847156130963,1258.847156130963,1258.847156130963,1258.847156130963,1258.847156130963,1258.847156130963,1258.847156130963,1258.847156130963,1258.847156130963,1258.847156130963,1258.847156130963,1258.847156130963,1258.847156130963,1258.847156130963,1258.847156130963,1258.847156130963,1258.847156130963,1258.847156130963,1258.847156130963,1258.847156130963,1258.847156130963,1258.847156130963,1258.847156130963,1258.847156130963,1258.847156130963,1258.847156130963,1258.847156130963,1258.847156130963,1258.847156130963,1258.847156130963,1258.847156130963,1258.847156130963,1258.847156130963,1258.847156130963,1258.847156130963,1258.847156130963,1258.847156130963,1258.847156130963,1258.847156130963,1258.847156130963,1258.847156130963,1258.847156130963,1258.847156130963,1258.847156130963,1258.847156130963,1258.847156130963,1258.847156130963,1258.847156130963,1258.847156130963,1258.847156130963,1258.847156130963,1258.847156130963,1258.847156130963,1258.847156130963,1258.847156130963,1258.847156130963,1258.847156130963,1258.847156130963,1258.847156130963,1258.847156130963,1258.847156130963,1258.847156130963,1258.847156130963,1258.847156130963,1258.847156130963,1258.847156130963,1258.847156130963,1258.847156130963,1258.847156130963,1258.847156130963,1258.847156130963,1258.847156130963,1258.847156130963,1258.847156130963,1258.847156130963,1258.847156130963,1258.847156130963,1258.847156130963,1258.847156130963,1258.847156130963,1258.847156130963,1258.847156130963,1258.847156130963,1258.847156130963,1258.847156130963,1258.847156130963,1258.847156130963,1258.847156130963,1258.847156130963,1258.847156130963,1258.847156130963,1258.847156130963,1258.847156130963,1258.847156130963,1258.847156130963,1258.847156130963,1258.847156130963,1258.847156130963,1258.847156130963,1258.847156130963,1258.847156130963,1258.847156130963,1258.847156130963,1258.847156130963,1258.847156130963,1258.847156130963,1258.847156130963,1258.847156130963,1258.847156130963,1258.847156130963,1258.847156130963,1258.847156130963,1258.847156130963,1258.847156130963,1258.847156130963,1258.847156130963,1258.847156130963,1258.847156130963,1258.847156130963,1258.847156130963,1258.847156130963,1258.847156130963,1258.847156130963,1258.847156130963,1258.847156130963,1258.847156130963,1258.847156130963,1258.847156130963,1258.847156130963,1258.847156130963,1258.847156130963,1258.847156130963,1258.847156130963,1258.847156130963,1258.847156130963,1258.847156130963,1258.847156130963,1258.847156130963,1258.847156130963,1258.847156130963,1258.847156130963,1258.847156130963,1258.847156130963,1258.847156130963,1258.847156130963,1256.5599137839101,1256.5599137839101,1256.5599137839101,1256.5599137839101,1256.5599137839101,1256.5599137839101,1256.5599137839101,1256.5599137839101,1256.5599137839101,1256.5599137839101,1256.5599137839101,1256.5599137839101,1256.5599137839101,1256.5599137839101,1256.5599137839101,1256.5599137839101,1256.5599137839101,1256.5599137839101,1256.5599137839101,1256.5599137839101,1256.5599137839101,1256.5599137839101,1256.5599137839101,1256.5599137839101,1256.5599137839101,1256.5599137839101,1256.5599137839101,1256.5599137839101,1256.5599137839101,1256.5599137839101,1256.5599137839101,1256.5599137839101,1256.5599137839101,1256.5599137839101,