{"optimalDistance":1174,"benchmark":"A-n65-k9","distanceSequence":[1336.0136994812997,1336.0136994812997,1336.0136994812997,1336.0136994812997,1336.0136994812997,1336.0136994812997,1336.0136994812997,1336.0136994812997,1336.0136994812997,1336.0136994812997,1336.0136994812997,1336.0136994812997,1336.0136994812997,1336.0136994812997,1336.0136994812997,1336.0136994812997,1336.0136994812997,1336.0136994812997,1336.0136994812997,1336.0136994812997,1336.0136994812997,1336.0136994812997,1336.0136994812997,1336.0136994812997,1336.0136994812997,1336.0136994812997,1336.0136994812997,1336.0136994812997,1336.0136994812997,1336.0136994812997,1336.0136994812997,1336.0136994812997,1336.0136994812997,1336.0136994812997,1336.0136994812997,1336.0136994812997,1336.0136994812997,1336.0136994812997,1336.0136994812997,1336.0136994812997,1336.0136994812997,1336.0136994812997,1336.0136994812997,1336.0136994812997,1336.0136994812997,1336.0136994812997,1327.334120786913,1327.334120786913,1327.334120786913,1327.334120786913,1327.334120786913,1327.334120786913,1327.334120786913,1327.334120786913,1327.334120786913,1327.334120786913,1327.334120786913,1327.334120786913,1327.334120786913,1327.334120786913,1327.334120786913,1327.334120786913,1327.334120786913,1327.334120786913,1327.334120786913,1327.334120786913,1327.334120786913,1327.334120786913,1327.334120786913,1327.334120786913,1327.334120786913,1327.334120786913,1327.334120786913,1327.334120786913,1327.334120786913,1327.334120786913,1327.334120786913,1327.334120786913,1327.334120786913,1327.334120786913,1327.334120786913,1327.334120786913,1327.334120786913,1327.334120786913,1327.334120786913,1327.334120786913,1327.334120786913,1327.334120786913,1327.334120786913,1325.3970744655123,1325.3970744655123,1325.3970744655123,1325.3970744655123,1325.3970744655123,1325.3970744655123,1325.3970744655123,1325.3970744655123,1325.3970744655123,1325.3970744655123,1325.3970744655123,1325.3970744655123,1325.3970744655123,1325.3970744655123,1325.3970744655123,1325.3970744655123,1325.3970744655123,1325.3970744655123,1325.3970744655123,1325.3970744655123,1325.3970744655123,1325.3970744655123,1315.7634532570394,1315.7634532570394,1315.7634532570394,1315.7634532570394,1315.7634532570394,1315.7634532570394,1315.7634532570394,1315.7634532570394,1315.7634532570394,1315.7634532570394,1315.7634532570394,1315.7634532570394,1315.7634532570394,1315.7634532570394,1315.7634532570394,1315.7634532570394,1315.7634532570394,1315.7634532570394,1315.7634532570394,1315.7634532570394,1315.7634532570394,1315.7634532570394,1315.7634532570394,1315.7634532570394,1315.7634532570394,1315.7634532570394,1315.7634532570394,1315.7634532570394,1315.7634532570394,1315.7634532570394,1315.7634532570394,1315.7634532570394,1315.7634532570394,1315.7634532570394,1315.7634532570394,1315.7634532570394,1315.7634532570394,1315.7634532570394,1315.7634532570394,1315.7634532570394,1315.7634532570394,1315.7634532570394,1315.7634532570394,1315.7634532570394,1315.7634532570394,1315.7634532570394,1315.7634532570394,1315.7634532570394,1315.7634532570394,1315.7634532570394,1312.666745321809,1309.485769025557,1309.485769025557,1309.485769025557,1309.485769025557,1308.6664413692486,1308.6664413692486,1308.6664413692486,1308.6664413692486,1308.6664413692486,1308.6664413692486,1308.6664413692486,1308.6664413692486,1308.6664413692486,1308.6664413692486,1308.6664413692486,1308.6664413692486,1308.6664413692486,1308.6664413692486,1308.6664413692486,1308.6664413692486,1308.6664413692486,1308.6664413692486,1308.6664413692486,1308.6664413692486,1305.1157854821843,1305.1157854821843,1305.1157854821843,1305.1157854821843,1305.1157854821843,1305.1157854821843,1305.1157854821843,1305.1157854821843,1305.1157854821843,1305.1157854821843,1305.1157854821843,1305.1157854821843,1305.1157854821843,1305.1157854821843,1305.1157854821843,1305.1157854821843,1305.1157854821843,1305.1157854821843,1305.1157854821843,1305.1157854821843,1305.1157854821843,1305.1157854821843,1303.1885081773917,1303.1885081773917,1303.1885081773917,1303.1885081773917,1303.1885081773917,1303.1885081773917,1303.1885081773917,1303.1885081773917,1303.1885081773917,1299.96774495275,1299.96774495275,1299.96774495275,1299.96774495275,1299.96774495275,1299.96774495275,1299.96774495275,1299.96774495275,1299.96774495275,1299.96774495275,1299.96774495275,1299.96774495275,1299.96774495275,1299.96774495275,1299.96774495275,1297.5551909214792,1297.5551909214792,1297.5551909214792,1297.5551909214792,1297.5551909214792,1297.5551909214792,1297.5551909214792,1297.5551909214792,1295.6181446000787,1295.6181446000787,1295.6181446000787,1295.6181446000787,1295.6181446000787,1295.6181446000787,1295.6181446000787,1295.6181446000787,1295.6181446000787,1295.6181446000787,1295.6181446000787,1295.6181446000787,1295.6181446000787,1295.6181446000787,1295.6181446000787,1295.6181446000787,1295.6181446000787,1295.6181446000787,1295.6181446000787,1295.6181446000787,1295.6181446000787,1295.6181446000787,1295.6181446000787,1295.6181446000787,1295.6181446000787,1289.3404603685963,1289.3404603685963,1289.3404603685963,1289.3404603685963,1289.3404603685963,1289.3404603685963,1289.3404603685963,1289.3404603685963,1289.3404603685963,1289.3404603685963,1289.3404603685963,1289.3404603685963,1289.3404603685963,1289.3404603685963,1289.3404603685963,1289.3404603685963,1289.3404603685963,1289.3404603685963,1289.3404603685963,1289.3404603685963,1286.589484605621,1286.589484605621,1286.589484605621,1286.589484605621,1286.589484605621,1286.589484605621,1286.589484605621,1286.589484605621,1286.589484605621,1286.589484605621,1286.589484605621,1286.589484605621,1286.589484605621,1286.589484605621,1286.589484605621,1286.589484605621,1286.589484605621,1286.589484605621,1286.589484605621,1286.589484605621,1286.589484605621,1286.589484605621,1286.589484605621,1274.5355869373163,1274.5355869373163,1274.5355869373163,1274.5355869373163,1274.5355869373163,1274.5355869373163,1274.5355869373163,1274.5355869373163,1274.5355869373163,1274.5355869373163,1274.5355869373163,1274.5355869373163,1274.5355869373163,1274.5355869373163,1274.5355869373163,1274.5355869373163,1274.5355869373163,1274.5355869373163,1269.8475648529404,1269.8475648529404,1269.8475648529404,1269.8475648529404,1269.8475648529404,1269.8475648529404,1269.8475648529404,1269.8475648529404,1269.8475648529404,1269.8475648529404,1269.8475648529404,1269.8475648529404,1269.8475648529404,1269.8475648529404,1269.8475648529404,1269.8475648529404,1269.8475648529404,1269.8475648529404,1269.8475648529404,1269.8475648529404,1269.8475648529404,1269.8475648529404,1269.8475648529404,1269.0478847288516,1269.0478847288516,1269.0478847288516,1269.0478847288516,1269.0478847288516,1269.0478847288516,1269.0478847288516,1269.0478847288514,1269.0478847288514,1269.0478847288514,1269.0478847288514,1269.0478847288514,1269.0478847288514,1269.0478847288514,1266.2194576041052,1266.2194576041052,1266.2194576041052,1266.2194576041052,1266.2194576041052,1266.2194576041052,1266.2194576041052,1266.2194576041052,1266.2194576041052,1266.2194576041052,1266.2194576041052,1262.3761395097029,1262.3761395097029,1262.3761395097029,1262.3761395097029,1262.3761395097029,1262.3761395097029,1261.7979730583313,1261.7979730583313,1261.7979730583313,1261.7979730583313,1261.7979730583313,1261.7979730583313,1261.7979730583313,1261.7979730583313,1261.7979730583313,1261.7979730583313,1261.7979730583313,1261.7979730583313,1261.7979730583313,1261.7979730583313,1261.7979730583313,1261.7979730583313,1261.7979730583313,1261.7979730583313,1261.7979730583313,1261.517864232993,1261.517864232993,1261.517864232993,1261.517864232993,1261.517864232993,1261.517864232993,1261.517864232993,1261.517864232993,1261.517864232993,1261.517864232993,1261.517864232993,1260.090014412079,1260.090014412079,1254.3265477150937,1254.3265477150937,1254.3265477150937,1254.3265477150937,1254.3265477150937,1254.3265477150937,1254.3265477150937,1254.3265477150937,1254.3265477150937,1254.3265477150937,1254.3265477150937,