{"optimalDistance":1174,"benchmark":"A-n65-k9","distanceSequence":[1333.194731301113,1333.194731301113,1333.194731301113,1333.194731301113,1333.194731301113,1333.194731301113,1333.194731301113,1333.194731301113,1333.194731301113,1333.194731301113,1333.194731301113,1333.194731301113,1333.194731301113,1333.194731301113,1333.194731301113,1333.016974369816,1333.016974369816,1333.016974369816,1333.016974369816,1333.016974369816,1333.016974369816,1333.016974369816,1333.016974369816,1333.016974369816,1330.091113504358,1330.091113504358,1330.091113504358,1330.091113504358,1330.091113504358,1330.091113504358,1330.091113504358,1330.091113504358,1330.091113504358,1329.47760477034,1329.47760477034,1329.47760477034,1329.47760477034,1329.47760477034,1329.47760477034,1329.47760477034,1329.47760477034,1329.47760477034,1329.47760477034,1329.47760477034,1329.47760477034,1329.47760477034,1320.9910461091436,1320.9910461091436,1320.9910461091436,1320.9910461091436,1320.9910461091436,1320.9910461091436,1320.9910461091436,1320.9910461091436,1320.9910461091436,1320.9910461091436,1320.9910461091436,1320.9910461091436,1315.4548676178533,1315.4548676178533,1315.4548676178533,1315.4548676178533,1315.4548676178533,1315.4548676178533,1315.4548676178533,1315.4548676178533,1315.4548676178533,1315.4548676178533,1315.4548676178533,1315.4548676178533,1315.4548676178533,1315.4548676178533,1315.4548676178533,1315.4548676178533,1315.4548676178533,1315.4548676178533,1315.4548676178533,1315.4548676178533,1315.4548676178533,1315.4548676178533,1315.4548676178533,1315.4548676178533,1315.4548676178533,1315.4548676178533,1315.4548676178533,1315.4548676178533,1315.4548676178533,1315.4548676178533,1315.4548676178533,1315.4548676178533,1315.4548676178533,1315.4548676178533,1315.4548676178533,1315.4548676178533,1311.4762629118695,1311.4762629118695,1311.4762629118695,1311.4762629118695,1311.4762629118695,1311.4762629118695,1311.4762629118695,1311.4762629118695,1311.4762629118695,1311.4762629118695,1311.4762629118695,1311.4762629118695,1311.4762629118695,1311.4762629118695,1311.4762629118695,1311.4762629118695,1311.4762629118695,1311.4762629118695,1311.4762629118695,1311.4762629118695,1311.4762629118695,1311.4762629118695,1311.4762629118695,1311.4762629118695,1311.4762629118695,1311.4762629118695,1311.4762629118695,1311.4762629118695,1311.4762629118695,1311.4762629118695,1311.4762629118695,1311.4762629118695,1311.4762629118695,1311.4762629118695,1311.4762629118695,1311.4762629118695,1311.4762629118695,1311.4762629118695,1311.4762629118695,1311.4762629118695,1311.4762629118695,1311.4762629118695,1311.4762629118695,1311.4762629118695,1311.4762629118695,1311.4762629118695,1311.4762629118695,1311.4762629118695,1311.4762629118695,1311.4762629118695,1311.4762629118695,1311.4762629118695,1311.4762629118695,1311.4762629118695,1311.4762629118695,1311.4762629118695,1311.4762629118695,1311.4762629118695,1311.4762629118695,1311.4762629118695,1311.4762629118695,1311.4762629118695,1311.4762629118695,1311.4762629118695,1311.4762629118695,1311.4762629118695,1311.4762629118695,1311.4762629118695,1311.4762629118695,1311.4762629118695,1311.4762629118695,1311.4762629118695,1311.4762629118695,1311.4762629118695,1311.4762629118695,1311.4762629118695,1311.4762629118695,1311.4762629118695,1311.4762629118695,1311.4762629118695,1311.4762629118695,1311.4762629118695,1311.4762629118695,1311.4762629118695,1311.4762629118695,1311.4762629118695,1311.4762629118695,1311.4762629118695,1311.4762629118695,1311.4762629118695,1311.4762629118695,1311.4762629118695,1311.4762629118695,1311.4762629118695,1311.4762629118695,1311.4762629118695,1311.4762629118695,1311.4762629118695,1311.4762629118695,1311.4762629118695,1311.4762629118695,1311.4762629118695,1311.4762629118695,1311.4762629118695,1311.4762629118695,1311.4762629118695,1311.4762629118695,1311.4762629118695,1311.4762629118695,1311.4762629118695,1311.4762629118695,1311.4762629118695,1311.4762629118695,1311.4762629118695,1311.4762629118695,1311.4762629118695,1311.4762629118695,1311.4762629118695,1311.4762629118695,1311.4762629118695,1311.4762629118695,1311.4762629118695,1311.4762629118695,1311.4762629118695,1311.4762629118695,1311.4762629118695,1311.4762629118695,1311.4762629118695,1311.4762629118695,1311.4762629118695,1311.4762629118695,1311.4762629118695,1311.4762629118695,1311.4762629118695,1311.4762629118695,1311.4762629118695,1311.4762629118695,1311.4762629118695,1311.4762629118695,1311.4762629118695,1311.4762629118695,1311.4762629118695,1311.4762629118695,1311.4762629118695,1311.4762629118695,1311.4762629118695,1311.4762629118695,1311.4762629118695,1311.4762629118695,1311.4762629118695,1311.4762629118695,1311.4762629118695,1311.4762629118695,1311.4762629118695,1311.4762629118695,1311.4762629118695,1311.4762629118695,1311.4762629118695,1311.4762629118695,1311.4762629118695,1311.4762629118695,1311.4762629118695,1311.4762629118695,1311.4762629118695,1311.4762629118695,1311.4762629118695,1311.4762629118695,1311.4762629118695,1311.4762629118695,1311.4762629118695,1311.4762629118695,1311.4762629118695,1311.4762629118695,1311.4762629118695,1311.4762629118695,1311.4762629118695,1311.4762629118695,1311.4762629118695,1311.4762629118695,1311.4762629118695,1311.4762629118695,1311.4762629118695,1311.4762629118695,1311.4762629118695,1311.4762629118695,1311.4762629118695,1311.4762629118695,1311.4762629118695,1311.4762629118695,1311.4762629118695,1311.4762629118695,1311.4762629118695,1311.4762629118695,1311.4762629118695,1311.4762629118695,1311.4762629118695,1311.4762629118695,1311.4762629118695,1311.4762629118695,1311.4762629118695,1311.4762629118695,1311.4762629118695,1311.4762629118695,1311.4762629118695,1311.4762629118695,1311.4762629118695,1311.4762629118695,1311.4762629118695,1311.4762629118695,1311.4762629118695,1311.4762629118695,1311.4762629118695,1311.4762629118695,1311.4762629118695,1311.4762629118695,1311.4762629118695,1311.4762629118695,1311.4762629118695,1311.4762629118695,1311.4762629118695,1311.4762629118695,1311.4762629118695,1311.4762629118695,1306.9392259629556,1306.9392259629556,1306.9392259629556,1306.9392259629556,1306.9392259629556,1306.9392259629556,1306.9392259629556,1306.9392259629556,1306.9392259629556,1306.9392259629556,1306.9392259629556,1306.9392259629556,1306.9392259629556,1305.6807667347275,1305.6807667347275,1305.6807667347275,1305.6807667347275,1305.6807667347275,1305.6807667347275,1305.6807667347275,1305.6807667347275,1305.6807667347275,1305.6807667347275,1305.6807667347275,1305.6807667347275,1305.6807667347275,1305.6807667347275,1305.6807667347275,1305.6807667347275,1305.6807667347275,1305.6807667347275,1305.6807667347275,1305.6807667347275,1305.6807667347275,1305.6807667347275,1305.6807667347275,1305.6807667347275,1305.6807667347275,1305.6807667347275,1305.6807667347275,1305.6807667347275,1305.6807667347275,1305.6807667347275,1305.6807667347275,1305.6807667347275,1305.6807667347275,1305.6807667347275,1305.6807667347275,1305.6807667347275,1305.6807667347275,1305.6807667347275,1305.6807667347275,1305.6807667347275,1305.6807667347275,1305.6807667347275,1305.6807667347275,1305.6807667347275,1305.6807667347275,1305.6807667347275,1305.6807667347275,1305.6807667347275,1305.6807667347275,1305.6807667347275,1305.6807667347275,1305.6807667347275,1305.6807667347275,1302.6017194319902,1302.6017194319902,1302.6017194319902,1302.6017194319902,1302.6017194319902,1302.6017194319902,1302.6017194319902,1302.6017194319902,1302.6017194319902,1302.6017194319902,1302.6017194319902,1302.6017194319902,1302.6017194319902,1302.6017194319902,1302.6017194319902,1302.6017194319902,1302.6017194319902,1302.6017194319902,1302.6017194319902,1302.6017194319902,1302.6017194319902,1302.6017194319902,1302.6017194319902,1302.6017194319902,1302.6017194319902,1302.6017194319902,1302.6017194319902,1302.6017194319902,1299.9228437155516,1299.9228437155516,1299.9228437155516,1299.9228437155516,1299.9228437155516,1299.9228437155516,1299.9228437155516,1299.9228437155516,1299.9228437155516,