{"front":[{"trucks":[[52,18,50,4,37,36,5],[33,21,59,62,43,39,3,17,46],[44,16,28,15,10,23],[22,26,54,60,45,20,19],[56,30,14,13,2,34,29,40],[63,24,58,49,8,64,12,55],[53,25,11,9,57,41],[31,38,42,51,61,6],[48,35,32,27,47,65,7]],"distance":1263.161587643454,"fuel":1822.867078790662},{"trucks":[[52,18,50,4,37,36,5],[33,21,59,62,43,39,3,17,46],[44,16,28,15,10,23],[22,26,54,60,45,20,19],[56,30,14,13,2,34,29,40],[63,24,58,49,8,64,12,55],[53,25,11,9,57,41],[31,61,51,42,38,6],[48,35,32,27,47,65,7]],"distance":1266.8540423787194,"fuel":1822.6981990435593},{"distance":1280.4770493031367,"trucks":[[63,8,64,12,55,49,24,58],[22,26,54,45,41,20,19],[57,60,11,9,53,25],[33,21,59,62,43,39,3,42],[56,30,14,13,2,34,29,40],[44,16,28,15,10,23],[6,31,38,36,37,4,5,52],[48,65,47,7,32,27,35],[18,50,61,51,17,46]],"fuel":1811.0586227985596}],"Optimal":1174,"benchmark":"A-n65-k9"}