{"front":[{"distance":1249.969973115262,"fuel":1767.3647039035127,"trucks":[[61,51,42,17,3,39,43,62,46],[30,19,22,26,53,25,20,14,13],[31,38,36,37,4,15,5],[47,65,7,27,32,35,48],[18,52,40,55,8,12,64,49,58],[63,29,24,2,34,56],[6,33,21,59,41,54],[50,44,28,16,23,10],[45,60,57,11,9]]}],"benchmark":"A-n65-k9","Optimal":1174}