{"front":[{"distance":1296.552183007107,"fuel":1851.7346722657142,"trucks":[[3,39,43,62,33,21,59,41],[64,12,8,55,49,58,24,29],[50,44,28,5,36,37,4],[38,31,61,51,17,42,46],[30,56,22,26,14,13,2,40],[63,34,19,20,11,9,53,25],[47,65,7,27,32,48,35],[18,23,10,15,16,52],[54,57,45,60,6]]}],"Optimal":1174,"benchmark":"A-n65-k9"}