{"Optimal":569,"benchmark":"E-n23-k3","front":[{"distance":573.2004691898164,"trucks":[[19,20,21,23,18,15,16,17,4,3,2,7],[11,8],[13,12,14,10,9,6,5,22]],"fuel":721.3944016034502}]}