{"benchmark":"B-n41-k6","optimalDistance":829,"distanceSequence":[857.444856754562,857.444856754562,857.444856754562,857.444856754562,857.444856754562,857.444856754562,854.9201367024898,853.3804266252976,853.3804266252976,850.1349449743674,850.1349449743674,850.1349449743674,846.4688525759012,846.4688525759012,846.4688525759012,846.4688525759012,846.4688525759012,846.4688525759012,846.4137027678738,845.9092462559923,845.7113181451698,845.7113181451698,845.1731502411048,845.1731502411048,844.5227006897917,844.5227006897917,844.4156158103733,843.5136134558527,843.5136134558527,843.5136134558527,843.5136134558527,843.5136134558527,843.5136134558527,843.5136134558527,843.5136134558527,843.5136134558527,843.4671916173892,843.4671916173892,843.4584636478253,843.4584636478253,843.4584636478253,843.4584636478253,843.4584636478253,843.3627727755716,843.3627727755716,843.3627727755716,843.3627727755716,842.0503454356111,842.0503454356111,842.0503454356111,842.0503454356111,842.0503454356111,842.0503454356111,842.0503454356111,842.0503454356111,842.0503454356111,842.0503454356111,842.0503454356111,842.0503454356111,842.0503454356111,842.0503454356111,842.0503454356111,842.0503454356111,842.0503454356111,842.0503454356111,842.0503454356111,842.0503454356111,842.0503454356111,842.0503454356111,842.0503454356111,842.0503454356111,842.0503454356111,842.0503454356111,842.0503454356111,842.0503454356111,842.0503454356111,842.0503454356111,842.0503454356111,842.0503454356111,842.0503454356111,842.0503454356111,842.0503454356111,842.0503454356111,842.0503454356111,842.0503454356111,842.0503454356111,842.0503454356111,842.0503454356111,842.0503454356111,842.0503454356111,842.0503454356111,842.0503454356111,842.0503454356111,842.0503454356111,842.0503454356111,842.0503454356111,842.0503454356111,842.0503454356111,842.0503454356111,842.0503454356111,842.0503454356111,841.9951956275837,841.9951956275837,841.9951956275837,841.9951956275837,841.9951956275837,841.9951956275837,841.9951956275837,841.9951956275837,841.9951956275837,841.9951956275837,841.9951956275837,841.9951956275837,841.9951956275837,841.9951956275837,841.9951956275837,841.9951956275837,841.9951956275837,841.9951956275837,841.9951956275837,841.9951956275837,841.9951956275837,841.9951956275837,841.9951956275837,841.9951956275837,841.9951956275837,841.9951956275837,841.9951956275837,841.9951956275837,841.9951956275837,841.9951956275837,841.9951956275837,841.9951956275837,841.9951956275837,841.9951956275837,841.9951956275837,841.9951956275837,841.9951956275837,841.9951956275837,841.9951956275837,841.9951956275837,841.9951956275837,841.9951956275837,841.9951956275837,841.9951956275837,841.9951956275837,841.9951956275837,841.9951956275837,841.9951956275837,841.9951956275837,841.9951956275837,841.9951956275837,841.9951956275837,841.9951956275837,841.9951956275837,841.9951956275837,841.9951956275837,841.9951956275837,841.9951956275837,841.9951956275837,841.9951956275837,841.9951956275837,841.9951956275837,841.9951956275837,841.9951956275837,841.9951956275837,841.9951956275837,841.9951956275837,841.9951956275837,841.9951956275837,841.9951956275837,841.9951956275837,841.9951956275837,841.9951956275837,841.9951956275837,841.9951956275837,841.9951956275837,841.9951956275837,841.9951956275837,841.9951956275837,841.9951956275837,841.9951956275837,841.9951956275837,841.9951956275837,841.9951956275837,841.9951956275837,841.9951956275837,841.9951956275837,841.9951956275837,841.9951956275837,841.9951956275837,841.9951956275837,841.9951956275837,841.9951956275837,841.9951956275837,841.9951956275837,841.9951956275837,841.9951956275837,841.9951956275837,841.9951956275837,841.9951956275837,841.9951956275837,841.9951956275837,841.9951956275837,841.9951956275837,841.9951956275837,841.9951956275837,841.9951956275837,841.9951956275837,841.9951956275837,841.9951956275837,841.9951956275837,841.9951956275837,841.9951956275837,841.9951956275837,841.9951956275837,841.9951956275837,841.9951956275837,841.9951956275837,841.9951956275837,841.9951956275837,841.9951956275837,841.9951956275837,841.9951956275837,841.9951956275837,841.9951956275837,841.9951956275837,841.9951956275837,841.9951956275837,841.9951956275837,841.9951956275837,841.9951956275837,841.9951956275837,841.9951956275837,841.9951956275837,841.9951956275837,841.9951956275837,841.9951956275837,841.9951956275837,841.9951956275837,841.9951956275837,841.9951956275837,841.9951956275837,841.9951956275837,841.9951956275837,841.9951956275837,841.9951956275837,841.9951956275837,841.9951956275837,841.9951956275837,841.9951956275837,841.9951956275837,841.9951956275837,841.9951956275837,841.8356269777387,841.8356269777387,841.8356269777387,841.8356269777387,841.8356269777387,841.8356269777387,841.8356269777387,841.8356269777387,841.8356269777387,841.8356269777387,841.8356269777387,841.8356269777387,841.8356269777387,841.8356269777387,841.8356269777387,841.8356269777387,841.8356269777387,841.8356269777387,841.8356269777387,841.8356269777387,841.8356269777387,841.8356269777387,841.8356269777387,841.8356269777387,841.8356269777387,841.8356269777387,841.8356269777387,841.7590359751334,841.7590359751334,841.7590359751334,841.7590359751334,841.7590359751334,841.7590359751334,841.7590359751334,841.7590359751334,841.7590359751334,841.7590359751334,841.7590359751334,841.7590359751334,841.7590359751334,841.7590359751334,841.7590359751334,841.7590359751334,841.7590359751334,841.7590359751334,841.7590359751334,841.7590359751334,841.7590359751334,841.7590359751334,841.7590359751334,841.7590359751334,841.7590359751334,841.7590359751334,841.7590359751334,841.7590359751334,841.7590359751334,841.7590359751334,841.7590359751334,841.7590359751334,841.7590359751334,841.7590359751334,841.7590359751334,841.7590359751334,841.7590359751334,841.7590359751334,841.7590359751334,841.7590359751334,841.7590359751334,841.7590359751334,841.7590359751334,841.7590359751334,841.7590359751334,841.7590359751334,841.7590359751334,841.7590359751334,841.7590359751334,841.7590359751334,841.7590359751334,841.7590359751334,841.7590359751334,841.7590359751334,841.7590359751334,841.7590359751334,841.7590359751334,841.7590359751334,841.7590359751334,841.7590359751334,841.7590359751334,841.7590359751334,841.7590359751334,841.7590359751334,841.7590359751334,841.7590359751334,841.7590359751334,841.7590359751334,841.7590359751334,841.7590359751334,841.7590359751334,841.7590359751334,841.7590359751334,841.7590359751334,841.7590359751334,841.7590359751334,841.7590359751334,841.7590359751334,841.7590359751334,841.7590359751334,841.7590359751334,841.7590359751334,841.7590359751334,841.7590359751334,841.7590359751334,841.7590359751334,841.7590359751334,841.7590359751334,841.7590359751334,841.7590359751334,841.7590359751334,841.7590359751334,841.7590359751334,841.7590359751334,841.7590359751334,841.7590359751334,841.7590359751334,841.7590359751334,841.7590359751334,841.7590359751334,841.7590359751334,841.7590359751334,841.7590359751334,841.7590359751334,841.7590359751334,841.7590359751334,841.7590359751334,841.7590359751334,841.7590359751334,841.7590359751334,841.7590359751334,841.7590359751334,841.7590359751334,841.7590359751334,841.7590359751334,841.7590359751334,841.7590359751334,841.7590359751334,841.7590359751334,841.7590359751334,841.7590359751334,841.7590359751334,841.7590359751334,841.7590359751334,841.7590359751334,841.7590359751334,841.7590359751334,841.7590359751334,841.7590359751334,841.7590359751334,841.7590359751334,841.7590359751334,841.7590359751334,841.7590359751334,841.7590359751334,841.7590359751334,841.7590359751334,841.7590359751334,841.7590359751334,841.7590359751334,841.7590359751334,841.7590359751334,841.7590359751334,841.7590359751334,841.7590359751334,841.7590359751334,841.7590359751334,841.7590359751334,841.7590359751334,841.7590359751334,841.7590359751334,841.7590359751334,841.7590359751334,841.7590359751334,841.7590359751334,841.7590359751334,841.7590359751334,841.7590359751334,841.7590359751334,841.7590359751334,