{"Optimal":944,"benchmark":"A-n45-k6","front":[{"distance":954.8157710160774,"trucks":[[45,38,35,20,31,41,12,28],[15,36,32,39,3,26,16],[33,21,6,22,34,42,9,11,4],[2,7,25,44,30],[24,29,8,14,18,19,27],[10,23,17,5,43,37,40,13]],"fuel":1370.1336173590907},{"distance":958.1726758823868,"trucks":[[45,38,35,20,31,41,12,28],[15,36,32,39,3,26,16],[33,21,4,11,9,42,34,22,6],[2,7,25,44,30],[24,29,8,14,18,19,27],[10,23,17,5,43,37,40,13]],"fuel":1359.1554645048677}]}