{"front":[{"trucks":[[45,38,35,20,31,41,12,28],[15,36,32,39,3,26,16],[33,21,6,22,34,42,9,11,4],[27,30,44,19,18,8,24],[10,23,17,5,43,37,40,13],[2,7,25,14,29]],"fuel":1389.9531957012482,"distance":968.5510357928799},{"trucks":[[45,38,35,20,31,41,12,28],[15,36,32,39,3,26,16],[33,21,4,11,9,42,34,22,6],[27,30,44,19,18,8,24],[10,23,17,5,43,37,40,13],[2,7,25,14,29]],"fuel":1378.9750428470252,"distance":971.9079406591891}],"Optimal":944,"benchmark":"A-n45-k6"}