{"Optimal":944,"benchmark":"A-n45-k6","front":[{"fuel":1371.4098349574685,"trucks":[[33,21,6,22,34,42,9,11,4,10],[8,29,14,18,19,28],[23,17,5,43,37,40,13,3],[2,45,7,25,38,24],[27,30,44,12,41,31,20,35],[15,36,32,39,26,16]],"distance":969.5857745831802},{"fuel":1366.8065932055322,"trucks":[[10,33,21,4,11,9,42,34,22,6],[8,29,14,18,19,28],[23,17,5,43,37,40,13,3],[2,45,7,25,38,24],[27,30,44,12,41,31,20,35],[15,36,32,39,26,16]],"distance":976.6305198888206},{"fuel":1364.5724768087566,"trucks":[[33,21,4,11,9,42,34,22,6,10],[8,29,14,18,19,28],[23,17,5,43,37,40,13,3],[2,45,7,25,38,24],[27,30,44,12,41,31,20,35],[15,36,32,39,26,16]],"distance":976.9364604379061}]}