{"benchmark":"P-n55-k10","optimalDistance":694,"distanceSequence":[761.4965585532211,761.4965585532211,761.4965585532211,761.4965585532211,761.4965585532211,761.4965585532211,761.4965585532211,761.4965585532211,761.4965585532211,761.4965585532211,761.4965585532211,761.4965585532211,761.4965585532211,761.4965585532211,761.4965585532211,761.4965585532211,761.4965585532211,761.4965585532211,761.4965585532211,761.4965585532211,761.4965585532211,761.4965585532211,761.4965585532211,761.4965585532211,761.4965585532211,761.4965585532211,761.4965585532211,761.4965585532211,761.4965585532211,761.4965585532211,761.4965585532211,761.4965585532211,761.4965585532211,761.4965585532211,761.4965585532211,761.4965585532211,761.4965585532211,761.4965585532211,761.4965585532211,761.4965585532211,761.4965585532211,761.4965585532211,761.4965585532211,761.4965585532211,761.4965585532211,761.4965585532211,761.4965585532211,761.4965585532211,761.4965585532211,761.4965585532211,761.4965585532211,761.4965585532211,761.4965585532211,761.4965585532211,761.4965585532211,761.4965585532211,761.4965585532211,761.4965585532211,761.4965585532211,761.4965585532211,761.4965585532211,761.4965585532211,761.4965585532211,761.4965585532211,761.4965585532211,761.4965585532211,761.4965585532211,761.4965585532211,761.4965585532211,761.4965585532211,761.4965585532211,761.4965585532211,761.4965585532211,761.4965585532211,761.4965585532211,761.4965585532211,761.4965585532211,761.4965585532211,761.4965585532211,761.4965585532211,761.4965585532211,761.4965585532211,761.4965585532211,761.4965585532211,761.4965585532211,761.4965585532211,761.4965585532211,761.4965585532211,761.4965585532211,761.4965585532211,761.4965585532211,761.4965585532211,761.4965585532211,761.4965585532211,761.4965585532211,761.4965585532211,761.4965585532211,761.4965585532211,761.4965585532211,761.4965585532211,761.4965585532211,761.4965585532211,761.4965585532211,761.4965585532211,761.4965585532211,761.4965585532211,761.4965585532211,761.4965585532211,761.4965585532211,761.4965585532211,761.4965585532211,761.4965585532211,761.4965585532211,760.5395291365651,760.5395291365651,760.5395291365651,760.5395291365651,760.5395291365651,760.5395291365651,760.5395291365651,760.5395291365651,760.5395291365651,760.5395291365651,760.5395291365651,760.5395291365651,760.5395291365651,760.5395291365651,760.5395291365651,760.5395291365651,760.5395291365651,760.5395291365651,760.5395291365651,760.5395291365651,760.5395291365651,760.5395291365651,760.5395291365651,760.5395291365651,760.5395291365651,760.5395291365651,760.5395291365651,760.5395291365651,760.5395291365651,760.5395291365651,760.5395291365651,760.5395291365651,760.5395291365651,760.5395291365651,760.5395291365651,760.5395291365651,753.7455576805704,753.7455576805704,753.7455576805704,753.7455576805704,753.7455576805704,753.7455576805704,753.7455576805704,753.7455576805704,753.7455576805704,753.7455576805704,753.7455576805704,753.7455576805704,753.7455576805704,753.7455576805704,753.7455576805704,753.7455576805704,753.7455576805704,753.7455576805704,753.7455576805704,753.7455576805704,753.7455576805704,753.7455576805704,753.7455576805704,753.7455576805704,753.7455576805704,753.7455576805704,753.7455576805704,753.7455576805704,753.7455576805704,753.7455576805704,753.7455576805704,753.7455576805704,753.7455576805704,753.7455576805704,753.7455576805704,753.7455576805704,753.7455576805704,753.7455576805704,753.7455576805704,753.7455576805704,753.7455576805704,753.7455576805704,753.7455576805704,753.7455576805704,753.7455576805704,753.7455576805704,753.7455576805704,753.7455576805704,753.7455576805704,753.7455576805704,753.7455576805704,753.7455576805704,753.7455576805704,753.7455576805704,753.7455576805704,753.7455576805704,753.7455576805704,753.7455576805704,753.7455576805704,753.7455576805704,753.7455576805704,753.7455576805704,753.7455576805704,753.7455576805704,753.7455576805704,753.7455576805704,753.7455576805704,753.7455576805704,753.7455576805704,753.7455576805704,753.7455576805704,753.7455576805704,753.7455576805704,753.7455576805704,753.7455576805704,753.7455576805704,753.7455576805704,753.7455576805704,753.7455576805704,753.7455576805704,753.7455576805704,753.7455576805704,753.7455576805704,753.7455576805704,753.7455576805704,753.7455576805704,753.7455576805704,753.7455576805704,753.7455576805704,753.7455576805704,753.7455576805704,753.7455576805704,753.7455576805704,753.7455576805704,753.7455576805704,753.7455576805704,753.7455576805704,753.7455576805704,753.7455576805704,753.7455576805704,753.7455576805704,753.7455576805704,753.7455576805704,753.7455576805704,753.7455576805704,753.7455576805704,753.7455576805704,750.1607139865737,750.1607139865737,750.1607139865737,750.1607139865737,750.1607139865737,750.1607139865737,750.1607139865737,750.1607139865737,750.1607139865737,750.1607139865737,750.1607139865737,750.1607139865737,750.1607139865737,750.1607139865737,750.1607139865737,750.1607139865737,750.1607139865737,750.1607139865737,750.1607139865737,750.1607139865737,750.1607139865737,750.1607139865737,750.1607139865737,750.1607139865737,750.1607139865737,750.1607139865737,750.1607139865737,750.1607139865737,750.1607139865737,750.1607139865737,750.1607139865737,750.1607139865737,750.1607139865737,750.1607139865737,750.1607139865737,750.1607139865737,750.1607139865737,750.1607139865737,750.1607139865737,750.1607139865737,750.1607139865737,750.1607139865737,750.1607139865737,750.1607139865737,750.1607139865737,750.1607139865737,750.1607139865737,750.1607139865737,750.1607139865737,750.1607139865737,750.1607139865737,750.1607139865737,750.1607139865737,750.1607139865737,750.1607139865737,750.1607139865737,750.1607139865737,750.1607139865737,750.1607139865737,750.1607139865737,750.1607139865737,750.1607139865737,750.1607139865737,750.1607139865737,750.1607139865737,750.1607139865737,750.1607139865737,750.1607139865737,750.1607139865737,750.1607139865737,750.1607139865737,750.1607139865737,750.1607139865737,750.1607139865737,750.1607139865737,750.1607139865737,750.1607139865737,750.1607139865737,750.1607139865737,750.1607139865737,750.1607139865737,750.1607139865737,750.1607139865737,736.1828073088581,736.1828073088581,736.1828073088581,736.1828073088581,736.1828073088581,736.1828073088581,736.1828073088581,736.1828073088581,736.1828073088581,736.1828073088581,736.1828073088581,736.1828073088581,736.1828073088581,736.1828073088581,736.1828073088581,736.1828073088581,736.1828073088581,736.1828073088581,736.1828073088581,736.1828073088581,736.1828073088581,736.1828073088581,736.1828073088581,736.1828073088581,736.1828073088581,736.1828073088581,736.1828073088581,736.1828073088581,736.1828073088581,736.1828073088581,736.1828073088581,736.1828073088581,736.1828073088581,736.1828073088581,736.1828073088581,736.1828073088581,736.1828073088581,736.1828073088581,736.1828073088581,736.1828073088581,736.1828073088581,736.1828073088581,736.1828073088581,736.1828073088581,736.1828073088581,736.1828073088581,736.1828073088581,736.1828073088581,736.1828073088581,736.1828073088581,736.1828073088581,736.1828073088581,736.1828073088581,736.1828073088581,736.1828073088581,736.1828073088581,736.1828073088581,736.1828073088581,736.1828073088581,736.1828073088581,736.1828073088581,736.1828073088581,736.1828073088581,736.1828073088581,736.1828073088581,736.1828073088581,736.1828073088581,736.1828073088581,736.1828073088581,736.1828073088581,736.1828073088581,736.1828073088581,736.1828073088581,736.1828073088581,736.1828073088581,736.1828073088581,736.1828073088581,736.1828073088581,736.1828073088581,736.1828073088581,736.1828073088581,736.1828073088581,736.1828073088581,736.1828073088581,736.1828073088581,736.1828073088581,736.1828073088581,736.1828073088581,736.1828073088581,736.1828073088581,736.1828073088581,736.1828073088581,736.1828073088581,736.1828073088581,736.1828073088581,736.1828073088581,736.1828073088581,736.1828073088581,736.1828073088581,736.1828073088581,736.1828073088581,