{"optimalDistance":694,"benchmark":"P-n55-k10","fuelSequence":[1069.1812122543142,1069.1812122543142,1069.1812122543142,1069.1812122543142,1069.1812122543142,1069.1812122543142,1055.708060176381,1055.708060176381,1055.708060176381,1055.708060176381,1055.708060176381,1055.708060176381,1055.708060176381,1055.708060176381,1055.708060176381,1055.708060176381,1055.708060176381,1055.708060176381,1055.708060176381,1055.708060176381,1055.708060176381,1055.708060176381,1055.708060176381,1055.708060176381,1055.708060176381,1055.708060176381,1055.708060176381,1055.708060176381,1055.708060176381,1055.708060176381,1055.708060176381,1055.708060176381,1055.708060176381,1055.708060176381,1055.708060176381,1055.708060176381,1055.708060176381,1055.708060176381,1055.708060176381,1055.708060176381,1055.708060176381,1055.708060176381,1055.708060176381,1055.708060176381,1055.708060176381,1055.708060176381,1055.708060176381,1055.708060176381,1055.708060176381,1055.708060176381,1055.708060176381,1055.708060176381,1055.708060176381,1055.708060176381,1055.708060176381,1055.708060176381,1055.708060176381,1055.708060176381,1055.708060176381,1055.708060176381,1055.708060176381,1055.708060176381,1055.708060176381,1055.708060176381,1055.708060176381,1055.708060176381,1055.708060176381,1055.708060176381,1055.708060176381,1055.708060176381,1055.708060176381,1055.708060176381,1055.708060176381,1055.708060176381,1055.708060176381,1055.708060176381,1055.708060176381,1055.708060176381,1055.708060176381,1055.708060176381,1055.708060176381,1055.708060176381,1055.708060176381,1055.708060176381,1055.708060176381,1055.708060176381,1055.708060176381,1055.708060176381,1055.708060176381,1055.708060176381,1055.708060176381,1055.708060176381,1055.708060176381,1055.708060176381,1055.708060176381,1055.708060176381,1055.708060176381,1055.708060176381,1055.708060176381,1055.708060176381,1055.708060176381,1055.708060176381,1055.708060176381,1055.708060176381,1055.708060176381,1055.708060176381,1055.708060176381,1055.708060176381,1055.708060176381,1055.708060176381,1055.708060176381,1055.708060176381,1055.708060176381,1055.708060176381,1055.708060176381,1055.708060176381,1055.708060176381,1055.708060176381,1055.708060176381,1055.708060176381,1055.708060176381,1055.708060176381,1055.708060176381,1055.708060176381,1055.708060176381,1055.708060176381,1055.708060176381,1055.708060176381,1055.708060176381,1055.708060176381,1055.708060176381,1055.708060176381,1055.708060176381,1055.708060176381,1055.708060176381,1055.708060176381,1055.708060176381,1055.708060176381,1055.708060176381,1055.708060176381,1055.708060176381,1055.708060176381,1055.708060176381,1055.708060176381,1055.708060176381,1055.708060176381,1055.708060176381,1055.708060176381,1055.708060176381,1055.708060176381,1055.708060176381,1055.708060176381,1055.708060176381,1055.708060176381,1055.708060176381,1055.708060176381,1055.708060176381,1055.708060176381,1055.708060176381,1055.708060176381,1055.708060176381,1055.708060176381,1055.708060176381,1055.708060176381,1055.708060176381,1055.708060176381,1055.708060176381,1055.708060176381,1055.708060176381,1055.708060176381,1055.708060176381,1055.708060176381,1055.708060176381,1055.708060176381,1055.708060176381,1055.708060176381,1055.708060176381,1055.708060176381,1055.708060176381,1055.708060176381,1055.708060176381,1055.708060176381,1055.708060176381,1055.708060176381,1055.708060176381,1055.708060176381,1055.708060176381,1055.708060176381,1055.708060176381,1055.708060176381,1055.708060176381,1055.708060176381,1055.708060176381,1055.708060176381,1055.708060176381,1055.708060176381,1044.735766760873,1044.735766760873,1044.735766760873,1044.735766760873,1044.735766760873,1044.735766760873,1044.735766760873,1044.735766760873,1044.735766760873,1044.735766760873,1044.735766760873,1044.735766760873,1044.735766760873,1044.735766760873,1044.735766760873,1044.735766760873,1044.735766760873,1044.735766760873,1044.735766760873,1044.735766760873,1044.735766760873,1044.735766760873,1044.735766760873,1044.735766760873,1044.735766760873,1044.735766760873,1044.735766760873,1044.735766760873,1044.735766760873,1044.735766760873,1044.735766760873,1044.735766760873,1044.735766760873,1044.735766760873,1044.735766760873,1044.735766760873,1044.735766760873,1044.735766760873,1044.735766760873,1044.735766760873,1044.735766760873,1044.735766760873,1044.735766760873,1044.735766760873,1044.735766760873,1044.735766760873,1044.735766760873,1044.735766760873,1044.735766760873,1044.735766760873,1044.735766760873,1044.735766760873,1044.735766760873,1044.735766760873,1044.735766760873,1044.735766760873,1044.735766760873,1044.735766760873,1044.735766760873,1044.735766760873,1044.735766760873,1044.735766760873,1044.735766760873,1044.735766760873,1044.735766760873,1044.735766760873,1044.735766760873,1044.735766760873,1044.735766760873,1044.735766760873,1044.735766760873,1044.735766760873,1044.735766760873,1044.735766760873,1044.735766760873,1044.735766760873,1044.735766760873,1044.735766760873,1044.735766760873,1044.735766760873,1044.735766760873,1044.735766760873,1044.735766760873,1044.735766760873,1044.735766760873,1044.735766760873,1044.735766760873,1044.735766760873,1044.735766760873,1044.735766760873,1044.735766760873,1044.735766760873,1044.735766760873,1044.735766760873,1044.735766760873,1044.735766760873,1044.735766760873,1044.735766760873,1044.735766760873,1044.735766760873,1044.735766760873,1044.735766760873,1044.735766760873,1044.735766760873,1044.735766760873,1044.735766760873,1044.735766760873,1044.735766760873,1044.735766760873,1044.735766760873,1044.735766760873,1044.735766760873,1044.735766760873,1044.735766760873,1044.735766760873,1044.735766760873,1044.735766760873,1044.735766760873,1044.735766760873,1044.735766760873,1044.735766760873,1044.735766760873,1044.735766760873,1044.735766760873,1044.735766760873,1044.735766760873,1044.735766760873,1044.735766760873,1044.735766760873,1044.735766760873,1044.735766760873,1044.735766760873,1044.735766760873,1044.735766760873,1044.735766760873,1044.735766760873,1044.735766760873,1044.735766760873,1044.735766760873,1044.735766760873,1044.735766760873,1044.735766760873,1044.735766760873,1044.735766760873,1044.735766760873,1044.735766760873,1044.735766760873,1044.735766760873,1044.735766760873,1044.735766760873,1044.735766760873,1044.735766760873,1044.735766760873,1044.735766760873,1044.735766760873,1044.735766760873,1044.735766760873,1044.735766760873,1044.735766760873,1044.735766760873,1044.735766760873,1044.735766760873,1044.735766760873,1044.735766760873,1044.735766760873,1044.735766760873,1044.735766760873,1044.735766760873,1044.735766760873,1044.735766760873,1044.735766760873,1044.735766760873,1044.735766760873,1044.735766760873,1044.735766760873,1044.735766760873,1044.735766760873,1044.735766760873,1044.735766760873,1044.735766760873,1044.735766760873,1044.735766760873,1044.735766760873,1044.735766760873,1044.735766760873,1044.735766760873,1044.735766760873,1044.735766760873,1044.735766760873,1044.735766760873,1044.735766760873,1044.735766760873,1044.735766760873,1044.735766760873,1044.735766760873,1044.735766760873,1044.735766760873,1044.735766760873,1044.735766760873,1044.735766760873,1044.735766760873,1044.735766760873,1044.735766760873,1044.735766760873,1044.735766760873,1044.735766760873,1044.735766760873,1044.735766760873,1044.735766760873,1044.735766760873,1044.735766760873,1044.735766760873,1044.735766760873,1044.735766760873,1044.735766760873,1044.735766760873,1044.735766760873,1044.735766760873,1044.735766760873,1044.735766760873,1044.735766760873,1044.735766760873,1044.735766760873,1044.735766760873,1044.735766760873,1044.735766760873,1044.735766760873,1044.735766760873,1044.735766760873,1044.735766760873,1044.735766760873,1044.735766760873,1044.735766760873,1044.735766760873,1044.735766760873,1044.735766760873,1044.735766760873,1044.735766760873,1044.735766760873,1044.735766760873,1044.735766760873,1044.735766760873,1044.735766760873,1044.735766760873,