{"benchmark":"P-n55-k10","front":[{"trucks":[[36,54,15,20,55,14],[7,42,43,44,23,29],[52,17,25,50,24,2,34],[53,28,46,30,49,6],[12,39,11,32],[22,48,37,38,21,16],[35,47,9,8,27],[5,31,3],[18,51,19,26,40,10],[13,41,33,45,4]],"fuel":1045.4248884526598,"distance":736.1828073088581},{"trucks":[[18,41,33,45,4],[13,40,10,26,51,19],[52,34,17,50,25,24],[53,28,46,30,49,6],[35,47,9,8,27],[5,31,3,7],[36,54,15,20,55],[22,48,37,38,21,16,14],[29,23,43,42,44,2],[39,12,32,11]],"fuel":1032.0837287958807,"distance":740.8487324606699},{"trucks":[[9,36,54,15,20,55],[52,17,50,25,19,51,26],[31,49,48,37,22],[18,41,33,45,4],[29,23,44,43,42,2,24],[5,27,39,12],[46,30,6,38,21,16,14],[47,35,28,53,8],[13,40,10,32,11],[7,34,3]],"fuel":1026.2811269992353,"distance":747.285461546371}],"Optimal":694}