{"optimalDistance":805,"benchmark":"B-n38-k6","distanceSequence":[852.7285254943921,852.7285254943921,852.7285254943921,852.7285254943921,852.7285254943921,849.7535776911436,849.7535776911436,849.7535776911436,849.7535776911436,849.7535776911436,849.7535776911436,849.7535776911436,849.7535776911436,849.7144056565928,848.4437193963124,848.4437193963124,845.4417594606441,845.4417594606441,845.4417594606441,845.4417594606441,845.4417594606441,845.4417594606441,845.4417594606441,845.4417594606441,845.1861470001156,845.1861470001156,845.1861470001156,845.1861470001156,844.8983401392184,844.8983401392184,844.8983401392184,844.8983401392184,844.8983401392184,844.6427276786899,844.6427276786899,844.4697713577125,844.4697713577125,844.4697713577125,844.4697713577125,844.4697713577125,844.4697713577125,844.4697713577125,844.4697713577125,844.4697713577125,843.1599130628813,843.1599130628813,843.1599130628813,843.1599130628813,843.1599130628813,843.1599130628813,843.1599130628813,843.1599130628813,843.1599130628813,839.9283215597609,839.9283215597609,839.1934000250933,839.1934000250933,839.0976994288078,839.0976994288078,838.8249807719802,836.5213638265462,836.511188294598,836.511188294598,836.511188294598,836.511188294598,835.9677689731723,835.9677689731723,835.4531919246905,835.4531919246905,833.1495749792564,833.1495749792564,833.1495749792564,833.1495749792564,833.1495749792564,833.1495749792564,833.1495749792564,833.0987697764033,831.8397166844252,831.8397166844252,831.8397166844252,831.8397166844252,831.8397166844252,831.8397166844252,831.8397166844252,831.8005446498746,831.8005446498746,831.8005446498746,831.8005446498746,831.8005446498746,831.8005446498746,831.8005446498746,831.8005446498746,831.8005446498746,831.2962973629994,831.2962973629994,831.2962973629994,831.2962973629994,829.6617084692687,827.0399899364658,827.0399899364658,827.0399899364658,827.0399899364658,827.0399899364658,826.8906173347431,826.8906173347431,826.8906173347431,823.8569275435008,823.1831766954255,823.1831766954255,823.1831766954255,823.1831766954255,823.1831766954255,820.7843865041876,820.7843865041876,820.7843865041876,820.7843865041876,820.7843865041876,820.1106356561123,820.1106356561123,820.1106356561123,820.1106356561123,820.1106356561123,820.1106356561123,820.1106356561123,819.7609894834715,819.7609894834715,819.7609894834715,819.7609894834715,819.7609894834715,819.6779823775258,819.6779823775258,819.6779823775258,819.6779823775258,819.6779823775258,819.6779823775258,819.6779823775258,819.6779823775258,819.6779823775258,819.6779823775258,819.5286097758031,819.328336204885,819.328336204885,819.328336204885,819.328336204885,819.328336204885,819.328336204885,819.328336204885,819.328336204885,819.328336204885,819.328336204885,818.0091541705316,818.0091541705316,818.0091541705316,818.0091541705316,818.0091541705316,818.0091541705316,818.0091541705316,814.91673228347,814.91673228347,814.91673228347,814.91673228347,814.91673228347,814.91673228347,814.91673228347,814.91673228347,814.5735865329624,814.1937844941444,814.1937844941444,814.1937844941444,814.1937844941444,814.1937844941444,814.1937844941444,814.1937844941444,814.1937844941444,814.1937844941444,813.8506387436369,813.8506387436369,813.8506387436369,813.8506387436369,813.8506387436369,812.6743288888729,812.6743288888729,812.6743288888729,812.6743288888729,812.5202951834596,811.3439853286956,811.3439853286956,811.3439853286956,811.3439853286956,811.3439853286956,811.3439853286956,811.3439853286956,811.3439853286956,811.3439853286956,811.3439853286956,811.3439853286956,811.3439853286956,811.3439853286956,811.3439853286956,811.3439853286956,811.000839578188,811.000839578188,811.000839578188,811.000839578188,811.000839578188,811.000839578188,811.000839578188,811.000839578188,811.000839578188,811.000839578188,811.000839578188,811.000839578188,811.000839578188,811.000839578188,811.000839578188,811.000839578188,811.000839578188,811.000839578188,811.000839578188,811.000839578188,811.000839578188,811.000839578188,811.000839578188,811.000839578188,811.000839578188,811.000839578188,811.000839578188,811.000839578188,811.000839578188,811.000839578188,811.000839578188,811.000839578188,811.000839578188,811.000839578188,811.000839578188,811.000839578188,811.000839578188,811.000839578188,811.000839578188,811.000839578188,811.000839578188,811.000839578188,811.000839578188,811.000839578188,811.000839578188,811.000839578188,811.000839578188,811.000839578188,811.000839578188,811.000839578188,811.000839578188,811.000839578188,811.000839578188,811.000839578188,811.000839578188,811.000839578188,811.000839578188,811.000839578188,811.000839578188,811.000839578188,811.000839578188,811.000839578188,811.000839578188,811.000839578188,811.000839578188,811.000839578188,811.000839578188,811.000839578188,811.000839578188,811.000839578188,811.000839578188,811.000839578188,811.000839578188,811.000839578188,811.000839578188,811.000839578188,811.000839578188,811.000839578188,811.000839578188,811.000839578188,811.000839578188,811.000839578188,811.000839578188,811.000839578188,811.000839578188,811.000839578188,811.000839578188,811.000839578188,811.000839578188,811.000839578188,811.000839578188,811.000839578188,811.000839578188,811.000839578188,811.000839578188,811.000839578188,811.000839578188,811.000839578188,811.000839578188,811.000839578188,811.000839578188,811.000839578188,811.000839578188,811.000839578188,811.000839578188,811.000839578188,811.000839578188,811.000839578188,811.000839578188,811.000839578188,811.000839578188,811.000839578188,811.000839578188,811.000839578188,811.000839578188,811.000839578188,811.000839578188,811.000839578188,811.000839578188,811.000839578188,811.000839578188,811.000839578188,811.000839578188,811.000839578188,811.000839578188,811.000839578188,811.000839578188,811.000839578188,811.000839578188,811.000839578188,811.000839578188,811.000839578188,811.000839578188,811.000839578188,811.000839578188,811.000839578188,811.000839578188,811.000839578188,811.000839578188,811.000839578188,811.000839578188,811.000839578188,811.000839578188,811.000839578188,811.000839578188,811.000839578188,811.000839578188,811.000839578188,811.000839578188,811.000839578188,811.000839578188,811.000839578188,811.000839578188,811.000839578188,811.000839578188,811.000839578188,811.000839578188,811.000839578188,811.000839578188,811.000839578188,811.000839578188,811.000839578188,811.000839578188,811.000839578188,811.000839578188,811.000839578188,811.000839578188,811.000839578188,811.000839578188,811.000839578188,811.000839578188,811.000839578188,811.000839578188,811.000839578188,811.000839578188,811.000839578188,811.000839578188,811.000839578188,811.000839578188,808.7026097356143,808.7026097356143,808.7026097356143,808.7026097356143,808.7026097356143,808.7026097356143,808.7026097356143,808.7026097356143,808.7026097356143,808.7026097356143,808.7026097356143,808.7026097356143,808.7026097356143,808.7026097356143,808.7026097356143,808.7026097356143,808.7026097356143,808.7026097356143,808.7026097356143,808.7026097356143,808.7026097356143,808.7026097356143,808.7026097356143,808.7026097356143,808.7026097356143,808.7026097356143,808.7026097356143,808.7026097356143,808.7026097356143,808.7026097356143,808.7026097356143,808.7026097356143,808.7026097356143,808.7026097356143,808.7026097356143,808.7026097356143,808.7026097356143,808.7026097356143,808.7026097356143,808.7026097356143,808.7026097356143,808.7026097356143,808.7026097356143,808.7026097356143,808.7026097356143,808.7026097356143,808.7026097356143,808.7026097356143,808.7026097356143,808.7026097356143,808.7026097356143,808.7026097356143,808.7026097356143,808.7026097356143,808.7026097356143,808.7026097356143,808.7026097356143,808.7026097356143,808.7026097356143,808.7026097356143,808.7026097356143,808.7026097356143,808.7026097356143,808.7026097356143,808.7026097356143,808.7026097356143,808.7026097356143,808.7026097356143,808.7026097356143,808.7026097356143,808.7026097356143,808.7026097356143,808.7026097356143,