{"Optimal":805,"front":[{"fuel":1155.654180515238,"distance":840.1444159970385,"trucks":[[15,22,12],[8,28,13,30,25,35,9,18,37],[6,5,19,34,24,31],[27,17,32,10,20,7,26],[16,11,2,36,3,38,14],[23,4,33,29,21]]},{"fuel":1150.8017459832236,"trucks":[[15,22,12],[8,28,13,30,25,35,9,18,37],[6,24,34,19,5,31],[27,17,32,10,20,7,26],[16,11,2,36,3,38,14],[23,4,33,29,21]],"distance":840.3132683587532}],"benchmark":"B-n38-k6"}