{"optimalDistance":955,"distanceSequence":[994.4209234319242,994.4209234319242,994.4209234319242,994.4209234319242,994.4209234319242,991.5356314444184,991.5356314444184,991.5356314444184,988.807086272737,988.807086272737,987.8495651042047,986.8875775904435,986.8875775904435,986.8875775904435,986.8875775904435,986.8875775904435,986.8875775904435,984.9839914861241,984.9839914861241,984.9839914861241,984.3787978041271,984.3787978041271,984.2412907733612,984.2412907733612,982.7032235924614,982.7032235924614,982.7032235924614,982.3870114042073,982.3870114042073,981.9083541666882,980.3375172842937,976.7247099381361,976.7247099381361,976.7247099381361,976.7247099381361,975.909228815684,975.909228815684,973.094916758881,973.094916758881,973.094916758881,973.094916758881,973.094916758881,971.002627062852,971.002627062852,971.002627062852,971.002627062852,970.1871459403998,970.1871459403998,970.1871459403998,970.1871459403998,970.1871459403998,970.1871459403998,970.1871459403998,970.1871459403998,970.1871459403998,970.1871459403998,970.1871459403998,969.5900211095487,969.5900211095487,969.5900211095487,969.5900211095487,969.5900211095487,969.5900211095487,969.5900211095487,969.5900211095487,969.1964133420762,969.1964133420762,969.1964133420762,969.1964133420762,969.1964133420762,968.7745399870965,968.7745399870965,968.7745399870965,968.7745399870963,968.7745399870963,968.7745399870963,968.7498367985094,968.7498367985094,968.690561909919,968.380932219624,968.380932219624,968.380932219624,968.380932219624,968.3221462745661,968.3221462745661,968.3221462745661,968.3221462745661,968.3221462745661,968.3221462745661,968.3221462745661,968.3221462745661,968.3221462745661,968.3221462745661,968.3221462745661,968.3221462745661,968.3221462745661,968.3221462745661,968.3221462745661,968.3221462745661,968.3221462745661,968.3221462745661,968.3221462745661,968.3221462745661,968.3221462745661,968.3221462745661,968.3221462745661,968.3221462745661,968.3221462745661,968.3221462745661,968.3221462745661,968.3221462745661,968.3221462745661,968.3221462745661,968.3221462745661,968.3221462745661,968.3221462745661,968.3221462745661,968.3221462745661,968.3221462745661,968.3221462745661,968.3221462745661,968.3221462745661,968.3221462745661,968.3221462745661,968.3221462745661,968.3221462745661,968.3221462745661,968.3221462745661,968.3221462745661,968.3221462745661,968.3221462745661,968.3221462745661,968.3221462745661,968.3221462745661,968.3221462745661,968.3221462745661,968.3221462745661,968.3221462745661,968.3221462745661,968.3221462745661,968.3221462745661,968.3221462745661,968.3221462745661,968.3221462745661,968.3221462745661,968.3221462745661,968.3221462745661,968.3221462745661,968.3221462745661,968.3221462745661,968.3221462745661,968.3221462745661,968.3221462745661,968.3221462745661,968.3221462745661,968.3221462745661,968.3221462745661,968.3221462745661,968.3221462745661,968.3221462745661,968.3221462745661,968.3221462745661,968.3221462745661,968.3221462745661,968.3221462745661,968.3221462745661,968.3221462745661,968.3221462745661,968.3221462745661,968.3221462745661,968.3221462745661,968.3221462745661,968.3221462745661,968.3221462745661,968.3221462745661,968.3221462745661,968.3221462745661,968.3221462745661,968.3221462745661,968.3221462745661,968.3221462745661,968.3221462745661,968.3221462745661,968.3221462745661,968.3221462745661,968.3221462745661,968.3221462745661,968.3221462745661,968.3221462745661,968.3221462745661,968.3221462745661,968.3221462745661,968.3221462745661,968.3221462745661,968.3221462745661,968.3221462745661,968.3221462745661,968.3221462745661,968.3221462745661,968.3221462745661,968.3221462745661,968.3221462745661,968.3221462745661,968.3221462745661,968.3221462745661,968.3221462745661,968.3221462745661,968.3221462745661,968.3221462745661,968.3221462745661,968.3221462745661,968.3221462745661,968.3221462745661,968.3221462745661,968.3221462745661,968.3221462745661,968.3221462745661,968.3221462745661,968.3221462745661,968.3221462745661,968.3221462745661,968.3221462745661,968.3221462745661,968.3221462745661,968.3221462745661,968.3221462745661,968.3221462745661,968.3221462745661,968.3221462745661,968.3221462745661,968.3221462745661,968.3221462745661,968.3221462745661,968.3221462745661,968.3221462745661,968.3221462745661,968.3221462745661,968.3221462745661,968.3221462745661,968.3221462745661,968.3221462745661,966.9627416428588,966.9627416428588,966.9627416428588,966.9627416428588,966.9627416428588,966.9627416428588,966.9627416428588,966.9627416428588,966.8035181031804,966.8035181031804,966.8035181031804,966.8035181031804,966.8035181031804,966.8035181031804,966.6531119525636,966.4316113145622,966.4316113145622,966.4316113145622,966.4316113145622,966.4316113145622,966.4316113145622,966.4316113145622,966.4316113145622,966.4316113145622,966.4316113145622,966.4316113145622,966.4316113145622,966.4316113145622,966.4316113145622,966.4316113145622,966.4316113145622,966.4316113145622,966.4316113145622,966.4316113145622,966.4316113145622,966.4316113145622,966.4316113145622,966.4316113145622,966.4316113145622,966.4316113145622,966.4316113145622,966.331173719942,966.331173719942,966.331173719942,966.331173719942,963.9685362719309,963.9685362719309,963.9685362719309,963.9685362719309,963.9685362719309,963.9685362719309,963.9685362719309,963.9685362719309,963.9685362719309,963.9685362719309,963.9685362719309,963.9685362719309,963.9685362719309,963.9685362719309,963.9685362719309,963.9685362719309,963.9685362719309,963.9685362719309,963.9685362719309,963.9685362719309,963.9685362719309,963.9685362719309,963.9685362719309,963.9685362719309,963.9685362719309,963.9685362719309,963.9685362719309,963.9685362719309,963.9685362719309,963.9685362719309,963.9685362719309,963.9685362719309,963.9685362719309,963.9685362719309,963.9685362719309,963.9685362719309,963.9685362719309,963.9685362719309,963.9685362719309,963.9685362719309,963.9685362719309,963.9685362719309,963.9685362719309,963.9685362719309,963.9685362719309,963.9685362719309,963.9685362719309,963.9685362719309,963.9685362719309,963.9685362719309,963.9685362719309,963.9685362719309,963.9685362719309,963.9685362719309,963.9685362719309,963.9685362719309,963.6589065816358,963.6589065816358,963.6589065816358,963.6589065816358,963.6589065816358,963.6589065816358,963.6589065816358,963.6589065816358,963.6589065816358,963.6589065816358,963.6589065816358,963.6589065816358,963.6589065816358,963.6589065816358,963.6589065816358,963.6589065816358,963.6589065816358,963.6589065816358,963.6589065816358,963.6589065816358,963.6589065816358,963.6589065816358,963.6589065816358,963.6589065816358,963.6589065816358,963.6589065816358,963.6589065816358,963.6589065816358,963.6589065816358,963.6589065816358,963.6589065816358,963.6589065816358,963.6589065816358,963.6589065816358,963.6589065816358,963.6589065816358,963.6589065816358,963.6589065816358,963.6589065816358,963.6589065816358,963.6589065816358,963.6589065816358,963.6589065816358,963.6589065816358,963.6589065816358,963.6589065816358,963.6589065816358,963.6589065816358,963.6589065816358,963.6589065816358,963.6589065816358,963.6589065816358,963.6589065816358,963.6589065816358,963.6589065816358,963.6589065816358,963.6589065816358,963.6589065816358,963.6589065816358,963.6589065816358,963.6589065816358,963.6589065816358,963.6589065816358,963.6589065816358,963.6589065816358,963.6589065816358,963.6589065816358,963.6589065816358,963.6589065816358,963.6589065816358,963.6589065816358,963.6589065816358,963.6589065816358,963.6589065816358,963.6589065816358,963.6589065816358,963.6589065816358,963.6589065816358,963.6589065816358,963.6589065816358,963.6589065816358,963.6589065816358,963.6589065816358,963.6589065816358,963.6589065816358,961.9257663245602,961.9257663245602,961.9257663245602,961.9257663245602,961.9257663245602,961.9257663245602,961.9257663245602,961.9257663245602,961.9257663245602,961.9257663245602,961.9257663245602,961.9257663245602,961.9257663245602,961.9257663245602,961.9257663245602,961.9257663245602,