{"Optimal":955,"benchmark":"B-n35-k5","front":[{"fuel":1357.0083464013246,"trucks":[[13,11,17,2,24,10,8,21],[23,31,6,12,20,3,33,14],[35,28,25,29,5,15,16],[22,26,32,7,34,4,27,19],[18,30,9]],"distance":963.1535879003847},{"trucks":[[13,11,17,10,24,2,8,21],[23,31,6,12,20,3,33,14],[35,28,25,29,5,15,16],[22,26,32,7,34,4,27,19],[30,18,9]],"fuel":1355.4937330107061,"distance":963.2540254950048},{"distance":963.4044316456217,"fuel":1353.8296423688291,"trucks":[[13,11,17,24,2,10,8,21],[23,31,6,12,20,3,33,14],[35,28,25,5,29,15,16],[22,26,32,7,34,4,27,19],[18,30,9]]},{"trucks":[[13,11,17,10,24,2,8,21],[23,31,6,12,20,3,33,14],[35,28,25,5,29,15,16],[22,26,32,7,34,4,27,19],[18,30,9]],"distance":963.5636551852999,"fuel":1352.5160678943357}]}