{"optimalDistance":741,"benchmark":"P-n51-k10","distanceSequence":[833.6816822832227,833.6816822832227,833.6816822832227,833.6816822832227,833.6816822832227,833.6816822832227,826.4173210571087,826.4173210571087,826.4173210571087,826.4173210571087,818.6587524438966,818.6587524438966,818.6587524438966,818.6587524438966,818.6587524438966,818.6587524438966,818.6587524438966,818.6587524438966,814.9827624064043,814.9827624064043,814.9827624064043,814.9827624064043,814.9827624064043,813.0533651946856,813.0533651946856,813.0533651946856,813.0533651946856,811.941167827612,811.941167827612,811.941167827612,811.941167827612,811.941167827612,811.941167827612,811.941167827612,811.941167827612,811.941167827612,811.941167827612,811.941167827612,811.941167827612,811.941167827612,806.3357805784013,806.3357805784013,806.3357805784013,806.3357805784013,806.0607905158563,806.0607905158563,806.0607905158563,800.4554032666455,800.4554032666455,800.4554032666455,800.4554032666455,800.4554032666455,800.4554032666455,800.4554032666455,800.4554032666455,800.4554032666455,796.5195302114367,796.5195302114367,796.5195302114367,796.5195302114367,796.5195302114367,796.5195302114367,796.5195302114367,796.5195302114367,796.5195302114367,796.5195302114367,796.5195302114367,796.5195302114367,796.5195302114367,796.5195302114367,796.5195302114367,796.5195302114367,796.5195302114367,796.5195302114367,796.5195302114367,796.5195302114367,793.5927723674104,793.5927723674104,793.5927723674104,793.5927723674104,793.5927723674104,793.5927723674104,793.5927723674104,793.5927723674104,793.5927723674104,793.5927723674104,793.5927723674104,793.5927723674104,793.5927723674104,793.5927723674104,793.5927723674104,793.5927723674104,793.5927723674104,793.5927723674104,793.5927723674104,793.5927723674104,793.5927723674104,793.5927723674104,793.5927723674104,793.5927723674104,793.3036081303575,793.3036081303575,793.3036081303575,793.3036081303575,793.3036081303575,793.3036081303575,793.3036081303575,793.3036081303575,793.3036081303575,793.3036081303575,793.3036081303575,793.3036081303575,793.3036081303575,793.3036081303575,793.3036081303575,793.3036081303575,793.3036081303575,793.3036081303575,793.3036081303575,793.3036081303575,793.3036081303575,793.3036081303575,793.3036081303575,793.3036081303575,793.3036081303575,793.3036081303575,793.3036081303575,793.3036081303575,793.3036081303575,793.3036081303575,793.3036081303575,793.3036081303575,793.3036081303575,793.3036081303575,793.3036081303575,793.3036081303575,793.3036081303575,793.3036081303575,793.3036081303575,793.3036081303575,793.3036081303575,793.3036081303575,793.3036081303575,793.3036081303575,793.3036081303575,793.3036081303575,793.3036081303575,793.3036081303575,793.3036081303575,793.3036081303575,793.0392166548943,793.0392166548943,793.0392166548943,793.0392166548943,793.0392166548943,793.0392166548943,793.0392166548943,793.0392166548943,793.0392166548943,793.0392166548943,793.0392166548943,793.0392166548943,793.0392166548943,793.0392166548943,793.0392166548943,793.0392166548943,793.0392166548943,793.0392166548943,793.0392166548943,793.0392166548943,793.0392166548943,793.0392166548943,793.0392166548943,793.0392166548943,793.0392166548943,793.0392166548943,793.0392166548943,793.0392166548943,793.0392166548943,793.0392166548943,793.0392166548943,793.0392166548943,793.0392166548943,793.0392166548943,793.0392166548943,793.0392166548943,793.0392166548943,793.0392166548943,793.0392166548943,793.0392166548943,793.0392166548943,793.0392166548943,793.0392166548943,793.0392166548943,793.0392166548943,793.0392166548943,793.0392166548943,793.0392166548943,793.0392166548943,793.0392166548943,793.0392166548943,793.0392166548943,793.0392166548943,793.0392166548943,793.0392166548943,793.0392166548943,793.0392166548943,793.0392166548943,793.0392166548943,793.0392166548943,793.0392166548943,793.0392166548943,793.0392166548943,793.0392166548943,793.0392166548943,793.0392166548943,793.0392166548943,793.0392166548943,793.0392166548943,793.0392166548943,793.0392166548943,791.0050758436028,791.0050758436028,791.0050758436028,791.0050758436028,791.0050758436028,791.0050758436028,791.0050758436028,791.0050758436028,791.0050758436028,791.0050758436028,791.0050758436028,791.0050758436028,791.0050758436028,791.0050758436028,791.0050758436028,791.0050758436028,791.0050758436028,791.0050758436028,791.0050758436028,791.0050758436028,791.0050758436028,791.0050758436028,791.0050758436028,791.0050758436028,791.0050758436028,791.0050758436028,791.0050758436028,791.0050758436028,791.0050758436028,791.0050758436028,791.0050758436028,791.0050758436028,791.0050758436028,791.0050758436028,790.7159116065499,790.7159116065499,790.7159116065499,790.7159116065499,790.7159116065499,790.7159116065499,790.7159116065499,790.7159116065499,790.7159116065499,790.7159116065499,790.7159116065499,790.7159116065499,790.7159116065499,790.7159116065499,790.7159116065499,790.7159116065499,790.7159116065499,790.7159116065499,790.7159116065499,790.7159116065499,790.7159116065499,790.7159116065499,790.7159116065499,790.7159116065499,790.7159116065499,790.7159116065499,790.7159116065499,790.7159116065499,790.7159116065499,790.7159116065499,790.7159116065499,790.7159116065499,790.7159116065499,790.7159116065499,790.7159116065499,790.7159116065499,790.7159116065499,790.7159116065499,790.7159116065499,790.7159116065499,790.7159116065499,790.7159116065499,790.7159116065499,790.7159116065499,790.7159116065499,790.7159116065499,790.7159116065499,790.7159116065499,790.7159116065499,790.7159116065499,790.7159116065499,790.7159116065499,790.7159116065499,790.7159116065499,790.7159116065499,790.7159116065499,790.7159116065499,790.7159116065499,790.7159116065499,790.7159116065499,790.7159116065499,790.7159116065499,790.7159116065499,790.7159116065499,790.7159116065499,790.7159116065499,790.7159116065499,790.7159116065499,790.7159116065499,790.7159116065499,790.7159116065499,790.7159116065499,790.7159116065499,790.7159116065499,790.7159116065499,790.7159116065499,790.7159116065499,790.7159116065499,790.7159116065499,790.7159116065499,790.7159116065499,790.7159116065499,790.7159116065499,790.7159116065499,790.7159116065499,790.7159116065499,790.7159116065499,790.7159116065499,790.7159116065499,790.7159116065499,790.7159116065499,790.7159116065499,790.7159116065499,790.7159116065499,790.7159116065499,790.7159116065499,790.7159116065499,790.7159116065499,790.7159116065499,790.7159116065499,790.7159116065499,790.7159116065499,790.7159116065499,790.7159116065499,790.7159116065499,790.7159116065499,790.7159116065499,790.7159116065499,790.7159116065499,790.7159116065499,790.7159116065499,790.7159116065499,790.7159116065499,790.7159116065499,790.7159116065499,790.7159116065499,790.7159116065499,790.7159116065499,790.7159116065499,790.7159116065499,790.7159116065499,790.7159116065499,790.7159116065499,790.7159116065499,790.7159116065499,790.7159116065499,790.7159116065499,790.7159116065499,790.7159116065499,790.7159116065499,790.7159116065499,790.7159116065499,790.7159116065499,790.7159116065499,790.7159116065499,790.7159116065499,790.7159116065499,790.7159116065499,790.7159116065499,790.7159116065499,790.7159116065499,790.7159116065499,790.7159116065499,790.7159116065499,790.7159116065499,790.7159116065499,790.7159116065499,790.7159116065499,790.7159116065499,790.7159116065499,790.7159116065499,790.7159116065499,790.7159116065499,790.7159116065499,790.7159116065499,790.7159116065499,790.7159116065499,790.7159116065499,790.7159116065499,790.7159116065499,790.7159116065499,790.7159116065499,790.7159116065499,790.7159116065499,790.7159116065499,790.7159116065499,790.7159116065499,790.7159116065499,790.7159116065499,790.7159116065499,790.7159116065499,790.7159116065499,790.7159116065499,790.7159116065499,790.7159116065499,790.7159116065499,790.7159116065499,790.7159116065499,790.7159116065499,790.7159116065499,790.7159116065499,790.7159116065499,790.7159116065499,790.7159116065499,790.7159116065499,790.7159116065499,