{"benchmark":"P-n51-k10","Optimal":741,"front":[{"trucks":[[49,24,25,44,8,27],[50,11,40,34,46,16],[28,9,32,29,23,2],[19,42,5],[10,31,35,51,22,30],[33,21,36,37,4],[12,3,17,39],[18,38,45,43,20,41,14],[48,13,6,47],[7,15,26]],"distance":754.0446586822732,"fuel":1072.9453657059757},{"fuel":1072.8079551205487,"distance":758.0310391974807,"trucks":[[49,24,25,44,8,27],[50,11,40,34,46,16],[28,9,32,29,23,2],[19,5,42,18],[10,31,35,51,22,30],[33,21,36,37,4],[12,3,17,39],[38,45,43,20,41,14],[48,13,6,47],[7,15,26]]}]}