{"front":[{"fuel":1141.8826364198076,"trucks":[[24,8,44,25,15,18],[39,17,51,35,22,30],[26,14,42],[49,9,27,32,29,2],[48,5,20,41,43,45],[47,21,36,37,4,23],[50,11,40,34,46,16],[33,3,28,7],[12,10,31,6],[13,38,19]],"distance":798.0794157921325},{"trucks":[[24,8,44,25,15,18],[39,17,51,35,22,30],[26,14,42],[49,9,27,32,29,2],[48,5,20,41,43,45],[47,21,36,37,4,23],[50,11,40,34,46,16],[7,28,33,3],[12,10,31,6],[13,38,19]],"distance":798.323125494556,"fuel":1141.060743612007}],"Optimal":741,"benchmark":"P-n51-k10"}