{"benchmark":"E-n22-k4","front":[{"trucks":[[13,16,19,21,18],[10,8,6,3,2,7,9],[14,12,5,4,11],[17,22,20,15]],"fuel":529.6192120983582,"distance":378.35292758336857},{"trucks":[[14,12,5,4,11],[10,8,6,3,2,7,9],[13,16,19,21,18],[15,17,20,22]],"fuel":523.5935670820992,"distance":378.6606195723401}],"Optimal":375}