{"benchmark":"E-n22-k4","Optimal":375,"front":[{"trucks":[[17,20,22,15],[14,12,5,4,11],[10,8,6,3,2,7,9],[13,16,19,21,18]],"distance":376.50911694017736,"fuel":522.2748244458074},{"trucks":[[13,16,19,21,18],[15,17,20,22],[10,8,6,3,2,7],[14,12,5,4,9,11]],"distance":377.43128978017523,"fuel":522.1459620808673}]}