{"benchmark":"E-n22-k4","Optimal":375,"front":[{"trucks":[[10,8,6,3,2,7,9],[14,12,5,4,11],[17,20,22,15],[13,16,19,21,18]],"distance":376.50911694017736,"fuel":522.2748244458074}]}