{"Optimal":682,"benchmark":"E-n76-k7","front":[{"fuel":1180.7019910135384,"trucks":[[76,69,3,75,29,62,49,30,46,28,53],[9,36,54,15,60,67,66,39,12],[20,55,14,58,16,21,71,61,72,37,70,22,48,6,38],[7,34,74,2,44,42,43,65,23,63,64,52],[11,32,56,26,51,19,25,50,57,24,18,17],[13,41,59,73,40,10,33,4,45],[8,35,47,27,5,68,31]],"distance":829.0176630118398},{"trucks":[[35,47,9,36,20,55,14,58,16,21,38,6,30],[34,17,64,24,57,23,65,43,42,44,2,74,63],[76,69,3,75,29,62,22,48,37,72,61,71,49],[27,54,15,60,67,66,39,11,59],[10,40,73,32,56,26,51,19,25,50],[52,18,13,41,33,45,4],[68,12,8,5,28,53,46,31,70,7]],"distance":841.7092839205443,"fuel":1175.758333435339},{"trucks":[[8,36,54,15,60,20,55,14,58,16,28,53,9],[27,59,73,40,10,33,45,4,17,24,34,18],[5,76,69,7,3,31,75,62,29],[30,49,38,6,48,22,70,37,72,61,71,21,46],[52,64,57,42,43,44,2,74,63,23,65],[13,41,50,25,19,51,26,56,32,11],[68,35,47,12,39,66,67]],"fuel":1171.2757748033634,"distance":847.1265800875597},{"trucks":[[27,7,34,64,24,17,52,18,10,40,73,59],[46,30,58,16,6,48,22,70,72,37,38,21,71,61],[5,76,69,3,31,75,49],[68,47,35,53,28,14,55,20,36,9,8,54],[41,33,45,4,50,25,19,51,26,56,32],[29,62,43,42,44,2,57,65,23,63,74],[13,11,39,66,67,12,60,15]],"fuel":1166.7846431803341,"distance":848.3828409434647}]}