{"front":[{"fuel":1146.5112442295908,"trucks":[[31,63,74,2,44,42,43,65,23,57,24,64,17],[22,48,37,72,61,71,21,38,6,16,58,14,55,20],[35,53,28,46,30,49,70,62,29,75,3,69],[40,73,59,11,39,66,67,60,15],[41,13,50,25,19,51,26,56,32,10,33],[5,76,7,34,4,45,18,52],[68,27,8,54,12,36,9,47]],"distance":804.6378066244636}],"Optimal":682,"benchmark":"E-n76-k7"}