{"front":[{"fuel":1177.6073903350364,"trucks":[[64,24,57,42,43,44,2,74,63,23,65,62,22],[35,47,9,36,54,15,60,67,66,27],[68,38,21,71,61,72,37,70,48,6,16,58,14,55,20],[7,34,17,50,25,19,51,26,56,10,40,45],[69,3,75,29,49,30,46,28,53],[76,31,5,8,59,73,13,41,4,52,18],[12,39,11,32,33]],"distance":834.6764550712028},{"fuel":1160.5074516648301,"trucks":[[2,44,42,43,65,23,63,74,34,64,24,57,69],[18,52,17,7,3,75,29,62,22,48,76],[5,46,30,6,38,21,71,61,72,37,70,31,8],[41,33,45,4,10,40,73,59,39],[35,47,9,36,54,12,67,66,13,27],[11,32,56,26,51,19,25,50],[68,28,53,60,15,20,55,14,58,16,49]],"distance":840.5795646262559}],"Optimal":682,"benchmark":"E-n76-k7"}