{"optimalDistance":510,"distanceSequence":[567.7122761933912,567.7122761933912,567.7122761933912,567.7122761933912,567.7122761933912,567.7122761933912,567.7122761933912,559.5189629196527,559.5189629196527,559.5189629196527,559.5189629196527,559.5189629196527,559.5189629196527,559.5189629196527,559.5189629196527,559.5189629196527,559.5189629196527,551.6398971219696,551.6398971219696,551.6398971219696,551.6398971219696,551.6398971219696,551.6398971219696,551.6398971219696,551.6398971219696,551.6398971219696,548.6282503153457,548.6282503153457,548.6282503153457,541.6145573012211,541.6145573012211,541.6145573012211,541.6145573012211,541.6145573012211,541.6145573012211,541.6145573012211,541.6145573012211,541.6145573012211,541.6145573012211,541.6145573012211,541.6145573012211,541.6145573012211,538.5815278456231,538.5815278456231,538.5815278456231,536.7338767323863,536.7338767323863,536.7338767323863,536.7338767323863,536.7338767323863,536.7338767323863,536.7338767323863,533.7008472767883,533.7008472767883,533.7008472767883,533.7008472767883,533.7008472767883,533.7008472767883,533.7008472767883,533.7008472767883,528.5571703326391,528.5571703326391,528.5571703326391,528.5571703326391,528.5571703326391,528.5571703326391,528.5571703326391,528.5571703326391,528.5571703326391,528.5571703326391,528.5571703326391,528.5571703326391,528.5571703326391,528.5571703326391,528.5571703326391,528.5571703326391,528.5571703326391,528.5571703326391,527.6917975490805,527.6917975490805,527.6917975490805,527.6917975490805,527.6917975490805,527.6917975490805,527.6917975490805,527.6917975490805,527.6917975490805,527.6917975490805,527.6917975490805,527.6917975490805,527.6917975490805,527.6917975490805,527.6917975490805,527.6917975490805,527.6917975490805,527.6917975490805,527.6917975490805,527.6917975490805,527.6917975490805,527.6917975490805,527.6917975490805,527.6917975490805,527.6917975490805,527.6917975490805,527.6917975490805,527.6917975490805,527.6917975490805,527.6917975490805,527.6917975490805,527.6917975490805,527.6917975490805,527.6917975490805,527.6917975490805,527.6917975490805,527.6917975490805,527.6917975490805,527.6917975490805,527.6917975490805,527.6917975490805,527.6917975490805,527.6917975490805,527.6917975490805,527.6917975490805,527.6917975490805,527.6917975490805,527.6917975490805,527.6917975490805,527.6917975490805,527.6917975490805,527.6917975490805,527.6917975490805,527.6917975490805,527.6917975490805,527.6917975490805,527.6917975490805,527.6917975490805,527.6917975490805,527.6917975490805,527.6917975490805,527.6917975490805,527.6917975490805,527.6917975490805,527.6917975490805,527.6917975490805,527.6917975490805,527.6917975490805,527.6917975490805,527.6917975490805,527.6917975490805,527.6917975490805,527.6917975490805,527.6917975490805,527.6917975490805,527.6917975490805,527.6917975490805,527.6917975490805,527.6917975490805,527.6917975490805,527.6917975490805,522.3845885777964,522.3845885777964,522.3845885777964,522.3845885777964,522.3845885777964,522.3845885777964,522.3845885777964,522.3845885777964,522.3845885777964,522.3845885777964,522.3845885777964,522.3845885777964,522.3845885777964,522.3845885777964,522.3845885777964,522.3845885777964,522.3845885777964,522.3845885777964,522.3845885777964,522.3845885777964,522.3845885777964,522.3845885777964,522.3845885777964,522.3845885777964,522.3845885777964,522.3845885777964,522.3845885777964,522.3845885777964,522.3845885777964,522.3845885777964,522.3845885777964,522.3845885777964,522.3845885777964,522.3845885777964,522.3845885777964,522.3845885777964,522.3845885777964,522.3845885777964,522.3845885777964,522.3845885777964,522.3845885777964,522.3845885777964,522.3845885777964,522.3845885777964,522.3845885777964,522.3845885777964,522.3845885777964,522.3845885777964,522.3845885777964,522.3845885777964,522.3845885777964,522.3845885777964,522.3845885777964,522.3845885777964,522.3845885777964,522.3845885777964,522.3845885777964,522.3845885777964,522.3845885777964,522.3845885777964,522.3845885777964,522.3845885777964,522.3845885777964,522.3845885777964,522.3845885777964,522.3845885777964,522.3845885777964,522.3845885777964,522.3845885777964,522.3845885777964,522.3845885777964,522.3845885777964,522.3845885777964,522.3845885777964,522.3845885777964,522.3845885777964,522.3845885777964,522.3845885777964,522.3845885777964,522.3845885777964,522.3845885777964,522.3845885777964,522.3845885777964,522.3845885777964,522.3845885777964,522.3845885777964,522.3845885777964,522.3845885777964,522.3845885777964,522.3845885777964,522.3845885777964,522.3845885777964,522.3845885777964,522.3845885777964,522.3845885777964,522.3845885777964,522.3845885777964,522.3845885777964,522.3845885777964,522.3845885777964,522.3845885777964,522.3845885777964,522.3845885777964,522.3845885777964,522.3845885777964,522.3845885777964,522.3845885777964,522.3845885777964,522.3845885777964,522.3845885777964,522.3845885777964,522.3845885777964,522.3845885777964,522.3845885777964,522.3845885777964,522.3845885777964,522.3845885777964,522.3845885777964,522.3845885777964,522.3845885777964,522.3845885777964,522.3845885777964,522.3845885777964,522.3845885777964,522.3845885777964,522.3845885777964,522.3845885777964,522.3845885777964,522.3845885777964,522.3845885777964,522.3845885777964,522.3845885777964,522.3845885777964,522.3845885777964,522.3845885777964,522.3845885777964,522.3845885777964,522.3845885777964,522.3845885777964,522.3845885777964,522.3845885777964,522.3845885777964,522.3845885777964,522.3845885777964,522.3845885777964,522.3845885777964,522.3845885777964,522.3845885777964,522.3845885777964,522.3845885777964,522.3845885777964,522.3845885777964,522.3845885777964,522.3845885777964,522.3845885777964,522.3845885777964,522.3845885777964,522.3845885777964,522.3845885777964,522.3845885777964,522.3845885777964,522.3845885777964,522.3845885777964,522.3845885777964,522.3845885777964,522.3845885777964,522.3845885777964,522.3845885777964,522.3845885777964,522.3845885777964,522.3845885777964,522.3845885777964,522.3845885777964,522.3845885777964,522.3845885777964,522.3845885777964,522.3845885777964,522.3845885777964,522.3845885777964,522.3845885777964,522.3845885777964,522.3845885777964,522.3845885777964,522.3845885777964,522.3845885777964,522.3845885777964,522.3845885777964,522.3845885777964,522.3845885777964,522.3845885777964,522.3845885777964,522.3845885777964,522.3845885777964,522.3845885777964,522.3845885777964,522.3845885777964,522.3845885777964,522.3845885777964,522.3845885777964,522.3845885777964,522.3845885777964,522.3845885777964,522.3845885777964,522.3845885777964,522.3845885777964,522.3845885777964,522.3845885777964,522.3845885777964,522.3845885777964,522.3845885777964,522.3845885777964,522.3845885777964,522.3845885777964,522.3845885777964,522.3845885777964,522.3845885777964,522.3845885777964,522.3845885777964,522.3845885777964,522.3845885777964,522.3845885777964,522.3845885777964,522.3845885777964,522.3845885777964,522.3845885777964,522.3845885777964,522.3845885777964,522.3845885777964,522.3845885777964,522.3845885777964,522.3845885777964,522.3845885777964,522.3845885777964,522.3845885777964,522.3845885777964,522.3845885777964,522.3845885777964,522.3845885777964,522.3845885777964,522.3845885777964,522.3845885777964,522.3845885777964,522.3845885777964,522.3845885777964,522.3845885777964,522.3845885777964,522.3845885777964,522.3845885777964,522.3845885777964,522.3845885777964,522.3845885777964,522.3845885777964,522.3845885777964,522.3845885777964,522.3845885777964,522.3845885777964,522.3845885777964,522.3845885777964,522.3845885777964,522.3845885777964,522.3845885777964,522.3845885777964,522.3845885777964,522.3845885777964,522.3845885777964,522.3845885777964,522.3845885777964,522.3845885777964,522.3845885777964,522.3845885777964,522.3845885777964,522.3845885777964,522.3845885777964,522.3845885777964,522.3845885777964,522.3845885777964,522.3845885777964,522.3845885777964,522.3845885777964,522.3845885777964,522.3845885777964,522.3845885777964,522.3845885777964,