{"Optimal":510,"benchmark":"P-n45-k5","front":[{"fuel":760.5949368729658,"trucks":[[15,26,14,42,41,20,43,45],[13,38,16,34,40,11,31,35,10],[33,2,23,29,32,9,27,8,24,44,25],[12,17,22,30,21,36,37,4,3],[28,7,19,5,18,6,39]],"distance":541.675987035284},{"trucks":[[15,26,14,42,41,20,43,45],[13,38,16,34,40,11,31,35,10],[33,2,23,29,32,9,27,8,24,44,25],[12,3,4,37,36,21,30,22,17],[28,7,19,5,18,6,39]],"fuel":757.7155218908455,"distance":543.3050523519353},{"trucks":[[15,26,14,42,41,20,43,45],[13,38,16,34,40,11,31,35,10],[33,2,23,29,32,9,27,8,24,44,25],[12,3,21,4,37,36,30,22,17],[28,7,19,5,18,6,39]],"fuel":757.1110962507377,"distance":546.2630693291295}]}