{"benchmark":"P-n45-k5","front":[{"distance":522.3845885777964,"trucks":[[18,38,45,16,34,40,11,31,35,22,30],[33,2,23,21,36,37,4,29,32,27,9],[19,14,42,41,20,43,5],[13,6,39,10,17,3,12],[7,15,26,25,44,8,24,28]],"fuel":738.8540083398863}],"Optimal":510}