{"benchmark":"P-n45-k5","Optimal":510,"front":[{"fuel":788.5131836394928,"trucks":[[2,23,29,32,9,27,8,24,44,25,15],[10,31,35,22,30,21,36,37,4,33],[14,42,41,20,43,45,16,34,40,11],[13,38,18,5,19,26,7,28],[12,3,17,39,6]],"distance":543.0619984627946},{"fuel":762.5627318258348,"trucks":[[3,30,22,35,31,40,34,11,10],[7,24,8,44,25,15,26,14],[19,5,42,41,20,43,45,16,38,18],[13,6,39,17,21,36,37,4],[28,9,27,32,29,23,2,33,12]],"distance":548.1914280903987}]}