{"front":[{"distance":555.813189391972,"fuel":777.7583172614337,"trucks":[[28,9,27,32,29,4,37,36,21],[15,26,14,42,41,20,43,45],[39,10,17,30,22,35,31,11,40,34],[7,24,8,44,25,19,5,18,16,38],[13,6,12,3,23,2,33]]},{"distance":556.1383181320045,"fuel":777.333173618402,"trucks":[[28,9,27,32,29,4,37,36,21],[15,26,14,42,41,20,43,45],[39,10,17,30,22,35,31,11,40,34],[7,24,8,44,25,19,5,18,38,16],[13,6,12,3,23,2,33]]}],"benchmark":"P-n45-k5","Optimal":510}