{"front":[{"trucks":[[33,2,23,21,36,37,4,29,32,27,9],[39,10,35,31,11,40,34,16,6],[7,24,8,44,25,15,26,14],[28,19,5,42,41,20,43,45,38,18],[13,12,17,22,30,3]],"fuel":772.7929510462307,"distance":543.1164564671616},{"distance":544.5545499533301,"fuel":766.8966657506712,"trucks":[[33,2,23,21,36,37,4,29,32,27,9],[6,39,10,35,31,11,40,34,16],[7,24,8,44,25,15,26,14],[28,19,5,42,41,20,43,45,38,18],[13,12,17,22,30,3]]},{"distance":546.1836152699814,"trucks":[[33,2,23,21,36,37,4,29,32,27,9],[6,39,10,35,31,11,40,34,16],[7,24,8,44,25,15,26,14],[28,19,5,42,41,20,43,45,38,18],[13,12,3,30,22,17]],"fuel":766.1452810115801}],"benchmark":"P-n45-k5","Optimal":510}