{"optimalDistance":534,"distanceSequence":[569.9353406979305,569.9353406979305,569.9353406979305,569.9353406979305,569.9353406979305,569.9353406979305,569.9353406979305,569.9353406979305,569.5986012093301,567.5750385857085,566.3424582798698,565.9819611069879,565.9316939640507,565.9316939640507,565.9316939640507,565.9316939640507,565.9316939640507,562.3388115459899,562.3388115459899,562.3388115459899,562.3388115459899,562.3388115459899,562.3388115459899,562.3388115459899,562.3388115459899,562.3388115459899,553.4343391240093,553.4343391240093,553.4343391240093,553.4343391240093,553.4343391240093,553.4343391240093,553.4343391240093,553.4343391240093,553.4343391240093,553.4343391240093,553.4343391240093,553.4343391240093,553.4343391240093,550.4955139877229,550.4955139877229,550.4955139877229,550.4955139877229,550.4955139877229,550.4955139877229,550.4955139877229,550.4955139877229,550.4955139877229,550.4955139877229,550.4955139877229,550.4955139877229,550.4955139877229,550.4955139877229,550.4955139877229,550.4955139877229,548.8511067514081,548.8511067514081,548.8511067514081,548.8511067514081,548.8511067514081,548.8511067514081,548.8511067514081,548.8511067514081,548.8511067514081,548.8511067514081,548.8511067514081,547.957227417076,547.957227417076,547.957227417076,547.957227417076,547.957227417076,547.957227417076,547.957227417076,547.957227417076,547.957227417076,547.957227417076,547.957227417076,547.957227417076,547.957227417076,547.957227417076,547.957227417076,547.957227417076,547.957227417076,547.957227417076,547.957227417076,547.957227417076,547.957227417076,547.957227417076,547.957227417076,547.957227417076,547.957227417076,547.957227417076,547.957227417076,547.957227417076,547.957227417076,547.957227417076,547.957227417076,547.957227417076,547.957227417076,547.957227417076,547.957227417076,547.957227417076,547.957227417076,547.957227417076,547.957227417076,547.957227417076,547.957227417076,547.957227417076,547.9334697327945,547.9334697327945,547.9334697327945,547.9334697327945,547.9334697327945,547.9334697327945,547.9334697327945,547.9334697327945,547.9334697327945,547.9334697327945,547.9334697327945,547.9334697327945,547.9334697327945,547.9334697327945,547.9334697327945,547.9334697327945,547.9334697327945,547.9334697327945,547.9334697327945,547.9334697327945,547.9334697327945,547.9334697327945,547.9334697327945,546.0018791135184,546.0018791135184,546.0018791135184,546.0018791135184,546.0018791135184,546.0018791135184,546.0018791135184,546.0018791135184,544.3409912223917,544.3409912223917,544.3409912223917,544.3409912223917,544.3409912223917,544.3409912223917,544.3409912223917,544.3409912223917,544.3409912223917,544.3409912223917,544.3409912223917,544.3409912223917,544.3409912223917,544.3409912223917,544.3409912223917,544.3409912223917,544.3409912223917,544.3409912223917,544.3409912223917,544.3409912223917,544.3409912223917,544.3409912223917,544.3409912223917,544.3409912223917,544.3409912223917,544.3409912223917,544.3409912223917,544.3409912223917,544.3409912223917,544.3409912223917,544.3409912223917,544.3409912223917,544.3409912223917,544.3409912223917,544.3409912223917,544.3409912223917,544.3409912223917,544.3409912223917,544.3409912223917,544.3409912223917,544.3409912223917,544.3409912223917,544.3409912223917,544.3409912223917,544.3409912223917,544.3409912223917,544.3409912223917,544.3409912223917,544.3409912223917,544.3409912223917,544.3409912223917,544.3409912223917,544.3409912223917,544.3409912223917,544.3409912223917,544.3409912223917,544.3409912223917,544.3409912223917,544.3409912223917,544.3409912223917,544.3409912223917,544.3409912223917,544.3409912223917,544.3409912223917,544.3409912223917,544.3409912223917,544.3409912223917,544.3409912223917,544.3409912223917,544.3409912223917,544.3409912223917,544.3409912223917,544.3409912223917,544.3409912223917,544.3409912223917,544.3409912223917,544.3409912223917,544.3409912223917,544.3409912223917,544.3409912223917,544.3409912223917,544.3409912223917,544.3409912223917,544.3409912223917,544.3409912223917,544.3409912223917,544.3409912223917,544.3409912223917,544.3409912223917,544.3409912223917,544.3409912223917,544.3409912223917,544.3409912223917,544.3409912223917,544.3409912223917,544.3409912223917,544.3409912223917,544.3409912223917,544.3409912223917,544.3409912223917,544.3409912223917,544.3409912223917,544.3409912223917,544.3409912223917,544.3409912223917,544.3409912223917,544.3409912223917,544.3409912223917,544.3409912223917,544.3409912223917,544.3409912223917,544.3409912223917,544.3409912223917,544.3409912223917,544.3409912223917,544.3409912223917,544.3409912223917,544.3409912223917,544.3409912223917,544.3409912223917,544.3409912223917,544.3409912223917,544.3409912223917,544.3409912223917,544.3409912223917,544.3409912223917,544.3409912223917,544.3409912223917,544.3409912223917,544.3409912223917,544.3409912223917,544.3409912223917,544.3409912223917,544.3409912223917,544.3409912223917,544.3409912223917,544.3409912223917,544.3409912223917,544.3409912223917,544.3409912223917,544.3409912223917,544.3409912223917,544.3409912223917,544.3409912223917,544.3409912223917,544.3409912223917,544.3409912223917,544.3409912223917,544.3409912223917,544.3409912223917,544.3409912223917,544.3409912223917,544.3409912223917,544.3409912223917,544.3409912223917,544.3409912223917,544.3409912223917,544.3409912223917,544.3409912223917,544.3409912223917,544.3409912223917,544.3409912223917,544.3409912223917,544.3409912223917,544.3409912223917,544.3409912223917,544.3409912223917,544.3409912223917,544.3409912223917,544.3409912223917,544.3409912223917,544.3409912223917,544.3409912223917,544.3409912223917,544.3409912223917,544.3409912223917,544.3409912223917,544.3409912223917,544.3409912223917,544.3409912223917,544.3409912223917,544.3409912223917,544.3409912223917,544.3409912223917,544.3409912223917,544.3409912223917,544.3409912223917,544.3409912223917,544.3409912223917,544.3409912223917,544.3409912223917,544.3409912223917,544.3409912223917,544.3409912223917,544.3409912223917,544.3409912223917,544.3409912223917,544.3409912223917,544.3409912223917,544.3409912223917,544.3409912223917,544.3409912223917,544.3409912223917,544.3409912223917,544.3409912223917,544.3409912223917,544.3409912223917,544.3409912223917,544.3409912223917,544.3409912223917,544.3409912223917,544.3409912223917,544.3409912223917,544.3409912223917,544.3409912223917,544.3409912223917,544.3409912223917,544.3409912223917,544.3409912223917,544.3409912223917,544.3409912223917,544.3409912223917,544.3409912223917,544.3409912223917,544.3409912223917,544.3409912223917,544.3409912223917,544.3409912223917,544.3409912223917,544.3409912223917,544.3409912223917,544.3409912223917,544.3409912223917,544.3409912223917,544.3409912223917,544.3409912223917,544.3409912223917,544.3409912223917,544.3409912223917,544.3409912223917,544.3409912223917,544.3409912223917,544.3409912223917,544.3409912223917,544.3409912223917,544.3409912223917,544.3409912223917,544.3409912223917,544.3409912223917,544.3409912223917,544.3409912223917,544.3409912223917,544.3409912223917,544.3409912223917,544.3409912223917,544.3409912223917,544.3409912223917,544.3409912223917,544.3409912223917,544.3409912223917,544.3409912223917,544.3409912223917,544.3409912223917,544.3409912223917,544.3409912223917,544.3409912223917,544.3409912223917,544.3409912223917,544.3409912223917,544.3409912223917,544.3409912223917,544.3409912223917,544.3409912223917,544.3409912223917,544.3409912223917,544.3409912223917,544.3409912223917,544.3409912223917,544.3409912223917,544.3409912223917,544.3409912223917,544.3409912223917,544.3409912223917,544.3409912223917,544.3409912223917,544.3409912223917,544.3409912223917,544.3409912223917,544.3409912223917,544.3409912223917,544.3409912223917,544.3409912223917,544.3409912223917,544.3409912223917,544.3409912223917,544.3409912223917,544.3409912223917,544.3409912223917,544.3409912223917,544.3409912223917,544.3409912223917,544.3409912223917,544.3409912223917,544.3409912223917,544.3409912223917,