{"Optimal":694,"front":[{"fuel":1016.8589116052658,"trucks":[[29,23,43,42,44,2,24],[34,17,50,25,19,51],[13,41,33,45,4],[30,6,48,37,38,21,16],[7,3,22,49,31],[40,10,26,32,11],[46,28,14,55,20,15],[5,53,9,47,35],[8,36,54,12,39],[27,18,52]],"distance":720.5145789926962},{"trucks":[[46,30,6,38,21,16,14],[4,45,33,51,19,26],[18,41,10,40,13],[52,2,44,42,43,23,29],[7,34,24,25,50,17],[9,36,54,15,20,55],[12,39,11,32],[27,8,47,35,53,28],[31,49,48,37,22],[5,3]],"fuel":1008.2643622538897,"distance":725.235015709204},{"trucks":[[46,30,6,38,21,16,14],[4,45,33,51,19,26],[18,41,10,40,13],[52,2,44,42,43,23,29],[7,34,17,50,25,24],[9,36,54,15,20,55],[12,39,11,32],[27,8,47,35,53,28],[31,49,48,37,22],[5,3]],"fuel":1006.6160280897607,"distance":730.7722664118766}],"benchmark":"P-n55-k10"}