{"benchmark":"P-n76-k4","Optimal":593,"front":[{"trucks":[[14,58,16,38,21,71,61,72,70,37,48,22,62,23,63,74,2,44,43,65,42,57,24],[54,12,67,66,39,11,32,56,26,51,19,25,50,17,64,34,7],[52,4,45,33,10,40,73,59,13,41,18,27,8,36,15,60,20,55,9],[68,35,47,53,28,46,30,6,49,31,75,29,3,69,5,76]],"distance":663.4332905951613,"fuel":968.5032693764604},{"distance":665.0481257880268,"fuel":965.7324626301491,"trucks":[[14,58,16,38,21,71,61,72,70,37,48,22,62,23,63,74,2,44,43,65,42,57,24],[54,12,67,66,39,11,32,56,26,51,19,25,50,17,64,34,7],[52,4,45,33,10,40,73,59,13,41,18,27,8,36,15,60,20,55,9],[76,5,68,35,47,53,28,46,30,6,49,31,75,29,3,69]]}]}