{"benchmark":"P-n76-k4","Optimal":593,"front":[{"trucks":[[11,39,66,67,12,54,15,60,20,55,14,58,16,21,71,61,72,70,37],[74,63,23,65,43,42,44,2,64,24,57,50,25,19,51,26,56,32,10,40,73,59],[35,47,8,36,9,53,28,46,30,6,38,48,22,62,29,75,49,31,69],[76,5,68,27,13,41,33,45,4,17,34,3,7,52,18]],"fuel":976.203695245903,"distance":676.3019543556418}]}