{"benchmark":"B-n51-k7","optimalDistance":1032,"distanceSequence":[1132.0005435877054,1132.0005435877054,1132.0005435877054,1132.0005435877054,1132.0005435877054,1132.0005435877054,1127.065317170769,1114.324339999941,1114.324339999941,1114.324339999941,1114.324339999941,1114.324339999941,1084.4417126340024,1084.4417126340024,1084.4417126340024,1084.4417126340024,1080.4002445812428,1080.4002445812428,1075.000978124726,1075.000978124726,1075.000978124726,1075.000978124726,1075.000978124726,1075.000978124726,1075.000978124726,1075.000978124726,1075.000978124726,1075.000978124726,1075.000978124726,1072.9503430083764,1072.9503430083764,1072.9503430083764,1072.9503430083764,1072.9503430083764,1072.9503430083764,1072.9503430083764,1072.9503430083764,1072.9503430083764,1072.9503430083764,1072.9503430083764,1072.9503430083764,1072.9503430083764,1072.9503430083764,1072.9503430083764,1072.9503430083764,1072.9503430083764,1071.882730182452,1069.6098226497836,1069.6098226497836,1067.9801850404117,1067.9801850404117,1067.9801850404117,1067.9801850404117,1067.9801850404117,1067.9801850404117,1067.9801850404117,1067.9801850404117,1067.9801850404117,1067.9801850404117,1067.9801850404117,1067.9801850404117,1067.9801850404117,1067.9801850404117,1066.9215528901593,1066.3754290886511,1066.3754290886511,1066.3754290886511,1066.3754290886511,1066.3754290886511,1066.3754290886511,1056.7957927022103,1056.7957927022103,1056.7957927022103,1056.7957927022103,1056.7957927022103,1056.7957927022103,1056.7957927022103,1056.7957927022103,1056.7957927022103,1056.7957927022103,1056.7957927022103,1056.7957927022103,1056.7957927022103,1056.7957927022103,1053.914658393061,1053.914658393061,1053.914658393061,1053.914658393061,1053.5390198391547,1053.5390198391547,1053.5390198391547,1053.5390198391547,1053.5390198391547,1053.5390198391547,1053.5390198391547,1053.5390198391547,1053.5390198391547,1053.5390198391547,1053.5390198391547,1053.5390198391547,1051.8964425565432,1051.8964425565432,1051.8964425565432,1051.8964425565432,1051.8964425565432,1051.8964425565432,1050.6578855300054,1050.6578855300054,1050.6578855300054,1050.6578855300054,1050.6578855300054,1050.6578855300054,1050.6578855300054,1050.6578855300054,1050.6578855300054,1050.6578855300054,1050.6578855300054,1050.6578855300054,1050.6578855300054,1050.6578855300054,1050.6578855300054,1050.6578855300054,1050.6578855300054,1050.6578855300054,1050.6578855300054,1050.6578855300054,1050.6578855300054,1050.6578855300054,1050.6578855300054,1050.6578855300054,1050.6578855300054,1050.6578855300054,1050.6578855300054,1050.6578855300054,1050.6578855300054,1050.6578855300054,1050.3685785115429,1049.7890230733576,1049.7890230733576,1049.7890230733576,1049.7890230733576,1049.7890230733576,1048.6396696934876,1048.6396696934876,1048.6396696934876,1048.6396696934876,1048.6396696934876,1048.6396696934876,1048.6396696934876,1048.6396696934876,1048.6396696934876,1048.6396696934876,1048.6396696934876,1048.6396696934876,1048.6396696934876,1048.6396696934876,1048.6396696934876,1048.6396696934876,1048.6396696934876,1048.6396696934876,1048.6396696934876,1048.6396696934876,1048.6396696934876,1048.6396696934876,1048.6396696934876,1048.6396696934876,1048.6396696934876,1048.6396696934876,1048.6396696934876,1048.6396696934876,1048.6396696934876,1048.6396696934876,1048.6396696934876,1048.6396696934876,1048.6396696934876,1048.6396696934876,1048.2053842958153,1048.2053842958153,1048.2053842958153,1048.2053842958153,1048.2053842958153,1048.2053842958153,1048.2053842958153,1047.1118056484872,1047.1118056484872,1047.1118056484872,1047.1118056484872,1047.1118056484872,1047.1118056484872,1047.1118056484872,1047.1118056484872,1047.1118056484872,1047.1118056484872,1047.1118056484872,1047.1118056484872,1047.1118056484872,1047.1118056484872,1047.1118056484872,1047.1118056484872,1047.1118056484872,1046.8814611609068,1046.8814611609068,1046.8814611609068,1046.8814611609068,1046.8814611609068,1046.8814611609068,1046.8814611609068,1046.8814611609068,1046.8814611609068,1046.8814611609068,1046.8814611609068,1046.0125987042588,1046.0125987042588,1046.0125987042588,1046.0125987042588,1046.0125987042588,1046.0125987042588,1046.0125987042588,1046.0125987042588,1046.0125987042588,1046.0125987042588,1046.0125987042588,1046.0125987042588,1046.0125987042588,1046.0125987042588,1046.0125987042588,1046.0125987042588,1046.0125987042588,1046.0125987042588,1046.0125987042588,1045.2774090247603,1045.2774090247603,1045.2774090247603,1045.2774090247603,1045.2774090247603,1045.2774090247603,1045.2774090247603,1045.2774090247603,1045.2774090247603,1045.0366518482954,1045.0366518482954,1045.0366518482954,1045.0366518482954,1045.0366518482954,1045.0366518482954,1045.0366518482954,1045.0366518482954,1045.0366518482954,1045.0366518482954,1045.0366518482954,1045.0366518482954,1044.2566512918297,1044.2566512918297,1044.2566512918297,1044.2566512918297,1044.2566512918297,1044.2566512918297,1044.2566512918297,1044.2566512918297,1044.2566512918297,1044.2566512918297,1044.2566512918297,1044.2566512918297,1044.2566512918297,1044.2566512918297,1044.2566512918297,1044.2566512918297,1044.2566512918297,1044.2566512918297,1044.2566512918297,1044.2566512918297,1044.2566512918297,1044.2566512918297,1044.2566512918297,1044.2566512918297,1044.2566512918297,1044.2566512918297,1044.2566512918297,1044.2566512918297,1044.2566512918297,1044.2566512918297,1044.2566512918297,1044.2566512918297,1044.2566512918297,1044.2566512918297,1044.2566512918297,1044.2566512918297,1044.2566512918297,1044.2566512918297,1044.2566512918297,1044.2566512918297,1044.2566512918297,1044.2566512918297,1044.2566512918297,1044.2566512918297,1044.2566512918297,1044.2566512918297,1044.2566512918297,1044.2566512918297,1044.2566512918297,1044.2566512918297,1044.0215581100704,1044.0215581100704,1044.0215581100704,1044.0215581100704,1044.0215581100704,1044.0215581100704,1044.0215581100704,1044.0215581100704,1044.0215581100704,1044.0215581100704,1044.0215581100704,1044.0215581100704,1044.0215581100704,1044.0215581100704,1044.0215581100704,1044.0215581100704,1044.0215581100704,1044.0215581100704,1044.0215581100704,1044.0215581100704,1044.0215581100704,1044.0215581100704,1044.0215581100704,1044.0215581100704,1044.0215581100704,1044.0215581100704,1044.0215581100704,1044.0215581100704,1044.0215581100704,1044.0215581100704,1044.0215581100704,1044.0215581100704,1044.0215581100704,1044.0215581100704,1044.0215581100704,1044.0215581100704,1044.0215581100704,1044.0215581100704,1044.0215581100704,1044.0215581100704,1044.0215581100704,1044.0215581100704,1043.9021744824806,1043.9021744824806,1043.9021744824806,1043.9021744824806,1043.9021744824806,1043.2252136078455,1043.2252136078455,1043.2252136078455,1043.2252136078455,1043.2252136078455,1043.2252136078455,1043.2252136078455,1043.2252136078455,1043.2252136078455,1043.2252136078455,1043.2252136078455,1043.2252136078455,1043.2252136078455,1043.2252136078455,1043.2252136078455,1043.2252136078455,1043.2252136078455,1043.2252136078455,1043.2252136078455,1043.2252136078455,1043.2252136078455,1043.2252136078455,1043.2252136078455,1043.2252136078455,1043.2252136078455,1043.2252136078455,1043.2252136078455,1043.2252136078455,1043.2252136078455,1043.2252136078455,1043.2252136078455,1043.2252136078455,1043.2252136078455,1043.2252136078455,1043.2252136078455,1043.2252136078455,1043.2252136078455,1043.2252136078455,1043.2252136078455,1043.2252136078455,1043.2252136078455,1043.2252136078455,1043.2252136078455,1043.2252136078455,1043.2252136078455,1043.2252136078455,1043.2252136078455,1043.2252136078455,1043.2252136078455,1043.2252136078455,1043.2252136078455,1043.2252136078455,1043.2252136078455,1043.2252136078455,1043.2252136078455,1043.2252136078455,1043.2252136078455,1043.2252136078455,1043.2252136078455,1043.2252136078455,1043.2252136078455,1043.2252136078455,1043.2252136078455,1043.2252136078455,1043.2252136078455,1043.2252136078455,1043.2252136078455,1043.2252136078455,1043.2252136078455,1043.2252136078455,