{"Optimal":1032,"benchmark":"B-n51-k7","front":[{"distance":1100.4581311427996,"trucks":[[2,21,10,50,31,22,45],[6,37,41,17,11,18,35,3,14],[36,4,20,34,49,12],[7,8,29,27,15,43,39],[19,40,30,5,44],[48,46,24,16,51,26,23,25,47],[42,33,28,32,38,13,9]],"fuel":1567.9730967406742},{"distance":1101.8632563989643,"fuel":1565.3707246677368,"trucks":[[42,33,38,28,32,13,9],[6,37,41,17,11,18,3,35,14],[36,4,20,49,34,12],[7,27,8,29,15,43,39],[46,48,16,24,51,26,47,23,25],[45,22,21,2,10,50,31],[19,40,30,5,44]]}]}