{"front":[{"fuel":1544.7898889970154,"distance":1068.315826967897,"trucks":[[6,37,41,18,11,35,39,3,17],[44,27,8,29,15,43,5],[51,24,16,48,46,26,47,23,25],[42,32,28,33,38,13,9],[36,4,20,34,7,12],[31,50,10,21,22,45,2,49],[19,30,40,14]]},{"fuel":1543.6595407765988,"distance":1073.1133959647934,"trucks":[[36,4,20,34,7,12],[42,32,28,33,38,13,9],[44,27,8,29,15,43,5],[51,16,24,48,46,26,47,23,25],[22,45,21,2,10,31,50,49],[6,37,41,18,11,35,39,3,17],[30,19,40,14]]}],"benchmark":"B-n51-k7","Optimal":1032}