{"optimalDistance":830,"benchmark":"E-n76-k10","distanceSequence":[996.8298909598407,996.8298909598407,996.8298909598407,996.8298909598407,996.8298909598407,996.8298909598407,996.8298909598407,996.8298909598407,996.8298909598407,993.9638083683606,982.8695246319336,982.8695246319336,982.8695246319336,982.8695246319336,982.8695246319336,982.8695246319336,982.8695246319336,982.8695246319336,982.8695246319336,982.8695246319336,982.8695246319336,982.8695246319336,982.8695246319336,982.8695246319336,973.3770740514474,973.3770740514474,973.3770740514474,973.3770740514474,973.3770740514474,973.3770740514474,973.3770740514474,973.3770740514474,973.3770740514474,973.3770740514474,973.3770740514474,973.3770740514474,973.3770740514474,973.3770740514474,973.3770740514474,973.3770740514474,973.3770740514474,973.3770740514474,973.3770740514474,973.3770740514474,973.3770740514474,973.3770740514474,973.3770740514474,973.3770740514474,973.3770740514474,973.3770740514474,973.3770740514474,973.3770740514474,973.3770740514474,973.3770740514474,973.3770740514474,973.3770740514474,973.3770740514474,973.3770740514474,973.3770740514474,973.3770740514474,973.3770740514474,973.3770740514474,973.3770740514474,973.3770740514474,973.3770740514474,973.3770740514474,973.3770740514474,973.3770740514474,973.3770740514474,973.225444383608,973.225444383608,967.5611202605425,967.5611202605425,967.5611202605425,967.5611202605425,967.5611202605425,967.5611202605425,967.5611202605425,967.5611202605425,967.5611202605425,967.5611202605425,961.7474710598575,961.7474710598575,961.7474710598575,961.7474710598575,961.7474710598575,961.7474710598575,961.7474710598575,961.7474710598575,961.7474710598575,961.7474710598575,961.7474710598575,960.0916105650023,960.0916105650023,960.0916105650023,960.0916105650023,960.0916105650023,960.0916105650023,960.0916105650023,960.0916105650023,960.0916105650023,960.0916105650023,960.0916105650023,960.0916105650023,960.0916105650023,960.0916105650023,960.0916105650023,960.0916105650023,960.0916105650023,960.0916105650023,960.0916105650023,960.0916105650023,960.0916105650023,956.8281804451092,956.8281804451092,956.8281804451092,956.8281804451092,956.8281804451092,956.8281804451092,956.8281804451092,956.8281804451092,956.8281804451092,956.8281804451092,956.8281804451092,956.8281804451092,956.8281804451092,956.8281804451092,956.8281804451092,956.8281804451092,956.8281804451092,956.8281804451092,956.8281804451092,956.8281804451092,956.8281804451092,956.8281804451092,956.8281804451092,956.8281804451092,956.8281804451092,956.8281804451092,956.8281804451092,956.8281804451092,956.8281804451092,956.8281804451092,956.8281804451092,956.8281804451092,956.8281804451092,956.8281804451092,956.8281804451092,956.8281804451092,956.8281804451092,956.8281804451092,956.8281804451092,956.8281804451092,956.8281804451092,956.8281804451092,956.8281804451092,956.8281804451092,956.8281804451092,956.8281804451092,956.8281804451092,956.8281804451092,956.8281804451092,955.2268193160527,955.2268193160527,955.2268193160527,955.2268193160527,955.2268193160527,955.2268193160527,955.2268193160527,955.2268193160527,955.2268193160527,955.2268193160527,955.2268193160527,955.2268193160527,955.2268193160527,955.2268193160527,955.2268193160527,955.2268193160527,955.2268193160527,955.2268193160527,955.2268193160527,955.2268193160527,955.2268193160527,955.2268193160527,955.2268193160527,955.2268193160527,955.2268193160527,955.2268193160527,955.2268193160527,955.2268193160527,955.2268193160527,955.2268193160527,955.2268193160527,955.2268193160527,955.2268193160527,955.2268193160527,955.2268193160527,955.2268193160527,955.2268193160527,955.2268193160527,955.2268193160527,955.2268193160527,955.2268193160527,955.2268193160527,955.2268193160527,955.2268193160527,955.2268193160527,955.2268193160527,955.2268193160527,955.2268193160527,955.2268193160527,955.2268193160527,955.2268193160527,955.2268193160527,955.2268193160527,955.2268193160527,955.2268193160527,955.2268193160527,955.2268193160527,955.2268193160527,955.2268193160527,955.2268193160527,955.2268193160527,955.2268193160527,955.2268193160527,955.2268193160527,955.2268193160527,955.2268193160527,955.2268193160527,955.2268193160527,955.2268193160527,955.2268193160527,955.2268193160527,955.2268193160527,955.2268193160527,955.2268193160527,955.2268193160527,955.2268193160527,955.2268193160527,955.2268193160527,955.2268193160527,955.2268193160527,955.2268193160527,955.2268193160527,955.2268193160527,955.2268193160527,955.2268193160527,955.2268193160527,955.2268193160527,955.2268193160527,955.2268193160527,955.2268193160527,955.2268193160527,955.2268193160527,955.2268193160527,955.2268193160527,955.2268193160527,955.2268193160527,955.2268193160527,955.2268193160527,955.2268193160527,955.2268193160527,955.2268193160527,955.2268193160527,955.2268193160527,955.2268193160527,955.2268193160527,955.2268193160527,955.2268193160527,955.2268193160527,955.2268193160527,955.2268193160527,955.2268193160527,955.2268193160527,955.2268193160527,955.2268193160527,955.2268193160527,955.2268193160527,955.2268193160527,955.2268193160527,955.2268193160527,955.2268193160527,955.2268193160527,955.2268193160527,955.2268193160527,955.2268193160527,955.2268193160527,955.2268193160527,955.2268193160527,955.2268193160527,955.2268193160527,955.2268193160527,955.2268193160527,955.2268193160527,955.2268193160527,955.2268193160527,955.2268193160527,955.2268193160527,955.2268193160527,955.2268193160527,955.2268193160527,955.2268193160527,955.2268193160527,955.2268193160527,955.2268193160527,955.2268193160527,955.2268193160527,955.2268193160527,955.2268193160527,955.2268193160527,955.2268193160527,955.2268193160527,955.2268193160527,955.2268193160527,955.2268193160527,952.9531805447641,952.9531805447641,952.9531805447641,952.9531805447641,952.9531805447641,952.9531805447641,952.9531805447641,952.9531805447641,952.9531805447641,952.9531805447641,952.9531805447641,952.9531805447641,952.9531805447641,952.9531805447641,952.9531805447641,952.9531805447641,952.9531805447641,952.9531805447641,952.9531805447641,952.9531805447641,952.9531805447641,952.9531805447641,952.9531805447641,952.9531805447641,952.9531805447641,952.9531805447641,952.9531805447641,952.9531805447641,952.9531805447641,952.9531805447641,952.9531805447641,952.9531805447641,952.9531805447641,952.9531805447641,952.9531805447641,952.9531805447641,951.2301464511243,951.2301464511243,951.2301464511243,951.2301464511243,951.2301464511243,951.2301464511243,951.2301464511243,951.2301464511243,951.2301464511243,951.2301464511243,951.2301464511243,951.2301464511243,951.2301464511243,951.2301464511243,951.2301464511243,951.2301464511243,951.2301464511243,951.2301464511243,951.2301464511243,951.2301464511243,951.2301464511243,951.2301464511243,951.2301464511243,951.2301464511243,951.2301464511243,951.2301464511243,951.2301464511243,951.2301464511243,949.6287853220678,949.6287853220678,949.6287853220678,949.6287853220678,949.6287853220678,949.6287853220678,949.6287853220678,949.6287853220678,949.6287853220678,949.6287853220678,949.6287853220678,949.6287853220678,949.6287853220678,949.6287853220678,949.6287853220678,949.6287853220678,949.6287853220678,949.6287853220678,949.6287853220678,949.6287853220678,949.6287853220678,949.6287853220678,949.6287853220678,949.6287853220678,949.6287853220678,949.6287853220678,949.6287853220678,949.6287853220678,949.6287853220678,949.6287853220678,949.6287853220678,949.6287853220678,949.6287853220678,949.6287853220678,949.6287853220678,949.6287853220678,949.6287853220678,949.6287853220678,949.6287853220678,949.6287853220678,949.6287853220678,949.6287853220678,949.6287853220678,949.6287853220678,949.6287853220678,949.6287853220678,949.6287853220678,949.6287853220678,949.6287853220678,949.6287853220678,949.6287853220678,949.6287853220678,949.6287853220678,949.6287853220678,949.6287853220678,949.6287853220678,949.6287853220678,949.6287853220678,949.6287853220678,949.6287853220678,949.6287853220678,