{"Optimal":830,"benchmark":"E-n76-k10","front":[{"fuel":1337.6163031223273,"distance":955.7811297315487,"trucks":[[68,8,9,20,15,60],[69,3,75,29,62,22,48],[64,2,44,42,43,65,23,63,74],[59,11,39,66,67,54],[10,40,73,32,56,26,51,19,50,24],[52,33,45,4,25,57,17],[30,58,16,6,38,21,71,61,72,37,70],[5,46,49,31,7,34],[18,41,13,12,36,27],[76,47,35,53,28,14,55]]}]}