{"benchmark":"E-n76-k10","front":[{"fuel":1308.4057944048382,"trucks":[[13,40,10,32,11,59,73],[76,7,34,18,41,27],[69,3,63,29,62,65,23],[5,46,30,6,16,58,14,55],[68,8,53,28,49,31,52],[75,48,22,70,37,72,61,71,21,38],[17,64,74,2,44,43,42,57,24,50],[36,54,12,67,66,39],[45,33,56,26,51,19,25,4],[47,9,15,60,20,35]],"distance":924.5106427155392},{"distance":924.9683438087325,"trucks":[[13,40,10,32,11,59,73],[5,46,30,6,16,58,14,55],[75,48,22,70,37,72,61,71,21,38],[69,3,63,29,62,65,23],[68,8,53,28,49,31,52],[45,4,25,19,51,26,56,33],[17,64,74,2,44,43,42,57,24,50],[76,7,34,18,41,27],[36,54,12,67,66,39],[47,9,15,60,20,35]],"fuel":1307.6668690763963},{"distance":931.069590018745,"trucks":[[69,3,63,29,62,65,23],[13,40,10,32,11,59,73],[76,7,34,18,41,27],[36,54,12,67,66,39],[17,64,74,2,44,43,42,57,24,50],[5,46,30,6,16,58,14,55],[68,8,53,28,49,31,52],[75,48,22,70,37,72,61,71,21,38],[33,45,4,25,19,51,26,56],[47,9,15,60,20,35]],"fuel":1304.4737431548683},{"trucks":[[17,64,74,2,44,43,42,57,24,50],[76,7,34,18,41,27],[69,3,63,29,62,65,23],[33,45,4,25,19,51,26,56],[13,40,10,32,11,59,73],[5,46,30,6,16,58,14,55],[75,48,22,70,37,72,61,71,21,38],[36,54,12,67,66,39],[68,8,53,28,49,31,52],[47,9,15,60,20,35]],"distance":931.0695900187451,"fuel":1304.473743154868}],"Optimal":830}