{"benchmark":"A-n63-k10","Optimal":1314,"front":[{"trucks":[[62,61,34,56],[26,16,50,19,6,46,40,4,43,20],[9,36,28,7,13],[31,39,5,27,14,51,63],[21,29,58,33,35,12,48,45],[54,15,3,10,60,11],[18,32,52,23,59,25],[49,37,53,44],[8,24,47,22],[41,30,57,55,38,17,42,2]],"fuel":1959.3547426332823,"distance":1413.5002130066018},{"trucks":[[62,61,34,56],[26,16,50,19,6,46,40,4,43,20],[9,36,28,7,13],[31,39,5,27,14,51,63],[21,29,58,33,35,12,48,45],[11,60,54,15,3,10],[18,32,52,23,59,25],[49,37,53,44],[8,24,47,22],[41,30,57,55,38,17,42,2]],"distance":1419.958564333992,"fuel":1956.5964347671622},{"trucks":[[62,61,34,56],[26,16,50,19,6,46,40,4,43,20],[9,36,28,7,13],[31,39,5,27,14,51,63],[21,29,58,33,35,12,48,45],[11,60,54,15,3,10],[18,32,52,59,23,25],[49,37,53,44],[8,24,47,22],[41,30,57,55,38,17,42,2]],"fuel":1956.502788928048,"distance":1420.0745031291535}]}