{"benchmark":"E-n76-k14","Optimal":1021,"front":[{"trucks":[[4,45,33,51,19,56],[3,75,29,62,70,37],[30,38,72,61,71,21,16,58],[74,2,44,42,43,23,63],[41,10,40,73,59],[25,50,24,57,65],[5,46,28,14,53],[8,54,15,20,36],[35,47,9,55,6],[69,7,34,64,17,52],[39,66,11,32,26],[76,31,48,49,27],[12,67,60],[18,13,68,22]],"fuel":1602.353134274819,"distance":1148.4255092651138},{"trucks":[[4,45,33,51,19,56],[3,75,29,62,70,37],[30,38,72,61,71,21,16,58],[74,2,44,42,43,23,63],[41,10,40,73,59],[25,50,24,57,65],[5,46,28,14,53],[8,54,15,20,36],[35,47,9,55,6],[69,7,34,64,17,52],[39,66,11,32,26],[76,31,49,48,27],[12,67,60],[18,13,68,22]],"distance":1148.7766870782175,"fuel":1600.3770171116475},{"trucks":[[4,45,33,51,19,56],[3,75,29,62,70,37],[30,38,72,61,71,21,16,58],[74,2,44,42,43,23,63],[41,10,40,73,59],[25,50,24,57,65],[5,46,28,14,53],[8,54,15,20,36],[35,47,9,55,6],[69,7,34,64,17,52],[39,66,11,32,26],[76,31,49,48,27],[12,67,60],[68,13,18,22]],"distance":1149.9761262867567,"fuel":1599.059806829021},{"trucks":[[4,45,33,51,19,56],[3,75,29,62,70,37],[30,16,58,21,71,61,72,38],[74,2,44,42,43,23,63],[41,10,40,73,59],[25,50,24,57,65],[5,46,28,14,53],[8,36,54,15,20],[35,47,9,55,6],[69,7,34,64,17,52],[39,66,11,32,26],[76,31,49,48,27],[12,67,60],[68,13,18,22]],"distance":1154.1775938690928,"fuel":1598.8811560583986}]}