{"optimalDistance":682,"distanceSequence":[787.3181221775376,787.3181221775376,787.3181221775376,787.3181221775376,787.3181221775376,787.3181221775376,786.4557539972329,786.4557539972329,786.4557539972329,784.1098200116627,781.8764463897187,781.8764463897187,781.8764463897187,781.8764463897187,781.8764463897187,781.523986715392,781.523986715392,781.523986715392,781.523986715392,781.523986715392,781.523986715392,781.523986715392,777.331960649673,777.316514621751,777.1006519388129,776.2098897201229,776.2098897201229,776.2098897201229,776.2098897201229,775.7244614018532,775.7244614018532,775.7244614018532,775.7244614018532,773.2525684728278,773.2525684728278,773.2525684728278,773.2525684728278,771.8739896249576,771.8739896249576,771.8739896249576,771.8739896249576,771.1799756618074,771.0874259464694,769.9562776360027,769.9562776360027,769.0435899838436,768.8342067064527,768.8342067064527,767.4337024251133,767.4337024251133,765.571805764091,764.3446380681087,764.3446380681087,764.3446380681087,764.3446380681087,764.3446380681087,764.3446380681087,764.3446380681087,761.6563098316497,761.6563098316497,761.6563098316497,761.6563098316497,761.6563098316497,761.6563098316497,761.6563098316497,761.6214354732438,761.6214354732438,759.9904751716492,759.9904751716492,759.9904751716492,759.9904751716492,758.8684042420991,758.8684042420991,758.8684042420991,758.8684042420991,758.8684042420991,758.8684042420991,758.8684042420991,758.8684042420991,758.8684042420991,758.8684042420991,758.8684042420991,758.8684042420991,758.3708570025464,758.3708570025464,753.8817758325828,753.8817758325828,753.8817758325828,753.8817758325828,753.8817758325828,752.7597049030328,752.7597049030328,752.7597049030328,752.7597049030328,750.4816640603599,750.4816640603599,750.4816640603599,750.4816640603599,750.4816640603599,750.4816640603599,750.4816640603599,750.4816640603599,750.4816640603599,750.4816640603599,750.4816640603599,750.4816640603599,750.4816640603599,750.4816640603599,750.4816640603599,750.4816640603599,749.3595931308098,749.3595931308098,749.3595931308098,749.3595931308098,749.3595931308098,749.3595931308098,749.3595931308098,749.3595931308098,749.3595931308098,749.3595931308098,749.3595931308098,749.3595931308098,749.3595931308098,749.3595931308098,749.3595931308098,749.3595931308098,749.3595931308098,749.3595931308098,749.3595931308098,749.3595931308098,749.3595931308098,749.3595931308098,749.3595931308098,749.3595931308098,749.3595931308098,749.3595931308098,749.3595931308098,749.3247187724039,749.3247187724039,749.3247187724039,749.3247187724039,748.6803127261876,748.6803127261876,748.6803127261876,748.6803127261876,748.6803127261876,748.6803127261876,748.6803127261876,748.6803127261876,748.6803127261876,748.6803127261876,748.6803127261876,748.6803127261876,748.6803127261876,748.6803127261876,748.6803127261876,748.6803127261876,748.6803127261876,748.6803127261876,748.6803127261876,748.6803127261876,748.6803127261876,748.6803127261876,748.6803127261876,748.6803127261876,748.6803127261876,748.6803127261876,748.6454383677817,748.6454383677817,748.6454383677817,748.6454383677817,748.6454383677817,748.6454383677817,748.6454383677817,748.6454383677817,748.6454383677817,748.6454383677817,748.6454383677817,748.6454383677817,748.6454383677817,748.6454383677817,748.6454383677817,748.6454383677817,748.6454383677817,748.6454383677817,748.6454383677817,748.6454383677817,748.6454383677817,748.6454383677817,748.6454383677817,748.6454383677817,748.6454383677817,748.6454383677817,748.6454383677817,748.6454383677817,748.6454383677817,748.6454383677817,748.6454383677817,748.6454383677817,748.6454383677817,748.6454383677817,748.6454383677817,748.6454383677817,748.6454383677817,748.6454383677817,748.6454383677817,748.6454383677817,748.6454383677817,748.6454383677817,748.6454383677817,748.6454383677817,748.6454383677817,746.9887778714937,746.9887778714937,746.9887778714937,746.9887778714937,746.9887778714937,746.9887778714937,746.9887778714937,746.9887778714937,746.9887778714937,746.9887778714937,746.9887778714937,746.9887778714937,746.9887778714937,746.9887778714937,746.9887778714937,746.9887778714937,746.9887778714937,746.9887778714937,746.9887778714937,746.9887778714937,746.9887778714937,746.9887778714937,746.9887778714937,746.9887778714937,746.9887778714937,746.9887778714937,746.9887778714937,746.9887778714937,746.9887778714937,746.9887778714937,746.9887778714937,746.9887778714937,746.9887778714937,746.9887778714937,746.9887778714937,746.9887778714937,746.9887778714937,746.9887778714937,746.9887778714937,746.9887778714937,746.9887778714937,746.9887778714937,746.9887778714937,746.9887778714937,746.9539035130878,746.9539035130878,746.9539035130878,746.9539035130878,746.9539035130878,746.9539035130878,746.9539035130878,746.9539035130878,746.9539035130878,746.9539035130878,746.9539035130878,746.9539035130878,746.9539035130878,746.9539035130878,746.9539035130878,746.9539035130878,746.9539035130878,746.9539035130878,746.9539035130878,746.9539035130878,746.9539035130878,746.9539035130878,746.9539035130878,746.9539035130878,746.9539035130878,746.9539035130878,746.9539035130878,746.9539035130878,746.9539035130878,746.9539035130878,746.9539035130878,746.9539035130878,746.9539035130878,746.9539035130878,746.9539035130878,746.9539035130878,746.9539035130878,746.9539035130878,746.9539035130878,746.9539035130878,746.9539035130878,746.9539035130878,746.9539035130878,746.9539035130878,746.9539035130878,746.9539035130878,746.9539035130878,746.9539035130878,746.9539035130878,746.9539035130878,746.9539035130878,746.9539035130878,746.9539035130878,746.9539035130878,746.9539035130878,746.9539035130878,746.9539035130878,746.9539035130878,746.9539035130878,746.9539035130878,746.9539035130878,746.9539035130878,746.9539035130878,746.9539035130878,746.9539035130878,746.9539035130878,746.9539035130878,746.9539035130878,746.9539035130878,746.9539035130878,746.9539035130878,746.9539035130878,746.9539035130878,746.9539035130878,746.1592034522487,746.1592034522487,746.1592034522487,746.1592034522487,746.1592034522487,746.1592034522487,746.1592034522487,746.1592034522487,746.1592034522487,746.1592034522487,746.1592034522487,746.1592034522487,746.1592034522487,746.1592034522487,746.1592034522487,746.1592034522487,746.1592034522487,746.1592034522487,746.1592034522487,746.1592034522487,746.1592034522487,746.1592034522487,746.1592034522487,746.1592034522487,746.1592034522487,746.1592034522487,746.1592034522487,746.1592034522487,746.1592034522487,746.1592034522487,746.1592034522487,746.1592034522487,746.1592034522487,746.1592034522487,746.1592034522487,746.1592034522487,746.1592034522487,746.1592034522487,746.1592034522487,746.1592034522487,746.1592034522487,746.1592034522487,746.1592034522487,746.1592034522487,746.1592034522487,746.1592034522487,746.1592034522487,746.1592034522487,746.1592034522487,746.1592034522487,746.1592034522487,746.1592034522487,746.1592034522487,746.1592034522487,746.1592034522487,746.1592034522487,746.1592034522487,746.1592034522487,746.1592034522487,746.1592034522487,746.1592034522487,746.1592034522487,746.1592034522487,746.1592034522487,746.1592034522487,746.1592034522487,746.1592034522487,746.1592034522487,746.1592034522487,746.1592034522487,746.1592034522487,746.1592034522487,746.1592034522487,746.1592034522487,746.1592034522487,746.1592034522487,746.1592034522487,746.1592034522487,746.1592034522487,746.1592034522487,746.1592034522487,746.1592034522487,746.1592034522487,746.1592034522487,746.1592034522487,746.1592034522487,746.1592034522487,746.1592034522487,746.1592034522487,746.1592034522487,746.1592034522487,746.1592034522487,746.1592034522487,746.1592034522487,746.1592034522487,746.1592034522487,746.1592034522487,746.1592034522487,746.1592034522487,746.1592034522487,746.1592034522487,746.1592034522487,746.1592034522487,746.1592034522487,746.1592034522487,746.1592034522487,746.1592034522487,746.1592034522487,746.1592034522487,746.1592034522487,746.1592034522487,746.1592034522487,