{"benchmark":"B-n50-k8","front":[{"trucks":[[8,26,48,27,19,5],[4,14,23,24,47,39],[32,31,21,37,44,17,15,45],[50,25,6,12],[36,43,18,9,22,2],[11,42,46,40,16],[3,35,49,41,38,28,13,34,10,7],[33,29,30,20]],"fuel":1913.125419374352,"distance":1349.7558021583952},{"trucks":[[23,36,42,46,40,16],[50,26,48,27,19,5],[15,30,20,29,33],[3,35,49,41,8,38,28,13,34,10],[45,21,37,44,12,17,25,31,7],[32,6],[4,14,24,47,39],[11,43,18,9,22,2]],"distance":1351.2513200153087,"fuel":1904.119894435314}],"Optimal":1312}