{"benchmark":"A-n63-k10","front":[{"trucks":[[63,51,58,33,45,48,12,35,32],[52,59,23,56,34],[54,3,10,13,7],[49,37,31,44,53],[22,62,55,17,38,61],[11,60,4,43,40,46,2,42,15],[41,30,57,26,16,50,19,6,20],[25,24,47,8],[39,5,27,14,29,21],[18,28,9,36]],"distance":1436.1692557829247,"fuel":1994.7078366249782},{"distance":1436.8239938444658,"trucks":[[21,39,5,27,14,29],[25,24,47,22,8],[49,37,31,44,53],[41,30,57,26,16,50,19,6,20],[11,60,4,43,40,46,2,42,15],[54,3,10,13,7],[63,51,58,33,45,48,12,35,32],[52,59,23,56,34],[62,55,17,38,61],[18,9,28,36]],"fuel":1994.1262343617664}],"Optimal":1314}