{"Optimal":1314,"benchmark":"A-n63-k10","front":[{"distance":1453.1221282432057,"fuel":2035.9904753827063,"trucks":[[15,2,42,3,10,13,40,46],[51,63,29,58,33,45,48,12,35],[22,62,55,17,38,61],[52,59,23,56,34],[47,24,8,25,30],[54,50,16,19,6,43,4,20],[39,5,27,14,21,32],[31,44,53,11,60,26,41],[57,9,36,28,7],[37,49,18]]},{"trucks":[[15,2,42,3,10,13,40,46],[51,63,29,58,33,45,48,12,35],[22,62,55,17,38,61],[52,59,23,56,34],[47,24,8,25,30],[54,16,50,19,6,43,4,20],[39,5,27,14,32],[31,44,53,11,60,26,41],[57,9,36,28,7],[37,49,21,18]],"distance":1453.9492186273494,"fuel":2034.8553369813255}]}