{"benchmark":"A-n63-k10","Optimal":1314,"front":[{"distance":1399.957046894609,"fuel":1950.5898699661707,"trucks":[[38,9,28,36,7],[30,57,41,26,16,50,19,6],[52,23,59,56,34,8],[49,31,37,53],[21,27,14,5,39,44],[22,47,61,55],[60,11,20,4,43,40,46,2,42,10],[63,58,33,45,48,12,35,29],[18,62,24,25,32,51],[54,15,13,3,17]]}]}