{"optimalDistance":835,"distanceSequence":[889.8845115241406,889.8845115241406,889.8845115241406,879.4552114590291,879.4552114590291,879.4552114590291,879.4552114590291,879.4552114590291,879.4552114590291,879.4552114590291,879.2549454323845,876.3298748047075,876.3298748047075,876.3298748047075,876.3298748047075,876.3298748047075,861.5864525729531,861.5864525729531,861.3861865463084,859.1913567875949,859.1913567875949,856.1187835202022,856.1187835202022,855.6706733902787,855.6706733902787,855.6706733902787,855.6706733902787,855.6706733902787,855.6706733902787,853.9582107629182,853.9582107629182,853.9582107629182,853.7787055325988,853.5534523435354,853.5534523435354,852.8444566138245,852.8444566138245,852.8444566138245,852.8444566138245,852.8444566138245,852.8444566138245,852.8444566138245,852.8298634163546,852.8298634163546,852.8298634163546,852.6441905871799,852.6441905871799,852.6441905871799,852.6441905871799,851.9206016599991,851.9206016599991,851.9206016599991,851.9206016599991,851.9206016599991,851.9206016599991,851.9206016599991,851.9206016599991,851.9206016599991,851.9206016599991,851.9206016599991,851.9206016599991,851.9206016599991,851.9206016599991,851.9206016599991,851.9206016599991,851.9206016599991,851.9206016599991,851.9206016599991,851.9206016599991,851.9206016599991,851.9206016599991,851.9206016599991,851.9206016599991,851.9206016599991,851.9206016599991,851.9206016599991,851.9206016599991,851.9206016599991,851.9206016599991,851.9206016599991,851.9206016599991,851.9206016599991,851.9206016599991,851.9206016599991,851.9206016599991,851.9206016599991,851.9206016599991,851.9206016599991,851.9206016599991,851.9206016599991,851.9206016599991,851.9206016599991,851.9206016599991,851.9206016599991,851.9206016599991,851.9206016599991,851.9206016599991,851.9206016599991,851.9206016599991,851.9206016599991,851.9206016599991,851.9206016599991,851.9206016599991,851.9206016599991,851.9206016599991,851.9206016599991,851.9206016599991,851.9206016599991,851.9206016599991,851.9206016599991,851.9206016599991,851.9206016599991,851.9206016599991,851.9206016599991,851.9206016599991,851.9206016599991,851.9206016599991,851.9206016599991,851.9206016599991,851.9206016599991,851.9206016599991,851.9206016599991,851.9206016599991,851.9206016599991,851.9206016599991,851.9206016599991,851.9206016599991,851.9206016599991,851.9206016599991,851.9206016599991,851.9206016599991,851.9206016599991,851.9206016599991,851.9206016599991,851.9206016599991,851.9206016599991,851.9206016599991,851.9206016599991,851.9206016599991,851.9206016599991,851.9206016599991,851.9206016599991,851.9206016599991,851.9206016599991,851.9206016599991,851.9206016599991,851.9206016599991,851.9206016599991,851.9206016599991,851.9206016599991,851.9206016599991,851.9206016599991,851.9206016599991,851.9206016599991,851.9206016599991,851.9206016599991,851.9206016599991,851.9206016599991,851.9206016599991,851.9206016599991,851.9206016599991,851.9206016599991,851.9206016599991,851.9206016599991,851.9206016599991,851.9206016599991,851.9206016599991,851.9206016599991,851.9206016599991,850.1020110744826,850.1020110744826,850.1020110744826,850.1020110744826,849.9017450478378,849.9017450478378,849.9017450478378,849.9017450478378,849.9017450478378,849.9017450478378,849.9017450478378,849.9017450478378,849.9017450478378,849.9017450478378,849.9017450478378,849.9017450478378,849.9017450478378,849.9017450478378,849.9017450478378,849.9017450478378,849.9017450478378,849.9017450478378,849.9017450478378,849.9017450478378,849.9017450478378,849.9017450478378,849.9017450478378,849.9017450478378,849.9017450478378,849.9017450478378,849.9017450478378,849.9017450478378,849.9017450478378,849.9017450478378,849.9017450478378,849.9017450478378,849.9017450478378,849.9017450478378,849.9017450478378,849.9017450478378,849.9017450478378,849.9017450478378,849.9017450478378,849.9017450478378,849.9017450478378,849.9017450478378,849.9017450478378,849.9017450478378,849.9017450478378,849.9017450478378,849.9017450478378,849.9017450478378,849.9017450478378,849.9017450478378,849.9017450478378,849.9017450478378,849.9017450478378,849.9017450478378,849.9017450478378,849.9017450478378,849.9017450478378,849.9017450478378,849.9017450478378,849.9017450478378,849.9017450478378,849.9017450478378,849.9017450478378,849.9017450478378,849.9017450478378,849.9017450478378,849.9017450478378,849.9017450478378,849.9017450478378,849.9017450478378,849.9017450478378,849.9017450478378,849.9017450478378,849.9017450478378,849.9017450478378,849.9017450478378,849.9017450478378,849.9017450478378,849.9017450478378,849.9017450478378,849.9017450478378,849.9017450478378,849.9017450478378,849.9017450478378,849.9017450478378,849.9017450478378,849.9017450478378,849.9017450478378,849.9017450478378,849.9017450478378,849.9017450478378,849.9017450478378,849.9017450478378,849.9017450478378,849.9017450478378,849.9017450478378,849.9017450478378,849.9017450478378,849.9017450478378,849.9017450478378,849.9017450478378,849.9017450478378,849.9017450478378,849.9017450478378,849.9017450478378,849.9017450478378,849.9017450478378,849.9017450478378,849.9017450478378,849.9017450478378,849.9017450478378,849.9017450478378,849.9017450478378,849.9017450478378,849.9017450478378,849.9017450478378,849.9017450478378,849.9017450478378,849.9017450478378,849.9017450478378,849.9017450478378,849.9017450478378,849.9017450478378,849.9017450478378,849.9017450478378,849.9017450478378,849.9017450478378,849.9017450478378,849.9017450478378,849.9017450478378,849.9017450478378,849.9017450478378,849.9017450478378,849.9017450478378,849.9017450478378,849.9017450478378,849.9017450478378,849.9017450478378,849.9017450478378,849.9017450478378,849.9017450478378,849.9017450478378,849.9017450478378,849.9017450478378,849.9017450478378,849.9017450478378,849.9017450478378,849.9017450478378,849.9017450478378,849.9017450478378,849.9017450478378,849.9017450478378,849.9017450478378,849.9017450478378,849.9017450478378,849.9017450478378,849.9017450478378,849.9017450478378,849.9017450478378,849.9017450478378,849.9017450478378,849.9017450478378,849.9017450478378,849.9017450478378,849.9017450478378,849.9017450478378,849.9017450478378,849.9017450478378,849.9017450478378,849.9017450478378,849.9017450478378,849.9017450478378,849.9017450478378,849.9017450478378,849.9017450478378,849.9017450478378,849.9017450478378,849.9017450478378,849.9017450478378,849.9017450478378,849.9017450478378,849.9017450478378,849.9017450478378,849.9017450478378,849.9017450478378,849.9017450478378,849.9017450478378,849.9017450478378,849.9017450478378,849.9017450478378,849.9017450478378,849.9017450478378,849.9017450478378,849.9017450478378,849.9017450478378,849.9017450478378,849.9017450478378,849.9017450478378,849.9017450478378,849.9017450478378,849.9017450478378,849.9017450478378,849.9017450478378,849.9017450478378,849.9017450478378,849.9017450478378,849.9017450478378,849.9017450478378,849.9017450478378,849.9017450478378,849.9017450478378,849.9017450478378,849.9017450478378,849.9017450478378,849.9017450478378,849.9017450478378,849.9017450478378,849.9017450478378,849.9017450478378,849.9017450478378,849.9017450478378,849.9017450478378,849.9017450478378,849.9017450478378,849.9017450478378,849.9017450478378,849.9017450478378,849.9017450478378,849.9017450478378,849.9017450478378,849.9017450478378,849.9017450478378,849.9017450478378,849.9017450478378,849.9017450478378,849.9017450478378,849.9017450478378,849.9017450478378,849.9017450478378,849.9017450478378,849.9017450478378,849.9017450478378,849.9017450478378,849.9017450478378,849.9017450478378,849.9017450478378,849.9017450478378,849.9017450478378,849.9017450478378,849.9017450478378,849.9017450478378,849.9017450478378,849.9017450478378,849.9017450478378,849.9017450478378,849.9017450478378,849.9017450478378,849.9017450478378,849.9017450478378,849.9017450478378,849.9017450478378,849.9017450478378,849.9017450478378,849.9017450478378,849.9017450478378,849.9017450478378,849.9017450478378,849.9017450478378,849.9017450478378,