{"benchmark":"E-n33-k4","front":[{"trucks":[[27,28,17,29,30],[4,6,7,8,9,10,11,33,12,13,3],[2,16,18,26,25,24,23,21,22,20,19],[31,32,15,14,5]],"distance":854.3260640114473,"fuel":1202.9675759300605},{"fuel":1199.2140286962433,"distance":854.526330038092,"trucks":[[27,28,29,17,30],[4,6,7,8,9,10,11,33,12,13,3],[2,16,18,26,25,24,23,21,22,20,19],[31,32,15,14,5]]},{"fuel":1198.7070894352864,"trucks":[[27,28,29,17,30],[4,3,13,12,33,11,10,9,8,7,6],[2,16,18,26,25,24,23,21,22,20,19],[31,32,15,14,5]],"distance":855.2522172693746}],"Optimal":835}