{"Optimal":784,"benchmark":"A-n32-k5","front":[{"fuel":1108.6118303042,"trucks":[[31,17,2,13],[7,4,3,24,29,5,12,19],[8,14,22,32,20,18,27],[21,6,26,11,16,30,23,10,9,15],[25,28]],"distance":798.3187765715115}]}