{"Optimal":784,"benchmark":"A-n32-k5","front":[{"trucks":[[25,28],[7,3,4,24,5,12,29,15],[27,8,14,22,32,20,18],[21,6,26,11,16,23,10,9,19,30],[31,13,2,17]],"distance":794.7282011675316,"fuel":1103.313370765969}]}