{"benchmark":"A-n32-k5","front":[{"fuel":1114.375606300741,"distance":804.6978957424516,"trucks":[[28,25,15],[7,3,4,24,29,5,12,19],[8,18,20,32,22,14],[21,6,26,11,16,23,10,9,30],[31,27,17,2,13]]},{"fuel":1111.7078925527924,"distance":810.4006523399129,"trucks":[[7,3,4,24,29,5,12,19,30],[8,14,22,32,20,18],[31,17,2,13],[21,6,26,11,16,10,23,9,27],[28,25,15]]}],"Optimal":784}