{"front":[{"distance":804.9825036860052,"fuel":1120.8662006253767,"trucks":[[7,4,3,24,29,5,12,19],[31,13,2,17,27],[21,6,26,11,30,16,10,23,9,15],[8,14,22,32,18,20],[25,28]]},{"distance":807.3433121026153,"fuel":1114.4312843838104,"trucks":[[28,25,15],[8,14,22,32,20,18],[21,6,26,11,30,16,23,10,9,19],[7,4,3,24,29,5,12],[31,17,2,13,27]]}],"benchmark":"A-n32-k5","Optimal":784}