{"Optimal":784,"front":[{"distance":802.1970366220891,"fuel":1116.909898504185,"trucks":[[31,27,17,2,13],[8,14,22,32,20,18],[7,4,3,24,29,5,12,15],[21,6,26,11,30,16,10,23,9,19],[25,28]]}],"benchmark":"A-n32-k5"}