{"benchmark":"A-n32-k5","front":[{"trucks":[[14,22,32,20,18,7],[31,27,17,8,2,13],[21,6,26,11,16,23,10,30,15],[4,3,24,29,5,12,9,19],[25,28]],"distance":812.1410016036182,"fuel":1132.2520662839595},{"trucks":[[21,6,26,11,16,23,10,30],[8,14,22,32,20,18],[31,17,2,13],[4,3,24,29,5,12,9,19],[25,28,15,7,27]],"distance":831.1723923092321,"fuel":1130.0132519451126}],"Optimal":784}