{"benchmark":"B-n44-k7","front":[{"trucks":[[3,37,15,27,25,40,36,16],[4,34,44,28,32,21],[6,18,41,2,13,29,26],[7,22,35,42,38,5,14],[33,9,31,43,23,39,12,10],[20,11,24],[8,17,30,19]],"fuel":1335.6478341787679,"distance":937.5465010330455}],"Optimal":909}