{"Optimal":909,"benchmark":"B-n44-k7","front":[{"trucks":[[8,17,30,19],[7,22,35,38,42,5,14],[4,34,44,32,28,21],[6,18,41,2,13,29,26],[3,37,15,27,25,40,36,16],[33,9,31,43,23,39,12,10],[20,24,11]],"distance":936.5421516661324,"fuel":1334.8051279846418}]}