{"benchmark":"E-n101-k14","optimalDistance":1071,"distanceSequence":[1267.3741034393481,1261.739404619716,1261.739404619716,1261.739404619716,1261.739404619716,1261.739404619716,1261.739404619716,1261.739404619716,1261.739404619716,1258.8286694501842,1258.8286694501842,1258.8286694501842,1258.8286694501842,1256.2114550466933,1256.2114550466933,1247.0062896043867,1247.0062896043867,1247.0062896043867,1245.1331559489984,1245.1331559489984,1245.1331559489984,1245.1331559489984,1245.1331559489984,1245.1331559489984,1245.1331559489984,1245.1331559489984,1244.0955544348549,1243.7614325652403,1243.7614325652403,1243.7614325652403,1239.373887698249,1239.373887698249,1239.373887698249,1239.373887698249,1239.373887698249,1235.1231792314386,1235.1231792314386,1235.1231792314386,1235.1231792314386,1235.1231792314386,1235.1231792314386,1235.1231792314386,1235.1231792314386,1233.048820772177,1233.048820772177,1233.048820772177,1233.048820772177,1233.048820772177,1233.048820772177,1233.048820772177,1233.048820772177,1233.048820772177,1233.048820772177,1233.048820772177,1233.048820772177,1226.6191689985073,1226.6191689985073,1225.2474456147493,1225.2474456147493,1225.2474456147493,1220.4949669063124,1220.4949669063124,1220.4949669063124,1220.4949669063124,1220.4949669063124,1220.4949669063124,1220.4949669063124,1220.4949669063124,1220.4949669063124,1220.4949669063124,1220.4949669063124,1220.4949669063124,1220.4949669063124,1220.4949669063124,1220.4949669063124,1219.9058948598642,1218.5341714761062,1218.5341714761062,1218.2487994348899,1218.2487994348899,1218.2487994348899,1218.2487994348899,1218.2487994348899,1218.2487994348899,1215.119604104795,1215.119604104795,1215.119604104795,1215.119604104795,1215.119604104795,1215.119604104795,1215.119604104795,1215.119604104795,1215.119604104795,1213.1588086745887,1213.1588086745887,1213.1588086745887,1213.1588086745887,1213.1588086745887,1210.910473997279,1210.910473997279,1210.910473997279,1210.910473997279,1210.910473997279,1210.910473997279,1210.910473997279,1210.910473997279,1210.910473997279,1210.910473997279,1210.910473997279,1210.910473997279,1210.910473997279,1210.910473997279,1210.910473997279,1209.538750613521,1209.538750613521,1209.538750613521,1205.462123851644,1205.462123851644,1205.462123851644,1205.462123851644,1205.462123851644,1205.462123851644,1205.462123851644,1205.462123851644,1205.462123851644,1205.462123851644,1205.462123851644,1205.462123851644,1205.462123851644,1205.462123851644,1205.462123851644,1205.462123851644,1205.462123851644,1204.90392929466,1203.2159563802213,1203.2159563802213,1203.2159563802213,1203.2159563802213,1203.2159563802213,1203.2159563802213,1202.8631919947782,1202.8631919947782,1199.849364709305,1199.849364709305,1199.849364709305,1199.849364709305,1199.849364709305,1199.849364709305,1199.849364709305,1199.849364709305,1199.849364709305,1199.849364709305,1199.849364709305,1199.849364709305,1199.849364709305,1199.849364709305,1199.849364709305,1199.849364709305,1199.849364709305,1199.849364709305,1199.849364709305,1199.2887736195419,1199.2887736195419,1199.2887736195419,1199.2887736195419,1199.2887736195419,1199.2887736195419,1199.2887736195419,1199.2887736195419,1199.2887736195419,1199.2887736195419,1199.2887736195419,1199.2887736195419,1199.2887736195419,1199.2887736195419,1199.2887736195419,1199.2887736195419,1199.2887736195419,1199.2887736195419,1199.2887736195419,1197.0450026808983,1197.0450026808983,1197.0450026808983,1197.0450026808983,1197.0450026808983,1197.0450026808983,1197.0450026808983,1197.0450026808983,1197.0450026808983,1197.0450026808983,1197.0450026808983,1197.0450026808983,1197.0450026808983,1197.0450026808983,1197.0450026808983,1197.0450026808983,1197.0450026808983,1197.0450026808983,1197.0450026808983,1197.0450026808983,1197.0450026808983,1196.9925144835386,1196.9925144835386,1196.9925144835386,1196.9925144835386,1196.9925144835386,1196.9925144835386,1195.4754011856976,1195.4754011856976,1195.4754011856976,1195.4754011856976,1195.4754011856976,1195.4754011856976,1195.4754011856976,1195.4754011856976,1195.4754011856976,1195.4754011856976,1195.4754011856976,1195.4754011856976,1195.4754011856976,1195.4754011856976,1195.4754011856976,1195.4754011856976,1194.4691899121751,1194.4691899121751,1194.4691899121751,1194.4691899121751,1194.4691899121751,1194.4691899121751,1194.4691899121751,1194.4691899121751,1194.4691899121751,1194.4691899121751,1194.4691899121751,1194.4691899121751,1194.4691899121751,1194.4691899121751,1194.4691899121751,1194.4691899121751,1194.4691899121751,1194.4691899121751,1194.4691899121751,1194.4691899121751,1194.4691899121751,1194.4691899121751,1194.4691899121751,1194.4691899121751,1194.4691899121751,1194.4691899121751,1194.4691899121751,1194.4691899121751,1194.4691899121751,1194.4691899121751,1194.4167017148154,1194.4167017148154,1194.4167017148154,1194.4167017148154,1194.4167017148154,1194.4167017148154,1194.4167017148154,1194.4167017148154,1194.4167017148154,1189.4666338981183,1189.4666338981183,1189.4666338981183,1189.4666338981183,1189.4666338981183,1189.4666338981183,1189.4666338981183,1189.4666338981183,1189.4666338981183,1189.4666338981183,1189.4666338981183,1189.4666338981183,1189.4666338981183,1189.4666338981183,1189.4666338981183,1189.4666338981183,1188.671085201655,1188.671085201655,1188.671085201655,1188.671085201655,1188.671085201655,1188.671085201655,1188.671085201655,1188.671085201655,1188.671085201655,1188.671085201655,1188.671085201655,1188.671085201655,1188.671085201655,1188.671085201655,1188.671085201655,1188.671085201655,1188.671085201655,1188.671085201655,1188.671085201655,1188.671085201655,1188.671085201655,1188.671085201655,1188.671085201655,1188.671085201655,1188.671085201655,1188.671085201655,1188.671085201655,1188.671085201655,1188.671085201655,1188.671085201655,1188.671085201655,1188.671085201655,1188.671085201655,1188.671085201655,1187.0258975699862,1187.0258975699862,1187.0258975699862,1187.0258975699862,1187.0258975699862,1187.0258975699862,1187.0258975699862,1187.0258975699862,1187.0258975699862,1187.0258975699862,1187.0258975699862,1187.0258975699862,1187.0258975699862,1187.0258975699862,1187.0258975699862,1186.9734093726263,1186.9734093726263,1186.9734093726263,1186.9734093726263,1186.9734093726263,1186.9734093726263,1186.1194104658787,1186.1194104658787,1186.1194104658787,1186.1194104658787,1186.1194104658787,1186.1194104658787,1186.1194104658787,1186.1194104658787,1186.1194104658787,1186.1194104658787,1186.1194104658787,1186.1194104658787,1186.1194104658787,1186.1194104658787,1186.1194104658787,1186.1194104658787,1186.1194104658787,1184.786722722454,1184.786722722454,1184.786722722454,1184.786722722454,1184.786722722454,1184.786722722454,1184.786722722454,1184.786722722454,1184.786722722454,1184.786722722454,1184.786722722454,1184.786722722454,1184.786722722454,1184.786722722454,1184.786722722454,1184.786722722454,1184.786722722454,1184.786722722454,1184.786722722454,1184.786722722454,1184.786722722454,1184.786722722454,1184.786722722454,1184.786722722454,1184.786722722454,1184.786722722454,1184.786722722454,1184.786722722454,1184.786722722454,1184.786722722454,1184.786722722454,1184.786722722454,1184.786722722454,1184.786722722454,1184.786722722454,1184.786722722454,1184.786722722454,1184.786722722454,1184.786722722454,1184.786722722454,1184.786722722454,1184.786722722454,1179.7742389274717,1179.7742389274717,1179.7742389274717,1179.7742389274717,1179.7742389274717,1179.7742389274717,1179.7742389274717,1179.7742389274717,1179.7742389274717,1179.7742389274717,1179.7742389274717,1179.7742389274717,1179.7742389274717,1179.7742389274717,1179.7742389274717,1179.7742389274717,1179.7742389274717,1179.7742389274717,1176.4874689337282,1176.4874689337282,1176.4874689337282,1176.4874689337282,1176.4874689337282,1176.2489666215815,1176.2489666215815,1176.2489666215815,1176.2489666215815,1176.2489666215815,1176.2489666215815,1176.2489666215815,1176.2489666215815,1176.2489666215815,1176.2489666215815,1176.2489666215815,