{"Optimal":1071,"front":[{"trucks":[[86,62,17,92,101,38,99],[97,60,93,98,88,3,58,16,44],[29,77,78,4,80,79,35,10],[82,36,72,66,67,52],[41,22,74,73,75,23,42,76,57],[90,61,84,46,9,47,37,50,65,12],[51,34,2,71,31,21,33,91,64],[5,56,26,40,68,24],[43,15,45,39,87,18,85,7],[95,96,100,94,6],[13,81,69,30,25,55,27],[83,49,48,20,8,53],[28,70,32,11,63,89,19],[54,59,14]],"fuel":1644.6860086691725,"distance":1171.6350949806601},{"distance":1172.0170731594915,"fuel":1639.9408613619235,"trucks":[[86,62,17,92,101,38,99],[97,60,93,98,88,3,58,16,44],[29,77,78,4,80,79,35,10],[82,36,72,66,67,2],[41,22,74,73,75,23,42,76,57],[90,61,84,46,9,47,37,50,65,12],[51,34,52,71,31,21,33,91,64],[5,56,26,40,68,24],[43,15,45,39,87,18,85,7],[95,96,100,94,6],[27,13,81,69,30,25,55],[83,49,48,20,8,53],[28,70,32,11,63,89,19],[54,59,14]]},{"distance":1172.2716064907797,"trucks":[[86,62,17,92,101,38,99],[97,60,93,98,88,3,58,16,44],[29,77,78,4,80,79,35,36],[82,10,72,66,67,2],[41,22,74,73,75,23,42,76,57],[90,61,84,46,9,47,37,50,65,12],[51,34,52,21,31,71,33,91,64],[5,56,26,40,68,24],[43,15,45,39,87,18,85,7],[95,96,100,94,6],[27,13,81,69,30,25,55],[83,49,48,20,8,53],[28,70,32,11,63,89,19],[54,59,14]],"fuel":1632.8740116190488}],"benchmark":"E-n101-k14"}