{"benchmark":"E-n101-k14","front":[{"fuel":1626.3754315547185,"distance":1141.8811141688263,"trucks":[[31,21,67,66,72,36,35],[95,96,98,93,60,100,97],[8,49,48,37,50,65],[78,4,80,79,30,25,81,69],[41,22,74,73,75,23,42,76,57],[94,86,99,38,101,92,62],[53,19,84,61,6,85,18,46,47,9,83],[89,63,20,12,64,91,33,11],[70,2,34,82,10,52,71,32],[7,17,87,39,45,15],[5,56,26,40,68,24],[28,29,51,77,13,55,27],[14,88,43,44,16,58,3,59],[54,90]]}],"Optimal":1071}