{"optimalDistance":669,"distanceSequence":[768.3410282932987,768.3410282932987,768.3410282932987,768.3410282932987,768.3410282932987,768.3410282932987,768.3410282932987,768.3410282932987,768.3410282932987,768.3410282932987,768.3410282932987,768.3410282932987,768.3410282932987,768.3410282932987,768.3410282932987,768.3410282932987,768.3410282932987,768.3410282932987,768.3410282932987,768.3410282932987,768.3410282932987,768.3410282932987,768.3410282932987,768.3410282932987,768.3410282932987,768.3410282932987,768.3410282932987,768.3410282932987,768.3410282932987,768.3410282932987,768.3410282932987,768.3410282932987,768.3410282932987,768.3410282932987,768.3410282932987,768.3410282932987,768.3410282932987,768.3410282932987,768.3410282932987,768.3410282932987,768.3410282932987,768.3410282932987,768.3410282932987,768.3410282932987,768.3410282932987,768.3410282932987,768.3410282932987,768.3410282932987,768.3410282932987,768.3410282932987,768.3410282932987,768.3410282932987,768.3410282932987,768.3410282932987,768.3410282932987,768.3410282932987,768.3410282932987,768.3410282932987,768.3410282932987,768.3410282932987,768.3410282932987,768.3410282932987,768.3410282932987,768.3410282932987,768.3410282932987,768.3410282932987,768.3410282932987,768.3410282932987,768.3410282932987,768.3410282932987,768.3410282932987,768.3410282932987,768.3410282932987,768.3410282932987,768.3410282932987,768.3410282932987,768.3410282932987,768.3410282932987,768.3410282932987,768.3410282932987,768.3410282932987,768.3410282932987,768.3410282932987,768.3410282932987,768.3410282932987,768.3410282932987,768.3410282932987,768.3410282932987,768.3410282932987,768.3410282932987,768.3410282932987,768.3410282932987,768.3410282932987,768.3410282932987,768.3410282932987,768.3410282932987,768.3410282932987,768.3410282932987,768.3410282932987,768.3410282932987,768.3410282932987,768.3410282932987,768.3410282932987,768.3410282932987,768.3410282932987,768.3410282932987,759.4974498271368,759.4974498271368,759.4974498271368,759.4974498271368,759.4974498271368,759.4974498271368,759.4974498271368,759.4974498271368,759.4974498271368,759.4974498271368,759.4974498271368,759.4974498271368,759.4974498271368,759.4974498271368,759.4974498271368,759.4974498271368,759.4974498271368,759.4974498271368,759.4974498271368,759.4974498271368,759.4974498271368,759.4974498271368,759.4974498271368,759.4974498271368,759.4974498271368,759.4974498271368,759.4974498271368,759.4974498271368,759.4974498271368,759.4974498271368,759.4974498271368,759.4974498271368,759.4974498271368,759.4974498271368,759.4974498271368,759.4974498271368,759.4974498271368,759.4974498271368,759.4974498271368,759.4974498271368,759.4974498271368,759.4974498271368,759.4974498271368,759.4974498271368,759.4974498271368,759.4974498271368,759.4974498271368,759.4974498271368,759.4974498271368,759.4974498271368,759.4974498271368,759.4974498271368,759.4974498271368,759.4974498271368,759.4974498271368,740.0247027274618,740.0247027274618,740.0247027274618,740.0247027274618,740.0247027274618,740.0247027274618,740.0247027274618,740.0247027274618,740.0247027274618,740.0247027274618,740.0247027274618,740.0247027274618,740.0247027274618,740.0247027274618,740.0247027274618,740.0247027274618,740.0247027274618,740.0247027274618,740.0247027274618,740.0247027274618,740.0247027274618,740.0247027274618,740.0247027274618,740.0247027274618,740.0247027274618,740.0247027274618,740.0247027274618,740.0247027274618,740.0247027274618,740.0247027274618,740.0247027274618,730.3782192632546,730.3782192632546,730.3782192632546,730.3782192632546,730.3782192632546,730.3782192632546,730.3782192632546,730.3782192632546,730.3782192632546,730.3782192632546,730.3782192632546,730.3782192632546,730.3782192632546,730.3782192632546,730.3782192632546,730.3782192632546,730.3782192632546,730.3782192632546,730.3782192632546,730.3782192632546,730.3782192632546,730.3782192632546,730.3782192632546,730.3782192632546,730.3782192632546,730.3782192632546,730.3782192632546,730.3782192632546,730.3782192632546,730.3782192632546,730.3782192632546,730.3782192632546,730.3782192632546,730.3782192632546,730.3782192632546,730.3782192632546,730.3782192632546,730.3782192632546,730.3782192632546,730.3782192632546,730.3782192632546,730.3782192632546,730.3782192632546,730.3782192632546,730.3782192632546,730.3782192632546,730.3782192632546,730.3782192632546,730.3782192632546,730.3782192632546,730.3782192632546,730.3782192632546,730.3782192632546,730.3782192632546,730.3782192632546,730.3782192632546,730.3782192632546,730.3782192632546,730.3782192632546,730.3782192632546,730.3782192632546,730.3782192632546,730.3782192632546,730.3782192632546,730.3782192632546,730.3782192632546,730.3782192632546,730.3782192632546,730.3782192632546,730.3782192632546,730.3782192632546,730.3782192632546,730.3782192632546,730.3782192632546,730.3782192632546,730.3782192632546,730.3782192632546,730.3782192632546,730.3782192632546,730.3782192632546,730.3782192632546,730.3782192632546,730.3782192632546,730.3782192632546,730.3782192632546,730.3782192632546,730.3782192632546,730.3782192632546,730.3782192632546,730.3782192632546,730.3782192632546,730.3782192632546,730.3782192632546,730.3782192632546,730.3782192632546,730.3782192632546,730.3782192632546,730.3782192632546,730.3782192632546,730.3782192632546,730.3782192632546,730.3782192632546,730.3782192632546,730.3782192632546,730.3782192632546,730.3782192632546,730.3782192632546,718.3649095786855,718.3649095786855,718.3649095786855,718.3649095786855,718.3649095786855,718.3649095786855,718.3649095786855,718.3649095786855,718.3649095786855,718.3649095786855,718.3649095786855,718.3649095786855,718.3649095786855,718.3649095786855,718.3649095786855,718.3649095786855,718.3649095786855,718.3649095786855,718.3649095786855,718.3649095786855,718.3649095786855,718.3649095786855,718.3649095786855,718.3649095786855,718.3649095786855,718.3649095786855,718.3649095786855,718.3649095786855,718.3649095786855,718.3649095786855,718.3649095786855,718.3649095786855,718.3649095786855,718.3649095786855,718.3649095786855,718.3649095786855,718.3649095786855,718.3649095786855,718.3649095786855,718.3649095786855,718.3649095786855,718.3649095786855,718.3649095786855,718.3649095786855,718.3649095786855,718.3649095786855,718.3649095786855,718.3649095786855,718.3649095786855,718.3649095786855,718.3649095786855,718.3649095786855,718.3649095786855,718.3649095786855,718.3649095786855,718.3649095786855,718.3649095786855,718.3649095786855,718.3649095786855,718.3649095786855,718.3649095786855,718.3649095786855,718.3649095786855,718.3649095786855,718.3649095786855,718.3649095786855,718.3649095786855,718.3649095786855,718.3649095786855,718.3649095786855,718.3649095786855,718.3649095786855,718.3649095786855,718.3649095786855,718.3649095786855,711.9169711322781,711.9169711322781,711.9169711322781,711.9169711322781,711.9169711322781,711.9169711322781,711.9169711322781,711.9169711322781,711.9169711322781,711.9169711322781,711.9169711322781,711.9169711322781,711.9169711322781,711.9169711322781,711.9169711322781,711.9169711322781,711.9169711322781,711.9169711322781,711.9169711322781,711.9169711322781,711.9169711322781,711.9169711322781,711.9169711322781,711.9169711322781,711.9169711322781,711.9169711322781,711.9169711322781,711.9169711322781,711.9169711322781,711.9169711322781,711.9169711322781,711.9169711322781,711.9169711322781,711.9169711322781,711.9169711322781,711.9169711322781,711.9169711322781,711.9169711322781,711.9169711322781,711.9169711322781,711.9169711322781,711.9169711322781,711.9169711322781,711.9169711322781,711.9169711322781,711.9169711322781,711.9169711322781,711.9169711322781,711.9169711322781,711.9169711322781,711.9169711322781,711.9169711322781,711.9169711322781,711.9169711322781,711.9169711322781,711.9169711322781,711.9169711322781,711.9169711322781,711.9169711322781,711.9169711322781,711.9169711322781,711.9169711322781,711.9169711322781,711.9169711322781,711.9169711322781,711.9169711322781,711.9169711322781,711.9169711322781,