{"benchmark":"A-n37-k5","Optimal":669,"front":[{"fuel":993.8878804309891,"trucks":[[2,13,12,28,9,10,25,4],[17,7,11,3,20,21,24,15,18],[35,30,33,29,32,27,19,36,26,31],[22,23,14,6,34,5,8],[16,37]],"distance":707.6270972917866},{"fuel":991.0653723711266,"distance":725.9336205213388,"trucks":[[2,13,25,9,28,12,10,4],[17,23,14,6,34,5,8,16],[35,30,33,29,32,27,19,36,26,31],[18,15,24,21,20,3,11,7],[22,37]]}]}