{"Optimal":669,"benchmark":"A-n37-k5","front":[{"distance":711.9169711322781,"fuel":986.5276059913742,"trucks":[[2,13,9,28,12,10,25,4],[18,15,24,21,20,3,11,7,6,34],[35,30,33,29,32,27,19,36,26,31],[16,22,17,23,14,5,8],[37]]}]}