{"benchmark":"A-n80-k10","optimalDistance":1763,"distanceSequence":[2047.9392598060642,2047.9392598060642,2047.9392598060642,2047.9392598060642,2047.9392598060642,2047.9392598060642,2036.509235357596,2036.509235357596,2036.509235357596,2035.0367984778236,2035.0367984778236,2035.0367984778236,2035.0367984778236,2035.0367984778236,2035.0367984778236,2035.0367984778236,2035.0367984778236,2035.0367984778236,2033.1305612700198,2032.297207485331,2032.297207485331,2028.9185333977543,2028.9185333977543,2028.9185333977543,2028.9185333977543,2028.9185333977543,2028.9185333977543,2012.293723077878,2008.4962723739422,2008.4962723739422,2008.4962723739422,2008.4962723739422,2008.4962723739422,2008.4962723739422,2008.4962723739422,2008.4962723739422,2005.342590637384,2005.342590637384,2001.5082668675814,2001.5082668675814,2001.5082668675814,2001.5082668675814,1995.4280277495363,1995.4280277495363,1995.4280277495363,1995.4280277495363,1995.4280277495363,1995.4280277495363,1995.4280277495363,1995.4280277495363,1992.2743460129782,1992.2743460129782,1988.4400222431755,1985.5924741680415,1985.5924741680415,1985.5924741680415,1985.5924741680415,1984.3585205912896,1982.8687050075207,1982.8687050075207,1979.034381237718,1979.034381237718,1979.034381237718,1979.034381237718,1979.034381237718,1979.034381237718,1979.034381237718,1979.034381237718,1979.034381237718,1978.400318665562,1978.400318665562,1965.471384112239,1965.471384112239,1965.471384112239,1965.471384112239,1965.471384112239,1962.3177023756805,1962.3177023756805,1962.3177023756805,1962.3177023756805,1962.3177023756805,1958.4921905202525,1958.4921905202525,1958.4921905202525,1958.4921905202525,1956.1559658829776,1956.1559658829776,1956.1559658829776,1956.1559658829776,1956.1559658829776,1956.1559658829776,1956.1559658829776,1953.0022841464195,1953.0022841464195,1953.0022841464195,1953.0022841464195,1953.0022841464195,1953.0022841464195,1953.0022841464195,1953.0022841464195,1953.0022841464195,1946.8689336351283,1946.8689336351283,1946.8689336351283,1946.8689336351283,1946.8689336351283,1946.8689336351283,1946.8689336351283,1946.8689336351283,1946.8689336351283,1946.8689336351283,1946.8689336351283,1946.8689336351283,1946.8689336351283,1946.8689336351283,1945.8617619892636,1945.8617619892636,1945.8617619892636,1945.8617619892636,1945.8617619892636,1945.8617619892636,1945.8617619892636,1945.8617619892636,1945.8617619892636,1942.787431983242,1942.787431983242,1942.787431983242,1942.787431983242,1942.787431983242,1942.787431983242,1942.787431983242,1942.787431983242,1942.787431983242,1942.787431983242,1942.787431983242,1942.787431983242,1942.787431983242,1936.0447268275273,1936.0447268275273,1936.0447268275273,1935.837943562404,1935.837943562404,1935.837943562404,1935.837943562404,1935.837943562404,1935.837943562404,1935.837943562404,1935.266548171963,1935.266548171963,1935.266548171963,1935.266548171963,1935.266548171963,1935.266548171963,1932.9286361470606,1932.9286361470606,1932.9286361470606,1932.9286361470606,1932.9286361470606,1932.9286361470606,1930.9406500931243,1930.9406500931243,1930.9406500931243,1930.9406500931243,1930.9406500931243,1930.9406500931243,1930.16247143756,1930.16247143756,1930.16247143756,1930.16247143756,1930.16247143756,1930.16247143756,1929.9334784472596,1929.9334784472596,1929.9334784472596,1929.9334784472596,1929.9334784472596,1929.9334784472596,1929.9334784472596,1929.9334784472596,1929.9334784472596,1929.9334784472596,1929.9334784472596,1929.9334784472596,1929.9334784472596,1929.9334784472596,1929.8113687768086,1929.8113687768086,1929.8113687768086,1929.2994158751035,1929.2994158751035,1929.2994158751035,1929.2994158751035,1929.2994158751035,1929.2994158751035,1929.2994158751035,1929.2994158751035,1929.2994158751035,1929.2994158751035,1929.2994158751035,1929.2994158751035,1929.2994158751035,1929.2994158751035,1929.2994158751035,1929.2994158751035,1929.2994158751035,1929.2994158751035,1929.2994158751035,1929.2994158751035,1929.2994158751035,1928.4529805574239,1928.0471646136657,1928.0471646136657,1928.0471646136657,1927.200729295986,1927.200729295986,1927.200729295986,1927.200729295986,1927.200729295986,1927.200729295986,1927.200729295986,1927.200729295986,1927.200729295986,1927.200729295986,1927.200729295986,1927.200729295986,1927.200729295986,1927.200729295986,1927.200729295986,1927.200729295986,1926.0556260437857,1926.0556260437857,1926.0556260437857,1926.0556260437857,1926.0556260437857,1926.0556260437857,1926.0556260437857,1926.0556260437857,1926.0556260437857,1926.0556260437857,1926.0556260437857,1926.0556260437857,1926.0556260437857,1926.0556260437857,1926.0556260437857,1926.0556260437857,1926.0556260437857,1926.0556260437857,1926.0556260437857,1926.0556260437857,1926.0556260437857,1926.0556260437857,1926.0556260437857,1926.0556260437857,1926.0556260437857,1926.0556260437857,1926.0556260437857,1926.0556260437857,1926.0556260437857,1922.194882374094,1922.194882374094,1922.194882374094,1922.194882374094,1922.194882374094,1922.194882374094,1922.194882374094,1922.194882374094,1922.194882374094,1922.194882374094,1922.194882374094,1922.194882374094,1922.194882374094,1922.194882374094,1922.194882374094,1922.194882374094,1922.194882374094,1922.194882374094,1922.194882374094,1922.194882374094,1922.194882374094,1922.194882374094,1922.194882374094,1922.194882374094,1922.194882374094,1922.194882374094,1922.194882374094,1922.194882374094,1922.194882374094,1922.194882374094,1922.194882374094,1922.194882374094,1922.194882374094,1922.194882374094,1922.194882374094,1922.194882374094,1922.194882374094,1922.194882374094,1922.194882374094,1922.194882374094,1922.194882374094,1922.194882374094,1922.194882374094,1922.194882374094,1922.194882374094,1922.194882374094,1922.194882374094,1922.194882374094,1922.194882374094,1922.194882374094,1922.194882374094,1922.194882374094,1922.194882374094,1922.194882374094,1922.194882374094,1922.194882374094,1922.194882374094,1922.194882374094,1922.194882374094,1922.194882374094,1922.194882374094,1922.194882374094,1922.194882374094,1922.194882374094,1922.194882374094,1922.194882374094,1922.194882374094,1922.194882374094,1922.194882374094,1922.194882374094,1922.194882374094,1922.194882374094,1918.0265050201963,1918.0265050201963,1918.0265050201963,1918.0265050201963,1918.0265050201963,1918.0265050201963,1918.0265050201963,1918.0265050201963,1918.0265050201963,1918.0265050201963,1918.0265050201963,1918.0265050201963,1918.0265050201963,1918.0265050201963,1918.0265050201963,1918.0265050201963,1918.0265050201963,1918.0265050201963,1918.0265050201963,1918.0265050201963,1918.0265050201963,1918.0265050201963,1918.0265050201963,1918.0265050201963,1918.0265050201963,1918.0265050201963,1918.0265050201963,1918.0265050201963,1918.0265050201963,1918.0265050201963,1918.0265050201963,1918.0265050201963,1918.0265050201963,1918.0265050201963,1917.9135837471115,1917.9135837471115,1917.9135837471115,1917.9135837471115,1917.9135837471115,1917.9135837471115,1917.9135837471115,1917.9135837471115,1917.9135837471115,1917.9135837471115,1917.9135837471115,1917.9135837471115,1917.9135837471115,1917.9135837471115,1917.9135837471115,1917.9135837471115,1917.9135837471115,1917.9135837471115,1917.9135837471115,1917.9135837471115,1917.9135837471115,1917.9135837471115,1917.9135837471115,1917.9135837471115,1917.9135837471115,1917.9135837471115,1917.9135837471115,1917.9135837471115,1917.9135837471115,1917.9135837471115,1917.9135837471115,1917.9135837471115,1917.9135837471115,1917.9135837471115,1917.9135837471115,1917.9135837471115,1917.9135837471115,1917.9135837471115,1917.9135837471115,1917.9135837471115,1917.9135837471115,1917.9135837471115,1917.9135837471115,1917.9135837471115,1917.9135837471115,1908.5408807189317,1908.5408807189317,1908.5408807189317,1908.5408807189317,1908.5408807189317,1908.5408807189317,1908.5408807189317,1908.5408807189317,1908.5408807189317,1908.5408807189317,1908.5408807189317,1908.5408807189317,1908.5408807189317,1908.5408807189317,1908.5408807189317,1908.5408807189317,