{"optimalDistance":1153,"benchmark":"B-n57-k7","distanceSequence":[1263.299303460738,1263.299303460738,1263.299303460738,1263.299303460738,1263.299303460738,1263.299303460738,1263.299303460738,1248.2452903339895,1248.2452903339895,1248.2452903339895,1231.4981742276464,1231.4981742276464,1231.4981742276464,1231.4981742276464,1231.4981742276464,1231.4981742276464,1231.3662874577572,1231.3662874577572,1231.3662874577572,1228.318561789301,1214.556534143089,1214.556534143089,1214.556534143089,1214.556534143089,1214.556534143089,1214.556534143089,1214.556534143089,1214.556534143089,1214.556534143089,1214.556534143089,1214.556534143089,1214.556534143089,1213.742556835833,1213.742556835833,1213.742556835833,1213.742556835833,1213.742556835833,1213.742556835833,1213.742556835833,1213.742556835833,1213.1413285948693,1213.1413285948693,1213.1413285948693,1213.1413285948693,1213.1413285948693,1213.1413285948693,1213.1413285948693,1213.1413285948693,1213.1413285948693,1213.1413285948693,1213.1413285948693,1211.6728396250164,1211.6728396250164,1211.6728396250164,1211.6728396250164,1209.1413285948693,1209.1413285948693,1209.1413285948693,1209.1413285948693,1209.1413285948693,1209.1413285948693,1209.1413285948693,1209.1413285948693,1209.1413285948693,1209.1413285948693,1209.1413285948693,1207.484474345377,1207.484474345377,1207.484474345377,1207.484474345377,1207.484474345377,1205.2385245155037,1205.2385245155037,1205.2385245155037,1205.2385245155037,1205.2385245155037,1205.2385245155037,1205.2385245155037,1205.2385245155037,1205.2385245155037,1202.5166076569537,1202.5166076569537,1202.5166076569537,1202.5166076569537,1202.5166076569537,1202.5166076569537,1202.5166076569537,1202.5166076569537,1202.5166076569537,1202.5166076569537,1202.5166076569537,1202.5166076569537,1202.5166076569537,1202.5166076569537,1202.5166076569537,1199.4270890438693,1199.4270890438693,1199.4270890438693,1199.4270890438693,1199.4270890438693,1199.4270890438693,1199.4270890438693,1199.4270890438693,1199.4270890438693,1199.4270890438693,1199.4270890438693,1199.4270890438693,1199.4270890438693,1199.4270890438693,1199.4270890438693,1199.4270890438693,1199.4270890438693,1199.4270890438693,1199.4270890438693,1199.4270890438693,1198.0354435260667,1198.0354435260667,1198.0354435260667,1198.0354435260667,1198.0354435260667,1198.0354435260667,1195.598518560345,1195.598518560345,1195.598518560345,1195.598518560345,1195.598518560345,1195.598518560345,1195.598518560345,1195.598518560345,1195.598518560345,1195.598518560345,1195.598518560345,1194.9459249129825,1194.9459249129825,1194.9459249129825,1194.9459249129825,1194.9459249129825,1194.9459249129825,1194.9459249129825,1194.9459249129825,1194.9459249129825,1194.9459249129825,1194.9459249129825,1194.9459249129825,1191.5093276962195,1191.5093276962195,1191.5093276962195,1189.5106611535996,1189.5106611535996,1189.5106611535996,1189.5106611535996,1189.5106611535996,1189.5106611535996,1189.5106611535996,1189.5106611535996,1189.5106611535996,1189.5106611535996,1189.5106611535996,1189.5106611535996,1189.5106611535996,1189.5106611535996,1189.5106611535996,1189.5106611535996,1187.5093276962195,1187.5093276962195,1187.5093276962195,1187.5093276962195,1187.5093276962195,1187.5093276962195,1187.5093276962195,1187.5093276962195,1187.5093276962195,1187.5093276962195,1187.5093276962195,1187.5093276962195,1187.5093276962195,1187.5093276962195,1187.5093276962195,1187.5093276962195,1187.5093276962195,1187.5093276962195,1187.5093276962195,1187.5093276962195,1187.5093276962195,1187.5093276962195,1187.5093276962195,1187.5093276962195,1187.5093276962195,1187.5093276962195,1187.5093276962195,1187.5093276962195,1187.5093276962195,1187.5093276962195,1187.5093276962195,1187.5093276962195,1187.5093276962195,1187.5093276962195,1187.5093276962195,1187.5093276962195,1187.5093276962195,1187.5093276962195,1187.5093276962195,1187.5093276962195,1187.5093276962195,1187.5093276962195,1187.5093276962195,1187.5093276962195,1187.5093276962195,1187.5093276962195,1187.5093276962195,1187.5093276962195,1187.5093276962195,1187.5093276962195,1187.5093276962195,1187.5093276962195,1187.5093276962195,1187.5093276962195,1187.5093276962195,1187.5093276962195,1187.5093276962195,1187.5093276962195,1187.5093276962195,1187.5093276962195,1187.5093276962195,1187.5093276962195,1187.5093276962195,1187.5093276962195,1187.5093276962195,1187.5093276962195,1187.5093276962195,1187.5093276962195,1187.5093276962195,1187.5093276962195,1187.5093276962195,1187.5093276962195,1187.5093276962195,1187.5093276962195,1187.5093276962195,1187.5093276962195,1187.5093276962195,1187.5093276962195,1187.3179906163648,1187.3179906163648,1187.3179906163648,1187.3179906163648,1187.3179906163648,1187.3179906163648,1187.3179906163648,1187.3179906163648,1187.3179906163648,1187.3179906163648,1187.3179906163648,1187.3179906163646,1187.3179906163646,1187.3179906163646,1187.3179906163646,1187.3179906163646,1187.3179906163646,1187.3179906163646,1187.3179906163646,1187.3179906163646,1187.3179906163646,1187.3179906163646,1187.3179906163646,1187.231539882123,1187.231539882123,1187.231539882123,1187.231539882123,1187.231539882123,1187.231539882123,1187.231539882123,1187.231539882123,1187.231539882123,1186.9715772471377,1186.9715772471377,1186.9715772471377,1186.9715772471377,1186.9715772471377,1186.9715772471377,1186.9715772471377,1186.9715772471377,1186.9715772471377,1186.9715772471377,1186.9715772471377,1186.9715772471377,1186.9715772471377,1186.9715772471377,1186.9715772471377,1186.9715772471377,1186.9715772471377,1186.9715772471377,1186.9715772471377,1186.9715772471377,1186.9715772471377,1186.9715772471377,1186.9715772471377,1186.9715772471377,1186.9715772471377,1186.9715772471377,1186.9715772471377,1186.9715772471377,1186.9715772471377,1186.9715772471377,1186.9715772471377,1186.9715772471377,1186.9715772471377,1186.9715772471377,1186.9715772471377,1186.9715772471377,1186.9715772471377,1186.9715772471377,1186.9715772471377,1186.9715772471377,1186.9715772471377,1186.9715772471377,1186.9715772471377,1186.9715772471377,1186.9715772471377,1186.9715772471377,1186.9715772471377,1186.9715772471377,1186.9715772471377,1186.9715772471377,1186.9715772471377,1186.9715772471377,1186.9715772471377,1186.9715772471377,1186.9715772471377,1186.9715772471377,1186.9715772471377,1186.9715772471377,1186.9715772471377,1186.9715772471377,1186.9715772471377,1186.9715772471377,1186.9715772471377,1186.9715772471377,1186.9715772471377,1186.9715772471377,1186.9715772471377,1186.9715772471377,1186.9715772471377,1186.9715772471377,1186.9715772471377,1186.9715772471377,1186.9715772471377,1186.9715772471377,1186.9715772471377,1186.9715772471377,1186.9715772471377,1186.9715772471377,1186.9715772471377,1186.9715772471377,1186.9715772471377,1186.9715772471377,1186.9715772471377,1186.9715772471377,1186.9715772471377,1186.9715772471377,1186.9715772471377,1186.9715772471377,1186.9715772471377,1186.9715772471377,1186.9715772471377,1186.9715772471377,1186.9715772471377,1186.9715772471377,1186.9715772471377,1186.9715772471377,1186.9715772471377,1186.9715772471377,1186.9715772471377,1186.9715772471377,1186.9715772471377,1186.9715772471377,1186.9715772471377,1186.9715772471377,1186.9715772471377,1186.9715772471377,1186.9715772471377,1186.9715772471377,1186.9715772471377,1186.9715772471377,1186.9715772471377,1186.9715772471377,1186.9715772471377,1186.9715772471377,1186.9715772471377,1186.9715772471377,1186.9715772471377,1186.9715772471377,1186.9715772471377,1186.9715772471377,1186.9715772471377,1186.9715772471377,1186.9715772471377,1186.9715772471377,1186.9715772471377,1186.9715772471377,1186.9715772471377,1186.9715772471377,1186.9715772471377,1186.9715772471377,1186.9715772471377,1186.9715772471377,1186.9715772471377,1186.9715772471377,1186.9715772471377,1186.9715772471377,1186.9715772471377,1186.9715772471377,1186.9715772471377,1186.9715772471377,1186.9715772471377,1186.9715772471377,1186.9715772471377,1186.9715772471377,1186.9715772471377,1186.9715772471377,1186.9715772471377,