{"front":[{"trucks":[[28,14,34,25,49,50,45,11,22],[53,51,3,31,23,43,15,40,2],[17,27,42,20,18,35,52,10],[5,30,41,36,55,47,24,6],[57,19,37,39,54,13,9,29,26],[46,16,12,32,7,4],[56,38,8,21,44,48,33]],"distance":1186.9715772471377,"fuel":1724.1463383688274},{"distance":1187.5093276962195,"trucks":[[28,14,34,25,49,50,45,11,22],[53,51,31,3,23,43,15,40,2],[56,38,8,44,33,48,21],[17,27,42,20,18,35,52,10],[36,55,41,30,5,47,24,6],[57,19,37,39,54,13,9,29,26],[46,16,12,32,7,4]],"fuel":1718.072213523178}],"benchmark":"B-n57-k7","Optimal":1153}