{"front":[{"fuel":1711.121263032314,"distance":1181.4179536357026,"trucks":[[3,31,51,53,40,15,43,23,2],[28,14,34,25,49,50,45,22,11],[37,39,13,54,26,29,9,10,52,17],[56,38,8,33,48,21,44],[41,55,36,30,5,24,47,6],[19,27,20,42,18,35,57],[46,16,12,32,7,4]]},{"trucks":[[3,31,51,53,40,15,43,23,2],[28,14,34,25,49,50,45,22,11],[37,39,13,54,26,29,9,10,52,17],[56,38,8,33,48,21,44],[41,55,36,30,5,24,47,6],[57,19,27,20,42,18,35],[46,16,12,32,7,4]],"distance":1182.1878605315176,"fuel":1710.3664816721166},{"trucks":[[46,32,7,12,16,4],[28,14,34,25,49,50,45,22,11],[37,39,13,54,26,29,9,10,52,17],[56,38,8,33,48,21,44],[41,55,36,30,5,24,47,6],[3,31,51,53,40,15,43,23,2],[57,42,18,35,20,27,19]],"fuel":1710.2776638192574,"distance":1185.508918466302}],"benchmark":"B-n57-k7","Optimal":1153}