{"front":[{"fuel":1210.6561187614006,"trucks":[[9,36,54,15,60,67,12],[66,39,11,32,56,26,51,19,25,50],[53,28,46,30,6,38,48,49,31,69],[20,55,14,58,16,21,71,61,72,37,70,22,62],[76,29,63,23,65,43,42,44,2,74],[7,34,64,24,57,17,52,18],[13,41,59,73,40,10,33,4,45],[27,8,68,5,3,75,35,47]],"distance":834.9910278683518},{"fuel":1206.404682278371,"trucks":[[45,4,33,51,19,56,26,10,40,73,59],[74,2,44,42,43,65,23,63,29,62,70],[7,34,64,24,57,50,25,17,52,18],[46,30,6,38,21,71,61,72,37,48,22],[36,66,67,60,15,20,55,14,16,58],[8,54,12,39,11,32,13,69],[9,47,35,53,28,49,75,31,3],[68,27,41,76,5]],"distance":838.260094930056}],"Optimal":735,"benchmark":"E-n76-k8"}