{"front":[{"trucks":[[74,2,44,42,43,65,23,63,29,62,70],[36,54,15,60,67,66,39,59],[7,34,64,24,57,50,25,19,51,26,56],[75,22,48,37,72,61,71,21,38,6,16,58],[10,40,73,11,32,12,20,55,14],[13,41,33,45,4,17,52,18,27],[5,46,30,49,31,3,69,76,28],[68,8,53,35,47,9]],"distance":843.0548018768521,"fuel":1192.88058999571},{"trucks":[[74,2,44,42,43,65,23,63,29,62,70],[36,54,15,60,67,66,39,59],[7,34,64,24,57,50,25,19,51,26,56],[75,22,48,37,72,61,71,21,38,6,16,58],[10,40,73,11,32,12,20,55,14],[13,41,33,45,4,17,52,18,27],[5,46,30,49,31,3,69,76,28],[68,35,53,8,47,9]],"distance":844.8321753227287,"fuel":1192.646809483483}],"benchmark":"E-n76-k8","Optimal":735}