{"benchmark":"E-n76-k8","front":[{"trucks":[[58,16,21,38,6,48,22,70,37,72,61,71],[4,45,33,51,19,56,26,10,40,73,59],[75,29,62,23,63,74,2,44,42,43,65],[53,35,47,60,15,20,55,14,28],[3,7,52,17,25,50,57,24,64,34],[54,12,67,66,39,11,32],[46,30,49,31,69,76,5,9,36,8],[68,18,41,13,27]],"distance":852.3142987843817,"fuel":1228.6246218791414},{"trucks":[[63,74,2,44,42,43,65,23,62,22,72],[53,28,14,55,20,15,60,67],[34,64,24,57,50,25,19,51,26,56,40],[46,30,58,16,6,48,37,70,61,71,21,38],[8,9,36,54,12,66,39,11,59],[17,4,45,33,10,73,32,13,41],[18,52,7,69,3,31,49,75,29],[5,35,47,68,27,76]],"distance":858.6980656548318,"fuel":1215.9273705796961}],"Optimal":735}