{"front":[{"fuel":1031.213438486634,"trucks":[[9,23,29,33,13,24,38,20,28,40],[8,34,41,42,32,22,19],[6,2,31,43,26],[7,35,16,4,10,39],[44,30,14,27,21,45,36],[5,17,12,11,37,3,25,15,18]],"distance":720.3053969694687},{"fuel":1028.0378660952738,"trucks":[[28,40,9,23,29,13,33,24,38,20],[8,34,41,42,32,22,19],[7,35,16,4,10,39],[44,14,30,27,21,45,36],[5,17,12,11,37,3,15,18,25],[31,2,6,43,26]],"distance":720.7313507561332}],"Optimal":678,"benchmark":"B-n45-k6"}