{"Optimal":1314,"benchmark":"A-n63-k10","front":[{"fuel":1951.5372480666892,"distance":1365.0821901884585,"trucks":[[29,58,33,35,12,48,45,63,51],[28,9,36,7,13],[41,54,15,3,10,42,2,46,50],[52,59,23,56,34],[37,39,5,27,14,21],[11,60,20,43,4,40,6,19,26],[22,62,55,61,38,17,30],[49,31,44,53],[8,24,47,25],[18,32,57,16]]},{"fuel":1949.5102044790951,"distance":1366.9132840622012,"trucks":[[63,51,29,58,33,35,12,48,45],[28,9,36,7,13],[41,54,15,3,10,42,2,46,50],[52,59,23,56,34],[37,39,5,27,14,21],[11,60,20,43,4,40,6,19,26],[22,62,55,61,38,17,30],[49,31,44,53],[8,24,47,25],[18,32,57,16]]},{"fuel":1945.80157383013,"distance":1367.276420012821,"trucks":[[29,58,33,35,12,48,45,51,63],[28,9,36,7,13],[41,54,15,3,10,42,2,46,50],[52,59,23,56,34],[21,14,27,5,39,44],[11,60,20,43,4,40,6,19,26],[22,62,55,61,38,17,30],[49,31,37,53],[8,24,47,25],[18,32,57,16]]},{"fuel":1944.176511894751,"distance":1369.5472686477758,"trucks":[[63,51,29,58,33,35,12,48,45],[28,9,36,7,13],[41,54,15,3,10,42,2,46,50],[52,59,23,56,34],[21,14,27,5,39,44],[11,60,20,43,4,40,6,19,26],[22,62,55,61,38,17,30],[49,31,37,53],[8,24,47,25],[18,32,57,16]]}]}