{"front":[{"trucks":[[11,9,4,5],[15,21,19],[10,6],[13,18,22],[8,3,2,7],[17,16],[14,12],[20]],"distance":600.8255367310456,"fuel":847.9939185697042}],"benchmark":"P-n22-k8","Optimal":603}