{"benchmark":"P-n55-k8","optimalDistance":588,"fuelSequence":[897.8266203044642,897.8266203044642,897.8266203044642,894.6979153594003,894.6979153594003,891.5034223908739,891.5034223908739,891.5034223908739,891.5034223908739,891.5034223908739,888.37471744581,888.37471744581,888.37471744581,888.37471744581,888.2361416806987,888.2361416806987,888.2361416806987,888.2361416806987,881.6436118001334,881.6436118001334,881.6436118001334,881.6436118001334,881.6436118001334,881.6436118001334,881.6436118001334,881.6436118001334,881.6436118001334,881.6436118001334,881.6436118001334,881.6436118001334,878.1584040286766,878.1584040286766,878.1584040286766,878.1584040286766,870.4899918754063,870.4899918754063,870.4899918754063,870.4899918754063,870.4899918754063,870.4899918754063,870.4899918754063,870.4899918754063,870.4899918754063,870.4899918754063,870.4899918754063,870.4899918754063,870.4899918754063,870.4899918754063,870.4899918754063,870.4899918754063,870.4899918754063,870.4899918754063,870.4899918754063,870.4899918754063,870.4899918754063,870.4899918754063,870.4899918754063,870.4899918754063,870.4899918754063,870.4899918754063,870.4899918754063,870.4899918754063,870.4899918754063,870.4899918754063,870.4899918754063,870.4899918754063,870.4899918754063,870.4899918754063,870.4899918754063,867.0047841039495,867.0047841039495,867.0047841039495,867.0047841039495,867.0047841039495,867.0047841039495,867.0047841039495,861.0745897750445,861.0745897750445,861.0745897750445,861.0745897750445,861.0745897750445,861.0745897750445,861.0745897750445,861.0745897750445,861.0745897750445,861.0745897750445,861.0745897750445,861.0745897750445,861.0745897750445,861.0745897750445,861.0745897750445,861.0745897750445,861.0745897750445,861.0745897750445,861.0745897750445,861.0745897750445,861.0745897750445,861.0745897750445,861.0745897750445,861.0745897750445,861.0745897750445,861.0745897750445,861.0745897750445,861.0745897750445,861.0745897750445,861.0745897750445,861.0745897750445,861.0745897750445,861.0745897750445,861.0745897750445,861.0745897750445,861.0745897750445,861.0745897750445,861.0745897750445,861.0745897750445,861.0745897750445,861.0745897750445,861.0745897750445,861.0745897750445,861.0745897750445,861.0745897750445,861.0745897750445,861.0745897750445,861.0745897750445,861.0745897750445,861.0745897750445,861.0745897750445,856.8764608012034,856.8764608012034,856.8764608012034,856.8764608012034,856.8764608012034,856.8764608012034,856.8764608012034,856.8764608012034,856.8764608012034,856.8764608012034,856.8764608012034,856.8764608012034,856.8764608012034,856.8764608012034,856.8764608012034,856.8764608012034,856.8764608012034,856.8764608012034,856.8764608012034,856.8764608012034,856.8764608012034,856.8764608012034,856.8764608012034,856.8764608012034,856.8764608012034,856.8764608012034,856.8764608012034,856.8764608012034,856.8764608012034,856.8764608012034,856.8764608012034,856.8764608012034,856.8764608012034,856.8764608012034,856.8764608012034,856.8764608012034,856.8764608012034,856.8764608012034,856.8764608012034,856.8764608012034,856.8764608012034,856.8764608012034,856.8764608012034,856.8764608012034,856.8764608012034,856.8764608012034,856.8764608012034,856.8764608012034,856.8764608012034,856.8764608012034,856.8764608012034,856.8764608012034,856.8764608012034,856.8764608012034,856.8764608012034,856.8764608012034,856.8764608012034,856.8764608012034,856.8764608012034,856.8764608012034,856.8764608012034,856.8764608012034,856.8764608012034,856.8764608012034,856.8764608012034,856.8764608012034,856.8764608012034,856.8764608012034,856.8764608012034,856.8764608012034,856.8764608012034,856.8764608012034,856.8764608012034,856.8764608012034,856.8764608012034,856.8764608012034,856.8764608012034,856.8764608012034,856.8764608012034,856.8764608012034,856.8764608012034,856.8764608012034,856.8764608012034,856.8764608012034,856.8764608012034,856.8764608012034,856.8764608012034,856.8764608012034,856.8764608012034,856.8764608012034,856.8764608012034,856.8764608012034,856.8764608012034,856.8764608012034,856.8764608012034,856.8764608012034,856.8764608012034,856.8764608012034,856.8764608012034,856.8764608012034,856.8764608012034,856.8764608012034,856.8764608012034,856.8764608012034,856.8764608012034,856.8764608012034,856.8764608012034,856.8764608012034,856.8764608012034,856.8764608012034,856.8764608012034,856.8764608012034,856.8764608012034,856.8764608012034,856.8764608012034,856.8764608012034,856.8764608012034,856.8764608012034,856.8764608012034,856.8764608012034,856.8764608012034,856.8764608012034,856.8764608012034,856.8764608012034,856.8764608012034,856.8764608012034,856.8764608012034,856.8764608012034,856.8764608012034,856.8764608012034,856.8764608012034,856.8764608012034,856.8764608012034,856.8764608012034,856.8764608012034,856.8764608012034,856.8764608012034,856.8764608012034,856.8764608012034,856.8764608012034,856.8764608012034,856.8764608012034,856.8764608012034,856.8764608012034,856.8764608012034,856.8764608012034,856.8764608012034,856.8764608012034,856.8764608012034,856.8764608012034,856.8764608012034,856.8764608012034,856.8764608012034,856.8764608012034,855.5111769247741,855.5111769247741,855.5111769247741,855.5111769247741,855.5111769247741,855.5111769247741,855.5111769247741,855.5111769247741,855.5111769247741,855.5111769247741,855.5111769247741,855.5111769247741,855.5111769247741,855.5111769247741,855.1005697439355,855.1005697439355,855.1005697439355,855.1005697439355,855.1005697439355,855.1005697439355,855.1005697439355,855.1005697439355,855.1005697439355,855.1005697439355,855.1005697439355,855.1005697439355,855.1005697439355,855.1005697439355,855.1005697439355,855.1005697439355,855.1005697439355,855.1005697439355,855.1005697439355,855.1005697439355,855.1005697439355,855.1005697439355,855.1005697439355,855.1005697439355,855.1005697439355,855.1005697439355,855.1005697439355,855.1005697439355,855.1005697439355,855.1005697439355,855.1005697439355,855.1005697439355,855.1005697439355,855.1005697439355,854.3514167243004,854.3514167243004,854.3514167243004,854.3514167243004,854.3514167243004,854.3514167243004,854.3514167243004,854.3514167243004,854.3514167243004,854.3514167243004,854.3514167243004,854.3514167243004,854.3514167243004,854.3514167243004,854.3514167243004,854.3514167243004,854.3514167243004,854.3514167243004,854.3514167243004,854.3514167243004,854.3514167243004,854.3514167243004,854.3514167243004,854.3514167243004,854.3514167243004,854.3514167243004,854.3514167243004,854.3514167243004,854.3514167243004,854.3514167243004,854.3514167243004,854.3514167243004,854.3514167243004,854.3514167243004,854.3514167243004,854.3514167243004,854.3514167243004,854.3514167243004,854.3514167243004,854.3514167243004,854.3514167243004,854.3514167243004,854.3514167243004,854.3514167243004,854.3514167243004,854.3514167243004,854.3514167243004,854.3514167243004,854.3514167243004,854.3514167243004,854.3514167243004,854.3514167243004,854.3514167243004,854.3514167243004,854.3514167243004,854.3514167243004,854.3514167243004,854.3514167243004,854.3514167243004,854.3514167243004,854.3514167243004,854.3514167243004,854.3514167243004,854.3514167243004,854.3514167243004,854.3514167243004,854.3514167243004,854.3514167243004,854.3514167243004,854.3514167243004,854.3514167243004,854.3514167243004,854.3514167243004,854.3514167243004,854.3514167243004,854.3514167243004,854.3514167243004,854.3514167243004,854.3514167243004,854.3514167243004,854.3514167243004,854.3514167243004,854.3514167243004,854.3514167243004,854.3514167243004,854.3514167243004,854.3514167243004,854.3514167243004,854.3514167243004,854.3514167243004,854.3514167243004,854.3514167243004,854.3514167243004,854.3514167243004,854.3514167243004,854.3514167243004,854.3514167243004,854.3514167243004,854.3514167243004,854.3514167243004,854.3514167243004,854.3514167243004,854.3514167243004,854.3514167243004,854.3514167243004,854.3514167243004,854.3514167243004,854.3514167243004,854.3514167243004,854.3514167243004,854.3514167243004,854.3514167243004,