{"benchmark":"P-n55-k8","Optimal":588,"front":[{"distance":631.616834465687,"fuel":882.2594651821911,"trucks":[[10,26,51,19,25,50,24,42,43,44],[7,34,2,23,29,22],[13,18,41,33,45,4,17,52],[3,31,49,48,37,38,21],[47,12,39,11,32,40],[5,46,30,6,16,28,53,35],[27,8,9,36,54,15,20,55,14],[]]},{"trucks":[[10,26,51,19,25,50,24,42,43,44],[7,34,2,23,29,22],[13,41,33,45,4,17,52],[3,31,49,48,37,38,21],[47,12,39,11,32,40],[5,46,30,6,16,28,53,35],[27,8,9,36,54,15,20,55,14],[18]],"distance":638.8520556540971,"fuel":881.4151033751386}]}