{"front":[{"trucks":[[39,42,32,22,10],[6,2,31,43,26],[14,17,12,11,37,3,18,15,25],[40,9,23,29,13,33,24,38,20,28],[5,45,41,34,16,19,7,35,21,8],[44,30,27,4,36]],"distance":708.8270044602991,"fuel":1013.0194453663765},{"fuel":1012.8060102773381,"trucks":[[39,42,32,22,10],[6,2,31,43,26],[14,17,12,11,37,3,18,15,25],[40,9,23,29,13,33,24,38,20,28],[5,45,41,34,16,19,35,7,21,8],[44,30,27,4,36]],"distance":708.9194352869346},{"fuel":1010.7710661474005,"distance":709.3088172686118,"trucks":[[39,42,32,22,10],[6,2,31,43,26],[14,17,12,11,37,3,18,15,25],[40,9,23,28,29,20,38,24,33,13],[5,45,41,34,16,19,7,35,21,8],[44,30,27,4,36]]},{"trucks":[[39,42,32,22,10],[6,2,31,43,26],[14,17,12,11,37,3,18,15,25],[40,9,23,28,29,20,38,24,33,13],[5,45,41,34,16,19,35,7,21,8],[44,30,27,4,36]],"fuel":1010.5576310583621,"distance":709.4012480952473}],"benchmark":"B-n45-k6","Optimal":678}