{"front":[{"distance":701.1564143076744,"fuel":1007.2670025458315,"trucks":[[6,2,31,43,26],[17,27,12,11,37,3,18,15,25],[39,42,32,22,10],[28,9,23,29,20,38,24,33,13,40],[44,14,30,7,35,5],[36,45,34,41,4,16,19,21,8]]},{"trucks":[[6,2,31,43,26],[17,27,12,11,37,3,18,15,25],[39,42,32,22,10],[40,23,9,28,29,20,38,24,33,13],[44,14,30,7,35,5],[36,45,34,41,4,16,19,21,8]],"distance":701.5482470155583,"fuel":1005.7898016565078}],"Optimal":678,"benchmark":"B-n45-k6"}