{"Optimal":747,"front":[{"trucks":[[45,11,30,28,6,9,52],[48,38,8,44,36,34],[39,10,17,47,14,50,16,20,35,33],[41,43,21,31,19,2,37],[22,12,29,32,25,4,40,15,24],[3,49,27,18,23,13,51,46,5],[42,26,7]],"distance":765.0212511225243,"fuel":1080.8519385848924}],"benchmark":"B-n52-k7"}