{"Optimal":747,"front":[{"trucks":[[48,38,8,34,36,44],[3,49,39,17,10,27,23,5],[41,43,21,19,31,2,37],[45,11,9,28,6,30,52],[4,32,25,29,12,22,15,40,24],[14,47,35,33,20,16,50,18,51,13,46],[42,26,7]],"fuel":1085.5906242298909,"distance":770.5584974935778}],"benchmark":"B-n52-k7"}