{"optimalDistance":603,"distanceSequence":[616.1889718247719,616.1889718247719,616.1889718247719,616.1889718247719,615.2634226958661,615.2634226958661,614.6588654930724,614.6588654930724,614.6588654930724,614.6588654930724,614.6588654930724,614.6588654930724,614.6588654930724,614.6588654930724,613.3724016416228,613.3724016416228,613.3724016416228,613.3724016416228,613.3724016416228,613.3724016416228,613.3724016416228,613.3724016416228,613.3724016416228,613.3724016416228,613.3724016416228,613.3724016416228,613.3724016416228,613.3724016416228,613.3724016416228,613.3724016416228,613.3724016416228,613.3724016416228,613.3724016416228,613.3724016416228,613.3724016416228,613.3724016416228,613.3724016416228,613.3724016416228,613.3724016416228,613.3724016416228,613.3724016416228,613.3724016416228,613.3724016416228,613.3724016416228,613.3724016416228,613.3724016416228,613.3724016416228,613.3724016416228,613.3724016416228,613.3724016416228,613.3724016416228,613.3724016416228,613.3724016416228,613.3724016416228,613.3724016416228,613.3724016416228,612.1430718494579,612.1430718494579,612.1430718494579,612.1430718494579,612.1430718494579,612.1430718494579,612.1430718494579,612.1430718494579,612.1430718494579,612.1430718494579,612.1430718494579,612.1430718494579,612.1430718494579,612.1430718494579,612.1430718494579,612.1430718494579,612.1430718494579,612.1430718494579,612.1430718494579,612.1430718494579,612.1430718494579,612.1430718494579,612.1430718494579,612.1430718494579,612.1430718494579,612.1430718494579,612.1430718494579,612.1430718494579,612.1430718494579,612.1430718494579,612.1430718494579,612.1430718494579,612.1430718494579,612.1430718494579,612.1430718494579,612.1430718494579,612.1430718494579,612.1430718494579,612.1430718494579,612.1430718494579,612.1430718494579,612.1430718494579,612.1430718494579,612.1430718494579,612.1430718494579,612.1430718494579,612.1430718494579,612.1430718494579,612.1430718494579,612.1430718494579,612.1430718494579,612.1430718494579,612.1430718494579,612.1430718494579,612.1430718494579,612.1430718494579,612.1430718494579,612.1430718494579,612.1430718494579,612.1430718494579,612.1430718494579,612.1430718494579,612.1430718494579,612.1430718494579,612.1430718494579,612.1430718494579,612.1430718494579,612.1430718494579,612.1430718494579,612.1430718494579,612.1430718494579,612.1430718494579,612.1430718494579,612.1430718494579,612.1430718494579,612.1430718494579,612.1430718494579,612.1430718494579,612.1430718494579,612.1430718494579,612.1430718494579,612.1430718494579,612.1430718494579,612.1430718494579,612.1430718494579,612.1430718494579,612.1430718494579,612.1430718494579,612.1430718494579,612.1430718494579,612.1430718494579,612.1430718494579,612.1430718494579,612.1430718494579,612.1430718494579,612.1430718494579,612.1430718494579,612.1430718494579,612.1430718494579,612.1430718494579,612.1430718494579,612.1430718494579,612.1430718494579,612.1430718494579,612.1430718494579,612.1430718494579,612.1430718494579,612.1430718494579,612.1430718494579,612.1430718494579,612.1430718494579,612.1430718494579,612.1430718494579,612.1430718494579,612.1430718494579,612.1430718494579,612.1430718494579,612.1430718494579,612.1430718494579,612.1430718494579,612.1430718494579,612.1430718494579,612.1430718494579,612.1430718494579,612.1430718494579,612.1430718494579,612.1430718494579,612.1430718494579,612.1430718494579,612.1430718494579,612.1430718494579,612.1430718494579,612.1430718494579,612.1430718494579,612.1430718494579,612.1430718494579,612.1430718494579,612.1430718494579,612.1430718494579,612.1430718494579,612.1430718494579,612.1430718494579,612.1430718494579,612.1430718494579,612.1430718494579,612.1430718494579,612.1430718494579,612.1430718494579,612.1430718494579,612.1430718494579,612.1430718494579,612.1430718494579,612.1430718494579,612.1430718494579,612.1430718494579,612.1430718494579,612.1430718494579,612.1430718494579,612.1430718494579,612.1430718494579,612.1430718494579,612.1430718494579,612.1430718494579,612.1430718494579,612.1430718494579,612.1430718494579,612.1430718494579,612.1430718494579,612.1430718494579,612.1430718494579,612.1430718494579,612.1430718494579,612.1430718494579,612.1430718494579,612.1430718494579,612.1430718494579,612.1430718494579,612.1430718494579,612.1430718494579,612.1430718494579,612.1430718494579,612.1430718494579,612.1430718494579,612.1430718494579,612.1430718494579,612.1430718494579,612.1430718494579,612.1430718494579,612.1430718494579,612.1430718494579,612.1430718494579,612.1430718494579,612.1430718494579,612.1430718494579,612.1430718494579,612.1430718494579,612.1430718494579,612.1430718494579,612.1430718494579,612.1430718494579,612.1430718494579,612.1430718494579,612.1430718494579,612.1430718494579,612.1430718494579,612.1430718494579,608.986419571449,608.986419571449,608.986419571449,608.986419571449,608.986419571449,608.986419571449,608.986419571449,608.986419571449,608.986419571449,608.986419571449,608.986419571449,608.986419571449,608.986419571449,608.986419571449,608.986419571449,608.986419571449,608.986419571449,608.986419571449,608.986419571449,608.986419571449,608.986419571449,608.986419571449,608.986419571449,608.986419571449,608.986419571449,608.986419571449,608.986419571449,608.986419571449,608.986419571449,608.986419571449,608.986419571449,608.986419571449,602.7101700174313,602.7101700174313,602.7101700174313,602.7101700174313,602.7101700174313,602.7101700174313,602.7101700174313,601.4237061659817,601.4237061659817,601.4237061659817,601.4237061659817,601.4237061659817,601.4237061659817,601.4237061659817,601.4237061659817,601.4237061659817,601.4237061659817,601.4237061659817,601.4237061659817,601.4237061659817,601.4237061659817,601.4237061659817,601.4237061659817,601.4237061659817,601.4237061659817,601.4237061659817,601.4237061659817,601.4237061659817,601.4237061659817,601.4237061659817,601.4237061659817,601.4237061659817,601.4237061659817,601.4237061659817,601.4237061659817,601.4237061659817,601.4237061659817,601.4237061659817,601.4237061659817,601.4237061659817,601.4237061659817,601.4237061659817,601.4237061659817,601.4237061659817,601.4237061659817,601.4237061659817,601.4237061659817,601.4237061659817,601.4237061659817,601.4237061659817,601.4237061659817,601.4237061659817,601.4237061659817,601.4237061659817,601.4237061659817,601.4237061659817,601.4237061659817,601.4237061659817,601.4237061659817,601.4237061659817,601.4237061659817,601.4237061659817,601.4237061659817,601.4237061659817,601.4237061659817,601.4237061659817,601.4237061659817,601.4237061659817,601.4237061659817,601.4237061659817,601.4237061659817,601.4237061659817,601.4237061659817,601.4237061659817,601.4237061659817,601.4237061659817,601.4237061659817,601.4237061659817,601.4237061659817,601.4237061659817,601.4237061659817,601.4237061659817,601.4237061659817,601.4237061659817,601.4237061659817,601.4237061659817,601.4237061659817,601.4237061659817,601.4237061659817,601.4237061659817,601.4237061659817,601.4237061659817,601.4237061659817,601.4237061659817,601.4237061659817,601.4237061659817,601.4237061659817,601.4237061659817,601.4237061659817,601.4237061659817,601.4237061659817,601.4237061659817,601.4237061659817,601.4237061659817,601.4237061659817,601.4237061659817,601.4237061659817,601.4237061659817,601.4237061659817,601.4237061659817,601.4237061659817,601.4237061659817,601.4237061659817,601.4237061659817,601.4237061659817,601.4237061659817,601.4237061659817,601.4237061659817,601.4237061659817,601.4237061659817,601.4237061659817,601.4237061659817,601.4237061659817,601.4237061659817,601.4237061659817,601.4237061659817,601.4237061659817,601.4237061659817,601.4237061659817,601.4237061659817,601.4237061659817,601.4237061659817,601.4237061659817,601.4237061659817,601.4237061659817,601.4237061659817,601.4237061659817,601.4237061659817,601.4237061659817,601.4237061659817,601.4237061659817,601.4237061659817,601.4237061659817,601.4237061659817,601.4237061659817,601.4237061659817,601.4237061659817,601.4237061659817,601.4237061659817,