{"front":[{"fuel":847.9939185697042,"trucks":[[8,3,2,7],[11,9,4,5],[10,6],[13,18,22],[17,16],[15,21,19],[20],[14,12]],"distance":600.8255367310456}],"Optimal":603,"benchmark":"P-n22-k8"}