{"benchmark":"A-n46-k7","optimalDistance":914,"fuelSequence":[1437.4803557532503,1437.4803557532503,1437.4803557532503,1437.4803557532503,1437.4803557532503,1437.4803557532503,1437.4803557532503,1437.4803557532503,1437.4803557532503,1437.4803557532503,1437.4803557532503,1437.4803557532503,1437.4803557532503,1437.4803557532503,1437.4803557532503,1437.4803557532503,1437.4803557532503,1437.4803557532503,1437.4803557532503,1437.4803557532503,1437.4803557532503,1437.4803557532503,1437.4803557532503,1437.4803557532503,1437.4803557532503,1437.4803557532503,1437.4803557532503,1437.4803557532503,1437.4803557532503,1437.4803557532503,1437.4803557532503,1437.4803557532503,1437.4803557532503,1437.4803557532503,1437.4803557532503,1437.4803557532503,1437.4803557532503,1437.4803557532503,1437.4803557532503,1437.4803557532503,1437.4803557532503,1437.4803557532503,1437.4803557532503,1437.4803557532503,1437.4803557532503,1437.4803557532503,1437.4803557532503,1437.4803557532503,1437.4803557532503,1437.4803557532503,1437.4803557532503,1437.4803557532503,1437.4803557532503,1437.4803557532503,1437.4803557532503,1437.4803557532503,1437.4803557532503,1437.4803557532503,1437.4803557532503,1437.4803557532503,1437.4803557532503,1437.4803557532503,1437.4803557532503,1437.4803557532503,1437.4803557532503,1437.4803557532503,1437.4803557532503,1437.4803557532503,1437.4803557532503,1437.4803557532503,1437.4803557532503,1437.4803557532503,1437.4803557532503,1437.4803557532503,1437.4803557532503,1437.4803557532503,1429.152123143736,1429.152123143736,1429.152123143736,1429.152123143736,1429.152123143736,1429.152123143736,1429.152123143736,1429.152123143736,1429.152123143736,1429.152123143736,1429.152123143736,1429.152123143736,1429.152123143736,1379.1234215284755,1379.1234215284755,1379.1234215284755,1379.1234215284755,1379.1234215284755,1379.1234215284755,1379.1234215284755,1379.1234215284755,1379.1234215284755,1379.1234215284755,1379.1234215284755,1379.1234215284755,1379.1234215284755,1379.1234215284755,1379.1234215284755,1379.1234215284755,1379.1234215284755,1379.1234215284755,1379.1234215284755,1379.1234215284755,1379.1234215284755,1379.1234215284755,1379.1234215284755,1379.1234215284755,1379.1234215284755,1379.1234215284755,1379.1234215284755,1379.1234215284755,1379.1234215284755,1379.1234215284755,1379.1234215284755,1379.1234215284755,1379.1234215284755,1379.1234215284755,1379.1234215284755,1379.1234215284755,1379.1234215284755,1379.1234215284755,1379.1234215284755,1379.1234215284755,1379.1234215284755,1379.1234215284755,1379.1234215284755,1379.1234215284755,1379.1234215284755,1379.1234215284755,1379.1234215284755,1379.1234215284755,1379.1234215284755,1379.1234215284755,1379.1234215284755,1379.1234215284755,1379.1234215284755,1379.1234215284755,1379.1234215284755,1379.1234215284755,1379.1234215284755,1379.1234215284755,1379.1234215284755,1379.1234215284755,1379.1234215284755,1379.1234215284755,1379.1234215284755,1379.1234215284755,1379.1234215284755,1379.1234215284755,1379.1234215284755,1379.1234215284755,1379.1234215284755,1379.1234215284755,1379.1234215284755,1379.1234215284755,1379.1234215284755,1379.1234215284755,1379.1234215284755,1379.1234215284755,1379.1234215284755,1379.1234215284755,1379.1234215284755,1379.1234215284755,1379.1234215284755,1379.1234215284755,1379.1234215284755,1379.1234215284755,1379.1234215284755,1379.1234215284755,1379.1234215284755,1379.1234215284755,1379.1234215284755,1379.1234215284755,1379.1234215284755,1379.1234215284755,1379.1234215284755,1379.1234215284755,1379.1234215284755,1379.1234215284755,1379.1234215284755,1379.1234215284755,1379.1234215284755,1379.1234215284755,1379.1234215284755,1379.1234215284755,1379.1234215284755,1379.1234215284755,1379.1234215284755,1379.1234215284755,1379.1234215284755,1379.1234215284755,1379.1234215284755,1379.1234215284755,1379.1234215284755,1379.1234215284755,1379.1234215284755,1379.1234215284755,1379.1234215284755,1379.1234215284755,1379.1234215284755,1379.1234215284755,1379.1234215284755,1379.1234215284755,1379.1234215284755,1379.1234215284755,1379.1234215284755,1379.1234215284755,1379.1234215284755,1379.1234215284755,1379.1234215284755,1379.1234215284755,1379.1234215284755,1379.1234215284755,1379.1234215284755,1379.1234215284755,1379.1234215284755,1379.1234215284755,1379.1234215284755,1379.1234215284755,1379.1234215284755,1379.1234215284755,1379.1234215284755,1379.1234215284755,1379.1234215284755,1379.1234215284755,1379.1234215284755,1379.1234215284755,1379.1234215284755,1379.1234215284755,1379.1234215284755,1379.1234215284755,1379.1234215284755,1379.1234215284755,1379.1234215284755,1379.1234215284755,1379.1234215284755,1379.1234215284755,1379.1234215284755,1379.1234215284755,1379.1234215284755,1379.1234215284755,1379.1234215284755,1379.1234215284755,1379.1234215284755,1379.1234215284755,1379.1234215284755,1379.1234215284755,1379.1234215284755,1361.7175737436237,1361.7175737436237,1361.7175737436237,1361.7175737436237,1361.7175737436237,1361.7175737436237,1361.7175737436237,1361.7175737436237,1361.7175737436237,1361.7175737436237,1361.7175737436237,1361.7175737436237,1361.7175737436237,1361.7175737436237,1361.7175737436237,1361.7175737436237,1361.7175737436237,1361.7175737436237,1361.7175737436237,1361.7175737436237,1361.7175737436237,1361.7175737436237,1361.7175737436237,1361.7175737436237,1361.7175737436237,1361.7175737436237,1361.7175737436237,1361.7175737436237,1361.7175737436237,1361.7175737436237,1361.7175737436237,1361.7175737436237,1361.7175737436237,1361.7175737436237,1361.7175737436237,1361.7175737436237,1361.7175737436237,1361.7175737436237,1361.7175737436237,1361.7175737436237,1361.7175737436237,1361.7175737436237,1361.7175737436237,1361.7175737436237,1361.7175737436237,1361.7175737436237,1361.7175737436237,1361.7175737436237,1361.7175737436237,1361.7175737436237,1361.7175737436237,1361.7175737436237,1361.7175737436237,1361.7175737436237,1361.7175737436237,1361.7175737436237,1361.7175737436237,1361.7175737436237,1361.7175737436237,1361.7175737436237,1361.7175737436237,1361.7175737436237,1361.7175737436237,1361.7175737436237,1361.7175737436237,1361.7175737436237,1361.7175737436237,1361.7175737436237,1361.7175737436237,1361.7175737436237,1361.7175737436237,1361.7175737436237,1361.7175737436237,1361.7175737436237,1361.7175737436237,1361.7175737436237,1361.7175737436237,1361.7175737436237,1361.7175737436237,1361.7175737436237,1361.7175737436237,1361.7175737436237,1361.7175737436237,1361.7175737436237,1361.7175737436237,1361.7175737436237,1361.7175737436237,1361.7175737436237,1361.7175737436237,1361.7175737436237,1361.7175737436237,1361.7175737436237,1361.7175737436237,1361.7175737436237,1361.7175737436237,1357.4156645343132,1357.4156645343132,1357.4156645343132,1357.4156645343132,1357.4156645343132,1357.4156645343132,1357.4156645343132,1357.4156645343132,1357.4156645343132,1357.4156645343132,1357.4156645343132,1357.4156645343132,1326.97010717867,1326.97010717867,1326.97010717867,1326.97010717867,1326.97010717867,1326.97010717867,1326.97010717867,1326.97010717867,1326.97010717867,1326.97010717867,1326.97010717867,1326.97010717867,1326.97010717867,1326.97010717867,1326.97010717867,1326.97010717867,1326.97010717867,1326.97010717867,1326.97010717867,1326.97010717867,1326.97010717867,1326.97010717867,1326.97010717867,1326.97010717867,1326.97010717867,1326.97010717867,1326.97010717867,1326.97010717867,1326.97010717867,1326.97010717867,1326.97010717867,1326.97010717867,1326.97010717867,1326.97010717867,1326.97010717867,1326.97010717867,1326.97010717867,1326.97010717867,1326.97010717867,1326.97010717867,1326.97010717867,1326.97010717867,1326.97010717867,1326.97010717867,1326.97010717867,1326.97010717867,1326.97010717867,1326.97010717867,1326.97010717867,1326.97010717867,1326.97010717867,1326.97010717867,1326.97010717867,1326.97010717867,1326.97010717867,1326.97010717867,1326.97010717867,1326.97010717867,1326.97010717867,1326.97010717867,1326.97010717867,1326.97010717867,1326.97010717867,1326.97010717867,