{"front":[{"fuel":1311.3269470382106,"trucks":[[5,31,3,38,39],[22,30,32,35,41,2,28,21,42,29],[12,13,36,19,26,45,4],[20,16,25,17,43,34,9],[33,23,8,11,40,6,37],[24,7,44,27,14,15],[10,18,46]],"distance":928.5035617373449}],"Optimal":914,"benchmark":"A-n46-k7"}