{"optimalDistance":778,"benchmark":"A-n34-k5","distanceSequence":[857.8697963364135,857.8697963364135,857.8697963364135,857.8697963364135,857.8697963364135,857.8697963364135,857.8697963364135,857.8697963364135,857.8697963364135,857.8697963364135,857.8697963364135,857.8697963364135,857.8697963364135,857.8697963364135,857.8697963364135,857.8697963364135,857.8697963364135,857.8697963364135,857.8697963364135,857.8697963364135,857.8697963364135,857.8697963364135,857.8697963364135,857.8697963364135,857.8697963364135,857.8697963364135,857.8697963364135,857.8697963364135,857.8697963364135,857.8697963364135,857.8697963364135,857.8697963364135,857.8697963364135,857.8697963364135,857.8697963364135,857.8697963364135,857.8697963364135,857.8697963364135,857.8697963364135,857.8697963364135,857.8697963364135,857.8697963364135,857.8697963364135,857.8697963364135,857.8697963364135,857.8697963364135,857.8697963364135,857.8697963364135,857.8697963364135,857.8697963364135,857.8697963364135,857.8697963364135,857.8697963364135,857.8697963364135,857.8697963364135,857.8697963364135,857.8697963364135,857.8697963364135,857.8697963364135,857.8697963364135,857.8697963364135,857.8697963364135,857.8697963364135,857.8697963364135,857.8697963364135,857.8697963364135,857.8697963364135,857.8697963364135,857.8697963364135,857.8697963364135,852.5381683500341,852.5381683500341,852.5381683500341,852.5381683500341,852.5381683500341,852.5381683500341,852.5381683500341,852.5381683500341,852.5381683500341,852.5381683500341,852.5381683500341,852.5381683500341,852.5381683500341,852.5381683500341,852.5381683500341,852.5381683500341,852.5381683500341,852.5381683500341,852.5381683500341,852.5381683500341,852.5381683500341,852.5381683500341,852.5381683500341,852.5381683500341,852.5381683500341,852.5381683500341,852.5381683500341,852.5381683500341,852.5381683500341,852.5381683500341,852.5381683500341,852.5381683500341,852.5381683500341,852.5381683500341,852.5381683500341,852.5381683500341,852.5381683500341,852.5381683500341,852.5381683500341,852.5381683500341,852.5381683500341,852.5381683500341,852.5381683500341,852.5381683500341,852.5381683500341,852.5381683500341,852.5381683500341,843.3271158932192,843.3271158932192,843.3271158932192,843.3271158932192,843.3271158932192,843.3271158932192,843.3271158932192,843.3271158932192,843.3271158932192,843.3271158932192,843.3271158932192,843.3271158932192,843.3271158932192,843.3271158932192,843.3271158932192,843.3271158932192,843.3271158932192,843.3271158932192,843.3271158932192,843.3271158932192,843.3271158932192,843.3271158932192,843.3271158932192,843.3271158932192,843.3271158932192,843.3271158932192,843.3271158932192,840.6833586810051,840.6833586810051,840.6833586810051,840.6833586810051,840.6833586810051,840.6833586810051,840.6833586810051,840.6833586810051,840.6833586810051,840.6833586810051,840.6833586810051,838.9179337899246,838.9179337899246,838.9179337899246,838.9179337899246,838.9179337899246,838.9179337899246,838.9179337899246,838.9179337899246,838.9179337899246,838.9179337899246,838.9179337899246,838.9179337899246,838.9179337899246,838.9179337899246,838.9179337899246,838.9179337899246,838.8665254005537,838.8665254005537,838.8665254005537,838.8665254005537,838.8665254005537,838.8665254005537,838.8665254005537,838.8665254005537,838.8665254005537,838.8665254005537,838.8665254005537,838.8665254005537,838.8665254005537,838.8665254005537,838.8665254005537,838.8665254005537,838.8665254005537,838.8665254005537,838.8665254005537,838.8665254005537,838.8665254005537,838.8665254005537,838.8665254005537,838.8665254005537,838.8665254005537,838.8665254005537,838.8665254005537,838.8665254005537,838.8665254005537,838.8665254005537,838.8665254005537,838.8665254005537,838.8665254005537,838.8665254005537,838.8665254005537,838.8665254005537,838.8665254005537,838.8665254005537,838.8665254005537,838.8665254005537,838.8665254005537,838.8665254005537,838.8665254005537,838.8665254005537,838.8665254005537,838.8665254005537,838.8665254005537,838.8665254005537,838.8665254005537,838.8665254005537,838.8665254005537,836.1647492067709,836.1647492067709,836.1647492067709,836.1647492067709,836.1647492067709,836.1647492067709,836.1647492067709,836.1647492067709,836.1647492067709,836.1647492067709,836.1647492067709,836.1647492067709,836.1647492067709,836.1647492067709,836.1647492067709,836.1647492067709,836.1647492067709,836.1647492067709,836.1647492067709,836.1647492067709,836.1647492067709,836.1647492067709,833.7873920104885,833.7873920104885,833.7873920104885,833.7873920104885,833.7873920104885,833.7873920104885,833.7873920104885,825.6245883292113,825.6245883292113,825.6245883292113,825.6245883292113,825.6245883292113,825.6245883292113,825.6245883292113,825.6245883292113,825.6245883292113,825.6245883292113,825.6245883292113,825.6245883292113,825.6245883292113,825.6245883292113,825.6245883292113,825.6245883292113,825.6245883292113,825.6245883292113,825.6245883292113,825.6245883292113,825.6245883292113,825.6245883292113,825.6245883292113,825.6245883292113,825.6245883292113,825.6245883292113,825.6245883292113,825.6245883292113,825.6245883292113,825.6245883292113,821.8035153544072,821.8035153544072,821.8035153544072,821.8035153544072,821.8035153544072,821.8035153544072,821.8035153544072,821.8035153544072,821.8035153544072,821.8035153544072,821.8035153544072,821.8035153544072,821.8035153544072,821.8035153544072,821.8035153544072,821.8035153544072,821.8035153544072,821.8035153544072,821.8035153544072,821.8035153544072,821.8035153544072,821.8035153544072,821.8035153544072,821.8035153544072,821.8035153544072,821.8035153544072,821.8035153544072,821.8035153544072,821.8035153544072,821.8035153544072,821.8035153544072,821.8035153544072,821.8035153544072,821.8035153544072,821.8035153544072,821.8035153544072,821.8035153544072,821.8035153544072,821.8035153544072,821.8035153544072,821.8035153544072,821.8035153544072,821.8035153544072,821.8035153544072,821.8035153544072,821.8035153544072,821.8035153544072,821.8035153544072,821.8035153544072,821.8035153544072,821.8035153544072,821.8035153544072,821.8035153544072,821.8035153544072,821.8035153544072,821.8035153544072,821.8035153544072,821.8035153544072,821.8035153544072,821.8035153544072,821.8035153544072,821.8035153544072,821.8035153544072,821.8035153544072,821.8035153544072,821.8035153544072,821.8035153544072,821.8035153544072,821.8035153544072,821.8035153544072,821.8035153544072,821.8035153544072,821.8035153544072,821.8035153544072,821.8035153544072,821.8035153544072,821.8035153544072,821.8035153544072,821.8035153544072,821.8035153544072,821.8035153544072,821.8035153544072,821.8035153544072,821.8035153544072,821.8035153544072,821.8035153544072,821.8035153544072,821.8035153544072,821.8035153544072,821.8035153544072,821.8035153544072,821.8035153544072,821.8035153544072,821.8035153544072,821.0265502100119,821.0265502100119,821.0265502100119,821.0265502100119,821.0265502100119,821.0265502100119,821.0265502100119,821.0265502100119,821.0265502100119,821.0265502100119,821.0265502100119,821.0265502100119,821.0265502100119,821.0265502100119,821.0265502100119,821.0265502100119,821.0265502100119,821.0265502100119,821.0265502100119,821.0265502100119,821.0265502100119,821.0265502100119,821.0265502100119,821.0265502100119,821.0265502100119,821.0265502100119,821.0265502100119,821.0265502100119,821.0265502100119,821.0265502100119,821.0265502100119,821.0265502100119,821.0265502100119,821.0265502100119,821.0265502100119,821.0265502100119,821.0265502100119,821.0265502100119,821.0265502100119,821.0265502100119,821.0265502100119,821.0265502100119,821.0265502100119,821.0265502100119,821.0265502100119,821.0265502100119,821.0265502100119,821.0265502100119,821.0265502100119,821.0265502100119,821.0265502100119,821.0265502100119,821.0265502100119,821.0265502100119,821.0265502100119,816.0792918041732,816.0792918041732,816.0792918041732,816.0792918041732,816.0792918041732,816.0792918041732,816.0792918041732,816.0792918041732,816.0792918041732,816.0792918041732,