{"benchmark":"P-n50-k8","front":[{"distance":679.6468704649626,"trucks":[[40,10,26,19,25,17],[18,41,33,45,4,50,24],[7,34,2,44,42,43,23],[31,49,48,22,29],[30,6,37,38,21,16,14,28],[27,8,12,39,11],[47,35,9,20,15,36],[5,46,3,32,13]],"fuel":945.642259585605}],"Optimal":631}