{"Optimal":529,"front":[{"trucks":[[6,15,23],[11,13,16,12],[5,8],[18,10,14],[4,20,19],[7,21,22],[3,2],[17,9]],"distance":531.1738035458811,"fuel":769.9189761454238},{"distance":531.5401657863808,"fuel":766.8545738176167,"trucks":[[18,10,14],[6,15,23],[11,13,16,12],[5,8],[4,20,19],[22,7,21],[3,2],[17,9]]},{"trucks":[[6,15,23],[11,13,16,12],[5,8],[18,10,14],[4,19,20],[22,7,21],[3,2],[17,9]],"fuel":766.5032150991402,"distance":534.0306397164087}],"benchmark":"P-n23-k8"}