{"optimalDistance":707,"benchmark":"B-n56-k7","fuelSequence":[1068.5700147578461,1068.5700147578461,1068.5700147578461,1068.5700147578461,1068.5700147578461,1068.5700147578461,1068.5700147578461,1068.5700147578461,1068.5700147578461,1068.5700147578461,1068.5700147578461,1068.5700147578461,1068.5700147578461,1068.5700147578461,1068.5700147578461,1068.5700147578461,1068.5700147578461,1068.5700147578461,1068.5700147578461,1068.5700147578461,1068.5700147578461,1068.5700147578461,1068.5700147578461,1068.5700147578461,1068.5700147578461,1068.5700147578461,1068.5700147578461,1068.5700147578461,1068.5700147578461,1068.5700147578461,1068.5700147578461,1068.5700147578461,1068.5700147578461,1068.5700147578461,1068.5700147578461,1068.5700147578461,1068.5700147578461,1068.5700147578461,1068.5700147578461,1068.5700147578461,1068.5700147578461,1068.5700147578461,1068.5700147578461,1068.5700147578461,1068.5700147578461,1068.5700147578461,1068.5700147578461,1068.5700147578461,1068.5700147578461,1068.5700147578461,1068.5700147578461,1068.5700147578461,1068.5700147578461,1068.5700147578461,1068.5700147578461,1068.5700147578461,1068.5700147578461,1068.5700147578461,1068.5700147578461,1068.5700147578461,1068.5700147578461,1068.5700147578461,1068.5700147578461,1068.5700147578461,1068.5700147578461,1068.5700147578461,1068.5700147578461,1068.5700147578461,1068.5700147578461,1068.5700147578461,1068.5700147578461,1068.5700147578461,1068.5700147578461,1068.5700147578461,1068.5700147578461,1068.5700147578461,1068.5700147578461,1068.5700147578461,1068.5700147578461,1068.5700147578461,1068.5700147578461,1068.5700147578461,1068.5700147578461,1068.5700147578461,1068.5700147578461,1068.5700147578461,1068.5700147578461,1068.5700147578461,1068.5700147578461,1068.5700147578461,1068.5700147578461,1068.5700147578461,1068.5700147578461,1068.5700147578461,1068.5700147578461,1068.5700147578461,1068.5700147578461,1068.5700147578461,1068.5700147578461,1068.5700147578461,1068.5700147578461,1068.5700147578461,1068.5700147578461,1068.5700147578461,1068.5700147578461,1068.5700147578461,1068.5700147578461,1068.5700147578461,1068.5700147578461,1068.5700147578461,1068.5700147578461,1068.5700147578461,1068.5700147578461,1068.5700147578461,1068.5700147578461,1068.5700147578461,1068.5700147578461,1068.5700147578461,1068.5700147578461,1068.5700147578461,1068.5700147578461,1068.5700147578461,1068.5700147578461,1068.5700147578461,1068.5700147578461,1068.5700147578461,1068.5700147578461,1068.5700147578461,1068.5700147578461,1068.5700147578461,1068.5700147578461,1068.5700147578461,1068.5700147578461,1068.5700147578461,1068.5700147578461,1068.5700147578461,1068.5700147578461,1068.5700147578461,1068.5700147578461,1068.5700147578461,1068.5700147578461,1068.5700147578461,1068.5700147578461,1068.5700147578461,1068.5700147578461,1068.5700147578461,1068.5700147578461,1068.5700147578461,1068.5700147578461,1068.5700147578461,1068.5700147578461,1068.5700147578461,1068.5700147578461,1068.5700147578461,1068.5700147578461,1068.5700147578461,1068.5700147578461,1068.5700147578461,1068.5700147578461,1068.5700147578461,1068.5700147578461,1068.5700147578461,1068.5700147578461,1068.5700147578461,1068.5700147578461,1068.5700147578461,1068.5700147578461,1068.5700147578461,1068.5700147578461,1068.5700147578461,1068.5700147578461,1068.5700147578461,1068.5700147578461,1068.5700147578461,1068.5700147578461,1068.5700147578461,1068.5700147578461,1068.5700147578461,1068.5700147578461,1068.5700147578461,1068.5700147578461,1068.5700147578461,1068.5700147578461,1068.5700147578461,1068.5700147578461,1068.5700147578461,1068.5700147578461,1068.5700147578461,1068.5700147578461,1068.5700147578461,1068.5700147578461,1068.5700147578461,1068.5700147578461,1068.5700147578461,1068.5700147578461,1068.5700147578461,1068.5700147578461,1068.5700147578461,1068.5700147578461,1068.5700147578461,1068.5700147578461,1068.5700147578461,1068.5700147578461,1068.5700147578461,1068.5700147578461,1068.5700147578461,1068.5700147578461,1068.5700147578461,1068.5700147578461,1068.5700147578461,1068.5700147578461,1068.5700147578461,1068.5700147578461,1068.5700147578461,1068.5700147578461,1068.5700147578461,1068.5700147578461,1068.5700147578461,1068.5700147578461,1068.5700147578461,1068.5700147578461,1068.5700147578461,1068.5700147578461,1068.5700147578461,1068.5700147578461,1068.5700147578461,1068.5700147578461,1068.5700147578461,1068.5700147578461,1068.5700147578461,1068.5700147578461,1068.5700147578461,1068.5700147578461,1068.5700147578461,1068.5700147578461,1068.5700147578461,1068.5700147578461,1068.5700147578461,1068.5700147578461,1068.5700147578461,1068.5700147578461,1068.5700147578461,1068.5700147578461,1068.5700147578461,1068.5700147578461,1068.5700147578461,1068.5700147578461,1068.5700147578461,1068.5700147578461,1068.5700147578461,1068.5700147578461,1068.5700147578461,1068.5700147578461,1068.5700147578461,1068.5700147578461,1063.7535417967506,1063.7535417967506,1063.7535417967506,1063.7535417967506,1063.7535417967506,1063.7535417967506,1063.7535417967506,1063.7535417967506,1063.7535417967506,1063.7535417967506,1063.7535417967506,1063.7535417967506,1063.7535417967506,1063.7535417967506,1063.7535417967506,1063.7535417967506,1063.7535417967506,1063.7535417967506,1063.7535417967506,1063.7535417967506,1063.7535417967506,1063.7535417967506,1063.7535417967506,1063.7535417967506,1063.7535417967506,1063.7535417967506,1063.7535417967506,1063.7535417967506,1063.7535417967506,1063.7535417967506,1063.7535417967506,1063.7535417967506,1063.7535417967506,1063.7535417967506,1063.7535417967506,1063.7535417967506,1063.7535417967506,1063.7535417967506,1063.7535417967506,1063.7535417967506,1063.7535417967506,1063.7535417967506,1063.7535417967506,1063.7535417967506,1063.7535417967506,1063.7535417967506,1063.7535417967506,1063.7535417967506,1063.7535417967506,1063.7535417967506,1063.7535417967506,1063.7535417967506,1063.7535417967506,1063.7535417967506,1063.7535417967506,1063.7535417967506,1063.7535417967506,1063.7535417967506,1063.7535417967506,1063.7535417967506,1063.7535417967506,1063.7535417967506,1063.7535417967506,1062.0015654604226,1062.0015654604226,1062.0015654604226,1062.0015654604226,1062.0015654604226,1062.0015654604226,1062.0015654604226,1062.0015654604226,1062.0015654604226,1062.0015654604226,1062.0015654604226,1062.0015654604226,1062.0015654604226,1062.0015654604226,1062.0015654604226,1062.0015654604226,1062.0015654604226,1062.0015654604226,1062.0015654604226,1062.0015654604226,1062.0015654604226,1062.0015654604226,1062.0015654604226,1062.0015654604226,1062.0015654604226,1062.0015654604226,1062.0015654604226,1062.0015654604226,1062.0015654604226,1062.0015654604226,1062.0015654604226,1062.0015654604226,1062.0015654604226,1062.0015654604226,1062.0015654604226,1062.0015654604226,1062.0015654604226,1062.0015654604226,1062.0015654604226,1062.0015654604226,1062.0015654604226,1062.0015654604226,1062.0015654604226,1062.0015654604226,1062.0015654604226,1062.0015654604226,1062.0015654604226,1062.0015654604226,1062.0015654604226,1062.0015654604226,1062.0015654604226,1062.0015654604226,1062.0015654604226,1062.0015654604226,1062.0015654604226,1062.0015654604226,1062.0015654604226,1062.0015654604226,1062.0015654604226,1062.0015654604226,1062.0015654604226,1062.0015654604226,1062.0015654604226,1062.0015654604226,1062.0015654604226,1062.0015654604226,1062.0015654604226,1062.0015654604226,1062.0015654604226,1062.0015654604226,1062.0015654604226,1062.0015654604226,1062.0015654604226,1062.0015654604226,1062.0015654604226,1062.0015654604226,1062.0015654604226,1062.0015654604226,1062.0015654604226,1062.0015654604226,1062.0015654604226,1062.0015654604226,1062.0015654604226,1062.0015654604226,1062.0015654604226,1062.0015654604226,1062.0015654604226,1062.0015654604226,1062.0015654604226,1062.0015654604226,1062.0015654604226,1062.0015654604226,1062.0015654604226,1062.0015654604226,1062.0015654604226,1062.0015654604226,1062.0015654604226,1062.0015654604226,1062.0015654604226,