{"benchmark":"B-n56-k7","Optimal":707,"front":[{"distance":751.9321718409172,"trucks":[[19,41,6,39,10,13,51,23,24],[14,50,34,12,56,21,32,3,31,35,55],[28,53,17,36,49,33,37,4],[47,11,9,18,29,52,15,45,44],[2,22,27,40,5,48],[54,7,42,43,25,8,16,20,26],[46,38,30]],"fuel":1060.838336276849}]}