{"front":[{"trucks":[[2,28,22,27,40,5,48],[53,17,36,49,33,37,4],[47,29,9,18,52,15,45,11,19],[14,50,34,12,32,21,56,31,35,55,3],[26,54,42,30,43,38,20,25,7],[44,24,23,51,39,13,10,6,41],[46,16,8]],"distance":756.8160644677964,"fuel":1068.4671226761714},{"distance":760.0993257873945,"fuel":1068.1291982879,"trucks":[[54,46,42,43,30,16,8,20,26],[14,50,34,12,56,21,32,3,31,35,55],[44,24,23,51,39,13,10,6,41],[47,29,9,18,52,45,15,11,19],[49,53,17,28,36,33,4,37],[2,48,22,27,40,5],[7,25,38]]},{"fuel":1050.058206576089,"trucks":[[14,50,34,3,31,35,55,32,21,56,12],[44,24,23,51,39,13,10,6,41],[53,17,36,49,33,37,4,28],[26,7,25,38],[47,29,9,18,52,45,15,11],[54,46,42,43,30,16,8,20,19],[2,5,27,22,48,40]],"distance":763.5549527471039}],"Optimal":707,"benchmark":"B-n56-k7"}