{"benchmark":"B-n56-k7","Optimal":707,"front":[{"trucks":[[14,34,3,31,35,55,32,21,56,12],[28,2,22,27,40,5,48],[47,29,9,18,52,45,15,11,19],[53,17,36,49,4,37,33,50],[44,51,23,39,24,13,10,6,41],[42,38,16,8,30,43,46,7],[26,54,25,20]],"fuel":1040.6594763321546,"distance":754.0626897769442}]}