{"benchmark":"B-n56-k7","Optimal":707,"front":[{"fuel":1074.1322526163613,"trucks":[[28,53,36,17,37,33,49,4],[11,47,9,18,29,45,15,52,20],[5,40,27,22,48,43,16,8,19],[14,50,34,12,56,21,32,3,55,31,35],[44,6,10,39,23,51,24,13,41],[42,46,30,38,25,7,54],[26,2]],"distance":760.7750060043574},{"fuel":1062.078852489332,"trucks":[[49,33,37,4,26],[7,25,42,46,43,38,30],[44,6,10,39,23,51,24,13,41],[47,11,15,45,52,18,9,29,20],[14,50,34,12,56,21,32,3,55,31,35],[54,16,8,5,40,27,22,48,19],[2,17,36,28,53]],"distance":760.8735186341651},{"trucks":[[49,33,37,4],[54,16,8,5,40,27,22,48,44],[47,11,15,45,52,18,9,29,20],[14,50,34,12,56,21,32,3,55,31,35],[19,6,10,39,23,51,24,13,41],[42,46,43,30,38,25,7],[26,2,53,28,36,17]],"fuel":1060.9504294571457,"distance":763.1206983912077},{"fuel":1060.7794803065428,"distance":767.6533885753946,"trucks":[[26,7,25,42],[47,11,9,18,29,41,45,15,44],[14,50,34,3,35,55,31,32,21,56,12],[52,39,51,23,24,13,10,6],[54,46,43,30,38,16,8,19,20],[17,48,5,40,27,22],[49,37,33,4,28,53,36,2]]}]}