{"optimalDistance":237,"fuelSequence":[401.11665149087463,400.64791676987386,400.64791676987386,400.64791676987386,398.27422850210166,398.27422850210166,398.27422850210166,398.27422850210166,398.05765959996864,398.05765959996864,398.05765959996864,396.14485971676163,396.0741469530838,396.0741469530838,393.83938305171057,393.83938305171057,393.83938305171057,393.83938305171057,393.1609754180158,392.91032216464487,392.91032216464487,392.288733567296,392.288733567296,389.18841701085694,389.18841701085694,389.18841701085694,389.18841701085694,389.18841701085694,389.0868274578868,389.0868274578868,389.0868274578868,389.0868274578868,386.6836912463341,385.00428416204625,385.00428416204625,385.00428416204625,382.8210611156987,382.8210611156987,382.8210611156987,382.8210611156987,380.4140943655628,378.73468728127494,378.73468728127494,378.73468728127494,377.28974296589837,377.28974296589837,377.28974296589837,377.28974296589837,377.28974296589837,377.28974296589837,377.28974296589837,377.28974296589837,375.278110213515,375.278110213515,375.278110213515,375.278110213515,375.278110213515,373.83415247393344,373.83415247393344,373.83415247393344,373.83415247393344,373.83415247393344,373.83415247393344,373.83415247393344,373.08645863332663,373.08645863332663,373.08645863332663,370.72067639556695,370.72067639556695,370.72067639556695,370.72067639556695,370.72067639556695,370.72067639556695,370.72067639556695,370.72067639556695,370.6828989503879,370.6828989503879,370.6828989503879,370.6828989503879,370.6828989503879,370.3775754061735,370.3775754061735,370.3775754061735,370.3775754061735,370.3775754061735,369.4748763459585,366.80563921774296,366.80563921774296,366.80563921774296,366.80563921774296,366.80563921774296,366.80563921774296,366.26891489142224,366.26891489142224,366.26891489142224,366.26891489142224,366.26891489142224,366.26891489142224,366.26891489142224,364.1276620050311,364.1276620050311,364.1276620050311,364.1276620050311,364.1276620050311,364.1276620050311,364.0882732287546,364.0882732287546,364.0882732287546,364.0882732287546,363.56460174353913,363.4219620937577,363.4219620937577,363.4219620937577,362.95110992596454,362.95110992596454,362.95110992596454,362.95110992596454,362.95110992596454,362.95110992596454,362.95110992596454,362.95110992596454,362.19052735166645,362.19052735166645,362.19052735166645,362.19052735166645,362.19052735166645,362.19052735166645,362.19052735166645,362.19052735166645,362.19052735166645,362.19052735166645,362.19052735166645,362.19052735166645,362.19052735166645,360.0834863884448,360.0834863884448,360.0834863884448,360.0834863884448,360.0834863884448,360.0834863884448,360.0834863884448,360.0834863884448,360.0834863884448,360.0834863884448,358.7142377598131,358.7142377598131,358.7142377598131,358.7142377598131,358.7142377598131,358.7142377598131,358.7142377598131,358.7142377598131,358.7142377598131,358.7142377598131,358.7142377598131,357.5067346913982,357.5067346913982,357.5067346913982,357.5067346913982,357.5067346913982,357.5067346913982,357.4689572462192,357.4689572462192,357.4689572462192,357.4689572462192,357.4689572462192,357.4689572462192,357.4689572462192,357.4689572462192,357.4689572462192,357.4689572462192,357.4689572462192,357.4689572462192,357.4689572462192,357.4689572462192,357.31642298378,357.31642298378,357.31642298378,357.31642298378,357.31642298378,357.31642298378,357.31642298378,357.31642298378,357.31642298378,357.31642298378,357.31642298378,357.31642298378,357.31642298378,357.31642298378,357.31642298378,357.31642298378,357.31642298378,357.31642298378,357.31642298378,357.31642298378,355.78586980062414,355.78586980062414,355.78586980062414,355.78586980062414,355.78586980062414,355.78586980062414,355.78586980062414,355.78586980062414,355.78586980062414,355.78586980062414,355.78586980062414,355.78586980062414,355.78586980062414,355.3623790812466,355.3623790812466,355.3623790812466,355.0968921957898,355.0968921957898,355.0968921957898,355.0968921957898,355.0968921957898,355.0968921957898,355.0968921957898,355.0968921957898,355.0968921957898,355.0968921957898,355.0968921957898,355.0968921957898,355.0968921957898,355.0968921957898,355.0968921957898,355.0968921957898,355.0968921957898,354.68329458061197,354.68329458061197,354.68329458061197,354.68329458061197,354.68329458061197,354.68329458061197,354.68329458061197,354.68329458061197,354.68329458061197,354.68329458061197,354.68329458061197,354.68329458061197,354.68329458061197,354.68329458061197,354.68329458061197,354.68329458061197,354.52664885307837,354.52664885307837,354.52664885307837,353.78914937311555,353.78914937311555,353.78914937311555,353.78914937311555,353.78914937311555,353.78914937311555,353.78914937311555,353.78914937311555,353.78914937311555,353.78914937311555,353.78914937311555,353.78914937311555,353.78914937311555,353.78914937311555,352.531283258314,352.531283258314,352.531283258314,352.531283258314,352.531283258314,352.531283258314,352.531283258314,352.531283258314,352.531283258314,352.531283258314,352.531283258314,352.531283258314,352.531283258314,352.531283258314,352.531283258314,352.531283258314,352.531283258314,352.531283258314,352.531283258314,352.531283258314,352.531283258314,352.531283258314,352.531283258314,352.531283258314,352.5308118537932,352.5308118537932,352.5308118537932,352.164502223738,352.164502223738,352.164502223738,352.164502223738,352.164502223738,352.164502223738,352.164502223738,352.164502223738,352.164502223738,352.164502223738,352.164502223738,352.164502223738,352.164502223738,352.164502223738,352.1640308192172,352.1640308192172,352.1640308192172,352.1640308192172,352.1640308192172,352.1640308192172,352.1640308192172,352.1640308192172,352.1640308192172,352.1640308192172,352.1640308192172,352.1640308192172,352.1640308192172,352.1640308192172,352.1640308192172,352.1640308192172,352.1640308192172,352.1640308192172,352.1640308192172,352.1640308192172,352.1640308192172,352.1640308192172,352.1640308192172,352.1640308192172,352.1640308192172,352.1640308192172,352.1640308192172,352.1640308192172,352.1640308192172,352.1640308192172,352.1640308192172,352.1640308192172,352.1640308192172,352.1640308192172,352.1640308192172,352.1640308192172,352.1640308192172,350.44814095308976,350.44814095308976,350.44814095308976,350.44814095308976,350.44814095308976,350.44814095308976,350.44814095308976,350.44814095308976,350.44814095308976,350.44814095308976,350.44814095308976,350.44814095308976,350.44814095308976,350.44814095308976,350.44814095308976,350.0813599185138,350.0813599185138,350.0813599185138,350.0813599185138,350.0813599185138,350.0813599185138,350.0813599185138,350.0813599185138,350.0813599185138,350.0813599185138,350.0813599185138,350.0813599185138,350.0813599185138,350.0813599185138,350.0813599185138,350.0813599185138,350.0813599185138,350.0813599185138,350.0813599185138,350.0813599185138,350.0813599185138,350.0813599185138,350.0813599185138,350.0813599185138,350.0813599185138,350.0813599185138,350.0813599185138,350.0813599185138,350.0813599185138,350.0813599185138,350.0813599185138,350.0813599185138,350.0813599185138,350.0813599185138,350.0813599185138,350.0813599185138,350.0813599185138,350.0813599185138,350.0813599185138,350.0813599185138,350.0813599185138,350.0813599185138,350.0813599185138,350.0813599185138,350.0813599185138,350.0813599185138,350.0813599185138,350.0813599185138,350.0813599185138,350.0813599185138,350.0813599185138,350.0813599185138,350.0813599185138,350.0813599185138,350.0813599185138,350.0813599185138,350.0813599185138,350.0813599185138,350.0813599185138,350.0813599185138,350.0813599185138,350.0813599185138,350.0813599185138,350.0813599185138,350.0813599185138,350.0813599185138,350.0813599185138,350.0813599185138,350.0813599185138,350.0813599185138,350.0813599185138,350.0813599185138,350.0813599185138,350.0813599185138,350.0813599185138,350.0813599185138,350.0813599185138,350.0813599185138,350.0813599185138,350.0813599185138,350.0813599185138,350.0813599185138,350.0813599185138,350.0813599185138,