{"front":[{"trucks":[[32,35,61,62,59,60,64,63,65,66,67,68,69,40,70,38,39,41,53,46,54,47,44,43,45,49,48,51,50,71,52],[33,57,58,55,56,42,24,27,25,26,28,29,23,22,31,30,21],[12,2,16,15,37],[36,34,19,20,3,14,18,17,13,72,7,11,6,4,9,5,8,10]],"distance":265.02870065299084,"fuel":367.38376389801584},{"trucks":[[32,35,61,62,59,60,64,63,65,66,67,68,69,40,70,38,39,41,53,46,54,47,44,43,45,49,48,51,71,50,52],[33,57,58,55,56,42,24,27,25,26,28,29,23,22,31,30,21],[37,12,2,16,15],[36,34,19,20,3,14,18,17,13,72,7,11,6,4,9,5,8,10]],"distance":265.1259945668952,"fuel":367.29658391010224},{"distance":271.33798454845396,"fuel":363.58845442447176,"trucks":[[32,35,61,62,59,60,64,63,65,66,67,68,69,40,52,71,50,51,48,49,45,43,44,47,54,46,53,41,39,38,70],[33,57,58,55,56,42,24,27,25,26,28,29,23,22,31,30,21],[12,2,16,15,37],[36,34,19,20,3,14,18,17,13,72,7,11,6,4,9,5,8,10]]}],"benchmark":"F-n72-k4","Optimal":237}