{"front":[{"fuel":1579.7998085395666,"distance":1124.6812355203149,"trucks":[[14,29,16,57,59],[64,49,26,22,56,55,23,53,46,13],[10,63,62,4,58,31],[37,43,45,41,65,35,7,61],[12,21,20,36,50,2],[15,51,5,47,40,54],[66,38,33,24,9,8],[48,3,67,42,17,28,11,44],[34,27,32,19,6],[18,52,30,25,60,39]]}],"benchmark":"B-n67-k10","Optimal":1032}