{"benchmark":"F-n135-k7","front":[{"trucks":[[73,135,77,78,65,79,64,80,68,134,34,81,69,71,70,112,124,125,126,113,82],[83,21,84,87,86,85,88,90,91,93,17,14,16,15,89,12,13,11,10,9,8,7,6,5,3,43,42,4,41,44,45,40,39,97,98,99,101],[118,117,132,116,115,107,108,109,110],[114,130,129,128,127,111,123,122,121,120,131,66],[92,22,26,27,28,29,31,32,60,61,62,63,51,52,53,54,103,102,105,106,58,57,104,56,55,24,25,23],[48,76,2,36,37,100,38,96,46,95,94,30,59,50,49,35,33,75,74],[67,72,18,19,133,20,47,119]],"distance":1329.1709400456011,"fuel":1844.0003406014184},{"trucks":[[73,135,77,78,65,79,64,80,68,134,34,81,69,71,70,112,124,125,126,113,82],[83,21,84,85,86,87,88,90,91,93,17,14,16,15,89,12,13,11,10,9,8,7,6,5,3,43,42,4,41,44,45,40,39,97,98,99,101],[118,117,132,116,115,107,108,109,110],[114,130,129,128,127,111,123,122,121,120,131,66],[92,22,26,27,28,29,31,32,60,61,62,63,51,52,53,54,103,102,105,106,58,57,104,56,55,24,25,23],[74,75,33,35,49,50,36,37,100,38,96,46,95,94,30,59,2,76,48],[47,119,67,72,18,19,20,133]],"fuel":1840.6426368672862,"distance":1330.7832195573733},{"trucks":[[73,135,77,78,65,79,64,80,68,134,34,81,69,71,70,112,124,125,126,113,82],[83,21,84,87,85,86,88,90,91,93,17,14,16,15,89,12,13,11,10,9,8,7,6,5,3,43,42,4,41,44,45,40,39,97,98,99,101],[118,117,132,116,115,107,108,109,110],[114,130,129,128,127,111,123,122,121,120,131,66],[92,22,26,27,28,29,31,32,60,61,62,63,51,52,53,54,103,102,105,106,58,57,104,56,55,24,25,23],[48,76,2,36,37,100,38,96,46,95,94,30,59,50,49,35,33,75,74],[47,119,67,72,18,19,133,20]],"distance":1330.923834285476,"fuel":1839.655719663783}],"Optimal":1162}