{"Optimal":1162,"front":[{"distance":1325.8920105145264,"trucks":[[116,115,107,108,109,110,121],[67,72,34,81,69,71,70,111,124,125,127,18],[59,58,57,104,56,55,54,103,105,102,101,99,100,37,36,38,96,41,45,44,40,39,97,98,106],[63,53,52,51,50,49,35,64,80,68,134,79,65,78,77,135,33,76,2,62,61,60,32,30,94,95,46,4,42,43,3,5,6,7,8,9,10,11,13,12,15,89,16,14,17,90,91,93,29,28],[92,26,27,31,88,87,85,86,84,21],[19,133,82,114,130,129,128,122,123,112,126,113],[73,74,75,48,24,25,23,22,83,66,131,120,132,117,118,20,119,47]],"fuel":1845.2840450027782}],"benchmark":"F-n135-k7"}