{"front":[{"trucks":[[19,20,21,23,18,15,16,17,4,3,2,7,13],[12,14,10,9,6,5,22,8],[11]],"distance":570.1522756626268,"fuel":746.7224212166037},{"fuel":729.8956418517646,"trucks":[[19,20,21,23,18,15,16,17,4,3,2,7],[12,14,10,9,6,5,22,8],[13,11]],"distance":570.5614951674117},{"fuel":721.3944016034502,"trucks":[[13,12,14,10,9,6,5,22],[19,20,21,23,18,15,16,17,4,3,2,7],[11,8]],"distance":573.2004691898164}],"Optimal":569,"benchmark":"E-n23-k3"}