{"Optimal":944,"front":[{"fuel":1377.4461878556767,"trucks":[[33,21,6,22,34,42,9,11,4],[10,23,17,5,43,37,40,13],[45,38,35,20,31,41,12,28],[2,7,25,18,19,27],[24,29,8,14,44,30],[15,36,32,39,3,26,16]],"distance":959.9654685488845},{"fuel":1374.5842554365079,"distance":959.9698224794238,"trucks":[[33,21,6,22,34,42,9,11,4],[10,23,17,5,43,37,40,13],[45,38,35,20,31,41,12,28],[2,7,25,19,18,27],[24,29,8,14,44,30],[15,36,32,39,3,26,16]]},{"trucks":[[33,21,4,11,9,42,34,22,6],[10,23,17,5,43,37,40,13],[45,38,35,20,31,41,12,28],[2,7,25,18,19,27],[24,29,8,14,44,30],[15,36,32,39,3,26,16]],"distance":963.3223734151939,"fuel":1366.4680350014537},{"trucks":[[33,21,4,11,9,42,34,22,6],[10,23,17,5,43,37,40,13],[45,38,35,20,31,41,12,28],[2,7,25,19,18,27],[24,29,8,14,44,30],[15,36,32,39,3,26,16]],"fuel":1363.6061025822848,"distance":963.3267273457329}],"benchmark":"A-n45-k6"}