{"optimalDistance":742,"distanceSequence":[814.8458144216779,813.5329597090838,813.5329597090838,810.0878815338953,810.0878815338953,810.0878815338953,810.0878815338953,810.0878815338953,810.0878815338953,810.077396288173,808.7289238755345,805.1055940254963,805.1055940254963,797.7106704739616,797.7106704739616,797.7106704739616,797.7106704739616,796.49952153739,796.49952153739,796.49952153739,794.5733118547213,794.5733118547213,794.5733118547213,794.5733118547213,794.5733118547213,794.5733118547213,789.0940157855777,789.0940157855777,789.0940157855777,789.0940157855777,789.0940157855777,789.0940157855777,789.0940157855777,789.0940157855777,789.0940157855777,784.4675012127269,784.4675012127269,784.4675012127269,784.4675012127269,784.4675012127269,784.4675012127269,784.4675012127269,782.2605027613139,782.2605027613139,782.2605027613139,782.2605027613139,779.8769586729061,779.8769586729061,779.8769586729061,779.8769586729061,779.8769586729061,779.8769586729061,779.8769586729061,779.8769586729061,779.8769586729061,779.4704037393399,779.2656726484087,778.010436572697,777.4928867639917,777.4928867639917,777.4928867639917,777.4928867639917,777.4928867639917,777.4928867639917,777.4928867639917,777.4928867639917,777.4928867639917,775.6263646637826,775.6263646637826,775.6263646637826,775.6263646637826,775.6263646637826,775.6263646637826,775.6263646637826,775.6263646637826,775.2198097302164,775.2198097302164,775.2198097302164,775.2198097302164,775.2198097302164,775.2198097302164,775.2198097302164,774.5524416143445,774.5524416143445,774.5524416143445,772.2441033856685,772.2441033856685,772.2441033856685,772.2441033856685,772.2441033856685,772.2441033856685,772.2441033856685,771.919769692639,771.919769692639,771.919769692639,771.919769692639,771.919769692639,771.919769692639,771.919769692639,771.919769692639,771.919769692639,771.919769692639,771.919769692639,771.919769692639,771.919769692639,770.3574234420709,770.3574234420709,770.3574234420709,770.3574234420709,770.3574234420709,768.3149180700022,768.3149180700022,768.3149180700022,768.3149180700022,768.3149180700022,768.3149180700022,768.3149180700022,768.3149180700022,768.3149180700022,768.3149180700022,768.3149180700022,768.3149180700022,768.3149180700022,768.3149180700022,768.3149180700022,768.3149180700022,767.2409950205641,767.2409950205641,767.2409950205641,767.2409950205641,767.2409950205641,767.2409950205641,767.2409950205641,767.2409950205641,767.2409950205641,767.2409950205641,762.9650750893286,762.9650750893286,762.9650750893286,762.9650750893286,762.9650750893286,762.9650750893286,762.9650750893286,762.9650750893286,762.9650750893286,762.9650750893286,762.9650750893286,762.9650750893286,762.9650750893286,762.9650750893286,762.9650750893286,762.9650750893286,762.9650750893286,762.9650750893286,762.9650750893286,762.7670943855808,759.0065031886645,759.0065031886645,759.0065031886645,759.0065031886645,759.0065031886645,759.0065031886645,759.0065031886645,759.0065031886645,759.0065031886645,759.0065031886645,759.0065031886645,759.0065031886645,759.0065031886645,759.0065031886645,756.7942050643296,756.7942050643296,756.7942050643296,756.7942050643296,756.7942050643296,756.7942050643296,756.7942050643296,756.7942050643296,756.7942050643296,756.7942050643296,756.7942050643296,756.7942050643296,756.7942050643296,756.7942050643296,756.7942050643296,756.7942050643296,756.7942050643296,756.5962243605818,756.5962243605818,756.5962243605818,756.5962243605818,756.5962243605818,756.5962243605818,756.5962243605818,756.5962243605818,756.5962243605818,756.5962243605818,756.5962243605818,756.5962243605818,756.5962243605818,756.5962243605818,756.5962243605818,756.5962243605818,756.5962243605818,756.5962243605818,756.5962243605818,756.5962243605818,756.5962243605818,756.5962243605818,756.5962243605818,756.3870512864493,756.3870512864493,755.5223013111437,755.5223013111437,755.5223013111437,755.5223013111437,755.5223013111437,755.5223013111437,755.5223013111437,755.5223013111437,755.5223013111437,755.5223013111437,755.5223013111437,755.1062352482429,755.1062352482429,755.1062352482429,755.1062352482429,755.1062352482429,755.1062352482429,755.1062352482429,755.1062352482429,755.1062352482429,755.1062352482429,755.1062352482429,755.1062352482429,755.1062352482429,755.1062352482429,755.1062352482429,754.9897023322447,754.9897023322447,754.244385502606,754.244385502606,754.244385502606,754.244385502606,754.244385502606,754.244385502606,754.244385502606,754.244385502606,754.244385502606,754.244385502606,754.244385502606,754.244385502606,753.9186795124751,753.9186795124751,753.9186795124751,753.9186795124751,753.9186795124751,753.9186795124751,753.5064331645559,753.5064331645559,753.5064331645559,753.5064331645559,753.5064331645559,753.5064331645559,753.5064331645559,753.5064331645559,753.5064331645559,753.5064331645559,753.5064331645559,753.5064331645559,753.5064331645559,753.5064331645559,753.5064331645559,753.5064331645559,753.5064331645559,753.5064331645559,753.5064331645559,753.5064331645559,753.5064331645559,753.5064331645559,753.1807271744251,753.1807271744251,753.1807271744251,753.1807271744251,753.1807271744251,753.1807271744251,753.1807271744251,753.1807271744251,753.1807271744251,753.1807271744251,753.1807271744251,753.1807271744251,753.1807271744251,753.1807271744251,753.1807271744251,753.1807271744251,753.1807271744251,753.1807271744251,753.1807271744251,753.1807271744251,753.1807271744251,753.1807271744251,753.1807271744251,753.1807271744251,753.1807271744251,753.1807271744251,753.1807271744251,753.1807271744251,753.1807271744251,753.1807271744251,753.1807271744251,753.1807271744251,753.1807271744251,753.1807271744251,753.1807271744251,753.1807271744251,753.1807271744251,753.1807271744251,753.1807271744251,753.1807271744251,753.1807271744251,753.1807271744251,753.1807271744251,753.1807271744251,753.1807271744251,753.1807271744251,753.1807271744251,753.1807271744251,753.1807271744251,753.1807271744251,753.1807271744251,753.1807271744251,753.1807271744251,753.1807271744251,753.1807271744251,753.1807271744251,753.1807271744251,753.1807271744251,753.1807271744251,753.1807271744251,753.1807271744251,753.1807271744251,753.1807271744251,753.1807271744251,753.1807271744251,753.1807271744251,753.1807271744251,753.1807271744251,753.1807271744251,753.1807271744251,753.1807271744251,753.1807271744251,753.1807271744251,753.1807271744251,753.1807271744251,753.1807271744251,753.1807271744251,753.1807271744251,753.1807271744251,753.1807271744251,753.1807271744251,753.1807271744251,753.1807271744251,753.1807271744251,753.1807271744251,753.1807271744251,753.1807271744251,753.1807271744251,753.1807271744251,753.1807271744251,753.1807271744251,753.1807271744251,753.1807271744251,753.1807271744251,753.1807271744251,753.1807271744251,753.1807271744251,753.1807271744251,753.1807271744251,753.1807271744251,753.1807271744251,753.1807271744251,753.1807271744251,753.1807271744251,753.1807271744251,753.1807271744251,753.1807271744251,753.1807271744251,753.1807271744251,753.1807271744251,753.1807271744251,753.1807271744251,753.1807271744251,753.1807271744251,753.1807271744251,753.1807271744251,753.1807271744251,753.1807271744251,753.1807271744251,753.1807271744251,753.1807271744251,753.1807271744251,753.1807271744251,753.1807271744251,753.1807271744251,753.1807271744251,753.1807271744251,753.1807271744251,753.1807271744251,753.1807271744251,753.1807271744251,753.1807271744251,753.1807271744251,753.1807271744251,753.1807271744251,753.1807271744251,753.1807271744251,753.1807271744251,753.1807271744251,753.1807271744251,753.1807271744251,753.1807271744251,753.1807271744251,753.1807271744251,753.1807271744251,753.1807271744251,753.1807271744251,753.1807271744251,753.1807271744251,753.1807271744251,753.1807271744251,753.1807271744251,753.1807271744251,753.1807271744251,753.1807271744251,753.1807271744251,753.1807271744251,753.1807271744251,753.1807271744251,753.1807271744251,753.1807271744251,753.1807271744251,753.1807271744251,