{"front":[{"trucks":[[18,40,35,17,32,13,39,16,8],[10,27,43,7,25,23],[34,21,22,6,19,20,15,29,38],[11,9,3,2,24,37],[28,26,33,30,31,14,12,4],[5,36,41,42]],"fuel":1055.9409354863308,"distance":752.9093291726776}],"benchmark":"B-n43-k6","Optimal":742}