{"optimalDistance":784,"benchmark":"A-n32-k5","distanceSequence":[887.497487861853,887.497487861853,887.497487861853,887.497487861853,887.497487861853,887.497487861853,884.9167422855355,884.7313814036941,884.7313814036941,884.7313814036941,884.7313814036941,884.7313814036941,884.7313814036941,884.7313814036941,884.7313814036941,884.7313814036941,884.4548275625316,884.4548275625316,884.4548275625316,883.0703255935343,883.0703255935343,880.7963671725711,880.7963671725711,880.7963671725711,880.7963671725711,873.9097416662621,873.9097416662621,873.9097416662621,873.9097416662621,873.9097416662621,873.9097416662621,873.9097416662621,873.9097416662621,873.9097416662621,870.0821035726681,870.0821035726681,870.0821035726681,870.0821035726681,870.0821035726681,870.0821035726681,865.2461387218668,865.2461387218668,865.2461387218668,865.2461387218668,865.2461387218668,860.5466663810772,860.5466663810772,860.5466663810772,860.5466663810772,860.5466663810772,860.5466663810772,860.5466663810772,860.5466663810772,856.2697572528319,856.2697572528319,856.2697572528319,856.2697572528319,856.2697572528319,856.2697572528319,856.2697572528319,856.2697572528319,856.2697572528319,856.2697572528319,856.2697572528319,856.2697572528319,856.2697572528319,851.0752905924892,851.0752905924892,851.0752905924892,851.0752905924892,851.0752905924892,851.0752905924892,851.0752905924892,851.0752905924892,851.0752905924892,851.0752905924892,851.0752905924892,849.5658552407442,849.5658552407442,849.5658552407442,836.1897640263434,836.1897640263434,836.1897640263434,836.1897640263434,836.1897640263434,830.0705040773265,830.0705040773265,830.0705040773265,830.0705040773265,830.0705040773265,830.0705040773265,830.0705040773265,830.0705040773265,830.0705040773265,828.5610687255815,828.5610687255815,828.5610687255815,828.5610687255815,828.5610687255815,828.5610687255815,824.2841595973363,824.2841595973363,824.2841595973363,824.2841595973363,824.2841595973363,824.2841595973363,824.2841595973363,824.2841595973363,824.2841595973363,824.2841595973363,824.2841595973363,824.2841595973363,824.2841595973363,824.2841595973363,823.3557409753305,823.3557409753305,823.3557409753305,823.3557409753305,823.3557409753305,823.3557409753305,823.3557409753305,823.3557409753305,823.3557409753305,823.3557409753305,823.3557409753305,823.3557409753305,823.3557409753305,823.3557409753305,823.3557409753305,823.3557409753305,823.3557409753305,823.3557409753305,823.3557409753305,823.3557409753305,823.3557409753305,823.3557409753305,823.3557409753305,823.3557409753305,823.3557409753305,823.3557409753305,823.3557409753305,823.3557409753305,823.3557409753305,823.3557409753305,823.3557409753305,823.3557409753305,823.3557409753305,823.3557409753305,823.3557409753305,823.3557409753305,823.3557409753305,823.3557409753305,823.3557409753305,823.3557409753305,823.3557409753305,823.3557409753305,823.3557409753305,823.3557409753305,823.3557409753305,823.3557409753305,823.3557409753305,823.3557409753305,823.3557409753305,823.3557409753305,823.3557409753305,823.3557409753305,823.3557409753305,823.3557409753305,823.3557409753305,823.3557409753305,823.3557409753305,823.3557409753305,823.3557409753305,823.3557409753305,823.3557409753305,823.3557409753305,823.3557409753305,823.3557409753305,823.3557409753305,823.3557409753305,823.3557409753305,823.3557409753305,823.3557409753305,823.3557409753305,823.3557409753305,823.3557409753305,823.3557409753305,823.3557409753305,823.3557409753305,823.3557409753305,823.3557409753305,823.3557409753305,823.3557409753305,823.3557409753305,823.3557409753305,823.3557409753305,823.3557409753305,823.3557409753305,823.3557409753305,823.3557409753305,823.3557409753305,823.3557409753305,823.3557409753305,823.3557409753305,823.3557409753305,823.3557409753305,823.3557409753305,823.3557409753305,821.3769843241014,821.3769843241014,821.3769843241014,821.3769843241014,821.3769843241014,821.3769843241014,821.3769843241014,821.3769843241014,821.3769843241014,821.3769843241014,821.3769843241014,821.3769843241014,821.3769843241014,821.3769843241014,821.3769843241014,821.3769843241014,821.3769843241014,821.3769843241014,821.3769843241014,821.3769843241014,821.3769843241014,821.3769843241014,821.3769843241014,821.3769843241014,821.3769843241014,821.3769843241014,821.3769843241014,821.3769843241014,821.3769843241014,821.3769843241014,821.3769843241014,821.3769843241014,821.3769843241014,821.3769843241014,821.3769843241014,821.3769843241014,821.3769843241014,821.3769843241014,821.3769843241014,821.3769843241014,821.3769843241014,821.3769843241014,821.3769843241014,821.3769843241014,821.3769843241014,821.3769843241014,821.3769843241014,821.3769843241014,821.3769843241014,821.3769843241014,821.3769843241014,821.3769843241014,821.3769843241014,821.3769843241014,821.3769843241014,821.3769843241014,821.3769843241014,821.3769843241014,821.3769843241014,821.3769843241014,821.3769843241014,821.3769843241014,821.3769843241014,821.3769843241014,818.6801151593918,818.6801151593918,818.6801151593918,818.6801151593918,818.6801151593918,818.6801151593918,818.6801151593918,818.6801151593918,818.6801151593918,818.6801151593918,818.6801151593918,818.6801151593918,818.6801151593918,818.6801151593918,818.6801151593918,818.6801151593918,818.6801151593918,818.6801151593918,818.6801151593918,818.6801151593918,818.6801151593918,818.6801151593918,818.6801151593918,818.6801151593918,818.6801151593918,818.6801151593918,818.6801151593918,818.6801151593918,818.6801151593918,818.6801151593918,818.6801151593918,818.6801151593918,818.6801151593918,818.6801151593918,818.6801151593918,818.6801151593918,818.6801151593918,818.6801151593918,818.6801151593918,818.6801151593918,818.6801151593918,818.6801151593918,818.6801151593918,818.6801151593918,818.6801151593918,818.6801151593918,818.6801151593918,818.6801151593918,818.6801151593918,818.6801151593918,818.6801151593918,818.6801151593918,818.6801151593918,818.6801151593918,818.6801151593918,818.6801151593918,818.6801151593918,818.6801151593918,818.6801151593918,818.6801151593918,818.6801151593918,818.6801151593918,818.6801151593918,818.6801151593918,818.6801151593918,818.6801151593918,818.6801151593918,818.6801151593918,818.6801151593918,818.6801151593918,818.6801151593918,818.6801151593918,818.6801151593918,818.6801151593918,818.6801151593918,818.6801151593918,818.6801151593918,818.6801151593918,818.6801151593918,818.6801151593918,818.6801151593918,818.6801151593918,818.6801151593918,818.6801151593918,818.6801151593918,818.6801151593918,818.6801151593918,818.6801151593918,818.6801151593918,818.6801151593918,818.6801151593918,818.6801151593918,818.6801151593918,818.6801151593918,818.6801151593918,818.6801151593918,818.6801151593918,818.6801151593918,818.6801151593918,818.6801151593918,818.6801151593918,818.6801151593918,818.6801151593918,818.6801151593918,818.6801151593918,818.6801151593918,818.6801151593918,818.6801151593918,818.6801151593918,818.6801151593918,818.6801151593918,818.6801151593918,818.6801151593918,818.6801151593918,818.6801151593918,818.6801151593918,818.6801151593918,818.6801151593918,818.6801151593918,818.6801151593918,818.6801151593918,818.6801151593918,818.6801151593918,818.6801151593918,818.6801151593918,818.6801151593918,818.6801151593918,818.6801151593918,818.6801151593918,818.6801151593918,818.6801151593918,818.6801151593918,818.6801151593918,818.6801151593918,818.6801151593918,818.6801151593918,818.6801151593918,818.6801151593918,818.6801151593918,818.6801151593918,818.6801151593918,818.6801151593918,818.6801151593918,818.6801151593918,818.6801151593918,818.6801151593918,818.6801151593918,818.6801151593918,818.6801151593918,818.6801151593918,818.6801151593918,818.6801151593918,818.6801151593918,818.6801151593918,818.6801151593918,818.6801151593918,818.6801151593918,818.6801151593918,818.6801151593918,818.6801151593918,818.6801151593918,818.6801151593918,818.6801151593918,818.6801151593918,818.6801151593918,818.6801151593918,818.6801151593918,818.6801151593918,818.6801151593918,