{"optimalDistance":784,"distanceSequence":[900.0663530411028,900.0663530411028,900.0663530411028,900.0663530411028,900.0663530411028,900.0663530411028,900.0663530411028,893.7383503680327,893.7383503680327,893.7383503680327,893.7383503680327,893.7383503680327,891.6099950408876,891.6099950408876,891.6099950408876,891.6099950408876,876.7976070954886,876.7976070954886,876.7976070954886,876.7976070954886,876.7976070954886,876.7976070954886,876.7976070954886,876.7976070954886,872.5206979672432,872.5206979672432,872.5206979672432,872.5206979672432,872.5206979672432,872.5206979672432,872.5206979672432,870.5287846053238,870.5287846053238,870.5287846053238,865.7226183480998,865.7226183480998,865.7226183480998,865.7226183480998,858.4799048682838,858.4799048682838,858.4799048682838,858.4799048682838,858.4799048682838,858.4799048682838,858.4799048682838,855.9633720748407,855.9633720748407,855.9633720748407,846.5225219943543,846.5225219943543,846.5225219943543,846.5225219943543,846.5225219943543,846.5225219943543,846.5225219943543,846.5225219943543,846.5225219943543,846.5225219943543,846.5225219943543,846.5225219943543,846.5225219943543,846.5225219943543,846.5225219943543,844.0059892009112,844.0059892009112,844.0059892009112,844.0059892009112,844.0059892009112,844.0059892009112,844.0059892009112,844.0059892009112,844.0059892009112,844.0059892009112,844.0059892009112,844.0059892009112,844.0059892009112,844.0059892009112,844.0059892009112,844.0059892009112,844.0059892009112,844.0059892009112,844.0059892009112,844.0059892009112,844.0059892009112,844.0059892009112,844.0059892009112,844.0059892009112,844.0059892009112,844.0059892009112,841.9196298588133,841.9196298588133,841.9196298588133,841.9196298588133,841.9196298588133,841.9196298588133,841.9196298588133,841.9196298588133,841.9196298588133,841.9196298588133,841.9196298588133,841.9196298588133,841.9196298588133,841.9196298588133,841.9196298588133,841.9196298588133,841.9196298588133,841.9196298588133,841.9196298588133,841.1509304314752,841.1509304314752,841.1509304314752,841.1509304314752,841.1509304314752,841.1509304314752,841.1509304314752,841.1509304314752,841.1509304314752,841.1509304314752,841.1509304314752,841.1509304314752,841.1509304314752,841.1509304314752,841.1509304314752,841.1509304314752,841.1509304314752,841.1509304314752,841.1509304314752,841.1509304314752,841.1509304314752,841.1509304314752,841.1509304314752,841.1509304314752,841.1509304314752,841.1509304314752,841.1509304314752,841.1509304314752,841.1509304314752,841.1509304314752,841.1509304314752,841.1509304314752,841.1509304314752,841.1509304314752,841.1509304314752,841.1509304314752,841.1509304314752,841.1509304314752,841.1509304314752,841.1509304314752,841.1509304314752,841.1509304314752,841.1509304314752,841.1509304314752,841.1509304314752,841.1509304314752,841.1509304314752,841.1509304314752,841.1509304314752,841.1509304314752,841.1509304314752,841.1509304314752,841.1509304314752,841.1509304314752,841.1509304314752,841.1509304314752,841.1509304314752,841.1509304314752,841.1509304314752,841.1509304314752,841.1509304314752,841.1509304314752,841.1509304314752,841.1509304314752,841.1509304314752,841.1509304314752,841.1509304314752,841.1509304314752,841.1509304314752,841.1509304314752,841.1509304314752,841.1509304314752,841.1509304314752,841.1509304314752,841.1509304314752,841.1509304314752,841.1509304314752,841.1509304314752,841.1509304314752,841.1509304314752,841.1509304314752,841.1509304314752,841.1509304314752,841.1509304314752,841.1509304314752,841.1509304314752,841.1509304314752,841.1509304314752,841.1509304314752,841.1509304314752,841.1509304314752,841.1509304314752,841.1509304314752,841.1509304314752,841.1509304314752,841.1509304314752,841.1509304314752,841.1509304314752,841.1509304314752,841.1509304314752,841.1509304314752,841.1509304314752,841.1509304314752,841.1509304314752,841.1509304314752,841.1509304314752,841.1509304314752,841.1509304314752,841.1509304314752,841.1509304314752,841.1509304314752,841.1509304314752,841.1509304314752,841.1509304314752,841.1509304314752,841.1509304314752,841.1509304314752,841.1509304314752,841.1509304314752,841.1509304314752,841.1509304314752,841.1509304314752,841.1509304314752,841.1509304314752,841.1509304314752,841.1509304314752,841.1509304314752,841.1509304314752,841.1509304314752,841.1509304314752,841.1509304314752,841.1509304314752,841.1509304314752,841.1509304314752,841.1509304314752,841.1509304314752,841.1509304314752,841.1509304314752,841.1509304314752,841.1509304314752,841.1509304314752,841.1509304314752,841.1509304314752,841.1509304314752,841.1509304314752,841.1509304314752,841.1509304314752,841.1509304314752,841.1509304314752,841.1509304314752,841.1509304314752,841.1509304314752,841.1509304314752,841.1509304314752,841.1509304314752,841.1509304314752,841.1509304314752,841.1509304314752,841.1509304314752,841.1509304314752,841.1509304314752,841.1509304314752,841.1509304314752,841.1509304314752,841.1509304314752,841.1509304314752,841.1509304314752,841.1509304314752,841.1509304314752,841.1509304314752,841.1509304314752,841.1509304314752,841.1509304314752,841.1509304314752,841.1509304314752,841.1509304314752,841.1509304314752,841.1509304314752,841.1509304314752,841.1509304314752,841.1509304314752,841.1509304314752,839.3789126180526,839.3789126180526,839.3789126180526,839.3789126180526,839.3789126180526,839.3789126180526,839.3789126180526,839.3789126180526,839.3789126180526,839.3789126180526,839.3789126180526,835.1045701701551,835.1045701701551,835.1045701701551,835.1045701701551,835.1045701701551,835.1045701701551,835.1045701701551,835.1045701701551,835.1045701701551,835.1045701701551,835.1045701701551,835.1045701701551,835.1045701701551,835.1045701701551,835.1045701701551,835.1045701701551,835.1045701701551,835.1045701701551,835.1045701701551,835.1045701701551,835.1045701701551,835.1045701701551,835.1045701701551,835.1045701701551,835.1045701701551,835.1045701701551,835.1045701701551,835.1045701701551,835.1045701701551,835.1045701701551,835.1045701701551,835.1045701701551,835.1045701701551,835.1045701701551,835.1045701701551,835.1045701701551,835.1045701701551,835.1045701701551,835.1045701701551,835.1045701701551,835.1045701701551,835.1045701701551,835.1045701701551,835.1045701701551,835.1045701701551,835.1045701701551,835.1045701701551,835.1045701701551,835.1045701701551,835.1045701701551,835.1045701701551,835.1045701701551,835.1045701701551,835.1045701701551,835.1045701701551,835.1045701701551,835.1045701701551,835.1045701701551,835.1045701701551,835.1045701701551,835.1045701701551,835.1045701701551,835.1045701701551,835.1045701701551,835.1045701701551,835.1045701701551,835.1045701701551,835.1045701701551,835.1045701701551,835.1045701701551,835.1045701701551,835.1045701701551,835.1045701701551,835.1045701701551,835.1045701701551,835.1045701701551,835.1045701701551,835.1045701701551,835.1045701701551,835.1045701701551,835.1045701701551,835.1045701701551,835.1045701701551,835.1045701701551,835.1045701701551,835.1045701701551,835.1045701701551,835.1045701701551,835.1045701701551,835.1045701701551,835.1045701701551,835.1045701701551,835.1045701701551,835.1045701701551,835.1045701701551,835.1045701701551,835.1045701701551,835.1045701701551,835.1045701701551,835.1045701701551,835.1045701701551,835.1045701701551,835.1045701701551,835.1045701701551,835.1045701701551,835.1045701701551,835.1045701701551,835.1045701701551,835.1045701701551,835.1045701701551,835.1045701701551,835.1045701701551,835.1045701701551,835.1045701701551,835.1045701701551,835.1045701701551,835.1045701701551,835.1045701701551,835.1045701701551,835.1045701701551,835.1045701701551,835.1045701701551,835.1045701701551,835.1045701701551,835.1045701701551,835.1045701701551,835.1045701701551,835.1045701701551,835.1045701701551,835.1045701701551,835.1045701701551,835.1045701701551,835.1045701701551,835.1045701701551,835.1045701701551,835.1045701701551,835.1045701701551,835.1045701701551,835.1045701701551,835.1045701701551,835.1045701701551,