{"front":[{"fuel":1128.4325497677878,"trucks":[[21,6,26,11,16,10,23],[31,17,8,2,13],[15,4,3,24,29,5,12,9,19,30],[27,14,22,32,20,18,7],[25,28]],"distance":814.7505341696778},{"fuel":1126.8052273559836,"trucks":[[21,6,26,11,16,10,23],[31,17,8,2,13],[4,3,24,29,5,12,9,19,30],[27,14,22,32,20,18,7],[28,25,15]],"distance":815.7033175744988}],"benchmark":"A-n32-k5","Optimal":784}