{"Optimal":784,"front":[{"fuel":1113.422176512639,"distance":797.8718059878202,"trucks":[[21,6,26,11,16,10,23,30],[3,4,24,29,5,12,9,19,15],[27,14,22,32,20,18,7],[31,17,8,2,13],[25,28]]}],"benchmark":"A-n32-k5"}