{"Optimal":1373,"benchmark":"M-n200-k17","front":[{"fuel":2202.4871567503797,"trucks":[[167,61,119,6,85,174,62,17,142,192,45,92,93],[59,153,138,88,173,43,143,15,120,193,44,16,179],[145,58,146,42,172,75,23,134,76,68,180,27],[177,133,70,168,128,32,191,89,8,195,107,154],[74,73,198,57,187,24,40,188,140,171,26,56],[28,112,29,155,139,13,185,117,197,77,2],[150,196,110,178,151,81,69,122,30,25,164,159,4,78],[158,103,51,34,82,121,10,104,67,66],[186,80,130,170,79,35,165,136,36,137,72,162,52],[157,147,53,19,90,148,7,184,95,96,118,98,116,3],[84,200,115,9,175,46,126,18,114,87,141,39],[163,102,71,31,123,21,189,129,161,132,33,91,127,64,12],[49,125,169,48,37,144,50,176,108,124,20],[183,149,63,160,11,190,109,182,65,47,83],[106,181,41,22,199,156,5,166,131,55,135,111],[113,14,100,97,101,60,86,94,99,105],[54,194,152,38]],"distance":1591.7570940950316}]}