{"Optimal":1373,"benchmark":"M-n200-k17","front":[{"fuel":2234.00870115484,"distance":1593.5120294922099,"trucks":[[84,200,115,9,175,46,126,18,114,87,141,39],[83,124,20,108,176,12,65,50,144,37,169,48,125,47],[184,7,148,90,167,6,61,119,28,147,168],[29,27,106,153,59,14,94,96,95],[164,135,25,30,122,170,79,35,165,136,36,137,72,104,10],[78,117,197,77,185,69,81,151,178,110,13,180],[123,31,161,129,21,189,67,66,162,52],[199,111,5,156,140,188,40,171,26,56,166,131,55],[74,73,198,57,187,24,68,76,134,23,75],[89,63,160,11,190,109,182,132,33,91,64,127],[51,103,158,34,82,121,186,80,130,159,4,70],[41,181,22,172,42,146,116,179,3,138,38],[150,196,155,139,112,177,2,102,32,71,133],[157,113,118,98,152,93,60,100,105,97],[192,142,45,120,193,15,143,43,173,145,58,16,44],[54,88,101,194,92,86,99,62,85,174,17,163],[19,154,107,195,8,183,149,128,191,49,53]]}]}