{"front":[{"trucks":[[27,13,81,69,78,4,80,79,35,36,72,66,67,21,31,71,11,91,64,33,65,50,37,48,28],[41,22,74,73,75,23,42,76,57,24,40,68,26,56,5,55,25,30,82,34,10,52,51,77,2,70,32,29],[60,100,94,99,38,101,92,86,62,17,45,15,44,16,87,39,14,54],[59,3,58,43,88,98,93,96,95,97,7,6,85,90,19,83,63,12,49,20,47,9,46,18,61,8,89,53,84]],"distance":885.0456256992596,"fuel":1218.4976771534418}],"Optimal":681,"benchmark":"P-n101-k4"}