{"benchmark":"P-n101-k4","Optimal":681,"front":[{"fuel":1276.873088490483,"distance":896.2565035674587,"trucks":[[30,25,81,69,78,4,80,34,82,10,66,36,72,67,21,33,91,64,65,50,37,48,20,12,28],[96,95,7,90,53,19,84,61,6,85,18,46,9,47,49,83,8,32,89,63,11,71,31,52,35,79,77,51],[74,73,75,23,42,76,57,24,40,68,26,56,5,55,13,2,70,22,41,29,59,54,27],[38,101,94,100,43,86,92,93,97,14,60,99,62,17,87,45,15,39,44,16,58,3,88,98]]},{"fuel":1266.359807099214,"distance":898.4994396535386,"trucks":[[100,60,93,38,99,101,92,94,97,96,98,88,43,39,87,85,6,61,84,46,9,47,37,50,65,12,20,48],[28,70,2,71,31,21,67,72,36,66,10,82,34,80,4,78,69,81,25,30,79,35,52,33,91,64,11,29],[51,77,13,55,56,26,40,68,24,57,76,75,23,42,16,44,58,3,73,22,41,5,74,59,54,27],[90,32,63,89,8,49,83,53,19,14,7,95,86,62,18,17,45,15]]}]}