{"benchmark":"P-n101-k4","Optimal":681,"front":[{"trucks":[[28,70,2,71,31,21,67,72,36,66,10,82,34,80,4,78,69,81,25,30,79,35,52,33,91,64,12,51,77],[95,7,6,85,18,46,9,47,37,50,65,20,48,49,83,8,89,63,11,32,53,19,84,61,62,17],[54,41,22,74,73,75,23,42,76,57,24,40,68,26,56,5,55,59,27,13,29],[86,94,100,60,93,98,88,3,58,16,44,39,15,45,87,90,99,38,96,92,43,97,14,101]],"distance":902.0328976397864,"fuel":1258.6990143833523}]}