{"optimalDistance":669,"fuelSequence":[1001.1310240781064,1001.1310240781064,1001.1310240781064,1001.1310240781064,1001.1310240781064,1001.1310240781064,997.4901448126075,985.7002928297161,985.7002928297161,985.7002928297161,985.7002928297161,985.7002928297161,985.7002928297161,981.8300145131595,981.8300145131595,981.8300145131595,981.8300145131595,976.3792099634398,973.1766519654083,973.1766519654083,973.1766519654083,973.1766519654083,973.1766519654083,973.1766519654083,973.1766519654083,973.1766519654083,973.1766519654083,973.1766519654083,973.1766519654083,973.1766519654083,973.1766519654083,973.1766519654083,973.1766519654083,973.1766519654083,973.1766519654083,973.1766519654083,973.1766519654083,973.1766519654083,973.1766519654083,973.1766519654083,963.2604830453679,963.2604830453679,963.2604830453679,963.2604830453679,963.2604830453679,963.2604830453679,963.2604830453679,963.2604830453679,963.2604830453679,963.2604830453679,955.0126662954495,955.0126662954495,955.0126662954495,955.0126662954495,955.0126662954495,955.0126662954495,955.0126662954495,955.0126662954495,955.0126662954495,955.0126662954495,955.0126662954495,955.0126662954495,955.0126662954495,955.0126662954495,955.0126662954495,955.0126662954495,955.0126662954495,955.0126662954495,955.0126662954495,955.0126662954495,955.0126662954495,955.0126662954495,955.0126662954495,955.0126662954495,955.0126662954495,955.0126662954495,955.0126662954495,955.0126662954495,955.0126662954495,955.0126662954495,955.0126662954495,955.0126662954495,955.0126662954495,955.0126662954495,955.0126662954495,955.0126662954495,955.0126662954495,955.0126662954495,955.0126662954495,955.0126662954495,955.0126662954495,955.0126662954495,955.0126662954495,955.0126662954495,955.0126662954495,955.0126662954495,955.0126662954495,955.0126662954495,955.0126662954495,955.0126662954495,955.0126662954495,955.0126662954495,955.0126662954495,955.0126662954495,955.0126662954495,955.0126662954495,955.0126662954495,955.0126662954495,955.0126662954495,955.0126662954495,955.0126662954495,955.0126662954495,955.0126662954495,954.6531839705455,954.6531839705455,954.6531839705455,954.6531839705455,954.6531839705455,954.6531839705455,954.6531839705455,954.6531839705455,954.6531839705455,954.6531839705455,954.6531839705455,954.6531839705455,954.6531839705455,954.6531839705455,954.6531839705455,954.6531839705455,954.6531839705455,954.6531839705455,954.6531839705455,954.6531839705455,954.6531839705455,954.6531839705455,954.6531839705455,954.6531839705455,954.6531839705455,954.6531839705455,954.6531839705455,954.6531839705455,954.6531839705455,954.6531839705455,954.6531839705455,954.6531839705455,954.6531839705455,954.6531839705455,954.6531839705455,954.6531839705455,954.6531839705455,954.6531839705455,954.6531839705455,954.6531839705455,954.6531839705455,954.6531839705455,954.6531839705455,954.6531839705455,954.6531839705455,954.6531839705455,954.6531839705455,954.6531839705455,954.6531839705455,954.6531839705455,954.6531839705455,954.6531839705455,954.6531839705455,954.6531839705455,954.6531839705455,954.6531839705455,954.6531839705455,954.6531839705455,954.6531839705455,954.6531839705455,954.6531839705455,954.6531839705455,954.6531839705455,954.6531839705455,954.6531839705455,954.6531839705455,954.6531839705455,954.6531839705455,954.6531839705455,954.6531839705455,954.6531839705455,954.6531839705455,954.6531839705455,954.6531839705455,954.6531839705455,954.6531839705455,954.6531839705455,954.6531839705455,954.6531839705455,954.6531839705455,954.6531839705455,954.6531839705455,954.6531839705455,954.6531839705455,954.6531839705455,954.6531839705455,954.6531839705455,954.6531839705455,954.6531839705455,954.6531839705455,954.6531839705455,954.6531839705455,954.6531839705455,954.6531839705455,954.6531839705455,954.6531839705455,954.6531839705455,954.6531839705455,954.6531839705455,954.6531839705455,954.6531839705455,954.6531839705455,954.6531839705455,954.6531839705455,954.6531839705455,954.6531839705455,954.6531839705455,954.6531839705455,954.6531839705455,954.6531839705455,954.6531839705455,954.6531839705455,954.6531839705455,954.6531839705455,954.6531839705455,954.6531839705455,954.6531839705455,954.6531839705455,954.6531839705455,954.6531839705455,954.6531839705455,954.6531839705455,954.6531839705455,954.6531839705455,954.6531839705455,954.6531839705455,954.6531839705455,954.6531839705455,954.6531839705455,954.6531839705455,954.6531839705455,954.6531839705455,954.6531839705455,954.6531839705455,954.6531839705455,954.6531839705455,954.6531839705455,954.6531839705455,954.6531839705455,954.6531839705455,954.6531839705455,954.6531839705455,954.6531839705455,954.6531839705455,954.6531839705455,954.6531839705455,954.6531839705455,954.6531839705455,954.6531839705455,954.6531839705455,954.6531839705455,954.6531839705455,954.6531839705455,954.6531839705455,954.6531839705455,954.6531839705455,954.6531839705455,954.6531839705455,954.6531839705455,954.6531839705455,954.6531839705455,954.6531839705455,954.6531839705455,954.6531839705455,954.6531839705455,954.6531839705455,954.6531839705455,954.6531839705455,954.6531839705455,954.6531839705455,954.6531839705455,954.6531839705455,954.6531839705455,954.6531839705455,954.6531839705455,954.6531839705455,954.6531839705455,954.6531839705455,954.6531839705455,954.6531839705455,954.6531839705455,954.6531839705455,954.6531839705455,954.6531839705455,954.6531839705455,954.6531839705455,954.6531839705455,954.6531839705455,954.6531839705455,954.6531839705455,954.6531839705455,954.6531839705455,954.6531839705455,954.6531839705455,954.6531839705455,954.6531839705455,954.6531839705455,954.6531839705455,954.6531839705455,954.6531839705455,954.6531839705455,954.6531839705455,954.6531839705455,954.6531839705455,954.6531839705455,954.6531839705455,954.6531839705455,954.6531839705455,954.6531839705455,954.6531839705455,954.6531839705455,954.6531839705455,954.6531839705455,954.6531839705455,954.6531839705455,954.6531839705455,954.6531839705455,954.6531839705455,954.6531839705455,954.6531839705455,954.6531839705455,954.6531839705455,954.6531839705455,954.6531839705455,954.6531839705455,954.6531839705455,954.6531839705455,954.6531839705455,954.6531839705455,954.6531839705455,954.6531839705455,954.6531839705455,954.6531839705455,954.6531839705455,954.6531839705455,954.6531839705455,954.6531839705455,954.6531839705455,954.6531839705455,954.6531839705455,954.6531839705455,954.6531839705455,954.6531839705455,954.6531839705455,954.6531839705455,954.6531839705455,954.6531839705455,954.6531839705455,954.6531839705455,954.6531839705455,954.6531839705455,954.6531839705455,954.6531839705455,954.6531839705455,954.6531839705455,954.6531839705455,954.6531839705455,954.6531839705455,954.6531839705455,954.6531839705455,954.6531839705455,954.6531839705455,954.6531839705455,954.6531839705455,954.6531839705455,954.6531839705455,954.5564049676399,954.5564049676399,954.5564049676399,954.5564049676399,954.5564049676399,954.5564049676399,954.5564049676399,954.5564049676399,954.5564049676399,954.5564049676399,954.5564049676399,954.5564049676399,954.5564049676399,954.5564049676399,954.5564049676399,954.5564049676399,954.5564049676399,954.5564049676399,954.5564049676399,954.5564049676399,954.5564049676399,954.5564049676399,954.5564049676399,954.5564049676399,954.5564049676399,954.5564049676399,954.5564049676399,954.5564049676399,954.5564049676399,954.5564049676399,954.5564049676399,954.5564049676399,954.5564049676399,954.5564049676399,954.5564049676399,954.5564049676399,954.5564049676399,954.5564049676399,954.5564049676399,954.5564049676399,954.5564049676399,954.5564049676399,954.5564049676399,954.5564049676399,954.5564049676399,954.5564049676399,954.5564049676399,954.5564049676399,954.5564049676399,954.5564049676399,954.5564049676399,954.5564049676399,954.5564049676399,954.5564049676399,954.5564049676399,954.5564049676399,954.5564049676399,954.5564049676399,954.5564049676399,954.5564049676399,954.5564049676399,954.5564049676399,