{"front":[{"trucks":[[4,18,15,24,21,20,3,7,11],[17,23,14,6,34,5,8],[35,37,30,33,29,32,19,36,27,16],[31,26,9,28,12,10,25],[22,13,2]],"fuel":957.9343989332258,"distance":717.2208042766132},{"trucks":[[4,18,15,24,21,20,3,7,11],[17,23,14,6,34,5,8],[16,35,37,30,33,29,32,19,36,27],[31,26,9,28,12,10,25],[22,13,2]],"fuel":951.5533075598235,"distance":717.2730313118196},{"trucks":[[4,18,15,24,21,20,3,7,11],[17,23,14,6,34,5,8],[16,35,37,30,33,29,32,19,36,27],[31,26,9,28,12,10,25],[22,2,13]],"fuel":947.7061735915328,"distance":717.9869943668399}],"benchmark":"A-n37-k5","Optimal":669}