{"Optimal":669,"benchmark":"A-n37-k5","front":[{"distance":707.2801011861361,"trucks":[[18,15,24,21,20,3,7,11],[35,37,30,33,29,32,31],[16,27,19,36,26,9,28,12,10,25,4],[17,23,14,6,34,5,8],[22,13,2]],"fuel":958.4035389359306},{"distance":707.9940642411564,"trucks":[[18,15,24,21,20,3,7,11],[35,37,30,33,29,32,31],[16,27,19,36,26,9,28,12,10,25,4],[17,23,14,6,34,5,8],[22,2,13]],"fuel":954.5564049676399}]}