{"benchmark":"P-n19-k2","front":[{"fuel":313.48900000890796,"trucks":[[7,3,8,6,14,16,10,11],[2,5,12,15,13,4,18,17,9,19]],"distance":226.602000645874}],"Optimal":212}