{"optimalDistance":237,"fuelSequence":[393.6609514365646,393.6609514365646,393.6609514365646,393.6609514365646,393.6609514365646,393.6609514365646,393.6609514365646,393.6609514365646,393.6609514365646,393.6609514365646,393.6609514365646,393.6609514365646,393.6609514365646,393.6609514365646,393.6609514365646,393.6609514365646,393.6609514365646,393.6609514365646,393.6609514365646,393.6609514365646,393.6609514365646,393.6609514365646,393.6609514365646,393.6609514365646,393.6609514365646,393.6609514365646,393.6609514365646,393.6609514365646,393.6609514365646,393.6609514365646,393.6609514365646,393.6609514365646,393.6609514365646,393.6609514365646,393.6609514365646,393.6609514365646,393.6609514365646,393.6609514365646,392.66243733867407,392.66243733867407,392.66243733867407,392.66243733867407,392.66243733867407,392.66243733867407,392.66243733867407,392.66243733867407,392.66243733867407,392.66243733867407,392.66243733867407,391.2296557603038,391.2296557603038,391.2296557603038,391.2296557603038,391.2296557603038,391.2296557603038,391.2296557603038,391.2296557603038,391.2296557603038,391.2296557603038,391.2296557603038,391.2296557603038,391.2296557603038,391.2296557603038,391.2296557603038,391.2296557603038,391.2296557603038,391.2296557603038,391.2296557603038,391.2296557603038,391.2296557603038,391.2296557603038,391.2296557603038,391.2296557603038,391.2296557603038,391.2296557603038,391.2296557603038,391.2296557603038,391.2296557603038,391.2296557603038,391.2296557603038,391.2296557603038,391.2296557603038,391.2296557603038,391.2296557603038,391.2296557603038,391.2296557603038,391.2296557603038,391.2296557603038,391.2296557603038,391.2296557603038,391.2296557603038,391.2296557603038,391.2296557603038,391.2296557603038,391.2296557603038,391.2296557603038,390.544666528917,390.544666528917,390.544666528917,390.544666528917,390.544666528917,390.544666528917,390.544666528917,390.544666528917,390.544666528917,390.544666528917,390.544666528917,390.544666528917,390.544666528917,390.544666528917,390.544666528917,390.544666528917,390.544666528917,390.544666528917,390.544666528917,390.544666528917,390.544666528917,390.544666528917,390.544666528917,390.544666528917,390.544666528917,390.544666528917,390.544666528917,390.544666528917,390.544666528917,390.544666528917,390.544666528917,390.544666528917,390.544666528917,390.544666528917,390.544666528917,390.544666528917,390.544666528917,390.544666528917,390.544666528917,390.544666528917,390.544666528917,390.544666528917,390.544666528917,390.544666528917,390.544666528917,390.544666528917,390.544666528917,390.544666528917,390.544666528917,390.544666528917,390.544666528917,390.544666528917,390.544666528917,390.544666528917,390.544666528917,390.544666528917,390.544666528917,390.544666528917,390.544666528917,390.544666528917,390.544666528917,390.544666528917,390.544666528917,390.544666528917,390.544666528917,390.544666528917,390.544666528917,390.544666528917,390.544666528917,390.544666528917,390.544666528917,390.544666528917,390.544666528917,390.544666528917,390.544666528917,390.544666528917,390.544666528917,390.544666528917,390.544666528917,390.544666528917,390.544666528917,390.544666528917,390.544666528917,390.544666528917,390.544666528917,390.544666528917,390.544666528917,390.544666528917,390.544666528917,390.544666528917,390.544666528917,390.544666528917,390.544666528917,390.544666528917,390.544666528917,390.544666528917,390.544666528917,390.544666528917,390.544666528917,390.544666528917,390.544666528917,390.544666528917,390.544666528917,390.544666528917,390.544666528917,390.544666528917,390.544666528917,390.544666528917,390.544666528917,390.544666528917,390.544666528917,390.544666528917,390.544666528917,390.544666528917,390.544666528917,390.544666528917,390.544666528917,390.544666528917,390.544666528917,390.544666528917,390.544666528917,390.544666528917,390.544666528917,390.544666528917,390.544666528917,390.544666528917,390.544666528917,390.544666528917,390.544666528917,390.544666528917,390.544666528917,390.544666528917,390.544666528917,390.544666528917,390.544666528917,390.544666528917,390.544666528917,390.544666528917,390.544666528917,390.544666528917,390.544666528917,390.544666528917,390.544666528917,390.544666528917,390.544666528917,390.544666528917,390.544666528917,390.544666528917,390.544666528917,390.544666528917,390.544666528917,390.544666528917,390.544666528917,390.544666528917,390.544666528917,390.544666528917,390.544666528917,390.544666528917,390.544666528917,390.544666528917,390.544666528917,390.544666528917,390.544666528917,390.544666528917,390.544666528917,390.544666528917,390.544666528917,390.544666528917,390.544666528917,390.544666528917,390.544666528917,390.544666528917,390.544666528917,390.544666528917,390.544666528917,390.544666528917,390.544666528917,390.544666528917,390.544666528917,390.544666528917,390.544666528917,390.544666528917,390.544666528917,390.544666528917,390.544666528917,390.544666528917,390.544666528917,390.544666528917,390.544666528917,390.544666528917,390.544666528917,390.544666528917,390.544666528917,390.544666528917,390.544666528917,390.544666528917,390.544666528917,390.544666528917,390.544666528917,390.544666528917,390.544666528917,390.544666528917,390.544666528917,390.544666528917,390.544666528917,390.544666528917,390.544666528917,390.544666528917,390.544666528917,390.544666528917,390.544666528917,390.544666528917,390.544666528917,390.544666528917,390.544666528917,390.544666528917,390.544666528917,390.544666528917,390.544666528917,384.39943291484195,384.39943291484195,384.39943291484195,384.39943291484195,384.39943291484195,384.39943291484195,384.39943291484195,384.39943291484195,384.39943291484195,384.39943291484195,384.39943291484195,384.39943291484195,384.39943291484195,384.39943291484195,384.39943291484195,384.39943291484195,384.39943291484195,384.39943291484195,384.39943291484195,384.39943291484195,384.39943291484195,384.39943291484195,384.39943291484195,384.39943291484195,384.39943291484195,384.39943291484195,384.39943291484195,384.39943291484195,384.39943291484195,384.39943291484195,384.39943291484195,384.39943291484195,384.39943291484195,384.39943291484195,384.39943291484195,384.39943291484195,384.39943291484195,384.39943291484195,384.39943291484195,384.39943291484195,384.39943291484195,384.39943291484195,384.39943291484195,384.39943291484195,384.39943291484195,384.39943291484195,384.39943291484195,384.39943291484195,384.39943291484195,384.39943291484195,384.39943291484195,384.39943291484195,384.39943291484195,384.39943291484195,384.39943291484195,384.39943291484195,384.39943291484195,384.39943291484195,383.8703159660127,383.8703159660127,383.8703159660127,383.8703159660127,383.8703159660127,383.8703159660127,383.8703159660127,383.8703159660127,383.22288083577547,383.22288083577547,383.22288083577547,383.22288083577547,383.22288083577547,383.22288083577547,383.22288083577547,383.22288083577547,383.22288083577547,383.22288083577547,383.22288083577547,383.22288083577547,383.22288083577547,383.22288083577547,383.22288083577547,383.22288083577547,383.22288083577547,383.22288083577547,383.22288083577547,383.22288083577547,383.22288083577547,383.22288083577547,383.22288083577547,383.22288083577547,383.22288083577547,383.22288083577547,383.22288083577547,383.22288083577547,383.22288083577547,383.22288083577547,383.22288083577547,383.22288083577547,383.22288083577547,383.22288083577547,383.22288083577547,383.22288083577547,383.22288083577547,383.22288083577547,383.22288083577547,383.22288083577547,383.22288083577547,383.22288083577547,383.22288083577547,383.22288083577547,383.22288083577547,383.22288083577547,383.22288083577547,383.22288083577547,383.22288083577547,383.22288083577547,383.22288083577547,383.22288083577547,383.22288083577547,383.22288083577547,383.22288083577547,383.22288083577547,383.22288083577547,383.22288083577547,383.22288083577547,383.22288083577547,383.22288083577547,383.22288083577547,383.22288083577547,383.22288083577547,383.22288083577547,