{"Optimal":237,"front":[{"trucks":[[21,30,24,27,25,26,71,52,50,45,49,48,51,53,46,54,47,44,43,28,29,23,22,31],[42,56,55,57,58,60,59,62,61,63,65,66,64,67,68,69,40,39,38,41,70,3,20,18,17,14,13,72,15],[33,35,32,34,37,36,19,7,11,6,4,9,5,8,10],[12,2,16]],"fuel":388.6279569357081,"distance":288.8321353730807},{"distance":290.1958075438864,"trucks":[[21,30,24,27,25,26,71,52,50,45,49,48,51,53,46,54,47,44,43,28,29,23,22,31],[42,56,55,57,58,60,59,62,61,63,65,66,64,67,68,69,40,39,38,41,70,3,20,18,17,14,13,7,15],[33,35,32,34,37,36,19,72,11,6,4,9,5,8,10],[12,2,16]],"fuel":386.9980087828178},{"trucks":[[33,35,32,37,34,36,19,72,11,6,4,9,5,8,10],[26,25,27,24,30,21,31,22,23,29,28,43,44,47,54,46,49,48,51,71,52,50,45,53],[42,56,55,57,58,60,59,62,61,63,64,66,65,67,68,69,40,38,41,39,70,3,20,18,17,13,14,16,15],[12,2,7]],"distance":294.3308510313879,"fuel":383.3461357897839},{"trucks":[[33,35,32,34,37,36,19,72,11,6,4,9,5,8,10],[26,25,27,24,30,21,31,22,23,29,28,43,44,47,54,46,49,48,51,71,52,50,45,53],[42,56,55,57,58,60,59,62,61,63,64,66,65,67,68,69,40,38,41,39,70,3,20,18,17,13,14,16,15],[12,2,7]],"distance":294.35991108431045,"fuel":383.22288083577547}],"benchmark":"F-n72-k4"}