{"Optimal":237,"front":[{"distance":284.6283901525569,"fuel":390.8607970079719,"trucks":[[25,26,27,24,30,21,42,56,55,57,58,60,59,62,61,64,69,40,35,33,32,37],[31,22,23,29,28,50,52,71,51,48,49,46,54,47,44,43,45,53,41,39,38,70,68,67,66,65,63],[36,34,19,20,3,14,18,17,13,72,7,11,6,4,10,8,5,9],[12,2,16,15]]},{"fuel":389.51895389652805,"trucks":[[25,26,27,24,30,21,42,56,55,57,58,60,59,62,61,64,69,40,35,33,32,37],[31,22,23,29,28,43,44,47,54,46,49,48,51,71,52,50,45,53,41,39,38,70,68,67,66,65,63],[36,34,19,20,3,14,18,17,13,72,7,11,6,4,9,5,8,10],[12,2,16,15]],"distance":284.6643895740268}],"benchmark":"F-n72-k4"}