{"optimalDistance":1316,"distanceSequence":[1447.9071751489817,1447.9071751489817,1447.9071751489817,1447.9071751489817,1447.9071751489817,1447.9071751489817,1447.9071751489817,1447.9071751489817,1447.9071751489817,1447.9071751489817,1447.9071751489817,1447.9071751489817,1447.9071751489817,1447.9071751489817,1447.9071751489817,1447.9071751489817,1447.9071751489817,1447.9071751489817,1447.9071751489817,1447.9071751489817,1447.9071751489817,1447.9071751489817,1447.9071751489817,1447.9071751489817,1447.9071751489817,1445.8758561130762,1445.8758561130762,1445.8758561130762,1445.8758561130762,1445.875856113076,1445.875856113076,1445.875856113076,1445.875856113076,1445.875856113076,1444.9755741293707,1444.9755741293707,1444.9755741293707,1444.9755741293707,1444.9755741293707,1444.9755741293707,1424.8134872478506,1424.8134872478506,1424.8134872478506,1414.8019846864056,1414.8019846864056,1414.8019846864056,1414.8019846864056,1414.8019846864056,1414.8019846864056,1414.8019846864056,1414.8019846864056,1414.8019846864056,1414.8019846864056,1414.8019846864056,1414.8019846864056,1414.8019846864056,1414.8019846864056,1414.8019846864056,1414.8019846864056,1407.7288197826642,1407.7288197826642,1407.7288197826642,1407.7288197826642,1407.7288197826642,1407.7288197826642,1407.7288197826642,1407.7288197826642,1407.7288197826642,1407.7288197826642,1407.7288197826642,1407.7288197826642,1407.7288197826642,1407.7288197826642,1407.7288197826642,1407.6733996421992,1407.6733996421992,1407.6733996421992,1407.6733996421992,1407.6733996421992,1407.6733996421992,1407.6733996421992,1407.6733996421992,1402.8605736122286,1402.8605736122286,1402.8605736122286,1402.8605736122286,1402.8605736122286,1402.8605736122286,1402.8605736122286,1402.8605736122286,1402.8605736122286,1402.8605736122286,1402.8605736122286,1402.8605736122286,1402.8605736122286,1402.8605736122286,1402.8605736122286,1402.8605736122286,1402.8605736122286,1402.8605736122286,1402.8605736122286,1402.8605736122286,1402.4607164256222,1402.4607164256222,1402.4607164256222,1402.4607164256222,1402.4607164256222,1402.4607164256222,1402.4607164256222,1402.4607164256222,1402.4607164256222,1402.4607164256222,1402.4607164256222,1402.4607164256222,1402.4607164256222,1402.4607164256222,1402.4607164256222,1402.4607164256222,1402.4607164256222,1402.4607164256222,1402.4607164256222,1402.4607164256222,1402.4607164256222,1402.4607164256222,1402.4607164256222,1402.4607164256222,1402.4607164256222,1402.4607164256222,1402.4607164256222,1402.4607164256222,1402.4607164256222,1402.4607164256222,1402.4607164256222,1402.4607164256222,1402.4607164256222,1402.4607164256222,1402.4607164256222,1402.4607164256222,1402.4607164256222,1402.4607164256222,1402.4607164256222,1402.4607164256222,1402.4607164256222,1402.4607164256222,1402.4607164256222,1402.4607164256222,1402.4607164256222,1402.4607164256222,1402.4607164256222,1402.4607164256222,1402.4607164256222,1402.4607164256222,1401.9799771621174,1401.9799771621174,1401.9799771621174,1401.9799771621174,1401.9799771621174,1401.9799771621174,1401.9799771621174,1401.9799771621174,1401.9799771621174,1398.698516664303,1398.698516664303,1398.698516664303,1398.698516664303,1398.698516664303,1398.698516664303,1398.698516664303,1398.698516664303,1398.698516664303,1398.698516664303,1398.698516664303,1398.698516664303,1398.698516664303,1398.698516664303,1398.698516664303,1398.698516664303,1398.698516664303,1398.698516664303,1398.698516664303,1398.698516664303,1398.698516664303,1398.698516664303,1398.698516664303,1398.698516664303,1398.698516664303,1398.698516664303,1398.698516664303,1398.698516664303,1398.698516664303,1398.698516664303,1398.698516664303,1398.698516664303,1398.698516664303,1398.698516664303,1398.698516664303,1398.698516664303,1398.698516664303,1398.698516664303,1398.698516664303,1398.698516664303,1398.698516664303,1398.698516664303,1398.698516664303,1398.698516664303,1398.698516664303,1398.698516664303,1398.698516664303,1398.698516664303,1398.698516664303,1398.698516664303,1398.698516664303,1398.698516664303,1398.698516664303,1398.698516664303,1398.698516664303,1398.698516664303,1398.698516664303,1398.698516664303,1398.698516664303,1398.698516664303,1398.698516664303,1398.698516664303,1398.698516664303,1398.698516664303,1398.698516664303,1398.698516664303,1398.698516664303,1398.698516664303,1398.698516664303,1398.698516664303,1398.698516664303,1398.698516664303,1398.698516664303,1398.698516664303,1398.698516664303,1398.698516664303,1398.698516664303,1398.698516664303,1398.698516664303,1398.698516664303,1398.698516664303,1398.698516664303,1398.698516664303,1398.698516664303,1398.698516664303,1398.698516664303,1398.698516664303,1398.698516664303,1398.698516664303,1398.698516664303,1398.698516664303,1398.698516664303,1398.698516664303,1398.698516664303,1398.698516664303,1398.698516664303,1398.698516664303,1398.698516664303,1398.698516664303,1398.698516664303,1398.698516664303,1398.698516664303,1398.698516664303,1398.698516664303,1398.698516664303,1398.698516664303,1398.698516664303,1398.698516664303,1398.698516664303,1398.698516664303,1398.698516664303,1398.698516664303,1398.698516664303,1398.698516664303,1398.698516664303,1398.698516664303,1398.698516664303,1398.698516664303,1398.698516664303,1398.698516664303,1398.698516664303,1398.698516664303,1398.698516664303,1398.698516664303,1398.698516664303,1398.698516664303,1398.698516664303,1398.698516664303,1398.698516664303,1398.698516664303,1398.698516664303,1398.698516664303,1398.698516664303,1398.698516664303,1398.698516664303,1398.698516664303,1398.698516664303,1398.698516664303,1398.698516664303,1398.698516664303,1398.698516664303,1398.698516664303,1398.698516664303,1398.698516664303,1398.698516664303,1398.698516664303,1398.698516664303,1398.698516664303,1398.698516664303,1398.698516664303,1398.698516664303,1398.698516664303,1398.698516664303,1398.698516664303,1398.698516664303,1398.698516664303,1398.698516664303,1398.698516664303,1398.698516664303,1398.698516664303,1398.698516664303,1398.698516664303,1398.698516664303,1398.698516664303,1398.698516664303,1398.698516664303,1398.698516664303,1398.698516664303,1398.698516664303,1398.698516664303,1398.698516664303,1398.698516664303,1398.698516664303,1398.698516664303,1398.698516664303,1398.698516664303,1398.698516664303,1398.698516664303,1398.698516664303,1398.698516664303,1398.698516664303,1398.698516664303,1398.698516664303,1398.698516664303,1398.698516664303,1398.698516664303,1398.698516664303,1398.698516664303,1398.698516664303,1398.698516664303,1398.698516664303,1398.698516664303,1398.698516664303,1398.698516664303,1398.698516664303,1398.698516664303,1398.698516664303,1398.698516664303,1398.698516664303,1398.698516664303,1398.698516664303,1398.698516664303,1398.698516664303,1398.698516664303,1398.698516664303,1398.698516664303,1398.698516664303,1398.698516664303,1398.698516664303,1398.698516664303,1398.698516664303,1398.698516664303,1398.698516664303,1398.698516664303,1398.698516664303,1398.698516664303,1398.698516664303,1398.698516664303,1398.698516664303,1398.698516664303,1398.698516664303,1398.698516664303,1398.698516664303,1398.698516664303,1398.698516664303,1398.698516664303,1398.698516664303,1398.698516664303,1398.698516664303,1398.698516664303,1398.698516664303,1398.698516664303,1398.698516664303,1398.698516664303,1398.698516664303,1398.698516664303,1398.698516664303,1398.698516664303,1398.698516664303,1398.698516664303,1398.698516664303,1398.698516664303,1398.698516664303,1398.698516664303,1398.698516664303,1398.698516664303,1398.698516664303,1398.698516664303,1398.698516664303,1398.698516664303,1398.698516664303,1398.698516664303,1398.698516664303,1398.698516664303,1398.698516664303,1398.698516664303,1398.698516664303,1398.698516664303,1398.698516664303,1398.698516664303,1398.698516664303,1398.698516664303,1398.698516664303,1398.698516664303,1398.698516664303,1398.698516664303,1398.698516664303,1398.698516664303,1398.698516664303,1398.698516664303,1398.698516664303,1398.698516664303,