{"benchmark":"B-n66-k9","Optimal":1316,"front":[{"distance":1387.0465405698224,"fuel":1965.5964643534708,"trucks":[[51,65,45,60,7,37],[28,34,66,9,41,33,59],[62,48,17,63,49,26,38,31],[43,6,5,16,61,22,30,4,40,15],[12,58,39,20,57,23,44,14,46],[29,11,64,47,27,3],[42,21,18,55,54,53,2],[19,24,35,52,32,8,36],[56,13,25,50,10]]}]}