{"front":[{"distance":1356.7451196555776,"fuel":1936.4142598579922,"trucks":[[50,13,25,37,10],[2,8,31,48,62,17,63,26,49],[21,18,55,19,24,54],[28,6,16,5,61,22,4,30,40,15],[43,34,66,9,41,59,33],[12,58,39,20,36,57,44,14,46,32],[51,29,45,65,60,38],[42,53,56,52,35,23],[7,3,11,64,47,27]]},{"distance":1360.0024567264013,"fuel":1923.5248091513379,"trucks":[[28,6,15,40,30,4,22,61,5,16],[50,13,25,37,10],[51,29,45,65,60,38],[12,58,39,20,36,57,44,14,46,32],[43,34,66,9,41,59,33],[2,8,31,62,48,17,63,26,49],[42,53,56,52,35,23],[21,18,55,19,24,54],[7,3,11,64,47,27]]},{"fuel":1922.4321022138588,"trucks":[[43,34,66,9,41,59,33],[21,54,24,19,55,18],[28,6,15,40,4,30,22,61,5,16],[51,29,45,65,60,38],[25,13,50,10,37],[2,8,31,62,48,17,63,26,49],[12,58,39,20,36,57,44,14,46,32],[42,53,56,52,35,23],[7,3,11,64,47,27]],"distance":1368.3057821687214},{"trucks":[[25,13,50,10,37],[2,8,31,48,62,17,63,26,49],[42,53,56,52,35,23],[51,29,45,65,60,38],[28,6,15,40,4,30,22,61,5,16],[43,34,66,9,41,59,33],[12,58,39,20,36,57,44,14,46,32],[7,3,11,64,47,27],[21,18,55,19,24,54]],"distance":1369.2773507335983,"fuel":1921.4973945917823}],"benchmark":"B-n66-k9","Optimal":1316}