{"Optimal":661,"benchmark":"A-n33-k5","front":[{"distance":666.3034131760201,"fuel":940.0795842855171,"trucks":[[25,7,20,15,22,2,32],[3,33,14,9,8,27,6,13],[21,5,28,26,31,11],[16,18,10,4,17,30],[23,24,29,19,12]]},{"fuel":938.1629484019433,"trucks":[[25,7,20,15,22,2,32],[3,33,14,9,8,27,6,13],[21,5,28,26,31,11],[16,17,10,18,4,30],[23,24,29,19,12]],"distance":671.4303814304183},{"trucks":[[25,7,20,15,22,2,32],[3,33,14,9,8,27,6,13],[21,5,28,26,31,11],[16,17,4,18,10,30],[23,24,29,19,12]],"fuel":933.0739672302763,"distance":671.5338038068271},{"trucks":[[25,7,20,15,22,2,32],[3,33,14,9,8,27,6,13],[21,5,28,26,31,11],[16,17,4,10,18,30],[23,24,29,19,12]],"distance":672.5030061278605,"fuel":929.3818896285969}]}