{"optimalDistance":817,"distanceSequence":[953.2787554812445,952.9919931356952,952.9919931356952,952.9919931356952,952.9919931356952,952.9919931356952,952.873581867726,952.1666566048838,952.1666566048838,952.1666566048838,951.5884785524429,942.920422186039,942.920422186039,942.920422186039,942.920422186039,940.5127813332853,940.5127813332853,940.5127813332853,940.5127813332853,940.5127813332853,940.5127813332853,940.5127813332853,940.4100410377031,940.4100410377031,937.4828693581861,937.4828693581861,937.4828693581861,933.3614591573546,933.3614591573546,933.3614591573546,933.3614591573546,933.3614591573546,930.2249964149094,930.2249964149094,930.2249964149094,930.2249964149094,930.2249964149094,926.4150213501462,926.4150213501462,926.4150213501462,926.4150213501462,926.4150213501462,926.4150213501462,923.3527636018478,923.3527636018478,923.3527636018478,923.3527636018475,923.3527636018475,923.3527636018475,923.3527636018475,923.3527636018475,923.3527636018475,923.3527636018475,923.3527636018475,923.3527636018475,923.3527636018475,923.3527636018475,923.3527636018475,921.7335851411299,921.7335851411299,921.7335851411299,921.7335851411299,921.7335851411299,921.7335851411299,921.7335851411299,919.1088173895102,919.1088173895102,919.1088173895102,919.1088173895102,919.1088173895102,919.1088173895102,919.1088173895102,919.1088173895102,919.1088173895102,919.1088173895102,916.9594789428886,916.9594789428886,916.9594789428886,916.9594789428886,916.9594789428886,916.9594789428886,916.9594789428886,916.9594789428886,916.6216441165117,916.6216441165117,916.6216441165117,916.6216441165117,914.9870933678745,914.9870933678745,914.9870933678745,914.9870933678745,914.9870933678745,914.9870933678745,914.9870933678745,914.9870933678745,914.4723056698899,914.4723056698899,914.4723056698899,914.4723056698899,914.4723056698899,914.4723056698899,914.4723056698899,914.4723056698899,914.4723056698899,914.4723056698899,914.4723056698899,914.4723056698899,914.4723056698899,914.4723056698899,914.4723056698899,914.4723056698899,914.4723056698899,914.4723056698899,914.4723056698899,914.346091744296,913.8082190192175,913.8082190192175,913.8082190192175,913.8082190192175,913.8082190192175,913.8082190192175,913.8082190192175,913.8082190192175,913.8082190192175,913.8082190192175,913.8082190192175,913.8082190192175,913.8082190192175,913.8082190192175,912.573936267826,912.573936267826,912.573936267826,912.573936267826,912.573936267826,911.9789931137585,911.9789931137585,911.9789931137585,911.4184020239954,911.4184020239954,911.4184020239954,911.4184020239954,911.4184020239954,911.4184020239954,911.4184020239954,911.4184020239954,911.4184020239954,911.4184020239954,911.4184020239954,911.4184020239954,911.4184020239954,911.4184020239954,911.4184020239954,911.4184020239954,911.4184020239954,911.4184020239954,911.4184020239954,911.4184020239954,911.4184020239954,911.4184020239954,911.4184020239954,911.4184020239954,911.4184020239954,911.4184020239954,911.4184020239954,911.4184020239954,911.4184020239954,911.4184020239954,911.4184020239954,911.4184020239954,911.4184020239954,911.4184020239954,911.4184020239954,911.4184020239954,911.4184020239954,911.4184020239954,911.4184020239954,911.4184020239954,911.4184020239954,911.4184020239954,911.4184020239954,911.4184020239954,911.4184020239954,911.4184020239954,911.4184020239954,911.4184020239954,911.2266871779867,907.8707147301172,907.8707147301172,907.7445008045233,907.7445008045233,907.7445008045233,907.7445008045233,907.7445008045233,907.7445008045233,907.7445008045233,907.7445008045233,907.7445008045233,907.7445008045233,907.7445008045233,907.7445008045233,907.7445008045233,907.7445008045233,907.7445008045233,907.7445008045233,907.7445008045233,907.7445008045233,907.7445008045233,907.7445008045233,907.7445008045233,907.7445008045233,907.7445008045233,907.7445008045233,907.7445008045233,907.7445008045233,907.3101236403542,907.3101236403542,907.3101236403542,907.3101236403542,907.3101236403542,907.3101236403542,907.3101236403542,907.3101236403542,907.3101236403542,907.3101236403542,907.3101236403542,907.3101236403542,907.3101236403542,907.3101236403542,907.3101236403542,907.3101236403542,904.9968374592925,904.9968374592925,904.9968374592925,904.9968374592925,904.9968374592925,904.9968374592925,904.9968374592925,904.9968374592925,904.9968374592925,904.9968374592925,904.9968374592925,904.9968374592925,904.9968374592925,904.9968374592925,904.9968374592925,904.9968374592925,904.9968374592925,904.9968374592925,904.9968374592925,904.9968374592925,904.9968374592925,904.9968374592925,904.9968374592925,904.9968374592925,904.9968374592925,904.9968374592925,904.9968374592925,904.9968374592925,904.9968374592925,904.9968374592925,904.9968374592925,904.9968374592925,904.9968374592925,904.9968374592925,904.9968374592925,904.9968374592925,904.9968374592925,904.9968374592925,904.9968374592925,904.9968374592925,904.9968374592925,904.9968374592925,904.9968374592925,904.9968374592925,904.9968374592925,904.9968374592925,904.9968374592925,904.9968374592925,904.9968374592925,904.9968374592925,904.9968374592925,904.9968374592925,904.9968374592925,904.9968374592925,904.9968374592925,904.9968374592925,904.9968374592925,904.9968374592925,904.9968374592925,904.9968374592925,904.9968374592925,904.9968374592925,904.9968374592925,904.9968374592925,904.9968374592925,904.9968374592925,904.8706235336986,904.8706235336986,904.8706235336986,904.8706235336986,904.8706235336986,904.8706235336986,904.8706235336986,904.8706235336986,904.8706235336986,904.8706235336986,904.8706235336986,904.8706235336986,904.8706235336986,904.8706235336986,904.8706235336986,904.8706235336986,904.8706235336986,904.8706235336986,904.8706235336986,904.8706235336986,904.8706235336986,904.8706235336986,904.8706235336986,904.8706235336986,904.8706235336986,904.8706235336986,904.8706235336986,904.8706235336986,904.8706235336986,904.8706235336986,904.8706235336986,904.8706235336986,904.8706235336986,904.8706235336986,904.8706235336986,904.8706235336986,904.8706235336986,904.8706235336986,904.8706235336986,904.8706235336986,904.8706235336986,904.8706235336986,904.8706235336986,904.8706235336986,904.8706235336986,904.8706235336986,904.8706235336986,904.8706235336986,904.8706235336986,904.8706235336986,904.8706235336986,904.8706235336986,904.8706235336986,904.8706235336986,904.8706235336986,904.8706235336986,904.8706235336986,904.8706235336986,904.8706235336986,904.8706235336986,904.8706235336986,904.8706235336986,904.8706235336986,904.8706235336986,904.8706235336986,904.8706235336986,904.8706235336986,904.8706235336986,904.8706235336986,904.8706235336986,904.8706235336986,904.8706235336986,904.8706235336986,904.8706235336986,904.8706235336986,904.8706235336986,904.8706235336986,904.8706235336986,904.8706235336986,904.8706235336986,904.8706235336986,904.8706235336986,904.8706235336986,904.8706235336986,904.8706235336986,904.8706235336986,904.8706235336986,904.8706235336986,904.8706235336986,904.8706235336986,904.8706235336986,904.8706235336986,904.8706235336986,904.8706235336986,904.8706235336986,904.8706235336986,904.8706235336986,904.8706235336986,904.8706235336986,904.8706235336986,904.8706235336986,904.8706235336986,904.8706235336986,904.8706235336986,904.8706235336986,904.8706235336986,904.8706235336986,904.8706235336986,904.8706235336986,904.8706235336986,904.8706235336986,904.8706235336986,904.8706235336986,904.8706235336986,904.8706235336986,904.8706235336986,904.8706235336986,904.8706235336986,904.8706235336986,904.8706235336986,904.8706235336986,904.8706235336986,904.8706235336986,904.8706235336986,904.8706235336986,904.8706235336986,904.8706235336986,904.8706235336986,904.8706235336986,904.8706235336986,904.8706235336986,904.8706235336986,904.8706235336986,904.8706235336986,904.8706235336986,904.8706235336986,904.8706235336986,904.8706235336986,904.8706235336986,904.8706235336986,904.8706235336986,904.8706235336986,904.8706235336986,904.8706235336986,904.8706235336986,904.8706235336986,