{"optimalDistance":817,"distanceSequence":[951.4654078387423,951.4654078387423,951.4654078387423,951.4654078387423,951.4654078387423,951.4654078387423,946.0866658364139,946.0866658364139,946.0866658364139,946.0866658364139,946.0866658364139,946.0866658364139,946.0866658364139,946.0866658364139,942.6817723976094,942.6817723976094,942.6817723976094,942.6817723976094,942.6817723976094,942.6817723976094,942.6817723976094,942.6817723976094,942.6817723976094,942.573744259442,942.573744259442,942.573744259442,942.085583787842,939.1294576076119,939.1294576076119,939.1294576076119,939.1294576076119,939.1294576076119,939.1294576076119,937.0963799487805,937.0963799487805,937.0963799487805,937.0963799487805,937.0963799487805,937.0963799487805,937.0963799487805,937.0963799487805,937.0963799487805,937.0963799487805,936.27777803396,936.27777803396,934.4197339407964,934.4197339407964,934.4197339407964,934.4197339407964,931.1018820797283,931.1018820797283,931.1018820797283,931.1018820797283,931.1018820797283,931.1018820797283,931.1018820797283,929.3030426084925,929.3030426084925,929.3030426084925,929.3030426084925,929.3030426084925,929.3030426084925,929.3030426084925,929.3030426084925,929.3030426084925,923.8013189999826,923.8013189999826,923.8013189999826,923.8013189999826,923.8013189999826,923.8013189999826,923.8013189999826,923.8013189999826,923.8013189999826,922.3277256776669,922.0024795287469,920.8365782591328,920.8365782591328,920.8365782591328,920.8365782591328,920.8365782591328,920.8365782591328,920.8365782591328,920.8365782591328,920.8365782591328,920.8365782591328,917.9684147965924,917.9684147965924,917.9684147965924,917.9684147965924,917.9684147965924,917.9684147965924,917.9684147965924,917.9684147965924,917.9684147965924,917.9684147965924,917.1301313112481,917.1301313112481,917.1301313112481,917.1301313112481,917.1301313112481,917.1301313112481,917.1301313112481,917.1301313112481,917.1301313112481,916.9509071010267,916.9509071010267,916.4948214742766,916.4948214742766,916.4948214742766,916.3115293964277,915.8110389245104,915.8110389245104,915.8110389245104,915.8110389245104,915.8110389245104,915.8110389245104,915.8110389245104,915.8110389245104,915.8110389245104,915.8110389245104,915.6565379889323,915.6565379889323,915.0869404927122,915.0869404927122,914.3652149023502,914.3652149023502,914.3652149023502,914.3652149023502,914.3652149023502,913.7779612656789,913.7779612656789,913.7779612656789,913.7779612656789,913.7779612656789,913.7779612656789,913.7779612656789,913.7779612656789,913.7779612656789,913.7779612656789,913.5466129875297,912.3321372435186,912.3321372435186,911.5135353286981,911.5135353286981,911.5135353286981,911.5135353286981,911.5135353286981,911.5135353286981,911.5135353286981,911.5135353286981,911.5135353286981,911.5135353286981,910.675251843354,910.675251843354,910.675251843354,910.675251843354,910.675251843354,910.675251843354,910.675251843354,910.675251843354,910.675251843354,910.675251843354,910.675251843354,910.675251843354,910.675251843354,910.675251843354,910.675251843354,910.675251843354,910.675251843354,910.675251843354,910.675251843354,910.675251843354,910.675251843354,910.675251843354,910.675251843354,910.675251843354,910.675251843354,910.675251843354,910.675251843354,910.675251843354,910.675251843354,910.675251843354,910.675251843354,910.675251843354,910.675251843354,910.675251843354,910.675251843354,910.675251843354,910.675251843354,910.675251843354,910.675251843354,910.675251843354,910.675251843354,910.675251843354,910.675251843354,910.675251843354,910.675251843354,910.675251843354,910.675251843354,910.675251843354,910.675251843354,910.675251843354,910.675251843354,910.675251843354,910.675251843354,910.675251843354,910.675251843354,910.675251843354,910.675251843354,910.675251843354,910.675251843354,910.675251843354,910.675251843354,910.675251843354,910.675251843354,910.675251843354,910.675251843354,910.675251843354,910.675251843354,910.675251843354,910.675251843354,910.675251843354,910.675251843354,910.675251843354,910.675251843354,910.675251843354,900.9196284123092,900.9196284123092,900.9196284123092,900.9196284123092,900.9196284123092,900.9196284123092,900.9196284123092,900.9196284123092,900.9196284123092,900.9196284123092,900.9196284123092,900.9196284123092,900.9196284123092,900.9196284123092,900.9196284123092,900.9196284123092,900.9196284123092,900.9196284123092,900.081344926965,900.081344926965,900.081344926965,900.081344926965,900.081344926965,900.081344926965,900.081344926965,900.081344926965,900.081344926965,900.081344926965,900.081344926965,900.081344926965,900.081344926965,900.081344926965,900.081344926965,900.081344926965,900.081344926965,900.081344926965,900.081344926965,900.081344926965,900.081344926965,900.081344926965,900.081344926965,900.081344926965,900.081344926965,900.081344926965,900.081344926965,900.081344926965,900.081344926965,900.081344926965,900.081344926965,900.081344926965,900.081344926965,900.081344926965,900.081344926965,900.081344926965,900.081344926965,900.081344926965,900.081344926965,900.081344926965,900.081344926965,900.081344926965,900.081344926965,900.081344926965,900.081344926965,900.081344926965,900.081344926965,900.081344926965,900.081344926965,900.081344926965,900.081344926965,900.081344926965,900.081344926965,900.081344926965,900.081344926965,900.081344926965,900.081344926965,900.081344926965,900.081344926965,900.081344926965,900.081344926965,900.081344926965,900.081344926965,900.081344926965,900.081344926965,900.081344926965,900.081344926965,900.081344926965,900.081344926965,900.081344926965,900.081344926965,900.081344926965,900.081344926965,900.081344926965,900.081344926965,900.081344926965,900.081344926965,900.081344926965,900.081344926965,900.081344926965,900.081344926965,900.081344926965,900.081344926965,900.081344926965,900.081344926965,900.081344926965,900.081344926965,900.081344926965,900.081344926965,900.081344926965,900.081344926965,900.081344926965,900.081344926965,900.081344926965,900.081344926965,900.081344926965,900.081344926965,900.081344926965,900.081344926965,900.081344926965,900.081344926965,900.081344926965,900.081344926965,900.081344926965,900.081344926965,900.081344926965,900.081344926965,900.081344926965,900.081344926965,900.081344926965,900.081344926965,900.081344926965,900.081344926965,900.081344926965,900.081344926965,900.081344926965,900.081344926965,900.081344926965,900.081344926965,900.081344926965,900.081344926965,900.081344926965,900.081344926965,900.081344926965,900.081344926965,900.081344926965,900.081344926965,900.081344926965,900.081344926965,900.081344926965,900.081344926965,900.081344926965,900.081344926965,900.081344926965,900.081344926965,900.081344926965,900.081344926965,900.081344926965,900.081344926965,900.081344926965,900.081344926965,900.081344926965,900.081344926965,900.081344926965,900.081344926965,900.081344926965,900.081344926965,900.081344926965,900.081344926965,900.081344926965,900.081344926965,900.081344926965,900.081344926965,900.081344926965,900.081344926965,900.081344926965,900.081344926965,900.081344926965,900.081344926965,900.081344926965,900.081344926965,900.081344926965,900.081344926965,900.081344926965,900.081344926965,900.081344926965,900.081344926965,900.081344926965,900.081344926965,900.081344926965,900.081344926965,900.081344926965,900.081344926965,900.081344926965,900.081344926965,900.081344926965,900.081344926965,900.081344926965,900.081344926965,900.081344926965,900.081344926965,900.081344926965,900.081344926965,900.081344926965,900.081344926965,900.081344926965,900.081344926965,900.081344926965,900.081344926965,900.081344926965,900.081344926965,900.081344926965,900.081344926965,900.081344926965,900.081344926965,900.081344926965,900.081344926965,900.081344926965,900.081344926965,900.081344926965,900.081344926965,900.081344926965,900.081344926965,900.081344926965,900.081344926965,900.081344926965,900.081344926965,900.081344926965,900.081344926965,900.081344926965,900.081344926965,900.081344926965,900.081344926965,