{"front":[{"distance":889.1839919039048,"fuel":1256.1815935599188,"trucks":[[97,100,60,93,38,99,94,86,92,101,98,96],[53,8,83,49,48,20,12,65,50,37,47,46,9],[29,77,78,4,80,79,35,36,72,66,67,21,31,71],[7,6,85,18,62,17,87,39,45,15,44,43,95],[32,89,63,11,64,91,33,52,10,82,34,2,70],[73,75,23,42,76,57,24,68,40,26,56,5],[54,59,41,22,74,3,58,16,88,14,61,84,19,90],[28,51,69,81,30,25,55,13,27]]},{"distance":889.3251617725385,"fuel":1255.1229972663864,"trucks":[[7,97,100,60,93,38,99,94,86,92,101,98,96],[53,8,83,49,48,20,12,65,50,37,47,46,9],[29,77,78,4,80,79,35,36,72,66,67,21,31,71],[6,85,18,62,17,87,45,39,15,44,43,95],[32,89,63,11,64,91,33,52,10,82,34,2,70],[73,75,23,42,76,57,24,68,40,26,56,5],[54,59,41,22,74,3,58,16,88,14,61,84,19,90],[28,51,69,81,30,25,55,13,27]]},{"fuel":1244.9702118038556,"distance":889.9264009370842,"trucks":[[7,97,100,60,93,38,99,94,86,92,101,98,96],[53,8,83,49,48,20,12,65,50,37,47,46,9],[29,77,78,4,80,79,35,36,72,66,67,21,31,71],[95,6,85,18,62,17,87,39,45,15,44,43],[32,89,63,11,64,91,33,52,10,82,34,2,70],[73,75,23,42,76,57,24,68,40,26,56,5],[54,59,41,22,74,3,58,16,88,14,61,84,19,90],[28,51,69,81,30,25,55,13,27]]},{"trucks":[[7,97,100,60,93,38,99,94,86,92,101,98,96],[53,8,83,49,48,20,12,65,50,37,47,46,9],[29,77,78,4,80,79,35,36,72,66,67,21,31,71],[95,6,85,18,62,17,87,45,39,15,44,43],[32,89,63,11,64,91,33,52,10,82,34,2,70],[73,75,23,42,76,57,24,68,40,26,56,5],[54,59,41,22,74,3,58,16,88,14,61,84,19,90],[28,51,69,81,30,25,55,13,27]],"distance":890.4737395129839,"fuel":1244.6510130130773}],"Optimal":817,"benchmark":"E-n101-k8"}