{"optimalDistance":1616,"fuelSequence":[2610.8098131811576,2610.8098131811576,2610.8098131811576,2610.8098131811576,2610.8098131811576,2610.8098131811576,2610.8098131811576,2610.8098131811576,2610.8098131811576,2610.8098131811576,2610.8098131811576,2610.8098131811576,2610.8098131811576,2610.8098131811576,2610.8098131811576,2610.8098131811576,2610.8098131811576,2579.602189772728,2579.602189772728,2579.602189772728,2579.602189772728,2579.602189772728,2579.602189772728,2579.602189772728,2579.602189772728,2579.602189772728,2579.602189772728,2579.602189772728,2579.602189772728,2579.602189772728,2579.602189772728,2579.602189772728,2560.7976593492813,2560.7976593492813,2560.7976593492813,2560.7976593492813,2560.7976593492813,2560.7976593492813,2560.7976593492813,2560.7976593492813,2560.7976593492813,2560.7976593492813,2560.7976593492813,2560.7976593492813,2546.7379019096434,2546.7379019096434,2546.7379019096434,2546.7379019096434,2546.7379019096434,2546.7379019096434,2546.7379019096434,2546.7379019096434,2546.7379019096434,2546.7379019096434,2546.7379019096434,2546.7379019096434,2546.7379019096434,2546.7379019096434,2546.7379019096434,2546.7379019096434,2546.7379019096434,2546.7379019096434,2546.7379019096434,2539.66417955346,2539.66417955346,2539.66417955346,2539.66417955346,2539.66417955346,2539.66417955346,2539.66417955346,2539.66417955346,2539.66417955346,2539.66417955346,2539.66417955346,2539.66417955346,2539.66417955346,2516.3965687514915,2516.3965687514915,2516.3965687514915,2516.3965687514915,2516.3965687514915,2516.3965687514915,2516.3965687514915,2516.3965687514915,2516.3965687514915,2516.3965687514915,2516.3965687514915,2506.913723574839,2506.913723574839,2506.913723574839,2506.913723574839,2506.913723574839,2506.913723574839,2506.913723574839,2506.913723574839,2506.913723574839,2506.913723574839,2506.913723574839,2506.913723574839,2506.913723574839,2506.913723574839,2506.913723574839,2506.913723574839,2506.913723574839,2506.913723574839,2506.913723574839,2506.913723574839,2506.913723574839,2506.913723574839,2506.913723574839,2506.913723574839,2506.913723574839,2506.913723574839,2506.913723574839,2506.913723574839,2506.913723574839,2506.913723574839,2506.913723574839,2506.913723574839,2506.913723574839,2506.913723574839,2506.913723574839,2506.913723574839,2504.6342419805064,2504.6342419805064,2504.6342419805064,2504.6342419805064,2504.6342419805064,2504.6342419805064,2504.6342419805064,2504.6342419805064,2504.6342419805064,2504.6342419805064,2504.6342419805064,2504.6342419805064,2504.6342419805064,2504.6342419805064,2504.6342419805064,2504.6342419805064,2504.6342419805064,2504.6342419805064,2504.6342419805064,2504.6342419805064,2504.6342419805064,2504.6342419805064,2498.579836589156,2498.579836589156,2498.579836589156,2498.579836589156,2498.579836589156,2498.579836589156,2498.579836589156,2498.579836589156,2498.579836589156,2498.579836589156,2498.579836589156,2498.579836589156,2498.579836589156,2498.579836589156,2487.985574415672,2487.985574415672,2487.985574415672,2487.985574415672,2487.985574415672,2487.985574415672,2487.985574415672,2487.985574415672,2487.985574415672,2487.985574415672,2487.985574415672,2487.985574415672,2487.985574415672,2487.985574415672,2487.985574415672,2487.985574415672,2487.985574415672,2487.985574415672,2487.985574415672,2487.985574415672,2487.985574415672,2487.985574415672,2487.985574415672,2487.985574415672,2487.985574415672,2487.985574415672,2487.985574415672,2487.985574415672,2487.985574415672,2487.985574415672,2487.985574415672,2487.985574415672,2485.4292025030236,2485.4292025030236,2485.4292025030236,2485.4292025030236,2485.4292025030236,2485.4292025030236,2485.4292025030236,2485.4292025030236,2485.4292025030236,2485.4292025030236,2485.4292025030236,2485.4292025030236,2485.4292025030236,2485.4292025030236,2485.4292025030236,2485.4292025030236,2485.4292025030236,2485.4292025030236,2485.4292025030236,2485.4292025030236,2485.4292025030236,2485.4292025030236,2485.4292025030236,2485.4292025030236,2485.4292025030236,2474.4869466956147,2474.4869466956147,2474.4869466956147,2474.4869466956147,2474.4869466956147,2474.4869466956147,2474.4869466956147,2474.4869466956147,2474.4869466956147,2474.4869466956147,2474.4869466956147,2474.4869466956147,2474.4869466956147,2474.4869466956147,2474.4869466956147,2474.4869466956147,2474.4869466956147,2474.4869466956147,2474.4869466956147,2474.4869466956147,2474.4869466956147,2474.4869466956147,2474.4869466956147,2474.4869466956147,2474.4869466956147,2474.4869466956147,2474.4869466956147,2474.4869466956147,2474.4869466956147,2474.4869466956147,2474.4869466956147,2474.4869466956147,2474.4869466956147,2474.4869466956147,2474.4869466956147,2474.4869466956147,2474.4869466956147,2474.4869466956147,2474.4869466956147,2474.4869466956147,2474.4869466956147,2474.4869466956147,2474.4869466956147,2474.4869466956147,2474.4869466956147,2474.4869466956147,2474.4869466956147,2474.4869466956147,2474.4869466956147,2474.4869466956147,2474.4869466956147,2474.4869466956147,2474.4869466956147,2474.4869466956147,2474.4869466956147,2474.4869466956147,2474.4869466956147,2474.4869466956147,2474.4869466956147,2474.4869466956147,2474.4869466956147,2474.4869466956147,2474.4869466956147,2474.4869466956147,2474.4869466956147,2474.4869466956147,2474.4869466956147,2474.4869466956147,2474.4869466956147,2474.4869466956147,2474.4869466956147,2474.4869466956147,2474.4869466956147,2474.4869466956147,2474.4869466956147,2474.4869466956147,2474.4869466956147,2474.4869466956147,2474.4869466956147,2474.4869466956147,2474.4869466956147,2474.4869466956147,2474.4869466956147,2474.4869466956147,2474.4869466956147,2474.4869466956147,2474.4869466956147,2474.4869466956147,2474.4869466956147,2474.4869466956147,2474.4869466956147,2474.4869466956147,2474.4869466956147,2474.4869466956147,2474.4869466956147,2474.4869466956147,2474.4869466956147,2474.4869466956147,2474.4869466956147,2474.4869466956147,2474.4869466956147,2474.4869466956147,2474.4869466956147,2474.4869466956147,2474.4869466956147,2474.4869466956147,2474.4869466956147,2474.4869466956147,2474.4869466956147,2474.4869466956147,2474.4869466956147,2474.4869466956147,2474.4869466956147,2474.4869466956147,2474.4869466956147,2474.4869466956147,2474.4869466956147,2474.4869466956147,2474.4869466956147,2474.4869466956147,2474.4869466956147,2474.4869466956147,2474.4869466956147,2474.4869466956147,2474.4869466956147,2474.4869466956147,2474.4869466956147,2474.4869466956147,2474.4869466956147,2474.4869466956147,2474.4869466956147,2474.4869466956147,2474.4869466956147,2474.4869466956147,2474.4869466956147,2474.4869466956147,2474.4869466956147,2474.4869466956147,2474.4869466956147,2474.4869466956147,2474.4869466956147,2474.4869466956147,2474.4869466956147,2474.4869466956147,2474.4869466956147,2474.4869466956147,2474.4869466956147,2474.4869466956147,2474.4869466956147,2474.4869466956147,2474.4869466956147,2474.4869466956147,2474.4869466956147,2474.4869466956147,2474.4869466956147,2474.4869466956147,2474.4869466956147,2474.4869466956147,2474.4869466956147,2474.4869466956147,2474.4869466956147,2474.4869466956147,2474.4869466956147,2474.4869466956147,2474.4869466956147,2474.4869466956147,2474.4869466956147,2474.4869466956147,2474.4869466956147,2474.4869466956147,2474.4869466956147,2474.4869466956147,2474.4869466956147,2474.4869466956147,2474.4869466956147,2474.4869466956147,2474.4869466956147,2474.4869466956147,2474.4869466956147,2474.4869466956147,2474.4869466956147,2474.4869466956147,2474.4869466956147,2474.4869466956147,2473.6123460730037,2473.6123460730037,2473.6123460730037,2473.6123460730037,2473.6123460730037,2473.6123460730037,2473.6123460730037,2473.6123460730037,2473.6123460730037,2473.6123460730037,2473.6123460730037,2473.6123460730037,2473.6123460730037,2473.6123460730037,2473.6123460730037,2473.6123460730037,2473.6123460730037,2473.6123460730037,2473.6123460730037,2473.6123460730037,2473.6123460730037,2473.6123460730037,2473.6123460730037,2473.6123460730037,2473.6123460730037,