{"optimalDistance":1616,"benchmark":"A-n63-k9","fuelSequence":[2616.8169005593245,2616.8169005593245,2616.8169005593245,2616.8169005593245,2616.8169005593245,2616.8169005593245,2616.8169005593245,2616.8169005593245,2616.8169005593245,2616.8169005593245,2616.8169005593245,2608.1208999346986,2608.1208999346986,2608.1208999346986,2608.1208999346986,2586.338472300569,2586.338472300569,2586.338472300569,2586.338472300569,2586.338472300569,2586.338472300569,2586.338472300569,2586.338472300569,2586.338472300569,2586.338472300569,2586.338472300569,2586.338472300569,2586.338472300569,2586.338472300569,2586.338472300569,2586.321604392465,2586.321604392465,2586.321604392465,2586.321604392465,2586.321604392465,2586.321604392465,2586.321604392465,2586.321604392465,2586.321604392465,2586.321604392465,2586.321604392465,2586.321604392465,2586.321604392465,2578.447021970015,2578.447021970015,2578.447021970015,2578.447021970015,2578.447021970015,2578.447021970015,2578.447021970015,2578.447021970015,2578.447021970015,2578.447021970015,2578.447021970015,2578.447021970015,2578.447021970015,2578.447021970015,2532.5441763804674,2532.5441763804674,2532.5441763804674,2532.5441763804674,2532.5441763804674,2532.5441763804674,2532.5441763804674,2532.5441763804674,2532.5441763804674,2532.5441763804674,2532.5441763804674,2532.5441763804674,2532.5441763804674,2532.5441763804674,2532.5441763804674,2532.5441763804674,2528.1584601819204,2528.1584601819204,2528.1584601819204,2528.1584601819204,2528.1584601819204,2528.1584601819204,2528.1584601819204,2528.1584601819204,2528.1584601819204,2528.1584601819204,2528.1584601819204,2528.1584601819204,2528.1584601819204,2528.1584601819204,2528.1584601819204,2528.1584601819204,2528.1584601819204,2528.1584601819204,2528.1584601819204,2528.1584601819204,2528.1584601819204,2528.1584601819204,2528.1584601819204,2528.1584601819204,2528.1584601819204,2528.1584601819204,2528.1584601819204,2528.1584601819204,2528.1584601819204,2528.1584601819204,2528.1584601819204,2528.1584601819204,2528.1584601819204,2528.1584601819204,2528.1584601819204,2528.1584601819204,2528.1584601819204,2528.1584601819204,2528.1584601819204,2528.1584601819204,2528.1584601819204,2528.1584601819204,2528.1584601819204,2528.1584601819204,2528.1584601819204,2528.1584601819204,2528.1584601819204,2528.1584601819204,2528.1584601819204,2528.1584601819204,2528.1584601819204,2528.1584601819204,2528.1584601819204,2528.1584601819204,2528.1584601819204,2528.1584601819204,2528.1584601819204,2528.1584601819204,2528.1584601819204,2515.096082126214,2515.096082126214,2515.096082126214,2515.096082126214,2515.096082126214,2515.096082126214,2515.096082126214,2515.096082126214,2515.096082126214,2515.096082126214,2515.096082126214,2515.096082126214,2515.096082126214,2515.096082126214,2515.096082126214,2515.096082126214,2515.096082126214,2515.096082126214,2515.096082126214,2515.096082126214,2515.096082126214,2515.096082126214,2515.096082126214,2515.096082126214,2506.461386242308,2506.461386242308,2506.461386242308,2506.461386242308,2506.461386242308,2506.461386242308,2506.461386242308,2506.461386242308,2506.461386242308,2506.461386242308,2506.461386242308,2506.461386242308,2506.461386242308,2506.461386242308,2506.461386242308,2506.461386242308,2506.461386242308,2506.461386242308,2506.461386242308,2506.461386242308,2506.461386242308,2506.461386242308,2506.461386242308,2506.461386242308,2506.461386242308,2506.461386242308,2506.461386242308,2506.461386242308,2506.461386242308,2506.461386242308,2506.461386242308,2506.461386242308,2506.461386242308,2506.461386242308,2506.461386242308,2506.461386242308,2506.461386242308,2506.461386242308,2506.461386242308,2506.461386242308,2506.461386242308,2506.461386242308,2506.461386242308,2506.461386242308,2506.461386242308,2506.461386242308,2506.461386242308,2506.461386242308,2506.461386242308,2506.461386242308,2506.461386242308,2506.461386242308,2506.461386242308,2506.461386242308,2506.461386242308,2506.461386242308,2506.461386242308,2506.461386242308,2506.461386242308,2506.461386242308,2506.461386242308,2506.461386242308,2506.461386242308,2506.461386242308,2506.461386242308,2506.461386242308,2506.461386242308,2506.461386242308,2506.461386242308,2506.461386242308,2506.461386242308,2506.461386242308,2506.461386242308,2506.461386242308,2506.461386242308,2506.461386242308,2506.461386242308,2506.461386242308,2506.461386242308,2506.461386242308,2506.461386242308,2506.461386242308,2504.1682469990164,2504.1682469990164,2504.1682469990164,2504.1682469990164,2504.1682469990164,2504.1682469990164,2504.1682469990164,2504.1682469990164,2504.1682469990164,2504.1682469990164,2504.1682469990164,2504.1682469990164,2504.1682469990164,2501.066562794751,2501.066562794751,2501.066562794751,2501.066562794751,2501.066562794751,2501.066562794751,2501.066562794751,2501.066562794751,2501.066562794751,2501.066562794751,2501.066562794751,2501.066562794751,2501.066562794751,2501.066562794751,2501.066562794751,2501.066562794751,2501.066562794751,2501.066562794751,2501.066562794751,2501.066562794751,2501.066562794751,2501.066562794751,2501.066562794751,2501.066562794751,2501.066562794751,2501.066562794751,2501.066562794751,2501.066562794751,2501.066562794751,2501.066562794751,2501.066562794751,2501.066562794751,2501.066562794751,2501.066562794751,2501.066562794751,2501.066562794751,2501.066562794751,2501.066562794751,2501.066562794751,2501.066562794751,2501.066562794751,2501.066562794751,2501.066562794751,2501.066562794751,2501.066562794751,2501.066562794751,2501.066562794751,2501.066562794751,2501.066562794751,2501.066562794751,2501.066562794751,2501.066562794751,2501.066562794751,2501.066562794751,2501.066562794751,2501.066562794751,2501.066562794751,2501.066562794751,2501.066562794751,2501.066562794751,2501.066562794751,2501.066562794751,2501.066562794751,2501.066562794751,2501.066562794751,2501.066562794751,2501.066562794751,2501.066562794751,2501.066562794751,2501.066562794751,2501.066562794751,2500.761825915974,2500.761825915974,2500.761825915974,2500.761825915974,2500.761825915974,2500.761825915974,2500.761825915974,2500.761825915974,2500.761825915974,2500.761825915974,2500.761825915974,2500.761825915974,2500.761825915974,2500.761825915974,2500.761825915974,2500.761825915974,2500.761825915974,2500.761825915974,2500.761825915974,2500.761825915974,2500.761825915974,2500.761825915974,2500.761825915974,2500.761825915974,2500.761825915974,2500.761825915974,2500.761825915974,2500.761825915974,2500.761825915974,2488.535128619044,2488.535128619044,2488.535128619044,2488.535128619044,2488.535128619044,2488.535128619044,2488.535128619044,2488.535128619044,2488.535128619044,2488.535128619044,2484.2624660568877,2484.2624660568877,2484.2624660568877,2484.2624660568877,2484.2624660568877,2484.2624660568877,2484.2624660568877,2484.2624660568877,2484.2624660568877,2484.2624660568877,2484.2624660568877,2484.2624660568877,2484.2624660568877,2484.2624660568877,2484.2624660568877,2484.2624660568877,2484.2624660568877,2484.2624660568877,2484.2624660568877,2484.2624660568877,2484.2624660568877,2484.2624660568877,2484.2624660568877,2484.2624660568877,2484.2624660568877,2484.2624660568877,2484.2624660568877,2484.2624660568877,2484.2624660568877,2484.2624660568877,2484.2624660568877,2483.977828993257,2483.977828993257,2483.977828993257,2483.977828993257,2483.977828993257,2483.977828993257,2483.977828993257,2480.6779725318875,2480.6779725318875,2480.6779725318875,2480.6779725318875,2480.6779725318875,2480.6779725318875,2480.6779725318875,2480.6779725318875,2480.6779725318875,2480.6779725318875,2480.6779725318875,2480.6779725318875,2480.6779725318875,2480.6779725318875,2480.6779725318875,2480.6779725318875,2480.6779725318875,2480.6779725318875,2480.6779725318875,2480.6779725318875,2480.6779725318875,2480.6779725318875,2480.6779725318875,2480.6779725318875,2480.6779725318875,2480.6779725318875,2480.6779725318875,2480.6779725318875,2480.6779725318875,2480.6779725318875,2480.6779725318875,2480.6779725318875,