{"benchmark":"A-n63-k9","Optimal":1616,"front":[{"fuel":2465.980557285381,"trucks":[[27,26,61,49,62,17],[37,4,42,10,11],[29,7,58,63,53,24,40],[14,50,9,25,60,28,46,6],[12,34,22,54,23,18],[43,39,44,32,47,2,19,5,48],[38,36,52,51,15,41,56,59,33],[21,55,30,31,3,35,20],[57,16,45,13,8]],"distance":1721.9972583791769}]}