{"benchmark":"B-n56-k7","optimalDistance":707,"distanceSequence":[780.1601273596012,780.1601273596012,780.1601273596012,778.6939377937077,778.6939377937077,778.6939377937077,778.6939377937077,778.6939377937077,778.6939377937077,778.6939377937077,778.6939377937077,776.4185587174738,776.4185587174738,776.4185587174738,776.0311371551091,776.0311371551091,776.0311371551091,776.0311371551091,776.0311371551091,776.0311371551091,776.0311371551091,776.0311371551091,774.8906946724733,774.8906946724733,771.998289232199,771.998289232199,771.998289232199,771.998289232199,767.7151847812692,767.7151847812692,767.7151847812692,767.7151847812692,767.7151847812692,767.7151847812692,767.7151847812692,767.7151847812692,767.7151847812692,767.7151847812692,767.7151847812692,767.7151847812692,767.7151847812692,765.7308674549973,765.7308674549973,765.6809250530472,765.6809250530472,764.0682156410536,764.0682156410536,764.0682156410536,764.0682156410536,764.0682156410536,764.0682156410536,764.0682156410536,763.8977316956654,763.8977316956654,763.8938690646986,763.816279738849,763.0442234004627,763.0442234004627,763.0442234004627,763.0442234004627,760.7345362645224,760.7345362645224,760.7345362645224,760.7345362645224,759.7960292212648,759.7960292212648,759.7960292212648,759.7960292212648,759.7960292212648,759.7960292212648,759.7960292212648,750.4557834996707,750.4557834996707,750.4557834996707,750.4557834996707,750.4557834996707,750.4557834996707,750.4557834996707,750.4557834996707,750.4557834996707,750.4557834996707,750.4557834996707,750.4557834996707,749.9379069241305,749.9379069241305,749.9379069241305,749.9379069241305,749.9379069241305,748.4076715845582,748.4076715845582,748.4076715845582,748.4076715845582,744.7342002043104,744.7342002043104,744.7342002043104,744.7342002043104,744.7342002043104,741.1140501565592,741.1140501565592,741.1140501565592,740.7888626355789,740.7888626355789,740.7888626355789,739.4425860812064,738.2598117515124,738.2598117515124,738.2598117515124,738.0078758493077,738.0078758493077,738.0078758493077,738.0078758493077,738.0078758493077,737.9346242305323,737.9346242305323,736.8197641446382,736.8197641446382,736.8197641446382,736.8197641446382,736.8197641446382,736.8197641446382,736.8197641446382,736.8197641446382,736.8197641446382,736.8197641446382,736.8197641446382,736.8197641446382,736.8197641446382,736.8197641446382,736.8197641446382,736.8197641446382,736.8197641446382,736.8197641446382,736.8197641446382,736.8197641446382,736.8197641446382,736.8197641446382,736.8197641446382,736.8197641446382,736.8197641446382,736.8197641446382,736.8197641446382,736.8197641446382,736.8197641446382,736.8197641446382,736.8197641446382,736.8197641446382,736.8197641446382,736.8197641446382,736.8197641446382,736.8197641446382,736.8197641446382,736.8197641446382,736.4945766236581,736.4945766236581,736.4945766236581,736.4945766236581,736.4945766236581,736.4945766236581,736.4945766236581,736.4945766236581,736.4945766236581,736.4945766236581,736.4945766236581,736.4945766236581,736.4945766236581,736.4945766236581,736.4945766236581,736.4945766236581,736.4945766236581,736.4945766236581,736.4945766236581,736.4945766236581,736.4945766236581,736.4945766236581,736.4945766236581,736.4945766236581,736.4945766236581,736.4945766236581,736.4945766236581,736.4945766236581,736.4945766236581,736.4945766236581,736.4945766236581,736.4945766236581,736.4945766236581,736.4945766236581,736.4945766236581,736.4945766236581,736.4945766236581,736.4945766236581,736.4945766236581,736.4945766236581,736.4945766236581,736.4945766236581,736.4945766236581,736.4945766236581,736.4945766236581,736.4945766236581,736.4945766236581,736.4945766236581,736.4945766236581,736.4945766236581,736.4945766236581,736.4945766236581,736.4945766236581,736.4945766236581,736.4945766236581,736.4945766236581,736.4945766236581,736.4945766236581,736.4945766236581,736.4945766236581,736.4945766236581,736.4945766236581,736.4945766236581,736.4945766236581,736.4945766236581,736.4945766236581,736.4945766236581,736.4945766236581,736.4945766236581,736.4945766236581,736.4945766236581,736.4945766236581,736.4945766236581,736.4945766236581,736.4945766236581,736.4945766236581,736.4945766236581,736.4945766236581,736.4945766236581,736.4945766236581,736.4945766236581,736.4945766236581,736.4945766236581,736.4945766236581,736.4945766236581,736.4945766236581,736.4945766236581,736.4945766236581,736.4945766236581,736.4945766236581,736.4945766236581,736.4945766236581,736.4945766236581,736.4945766236581,736.4945766236581,736.4945766236581,736.4945766236581,736.4945766236581,736.4945766236581,736.4945766236581,736.4945766236581,736.4945766236581,736.4945766236581,736.4945766236581,736.4945766236581,736.4945766236581,736.4945766236581,736.4945766236581,736.4945766236581,736.4945766236581,736.4945766236581,736.4945766236581,736.4945766236581,736.4945766236581,736.4945766236581,736.4945766236581,736.4945766236581,736.4945766236581,736.4945766236581,736.4945766236581,736.4945766236581,736.4945766236581,736.4945766236581,736.4945766236581,736.4945766236581,736.4945766236581,736.4945766236581,736.4945766236581,736.4945766236581,736.4945766236581,736.4945766236581,736.4945766236581,736.4945766236581,736.4945766236581,736.4945766236581,736.4945766236581,736.4945766236581,736.4945766236581,736.4945766236581,736.4945766236581,736.4945766236581,736.4945766236581,736.4945766236581,736.4945766236581,736.4945766236581,736.4945766236581,736.4945766236581,736.4945766236581,736.4945766236581,736.4945766236581,736.4945766236581,736.4945766236581,736.4945766236581,736.4945766236581,736.4945766236581,736.4945766236581,736.4945766236581,736.4945766236581,736.4945766236581,736.4945766236581,736.4945766236581,736.4945766236581,736.4945766236581,736.4945766236581,736.4945766236581,736.4945766236581,736.4945766236581,736.4945766236581,736.4945766236581,736.4945766236581,736.4945766236581,736.4945766236581,736.4945766236581,736.4945766236581,736.4945766236581,736.4945766236581,736.4945766236581,736.4945766236581,736.4945766236581,736.4945766236581,736.4945766236581,736.4945766236581,736.4945766236581,736.4945766236581,736.4945766236581,736.4945766236581,736.4945766236581,736.4945766236581,736.4945766236581,736.4945766236581,736.4945766236581,736.4945766236581,736.4945766236581,736.4945766236581,736.4945766236581,736.4945766236581,736.4945766236581,736.4945766236581,736.4945766236581,736.4945766236581,736.4945766236581,736.4945766236581,736.4945766236581,736.4945766236581,736.4945766236581,736.4945766236581,736.4945766236581,736.4945766236581,736.4945766236581,736.4945766236581,736.4945766236581,736.4945766236581,736.4945766236581,736.4945766236581,736.4945766236581,736.4945766236581,736.4945766236581,736.4945766236581,736.4945766236581,736.4945766236581,736.4945766236581,736.4945766236581,736.4945766236581,736.4945766236581,736.4945766236581,736.4945766236581,736.4945766236581,736.4945766236581,736.4945766236581,736.4945766236581,736.4945766236581,736.4945766236581,736.4945766236581,736.4945766236581,736.4945766236581,736.4945766236581,736.4945766236581,736.4945766236581,736.4945766236581,736.4945766236581,736.4945766236581,736.4945766236581,736.4945766236581,736.4945766236581,736.4945766236581,736.4945766236581,736.4945766236581,736.4945766236581,736.4945766236581,736.4945766236581,736.4945766236581,736.4945766236581,736.4945766236581,736.4945766236581,736.4945766236581,736.4945766236581,736.4945766236581,736.4945766236581,736.4945766236581,736.4945766236581,736.4945766236581,736.4945766236581,736.4945766236581,736.4945766236581,736.4945766236581,736.4945766236581,736.4945766236581,736.4945766236581,736.4945766236581,736.4945766236581,736.4945766236581,736.4945766236581,736.4945766236581,736.4945766236581,736.4945766236581,736.4945766236581,736.4945766236581,736.4945766236581,736.4945766236581,736.4945766236581,736.4945766236581,736.4945766236581,736.4945766236581,736.4945766236581,736.4945766236581,736.4945766236581,736.4945766236581,736.4945766236581,736.4945766236581,