{"benchmark":"B-n56-k7","optimalDistance":707,"distanceSequence":[775.0033436068903,775.0033436068903,775.0033436068903,775.0033436068903,774.1586073886496,774.1586073886496,774.1586073886496,774.1586073886496,774.1586073886496,774.1586073886496,771.693349660462,771.693349660462,771.693349660462,770.6686600389797,770.6686600389797,770.6686600389797,770.6686600389797,770.6686600389797,770.6686600389797,770.6686600389797,770.6686600389797,769.3207493972207,767.3586660925512,767.3586660925512,767.3586660925512,767.3586660925512,765.8308020475508,765.8308020475508,765.8308020475508,765.8308020475508,765.8308020475508,765.5890932576226,765.5890932576226,765.5890932576226,765.5890932576226,765.5890932576226,765.5890932576226,765.5890932576226,765.5890932576226,765.5890932576226,764.0612292126222,764.0612292126222,764.0612292126222,764.0612292126222,764.0612292126222,764.0612292126222,764.0612292126222,764.0612292126222,764.0612292126222,764.0612292126222,763.8112016079369,763.8112016079369,763.8112016079369,763.8112016079369,763.8112016079369,763.8112016079369,763.8112016079369,763.8112016079369,763.8112016079369,763.8112016079369,763.8112016079369,763.8112016079369,761.6241149726152,761.6241149726152,761.6241149726152,761.6241149726152,761.6241149726152,761.6241149726152,759.6128933666198,759.6128933666198,759.6128933666198,759.6128933666198,759.6128933666198,759.6128933666198,759.6128933666198,759.6128933666198,759.6128933666198,759.6128933666198,759.6128933666198,758.6383015460281,757.8433205316912,757.8433205316912,757.8433205316912,757.8433205316912,757.8433205316912,757.8433205316912,757.8433205316912,757.8433205316912,757.7819227195546,757.7819227195546,757.7819227195546,757.7819227195546,756.9588128182287,756.9588128182287,756.9588128182287,756.9588128182287,756.9588128182287,756.9588128182287,756.9588128182287,756.9588128182287,756.9588128182287,756.9588128182287,756.9588128182287,756.9588128182287,755.988026266243,755.988026266243,755.988026266243,755.988026266243,755.988026266243,755.988026266243,755.988026266243,755.988026266243,755.988026266243,755.988026266243,755.988026266243,755.988026266243,755.988026266243,755.988026266243,755.988026266243,755.988026266243,755.9452970807652,755.9452970807652,755.9452970807652,755.9452970807652,755.9452970807652,755.9452970807652,755.7872399429749,755.7872399429749,755.7872399429749,755.7872399429749,755.7872399429749,755.7872399429749,755.7872399429749,755.7872399429749,755.7872399429749,755.7872399429749,755.7872399429749,755.7872399429749,755.7872399429749,755.7872399429749,755.7872399429749,755.7872399429749,755.7872399429749,755.7872399429749,755.7872399429749,755.7872399429749,755.7872399429749,755.7872399429749,755.7872399429749,755.7872399429749,755.7872399429749,755.7872399429749,755.7872399429749,755.7872399429749,755.7872399429749,755.7872399429749,755.7872399429749,755.7872399429749,755.7872399429749,755.7872399429749,755.7872399429749,755.7872399429749,754.9154004511795,754.9154004511795,754.9154004511795,754.9154004511795,754.9154004511795,754.1330492942427,754.1330492942427,754.1330492942427,754.1330492942427,754.1330492942427,754.1330492942427,754.1330492942427,754.1330492942427,754.1330492942427,754.1330492942427,754.1330492942427,754.1330492942427,753.0900055535212,753.0900055535212,753.0900055535212,753.0900055535212,753.0900055535212,753.0900055535212,753.0900055535212,753.0900055535212,753.0900055535212,753.0900055535212,753.0900055535212,752.10530801312,752.10530801312,752.10530801312,752.10530801312,752.10530801312,752.10530801312,752.10530801312,752.10530801312,752.10530801312,752.10530801312,752.10530801312,752.10530801312,752.10530801312,752.10530801312,743.8542965293911,743.8542965293911,743.8542965293911,743.8542965293911,743.8542965293911,742.030279403273,742.030279403273,742.030279403273,738.4643266203484,738.4643266203484,738.4643266203484,738.4643266203484,738.4643266203484,738.4643266203484,738.4643266203484,738.4643266203484,738.4643266203484,738.4643266203484,738.4643266203484,738.4643266203484,738.4643266203484,738.4643266203484,738.4643266203484,735.5953046706595,735.5953046706595,735.5953046706595,735.5953046706595,735.5953046706595,735.5953046706595,735.5953046706595,735.5953046706595,735.5953046706595,735.2701171496794,734.738925844186,734.738925844186,734.738925844186,734.738925844186,734.738925844186,734.738925844186,734.738925844186,734.738925844186,734.738925844186,734.738925844186,734.738925844186,734.738925844186,734.738925844186,734.738925844186,734.738925844186,734.738925844186,734.738925844186,734.738925844186,734.738925844186,734.738925844186,734.738925844186,734.738925844186,734.738925844186,734.738925844186,734.738925844186,734.738925844186,734.738925844186,734.738925844186,734.738925844186,734.738925844186,734.738925844186,734.738925844186,734.738925844186,734.738925844186,734.738925844186,734.738925844186,734.738925844186,734.738925844186,734.738925844186,734.738925844186,734.738925844186,734.738925844186,734.738925844186,734.738925844186,734.738925844186,734.738925844186,734.738925844186,734.738925844186,734.7234651788643,734.7234651788643,734.7234651788643,734.7234651788643,734.7234651788643,734.7234651788643,734.7234651788643,734.7234651788643,734.7234651788643,734.7234651788643,734.7234651788643,734.7234651788643,734.7234651788643,734.7234651788643,734.7234651788643,734.7234651788643,734.7234651788643,734.7234651788643,734.7234651788643,734.7234651788643,734.7234651788643,734.7234651788643,734.7234651788643,734.7234651788643,734.7234651788643,734.7234651788643,734.7234651788643,734.7234651788643,734.7234651788643,734.7234651788643,734.7234651788643,734.7234651788643,734.7234651788643,734.7234651788643,734.7234651788643,734.7234651788643,734.7234651788643,734.7234651788643,734.7234651788643,734.7234651788643,734.7234651788643,734.7234651788643,734.7234651788643,734.7234651788643,734.7234651788643,734.7234651788643,734.7234651788643,734.7234651788643,734.7234651788643,734.7234651788643,734.7234651788643,734.7234651788643,734.7234651788643,734.7234651788643,734.7234651788643,734.7234651788643,734.7234651788643,734.7234651788643,734.7234651788643,734.7234651788643,734.7234651788643,734.7234651788643,734.7234651788643,734.7234651788643,734.7234651788643,734.7234651788643,734.7234651788643,734.7234651788643,734.7234651788643,734.7234651788643,734.7234651788643,734.7234651788643,734.7234651788643,734.7234651788643,734.7234651788643,734.7234651788643,734.7234651788643,734.7234651788643,734.7234651788643,734.7234651788643,734.7234651788643,734.7234651788643,734.7234651788643,734.7234651788643,734.7234651788643,734.7234651788643,734.7234651788643,734.7234651788643,734.7234651788643,734.7234651788643,734.7234651788643,734.7234651788643,734.7234651788643,734.7234651788643,734.7234651788643,734.7234651788643,734.7234651788643,734.7234651788643,734.7234651788643,734.7234651788643,734.7234651788643,734.7234651788643,734.7234651788643,734.7234651788643,734.7234651788643,734.7234651788643,734.7234651788643,734.7234651788643,734.7234651788643,734.7234651788643,734.7234651788643,734.7234651788643,733.8670863523909,733.8670863523909,733.8670863523909,733.8670863523909,733.8670863523909,733.8670863523909,733.8670863523909,733.8670863523909,733.8670863523909,733.8670863523909,733.8670863523909,733.8670863523909,733.8670863523909,733.8670863523909,733.8670863523909,733.8670863523909,733.8670863523909,733.8670863523909,733.8670863523909,733.8670863523909,733.8670863523909,733.8670863523909,733.8670863523909,733.8670863523909,733.8670863523909,733.8670863523909,733.8670863523909,733.8670863523909,733.8670863523909,733.8670863523909,733.8670863523909,733.8670863523909,733.8670863523909,733.8670863523909,733.8670863523909,733.8670863523909,733.8670863523909,733.8670863523909,733.8670863523909,733.8670863523909,733.8670863523909,733.8670863523909,733.8670863523909,733.8670863523909,733.8670863523909,733.8670863523909,733.8670863523909,733.8670863523909,733.8670863523909,