{"Optimal":510,"front":[{"distance":566.7725302778612,"trucks":[[35,31,40,11,34,16,45,43,20,41],[6,39,10,17,22,30,21,36,37,4],[13,38,18,5,42,14,26,15],[12,3,33,2,23,29,32,27,9,28],[19,25,44,8,24,7]],"fuel":802.9539296875904}],"benchmark":"P-n45-k5"}