{"Optimal":510,"benchmark":"P-n45-k5","front":[{"trucks":[[7,24,8,44,25,15,26,14],[27,9,32,29,4,21,36,37,30,22,10],[23,3,17,35,31,11,40,34],[19,5,18,38,16,45,43,20,41,42],[13,6,39,12,33,2,28]],"fuel":795.5267977710977,"distance":565.1731835644355}]}