{"Optimal":510,"benchmark":"P-n45-k5","front":[{"distance":565.3253212349713,"fuel":793.3855974546589,"trucks":[[28,9,27,32,29,4,21,36,37,23],[18,38,45,16,34,40,11,31,35,22,30,10],[7,26,14,42,20,41,43,5],[19,15,25,44,24,8,2,33],[13,3,17,12,39,6]]}]}