{"benchmark":"B-n50-k7","front":[{"fuel":1080.8788894780107,"trucks":[[32,40,27,14,2],[22,46,37,6,9,21,12,38,5,36],[34,23,13,39,10,24,30,47],[43,11,4,17,28,25,44,15,19,26,31],[16,41,35,50,20,45,18,49],[29,33,3,7],[42,48,8]],"distance":772.6404920450792}],"Optimal":741}