{"Optimal":741,"benchmark":"B-n50-k7","front":[{"trucks":[[48,34,23,13,39,10,24,30,40,32],[47,27,14,2],[43,11,4,17,28,44,25,15,19,31,26],[22,46,37,6,9,21,12,38,5,36],[35,16,41,49,18,45,20,33,7],[42,8],[50,3,29]],"fuel":1092.0875793460734,"distance":779.7358572789651},{"fuel":1091.3419561329101,"trucks":[[35,16,41,50,20,45,18,49],[48,34,23,13,39,10,24,30,40,32],[22,46,37,6,9,21,12,38,5,36],[43,11,4,17,28,44,25,15,19,31,26],[47,27,14,2],[42,8],[29,3,33,7]],"distance":780.3212321682154},{"fuel":1090.7260948952649,"trucks":[[43,11,4,17,28,44,25,15,19,31,26],[35,16,41,49,18,45,20,33,7],[50,3,29],[48,34,23,13,39,10,24,30,40,32],[47,27,14,2,36],[22,46,37,6,9,21,12,38,5],[42,8]],"distance":781.1783070910286},{"fuel":1089.9804716821016,"trucks":[[43,11,4,17,28,44,25,15,19,31,26],[35,16,41,50,20,45,18,49],[48,34,23,13,39,10,24,30,40,32],[47,27,14,2,36],[22,46,37,6,9,21,12,38,5],[29,3,33,7],[42,8]],"distance":781.7636819802788}]}