{"front":[{"fuel":1109.9668192409547,"distance":791.2022079224937,"trucks":[[7,16,41,50,20,45,18,35],[13,39,10,24,30,36,5,47,23],[48,42,32,34,8,26],[22,37,46,6,9,38,12,21],[4,43,11,17,28,44,25,15,19,31],[40,27,14,2],[29,33,49,3]]},{"distance":792.3213756654159,"fuel":1101.2587523076065,"trucks":[[22,46,37,6,9,38,12,21],[13,39,10,24,30,36,5,47,23],[4,43,11,17,28,44,25,15,19,26,31],[35,41,18,20,45,16,7,50],[40,27,14,2],[48,42,32,34,8],[29,33,49,3]]},{"trucks":[[13,39,10,24,30,36,5,2,23],[35,50,41,16,7,49,33,3],[4,43,11,17,28,44,25,15,19,31,8],[22,46,37,6,9,21,12,38],[47,14,27,40],[48,42,34,32,26],[29,18,20,45]],"distance":794.5756674392024,"fuel":1097.2516526278562}],"Optimal":741,"benchmark":"B-n50-k7"}