{"front":[{"trucks":[[23,13,39,10,24,30,36,5,47],[4,11,43,17,28,25,44,15,19,31,26],[34,2,14,27,40],[7,16,41,50,18,20,45,49,33,3],[38,12,21,9,6,46,37,22],[42,48,32,8],[35,29]],"fuel":1084.0888582057696,"distance":778.2445626519241},{"distance":779.9486756908314,"trucks":[[23,13,39,10,24,30,36,5,47],[22,46,37,6,21,9,38,12],[4,11,43,17,28,25,44,15,19,31,26],[40,27,14,2,48],[7,16,41,50,18,20,45,49,33,3],[35,29],[42,34,32,8]],"fuel":1083.0365365416392}],"Optimal":741,"benchmark":"B-n50-k7"}