{"optimalDistance":1167,"fuelSequence":[1912.0305893541497,1906.7768215569538,1906.7768215569538,1906.7768215569538,1899.9386675891374,1899.9386675891374,1899.9386675891374,1899.9386675891374,1899.9386675891374,1898.6539405302678,1898.6539405302678,1898.6539405302678,1898.4907927562563,1898.4907927562563,1892.1310767865514,1892.1310767865514,1892.1310767865514,1892.1310767865514,1892.1310767865514,1892.1310767865514,1892.1310767865514,1892.1310767865514,1892.1310767865514,1892.1310767865514,1889.4307857194706,1889.4307857194706,1889.4307857194706,1889.4307857194706,1889.4307857194706,1889.4307857194706,1889.4307857194706,1889.4307857194706,1854.5134900608023,1854.5134900608023,1854.5134900608023,1854.5134900608023,1854.5134900608023,1854.5134900608023,1853.1319336155332,1853.1319336155332,1853.1319336155332,1851.2688942867885,1851.2688942867885,1851.2688942867885,1851.2688942867885,1851.2688942867885,1851.2688942867885,1851.2688942867885,1851.2688942867885,1851.2688942867885,1851.2153118987842,1851.2153118987842,1851.2153118987842,1850.5060078881127,1850.5060078881127,1850.5060078881127,1849.8873378415194,1849.8873378415194,1849.8873378415194,1849.8873378415194,1849.7671952375545,1837.7142906448898,1837.7142906448898,1837.7142906448898,1837.7142906448898,1837.7142906448898,1837.7142906448898,1836.951404246214,1836.951404246214,1836.951404246214,1836.951404246214,1836.951404246214,1836.26617398366,1836.26617398366,1836.26617398366,1836.26617398366,1836.26617398366,1836.26617398366,1836.26617398366,1836.26617398366,1836.26617398366,1836.26617398366,1836.26617398366,1836.26617398366,1836.26617398366,1836.26617398366,1836.26617398366,1836.26617398366,1836.26617398366,1836.26617398366,1835.5032875849843,1835.5032875849843,1835.5032875849843,1835.5032875849843,1835.5032875849843,1835.5032875849843,1835.5032875849843,1835.5032875849843,1835.5032875849843,1835.5032875849843,1832.1490637900474,1832.1490637900474,1832.1490637900474,1832.1490637900474,1832.1490637900474,1832.1490637900474,1832.1490637900474,1832.1490637900474,1832.1490637900474,1832.1490637900474,1832.1490637900474,1832.1490637900474,1832.1490637900474,1822.4361125486394,1822.4361125486394,1822.4361125486394,1822.4361125486394,1822.4361125486394,1822.294403431147,1822.294403431147,1822.294403431147,1822.294403431147,1822.294403431147,1822.294403431147,1822.294403431147,1822.294403431147,1822.294403431147,1822.294403431147,1822.294403431147,1822.294403431147,1822.294403431147,1822.294403431147,1822.294403431147,1822.294403431147,1822.294403431147,1822.294403431147,1822.294403431147,1822.294403431147,1822.294403431147,1822.294403431147,1822.294403431147,1822.294403431147,1822.294403431147,1822.294403431147,1822.294403431147,1822.294403431147,1822.294403431147,1822.294403431147,1822.294403431147,1822.294403431147,1822.294403431147,1822.294403431147,1822.294403431147,1822.294403431147,1822.294403431147,1822.294403431147,1822.294403431147,1822.294403431147,1822.294403431147,1822.294403431147,1822.294403431147,1822.294403431147,1822.294403431147,1822.294403431147,1822.294403431147,1822.294403431147,1822.294403431147,1822.294403431147,1822.294403431147,1822.294403431147,1822.294403431147,1822.294403431147,1822.294403431147,1822.294403431147,1822.294403431147,1822.294403431147,1820.6071838982089,1820.6071838982089,1820.6071838982089,1820.6071838982089,1820.6071838982089,1820.6071838982089,1820.6071838982089,1820.6071838982089,1820.6071838982089,1820.6071838982089,1820.6071838982089,1820.6071838982089,1820.6071838982089,1820.6071838982089,1820.6071838982089,1820.6071838982089,1820.6071838982089,1820.6071838982089,1820.6071838982089,1820.6071838982089,1820.6071838982089,1820.6071838982089,1820.6071838982089,1820.6071838982089,1820.6071838982089,1820.6071838982089,1820.6071838982089,1820.6071838982089,1820.6071838982089,1820.6071838982089,1820.6071838982089,1820.6071838982089,1820.2865049117638,1820.2865049117638,1820.2865049117638,1820.2865049117638,1820.2865049117638,1820.2865049117638,1815.184650788678,1815.184650788678,1815.184650788678,1815.184650788678,1815.184650788678,1815.184650788678,1815.184650788678,1815.184650788678,1815.184650788678,1815.184650788678,1815.184650788678,1815.184650788678,1815.184650788678,1815.184650788678,1815.184650788678,1810.8266582595838,1810.8266582595838,1810.8266582595838,1810.8266582595838,1810.8266582595838,1810.8266582595838,1810.8266582595838,1810.8266582595838,1806.0385050531406,1806.0385050531406,1806.0385050531406,1806.0385050531406,1806.0385050531406,1806.0385050531406,1806.0385050531406,1806.0385050531406,1806.0385050531406,1802.7679276321403,1802.7679276321403,1802.7679276321403,1802.7679276321403,1802.7679276321403,1802.7679276321403,1802.7679276321403,1787.503742366087,1787.503742366087,1787.503742366087,1787.503742366087,1787.503742366087,1787.503742366087,1787.503742366087,1787.503742366087,1787.503742366087,1787.503742366087,1787.503742366087,1786.8833109813663,1786.8833109813663,1786.8833109813663,1786.8833109813663,1778.4594028865788,1778.4594028865788,1778.4594028865788,1778.4594028865788,1778.4594028865788,1778.4594028865788,1778.4594028865788,1778.4594028865788,1778.4594028865788,1778.4594028865788,1770.7413659341764,1770.7413659341764,1770.7413659341764,1770.7413659341764,1770.7413659341764,1770.7413659341764,1770.7413659341764,1770.7413659341764,1770.7413659341764,1770.7413659341764,1770.7413659341764,1770.690181567064,1770.690181567064,1770.690181567064,1770.690181567064,1770.690181567064,1770.690181567064,1770.690181567064,1770.690181567064,1770.690181567064,1770.1209345494558,1770.1209345494558,1770.1209345494558,1770.1209345494558,1770.1209345494558,1770.1209345494558,1770.1209345494558,1770.1209345494558,1770.1209345494558,1770.1209345494558,1770.1209345494558,1770.1209345494558,1770.1209345494558,1770.1209345494558,1770.1209345494558,1770.1209345494558,1769.8729122879959,1769.8729122879959,1769.8729122879959,1769.8729122879959,1769.8729122879959,1769.8729122879959,1769.8729122879959,1769.8729122879959,1769.8729122879959,1769.8729122879959,1769.8729122879959,1769.8729122879959,1769.8729122879959,1769.8729122879959,1769.5343139281904,1769.5343139281904,1769.5343139281904,1769.5343139281904,1769.5343139281904,1769.5343139281904,1769.5343139281904,1769.5343139281904,1769.5343139281904,1769.5343139281904,1769.5343139281904,1769.5343139281904,1769.5343139281904,1769.5343139281904,1769.5343139281904,1769.5343139281904,1769.5343139281904,1769.5343139281904,1769.5343139281904,1769.5343139281904,1769.5343139281904,1769.5343139281904,1769.5343139281904,1769.5343139281904,1769.5343139281904,1769.5343139281904,1769.5343139281904,1769.5343139281904,1769.5343139281904,1769.5343139281904,1769.5343139281904,1769.5343139281904,1769.5343139281904,1769.5343139281904,1769.5343139281904,1769.5343139281904,1769.5343139281904,1769.5343139281904,1769.5343139281904,1769.5343139281904,1769.5343139281904,1769.5343139281904,1769.5343139281904,1769.5343139281904,1769.5343139281904,1769.5343139281904,1769.5343139281904,1769.5343139281904,1769.5343139281904,1769.5343139281904,1769.5343139281904,1769.5343139281904,1769.5343139281904,1769.5343139281904,1769.5343139281904,1769.5343139281904,1769.5343139281904,1769.5343139281904,1769.5343139281904,1769.5343139281904,1769.5343139281904,1769.5343139281904,1769.5343139281904,1769.5343139281904,1769.5343139281904,1769.5343139281904,1769.5343139281904,1769.5343139281904,1769.5343139281904,1769.5343139281904,1769.5343139281904,1769.5343139281904,1769.5343139281904,1769.5343139281904,1769.5343139281904,1769.5343139281904,1769.5343139281904,1769.5343139281904,1769.5343139281904,1769.5343139281904,1769.5343139281904,1769.5343139281904,1769.5343139281904,1769.5343139281904,1769.5343139281904,1769.5343139281904,1769.5343139281904,1769.5343139281904,1769.5343139281904,1769.5343139281904,1769.5343139281904,1769.5343139281904,1769.5343139281904,1769.5343139281904,1769.5343139281904,1769.5343139281904,1769.5343139281904,1769.5343139281904,