{"benchmark":"A-n54-k7","Optimal":1167,"front":[{"trucks":[[5,29,8,40,51,6,19],[21,50,2,46,27,22,34,10],[13,38,49,41,32,9,20],[14,12,54,45,39,37,24],[52,25,3,15,28,23,4],[53,7,33,43,47,42,48,26,35,31],[44,17,36,16,11,18,30]],"fuel":1823.0991881890313,"distance":1268.9025191898863},{"trucks":[[5,29,8,40,51,6,19],[21,50,2,46,27,22,34,10],[13,38,49,41,32,9,20],[14,12,54,45,39,37,24],[52,25,3,15,28,23,4],[53,31,35,26,48,42,47,43,33,7],[44,17,36,16,11,18,30]],"fuel":1822.3710254589475,"distance":1272.9673804399288}]}