{"front":[{"fuel":1803.8736152368879,"trucks":[[50,37,18,27,46,22,34,10],[45,54,4,23,14],[13,38,49,41,32,9,20],[33,15,28,3,25,43,52,47,42,35],[24,36,16,11,2,39,12,7],[17,30,21,8,40,51,6,29,19],[5,44,53,48,26,31]],"distance":1252.9408897295684},{"fuel":1795.1192483270138,"trucks":[[15,28,3,13,49,41,32,14],[35,42,47,52,43,25,38,9,20,12],[54,23,4,45,46],[36,18,27,22,34,10,39],[29,6,8,51,40,50,30,16,21,24],[53,17,33,7,11,2,37,19],[5,44,48,26,31]],"distance":1272.2848574174},{"fuel":1794.8760459544014,"trucks":[[15,28,3,13,49,41,32,14],[35,42,47,52,43,25,38,9,20,12],[54,23,4,45,46],[36,18,27,22,34,10,39],[29,6,8,51,40,50,30,16,24,21],[53,17,33,7,11,2,37,19],[5,44,26,48,31]],"distance":1273.6721237839147},{"fuel":1790.4617096065447,"trucks":[[15,28,3,13,49,41,32,14],[35,42,47,52,43,25,38,9,20,12],[54,23,4,45,46],[36,18,27,22,34,10,39],[29,6,8,51,40,50,30,16,21,24],[53,17,33,7,11,2,37,19],[5,44,31,26,48]],"distance":1275.0391971811312}],"Optimal":1167,"benchmark":"A-n54-k7"}