{"Optimal":1167,"benchmark":"A-n54-k7","front":[{"trucks":[[5,29,6,8,51,40,50,30],[26,48,42,47,52,43,25,3,28],[54,4,23,32,20],[35,15,13,38,49,41,9],[33,14,12,45,10,34,22,46,27],[24,21,36,16,11,39,18,2,37,19],[44,17,7,53,31]],"distance":1220.391721281637,"fuel":1748.4315109310362},{"trucks":[[5,29,6,8,51,40,50,30],[26,48,42,47,52,43,25,3,28],[54,4,23,32,20],[15,13,38,49,41,9,35],[33,14,12,45,10,34,22,46,27],[24,21,36,16,11,39,18,2,37,19],[44,17,7,53,31]],"distance":1224.0748476895722,"fuel":1745.755684437691}]}