{"optimalDistance":669,"fuelSequence":[1019.0930709917508,1019.0930709917508,1019.0930709917508,1019.0930709917508,1019.0930709917508,1019.0930709917508,1019.0930709917508,1019.0930709917508,1019.0930709917508,1019.0930709917508,1019.0930709917508,1019.0930709917508,1019.0930709917508,1019.0930709917508,1019.0930709917508,1019.0930709917508,1019.0930709917508,1019.0930709917508,1019.0930709917508,1019.0930709917508,1019.0930709917508,1019.0930709917508,1019.0930709917508,1019.0930709917508,1019.0930709917508,1019.0930709917508,1019.0930709917508,1019.0930709917508,1019.0930709917508,1019.0930709917508,1019.0930709917508,1019.0930709917508,1019.0930709917508,1019.0930709917508,1019.0930709917508,1019.0930709917508,1019.0930709917508,1019.0930709917508,1019.0930709917508,1019.0930709917508,1019.0930709917508,1019.0930709917508,1019.0930709917508,1019.0930709917508,1019.0930709917508,1019.0930709917508,1019.0930709917508,1019.0930709917508,1019.0930709917508,1019.0930709917508,1019.0930709917508,1019.0930709917508,1019.0930709917508,1019.0930709917508,1019.0930709917508,1019.0930709917508,1019.0930709917508,1019.0930709917508,1019.0930709917508,1019.0930709917508,1019.0930709917508,1019.0930709917508,1019.0930709917508,1019.0930709917508,1019.0930709917508,1019.0930709917508,1019.0930709917508,1019.0930709917508,1019.0930709917508,1019.0930709917508,1019.0930709917508,1019.0930709917508,1019.0930709917508,1019.0930709917508,1019.0930709917508,1019.0930709917508,1019.0930709917508,1019.0930709917508,1019.0930709917508,1019.0930709917508,1019.0930709917508,1019.0930709917508,1019.0930709917508,1019.0930709917508,1019.0930709917508,1019.0930709917508,1019.0930709917508,1019.0930709917508,1019.0930709917508,1019.0930709917508,1019.0930709917508,1019.0930709917508,1019.0930709917508,1019.0930709917508,1019.0930709917508,1019.0930709917508,1019.0930709917508,1019.0930709917508,1019.0930709917508,1019.0930709917508,1019.0930709917508,1019.0930709917508,1015.5316971591429,1015.5316971591429,1015.5316971591429,1015.5316971591429,1015.5316971591429,1015.5316971591429,1015.5316971591429,1015.5316971591429,1015.5316971591429,1015.5316971591429,1015.5316971591429,1015.5316971591429,1015.5316971591429,1015.5316971591429,1015.5316971591429,1015.5316971591429,1015.5316971591429,1015.5316971591429,1015.5316971591429,1015.5316971591429,1015.5316971591429,1015.5316971591429,1015.5316971591429,1015.5316971591429,1015.5316971591429,1015.5316971591429,1015.5316971591429,1015.5316971591429,1015.5316971591429,1015.5316971591429,1015.5316971591429,1015.5316971591429,1015.5316971591429,1015.5316971591429,1015.5316971591429,1015.5316971591429,1015.5316971591429,1015.5316971591429,1015.5316971591429,1015.5316971591429,1015.5316971591429,1015.5316971591429,1015.5316971591429,1015.5316971591429,1015.5316971591429,1015.5316971591429,1015.5316971591429,1015.5316971591429,1015.5316971591429,1015.5316971591429,1015.5316971591429,1015.5316971591429,1015.5316971591429,1015.5316971591429,1015.5316971591429,1015.5316971591429,1015.5316971591429,1015.5316971591429,1015.5316971591429,1015.5316971591429,1015.5316971591429,1015.5316971591429,1015.5316971591429,1015.5316971591429,1015.5316971591429,1015.5316971591429,1015.5316971591429,1015.5316971591429,1015.5316971591429,1015.5316971591429,1015.5316971591429,1015.5316971591429,1015.5316971591429,1015.5316971591429,1015.5316971591429,1015.5316971591429,1015.5316971591429,1015.5316971591429,1015.5316971591429,1015.5316971591429,1015.5316971591429,1015.5316971591429,1015.5316971591429,1015.5316971591429,1015.5316971591429,1015.5316971591429,1015.5316971591429,1015.5316971591429,1015.5316971591429,1015.5316971591429,1015.5316971591429,1015.5316971591429,1015.5316971591429,1015.5316971591429,1015.5316971591429,1015.5316971591429,1015.5316971591429,1015.5316971591429,1015.5316971591429,1015.5316971591429,1015.5316971591429,1015.5316971591429,1015.5316971591429,1015.5316971591429,1015.5316971591429,1015.5316971591429,1015.5316971591429,1015.5316971591429,1015.5316971591429,1015.5316971591429,1015.5316971591429,1015.5316971591429,1015.5316971591429,1015.5316971591429,1015.5316971591429,1015.5316971591429,1015.5316971591429,1015.5316971591429,1015.5316971591429,1015.5316971591429,1015.5316971591429,1015.5316971591429,1015.5316971591429,1015.5316971591429,1015.5316971591429,1015.5316971591429,1015.5316971591429,1015.5316971591429,1015.5316971591429,1015.5316971591429,1015.5316971591429,1015.5316971591429,1015.5316971591429,1015.5316971591429,1015.5316971591429,1015.5316971591429,1015.5316971591429,1015.5316971591429,1015.5316971591429,1015.5316971591429,1015.5316971591429,1015.5316971591429,1015.5316971591429,1015.5316971591429,1015.5316971591429,1015.5316971591429,1015.5316971591429,1015.5316971591429,1015.5316971591429,1015.5316971591429,1015.5316971591429,1015.5316971591429,1015.5316971591429,1015.5316971591429,1015.5316971591429,1015.5316971591429,1015.5316971591429,1015.5316971591429,1015.5316971591429,1015.5316971591429,1015.5316971591429,1015.5316971591429,1015.5316971591429,1015.5316971591429,1015.5316971591429,1015.5316971591429,1015.5316971591429,1015.5316971591429,1015.5316971591429,1015.5316971591429,1015.5316971591429,1015.5316971591429,1015.5316971591429,1015.5316971591429,1015.5316971591429,1015.5316971591429,1015.5316971591429,1015.5316971591429,1015.5316971591429,1015.5316971591429,1015.5316971591429,1015.5316971591429,1015.5316971591429,1015.5316971591429,1015.5316971591429,1015.5316971591429,1006.3176702259987,1006.3176702259987,1006.3176702259987,1006.3176702259987,1006.3176702259987,1006.3176702259987,1006.3176702259987,1006.3176702259987,1006.3176702259987,1006.3176702259987,1006.3176702259987,1006.3176702259987,1006.3176702259987,1006.3176702259987,1006.3176702259987,1006.3176702259987,1006.3176702259987,1006.3176702259987,1006.3176702259987,1006.3176702259987,1006.3176702259987,1006.3176702259987,1006.3176702259987,1006.3176702259987,1006.3176702259987,1006.3176702259987,1006.3176702259987,1006.3176702259987,1006.3176702259987,1006.3176702259987,1006.3176702259987,1006.3176702259987,1006.3176702259987,1006.3176702259987,1006.3176702259987,1006.3176702259987,1006.3176702259987,1006.3176702259987,1006.3176702259987,1006.3176702259987,1006.3176702259987,1006.3176702259987,1006.3176702259987,1006.3176702259987,1006.3176702259987,1006.3176702259987,1006.3176702259987,1006.3176702259987,1006.3176702259987,1006.3176702259987,1006.3176702259987,1006.3176702259987,1006.3176702259987,1006.3176702259987,1006.3176702259987,1006.3176702259987,1006.3176702259987,1006.3176702259987,1006.3176702259987,1006.3176702259987,1006.3176702259987,1006.3176702259987,1006.3176702259987,1006.3176702259987,1006.3176702259987,1006.3176702259987,1006.3176702259987,1006.3176702259987,1006.3176702259987,1006.3176702259987,1006.3176702259987,1006.3176702259987,1006.3176702259987,1006.3176702259987,1006.3176702259987,1006.3176702259987,1006.3176702259987,1006.3176702259987,1006.3176702259987,1006.3176702259987,1006.3176702259987,1006.3176702259987,1006.3176702259987,1006.3176702259987,1006.3176702259987,1006.3176702259987,1006.3176702259987,1006.3176702259987,1006.3176702259987,1006.3176702259987,1006.3176702259987,1006.3176702259987,1006.3176702259987,1006.3176702259987,1006.3176702259987,1006.3176702259987,1006.3176702259987,1006.3176702259987,1006.3176702259987,1006.3176702259987,1006.3176702259987,1006.3176702259987,1006.3176702259987,1006.3176702259987,1006.3176702259987,1006.3176702259987,1006.3176702259987,1006.3176702259987,1006.3176702259987,1006.3176702259987,1006.3176702259987,1006.3176702259987,1006.3176702259987,1006.3176702259987,1006.3176702259987,1006.3176702259987,1006.3176702259987,1006.3176702259987,1006.3176702259987,1006.3176702259987,1006.3176702259987,1006.3176702259987,1006.3176702259987,1006.3176702259987,1006.3176702259987,1006.3176702259987,1006.3176702259987,1006.3176702259987,1006.3176702259987,1006.3176702259987,1006.3176702259987,