{"Optimal":669,"front":[{"fuel":1011.5057191690582,"distance":741.8988451569244,"trucks":[[17,23,14,6,34,5,8],[18,15,24,21,20,3,11,7],[4,25,10,28,9,12,26,36,19],[35,37,30,33,29,32,27,31,16],[22,13,2]]},{"distance":758.4958073754817,"trucks":[[17,23,14,6,34,5,8],[13,3,20,21,24,15,18],[4,25,10,28,9,12,26,36,19],[35,37,30,33,29,32,27,31,16],[22,2,11,7]],"fuel":1010.9138815394742}],"benchmark":"A-n37-k5"}