{"front":[{"trucks":[[2,18,15,24,21,12,9,28,10,25,4],[13,20,3,11,7,6],[17,23,14,34,5,8],[16,31,26,36,19,27,32,29,33,30],[22,35,37]],"fuel":973.324378003409,"distance":711.9366948499148}],"benchmark":"A-n37-k5","Optimal":669}