{"benchmark":"A-n37-k5","Optimal":669,"front":[{"distance":725.3511737317626,"trucks":[[23,14,6,7,34,5,8],[35,37,26,9,28,10,25,12,24,18,4],[2,15,21,20,3,11,13],[31,36,19,27,29,32,33,30,16],[22,17]],"fuel":1006.3780784807453},{"fuel":1006.1709564333163,"trucks":[[22,31,16],[23,14,6,7,34,5,8],[17,13,21,20,3,11],[35,37,30,33,29,32,27,19,36,26],[2,18,15,24,12,28,9,25,10,4]],"distance":753.0589873743907}]}