{"front":[{"distance":712.1481132385036,"trucks":[[2,13,18,15,12,9,28,10,25,4],[16,35,37],[31,26,36,19,27,32,29,33,30],[22,17,8,5,14,23],[24,21,20,3,11,7,6,34]],"fuel":991.9535044563647},{"trucks":[[17,23,14,6,34,5,8],[2,13,18,15,24,12,9,28,10,25,4],[21,20,3,11,7],[16,37,30,33,29,32,27,19,36,26],[22,31,35]],"distance":740.6518729486636,"fuel":988.2933474945788}],"benchmark":"A-n37-k5","Optimal":669}