{"benchmark":"A-n37-k5","Optimal":669,"front":[{"trucks":[[14,34,6,7,11,3,20],[13,18,15,24,21,12,9,28,10,25,4],[35,30,33,29,32,27,19,36,26,31],[2,17,23,8,5,16,37],[22]],"fuel":1076.7327861574352,"distance":743.1902217284323},{"distance":747.7268398499584,"fuel":1073.1001473430133,"trucks":[[14,34,6,7,11,3,20],[13,18,15,24,21,12,9,28,10,25,4],[35,30,33,29,32,27,19,36,26,31],[22,2,23,8,5,16,37],[17]]},{"trucks":[[16,35,37,30,5,34,6,14],[13,18,15,24,21,12,9,28,10,25,4],[31,26,36,19,27,32,29,33],[22,17,8],[2,20,3,11,7,23]],"fuel":1038.7898347483883,"distance":748.4376594201785}]}