{"Optimal":835,"benchmark":"E-n33-k4","front":[{"fuel":1213.2730813201056,"trucks":[[4,3,13,7,6,8,11,10,9,33,5],[27,28,29,17,30],[12,19,20,22,21,23,24,25,26,18,14],[31,32,16,15,2]],"distance":856.9446126685413}]}