{"front":[{"fuel":1205.4355035643985,"trucks":[[2,16,18,26,25,24,23,21,22,20,19,14],[27,28,17,29,30],[4,6,7,8,9,10,11,33,12,13,3],[31,32,15,5]],"distance":854.0563560323329},{"trucks":[[27,28,29,17,30],[4,6,7,8,9,10,11,33,12,13,3],[2,16,18,26,25,24,23,21,22,20,19,14],[31,32,15,5]],"distance":854.2566220589777,"fuel":1201.681956330581}],"Optimal":835,"benchmark":"E-n33-k4"}