{"optimalDistance":1053,"distanceSequence":[1251.9970551401702,1251.9970551401702,1251.9970551401702,1251.9970551401702,1251.9970551401702,1251.9970551401702,1251.9970551401702,1251.9970551401702,1246.7017626701877,1246.7017626701877,1246.7017626701877,1240.4850447917788,1240.4850447917788,1240.4850447917788,1240.4850447917788,1237.2208971163918,1237.2208971163918,1237.2208971163918,1237.2208971163918,1237.2208971163918,1237.2208971163918,1237.2208971163918,1237.2208971163918,1232.5962919326125,1232.5962919326125,1231.8366013662635,1229.0734815528929,1229.0734815528929,1229.0734815528929,1229.0734815528929,1227.2029700934634,1226.5103547556275,1224.583253503801,1217.7978896105385,1217.7978896105385,1217.7978896105385,1217.7978896105385,1217.7978896105385,1217.7978896105385,1217.7978896105385,1217.7978896105385,1217.7978896105385,1217.7978896105385,1217.7978896105385,1217.7978896105385,1217.7978896105385,1204.3488635398076,1204.3488635398076,1204.3488635398076,1204.3488635398076,1204.3488635398076,1204.3488635398076,1204.3488635398076,1204.3488635398076,1204.3488635398076,1203.755663546082,1203.755663546082,1203.755663546082,1203.755663546082,1203.755663546082,1203.755663546082,1203.755663546082,1197.7624263798266,1197.7624263798266,1197.7624263798266,1197.7624263798266,1197.7624263798266,1197.7624263798266,1197.7624263798266,1197.7624263798266,1197.7624263798266,1197.7624263798266,1197.7624263798266,1197.7624263798266,1197.7624263798266,1197.7624263798266,1197.7624263798266,1197.7624263798266,1197.7624263798266,1197.7624263798266,1197.7624263798266,1197.7624263798266,1194.2367260891315,1194.2367260891315,1194.2367260891315,1194.2367260891315,1194.2367260891315,1194.2367260891315,1194.2367260891315,1194.2367260891315,1194.2367260891315,1194.2367260891315,1194.2367260891315,1194.2367260891315,1194.2367260891315,1194.2367260891315,1193.9507129898166,1193.9507129898166,1193.9507129898166,1193.9507129898166,1193.9507129898166,1192.8356579459974,1192.8356579459974,1192.8356579459974,1192.8356579459974,1192.8356579459974,1192.8356579459974,1192.8356579459974,1192.8356579459974,1192.1414383127362,1192.1414383127362,1192.1414383127362,1192.1414383127362,1192.1414383127362,1192.1414383127362,1192.1414383127362,1192.1414383127362,1192.1414383127362,1191.3913887375616,1191.3913887375616,1191.3913887375616,1191.3913887375616,1190.1480299089765,1190.1480299089765,1190.1480299089765,1190.1480299089765,1190.1480299089765,1190.1480299089765,1190.1480299089765,1190.1480299089765,1190.1480299089765,1190.1480299089765,1190.1480299089765,1190.1480299089765,1190.1480299089765,1190.1480299089765,1190.1480299089765,1190.1480299089765,1190.1480299089765,1190.1480299089765,1189.8620168096616,1189.8620168096616,1189.8620168096616,1189.299633263928,1189.299633263928,1189.299633263928,1189.299633263928,1189.299633263928,1189.299633263928,1189.299633263928,1189.299633263928,1189.299633263928,1189.299633263928,1189.299633263928,1189.299633263928,1189.0136201646128,1189.0136201646128,1189.0136201646128,1189.0136201646128,1189.0136201646128,1189.0136201646128,1189.0136201646128,1189.0136201646128,1189.0136201646128,1188.676018892863,1188.676018892863,1188.676018892863,1188.676018892863,1188.676018892863,1188.676018892863,1188.676018892863,1188.676018892863,1187.4846048395439,1187.4846048395439,1187.4846048395439,1187.4846048395439,1187.4846048395439,1187.4846048395439,1187.4846048395439,1187.4846048395439,1186.2780662498938,1186.2780662498938,1186.2780662498938,1186.2780662498938,1186.2780662498938,1186.2780662498938,1186.2780662498938,1186.2780662498938,1186.2780662498938,1186.2780662498938,1186.2780662498938,1186.2780662498938,1186.2780662498938,1186.2780662498938,1186.2780662498938,1186.2780662498938,1186.2780662498938,1186.2780662498938,1186.2780662498938,1186.2780662498938,1186.2780662498938,1186.2780662498938,1185.6973142001218,1185.6973142001218,1185.6973142001218,1185.6973142001218,1185.6973142001218,1185.4261373020831,1185.4261373020831,1185.4261373020831,1185.4261373020831,1185.4261373020831,1185.4261373020831,1185.4261373020831,1185.4261373020831,1185.4261373020831,1185.4261373020831,1185.4261373020831,1185.4261373020831,1185.4261373020831,1185.4261373020831,1185.4261373020831,1185.4261373020831,1185.4261373020831,1185.4261373020831,1185.4261373020831,1185.4261373020831,1185.4261373020831,1185.4261373020831,1185.4261373020831,1185.4261373020831,1185.4261373020831,1185.4261373020831,1185.4261373020831,1185.3773124113236,1184.8453852523112,1184.8453852523112,1184.8453852523112,1184.8453852523112,1184.8453852523112,1184.8453852523112,1184.8453852523112,1184.8453852523112,1184.8453852523112,1184.8453852523112,1184.8453852523112,1184.8453852523112,1184.8453852523112,1184.8453852523112,1184.8453852523112,1184.7965603615517,1184.7965603615517,1184.7965603615517,1184.7965603615517,1184.7965603615517,1184.669003612193,1184.669003612193,1184.669003612193,1184.669003612193,1184.669003612193,1184.669003612193,1184.669003612193,1184.669003612193,1184.669003612193,1184.669003612193,1184.669003612193,1184.669003612193,1184.669003612193,1184.669003612193,1184.669003612193,1184.669003612193,1184.669003612193,1184.669003612193,1184.669003612193,1184.669003612193,1184.669003612193,1184.669003612193,1184.669003612193,1184.669003612193,1184.669003612193,1184.669003612193,1184.669003612193,1184.669003612193,1184.669003612193,1184.669003612193,1184.669003612193,1184.669003612193,1184.669003612193,1184.669003612193,1184.669003612193,1184.669003612193,1184.669003612193,1184.669003612193,1184.669003612193,1184.669003612193,1184.669003612193,1184.088251562421,1184.088251562421,1184.088251562421,1184.088251562421,1184.088251562421,1184.088251562421,1184.088251562421,1184.088251562421,1184.088251562421,1184.088251562421,1184.088251562421,1184.088251562421,1184.088251562421,1184.088251562421,1184.088251562421,1184.088251562421,1184.088251562421,1184.088251562421,1184.088251562421,1184.088251562421,1184.088251562421,1184.088251562421,1184.088251562421,1184.088251562421,1184.088251562421,1184.088251562421,1184.088251562421,1184.088251562421,1184.088251562421,1184.088251562421,1184.088251562421,1184.088251562421,1184.088251562421,1184.088251562421,1184.088251562421,1184.088251562421,1184.088251562421,1184.088251562421,1184.088251562421,1184.088251562421,1184.088251562421,1184.088251562421,1184.088251562421,1184.088251562421,1184.088251562421,1184.088251562421,1184.088251562421,1184.088251562421,1184.088251562421,1183.1969925960796,1183.1969925960796,1183.1969925960796,1183.1969925960796,1183.1969925960796,1183.1969925960796,1183.1969925960796,1183.1969925960796,1183.1969925960796,1183.1969925960796,1183.1969925960796,1183.1969925960796,1183.1969925960796,1183.1969925960796,1183.1969925960796,1183.1969925960796,1183.1969925960796,1183.1969925960796,1183.1969925960796,1183.1969925960796,1183.1969925960796,1183.1969925960796,1183.1969925960796,1183.1969925960796,1183.1969925960796,1183.1969925960796,1183.1969925960796,1182.6162405463076,1182.6162405463076,1182.6162405463076,1182.6162405463076,1182.6162405463076,1182.6162405463076,1182.6162405463076,1182.6162405463076,1182.6162405463076,1182.6162405463076,1182.6162405463076,1182.6162405463076,1182.6162405463076,1182.6162405463076,1182.6162405463076,1182.6162405463076,1182.6162405463076,1182.6162405463076,1182.6162405463076,1182.1488286181186,1182.1488286181186,1182.1488286181186,1182.1488286181186,1182.1488286181186,1182.1488286181186,1182.1488286181186,1182.1488286181186,1182.1488286181186,1182.1488286181186,1182.1488286181186,1182.1488286181186,1182.1488286181186,1182.1488286181186,1182.1488286181186,1182.1488286181186,1182.1488286181186,1182.1488286181186,1182.1488286181186,1182.1488286181186,1182.1488286181186,1182.1488286181186,1182.1488286181186,1182.1488286181186,1182.1488286181186,1181.7673102790575,1181.7673102790575,1181.7673102790575,1181.5680765683467,1181.5680765683467,1181.5680765683467,1181.5680765683467,1181.5680765683467,