{"Optimal":1053,"front":[{"fuel":1685.9555007965894,"trucks":[[41,22,74,73,75,23,134,76,57,24,140,5,111],[8,49,124,20,108,12,65,50,144,37,48,125,47],[84,115,9,126,46,18,114,87,142,45,120],[118,98,93,60,100,105,97,141,39,15,143,43,44,16,58,145,88],[82,121,10,104,72,137,36,136,35,79,130,80,4],[113,7,94,86,99,38,101,92,17,62,85,6,61],[138,3,116,146,42,40,68,26,56,131,55,135,25,30,122],[11,109,64,127,91,33,132,129,21,67,66,52,34,51],[13,110,81,151,69,78,117,77,103,123,31,71],[148,119,19,83,107,63,149,89,32,128],[59,14,96,95,90,53,147,28,133,70,102,2,112],[54,106,27,150,139,29]],"distance":1179.6838125226063},{"fuel":1671.7041478317249,"distance":1182.4125743605061,"trucks":[[41,22,74,73,75,23,134,76,57,24,140,5,111],[8,49,124,20,108,12,65,50,144,37,48,125,47],[84,115,9,126,46,18,114,87,142,45,120],[97,105,100,60,93,98,118,88,145,58,16,44,43,143,15,39,141],[82,121,10,104,72,137,36,136,35,79,130,80,4],[113,7,94,86,99,38,101,92,17,62,85,6,61],[138,3,116,146,42,40,68,26,56,131,55,135,25,30,122],[11,109,91,127,64,33,132,129,21,67,66,52,34,51],[13,110,81,151,69,78,117,77,103,123,31,71],[148,119,19,83,107,63,149,89,32,128],[59,14,96,95,90,53,147,28,133,70,102,2,112],[54,106,27,150,139,29]]},{"distance":1206.1385128312986,"fuel":1652.974775592959,"trucks":[[147,53,107,8,83,49,125,48,37,144,50,65,12],[84,115,9,126,46,18,114,87,142,45],[29,13,110,81,151,69,122,30,25,135,55,131,56,26],[89,149,63,11,109,127,64,91,33,132,129,21,31,123,71],[100,94,86,99,38,101,92,120,15,143,43,44,16,58,145],[97,7,148,90,19,61,119,6,85,47,20,108,124],[22,74,73,75,134,23,42,146,116,3,88,60],[51,103,34,82,121,10,72,104,2,102,70,133],[77,117,78,4,80,130,79,35,136,36,137,66,67,52],[139,27,150,111,5,140,40,68,24,57,76],[54,106,41,59,138,14,118,96,98,93,105,62,17,39,141],[113,95,128,32,112,28]]}],"benchmark":"M-n151-k12"}