{"front":[{"trucks":[[29,139,13,110,55,131,135,25,30,122,69,81,151],[95,93,98,43,143,15,120,45,141,39,44,16,58,145,88],[112,51,103,34,82,121,10,72,104],[7,94,86,62,17,87,142,92,101,38,99],[113,97,100,105,60,96,118,14,138,3,116,146,42,23],[11,109,127,64,91,33,132,129,21,67,66,137,36,136],[28,133,70,2,102,71,31,123,52,35,79,130,80,4,78,117,77],[49,125,48,37,144,50,65,12,108,20,124],[27,150,111,5,56,26,140,40,68,24,57,74],[61,119,6,85,114,18,126,46,47,9,115,83],[147,53,128,32,89,149,63,8,107,19,84,148,90],[54,106,41,22,73,75,76,134,59]],"distance":1139.4537259462059,"fuel":1598.8634171410722},{"fuel":1598.0815039296353,"trucks":[[29,139,13,110,151,81,69,122,30,25,135,131,55],[95,93,98,43,143,15,120,45,141,39,44,16,58,145,88],[112,51,103,34,82,121,10,72,104],[7,94,86,62,17,87,142,92,101,38,99],[113,97,100,105,60,96,118,14,138,3,116,146,42,23],[11,109,127,64,91,33,132,129,21,67,66,137,36,136],[28,133,70,2,102,71,31,123,52,35,79,130,80,4,78,117,77],[49,125,48,37,144,50,65,12,108,20,124],[27,150,111,5,56,26,140,40,68,24,57,74],[61,119,6,85,114,18,126,46,47,9,115,83],[147,53,128,32,89,149,63,8,107,19,84,148,90],[54,106,41,22,73,75,76,134,59]],"distance":1140.4159413505192},{"distance":1144.0776678860154,"fuel":1596.937641260317,"trucks":[[29,139,13,110,151,81,69,122,30,25,135,131,55],[95,93,98,88,43,143,120,45,141,39,15,44,16,58,145],[112,51,103,34,82,121,10,72,104],[7,94,86,62,17,87,142,92,101,38,99],[113,97,100,105,60,96,118,14,138,3,116,146,42,23],[11,109,127,64,91,33,132,129,21,67,66,137,36,136],[28,133,70,2,102,71,31,123,52,35,79,130,80,4,78,117,77],[49,125,48,37,144,50,65,12,108,20,124],[27,150,111,5,56,26,140,40,68,24,57,74],[61,119,6,85,114,18,126,46,47,9,115,83],[147,53,128,32,89,149,63,8,107,19,84,148,90],[54,106,41,22,73,75,76,134,59]]}],"benchmark":"M-n151-k12","Optimal":1053}