{"optimalDistance":1221,"fuelSequence":[1939.5863692374223,1939.5863692374223,1939.5863692374223,1939.5863692374223,1928.6595067829376,1928.6595067829376,1928.6595067829376,1928.6595067829376,1928.6595067829376,1928.6595067829376,1928.6595067829376,1928.6595067829376,1927.26870764848,1927.26870764848,1917.6742604284889,1917.6742604284889,1917.6742604284889,1917.6742604284889,1917.6742604284889,1907.3837282031482,1907.3837282031482,1907.3837282031482,1907.3837282031482,1907.3837282031482,1907.3837282031482,1907.3837282031482,1907.3837282031482,1906.7379550748753,1904.6232469607457,1904.6232469607457,1904.6232469607457,1904.6232469607457,1898.0662262691592,1898.0662262691592,1898.0662262691592,1898.0662262691592,1898.0662262691592,1898.0662262691592,1896.3281740475775,1895.6041303012282,1895.6041303012282,1895.6041303012282,1889.7711533559907,1889.650418547906,1889.650418547906,1889.650418547906,1889.650418547906,1889.650418547906,1889.650418547906,1889.650418547906,1887.8107320291135,1887.8107320291135,1887.8107320291135,1886.7067967670505,1881.987203148842,1881.987203148842,1881.987203148842,1881.987203148842,1881.987203148842,1881.1045557217356,1881.1045557217356,1880.1475166300493,1878.3535135096993,1878.3535135096993,1878.3535135096993,1877.9079311233713,1877.9079311233713,1877.9079311233713,1877.470866082593,1877.470866082593,1877.470866082593,1877.470866082593,1877.470866082593,1873.7546352155302,1873.7546352155302,1873.7546352155302,1873.7546352155302,1873.7546352155302,1873.7546352155302,1873.625515645063,1873.625515645063,1870.3691840149609,1870.3691840149609,1870.3691840149609,1870.3691840149609,1870.3691840149609,1870.3691840149609,1870.3691840149609,1870.3691840149609,1864.863931950037,1864.863931950037,1864.863931950037,1864.863931950037,1861.9079620114583,1861.9079620114583,1861.9079620114583,1861.9079620114583,1861.9079620114583,1861.9079620114583,1861.9079620114583,1861.9079620114583,1861.6043080995644,1857.2054945076957,1857.2054945076957,1857.2054945076957,1857.2054945076957,1857.2054945076957,1857.2054945076957,1854.283146125186,1854.283146125186,1854.283146125186,1854.283146125186,1854.283146125186,1853.4537022407092,1853.4537022407092,1853.4537022407092,1853.4537022407092,1853.4537022407092,1851.023522274713,1851.023522274713,1851.023522274713,1851.023522274713,1851.023522274713,1851.023522274713,1851.023522274713,1851.023522274713,1851.023522274713,1849.7454867739523,1849.7454867739523,1849.7454867739523,1849.7454867739523,1849.7454867739523,1847.3153068079562,1847.3153068079562,1847.3153068079562,1847.3153068079562,1847.3153068079562,1847.3153068079562,1847.3153068079562,1847.3153068079562,1845.5722322237648,1845.5722322237648,1845.5722322237648,1842.0461010396025,1842.0461010396025,1840.0240058484817,1840.0240058484817,1840.0240058484817,1840.0240058484817,1840.0240058484817,1840.0240058484817,1840.0240058484817,1840.0240058484817,1840.0240058484817,1840.0240058484817,1840.0240058484817,1838.2809312642903,1838.2809312642903,1838.2809312642903,1838.2809312642903,1838.2809312642903,1838.2809312642903,1838.2809312642903,1838.2809312642903,1838.2809312642903,1838.2809312642903,1838.2809312642903,1838.2809312642903,1838.2809312642903,1838.2809312642903,1838.2809312642903,1838.2809312642903,1838.2809312642903,1838.2809312642903,1838.2809312642903,1838.2809312642903,1838.2809312642903,1838.2809312642903,1838.2809312642903,1838.2809312642903,1838.2809312642903,1838.2809312642903,1837.5229867146068,1837.5229867146068,1837.5229867146068,1837.5229867146068,1837.5229867146068,1837.5229867146068,1837.5229867146068,1837.5229867146068,1837.5229867146068,1837.5229867146068,1837.5229867146068,1837.5229867146068,1837.5229867146068,1837.5229867146068,1837.5229867146068,1837.5229867146068,1837.5229867146068,1837.5229867146068,1837.5229867146068,1837.5229867146068,1837.5229867146068,1837.5229867146068,1837.5229867146068,1837.5229867146068,1837.5229867146068,1837.5229867146068,1837.5229867146068,1837.5229867146068,1837.5229867146068,1837.5229867146068,1837.5229867146068,1837.5229867146068,1837.5229867146068,1837.5229867146068,1837.5229867146068,1837.5229867146068,1837.5229867146068,1837.5229867146068,1837.5229867146068,1837.1064805767467,1837.1064805767467,1837.1064805767467,1837.1064805767467,1837.1064805767467,1837.1064805767467,1837.1064805767467,1837.1064805767467,1837.1064805767467,1837.1064805767467,1837.1064805767467,1837.1064805767467,1837.1064805767467,1837.1064805767467,1837.1064805767467,1837.1064805767467,1837.1064805767467,1837.1064805767467,1837.1064805767467,1837.1064805767467,1837.1064805767467,1832.820519210844,1832.820519210844,1832.820519210844,1832.820519210844,1832.820519210844,1832.820519210844,1832.820519210844,1832.820519210844,1832.7265106450445,1832.7265106450445,1832.7265106450445,1832.7265106450445,1832.7265106450445,1832.7265106450445,1832.7265106450445,1832.7265106450445,1832.7265106450445,1832.7265106450445,1832.7265106450445,1832.7265106450445,1832.7265106450445,1832.7265106450445,1832.7265106450445,1832.7265106450445,1832.7265106450445,1832.7265106450445,1832.7265106450445,1832.7265106450445,1832.7265106450445,1832.7265106450445,1832.7265106450445,1832.7265106450445,1832.7265106450445,1832.7265106450445,1832.6057758369598,1832.6057758369598,1832.6057758369598,1832.6057758369598,1832.6057758369598,1832.6057758369598,1832.6057758369598,1832.6057758369598,1832.6057758369598,1832.6057758369598,1832.6057758369598,1832.6057758369598,1832.6057758369598,1832.6057758369598,1832.6057758369598,1832.6057758369598,1832.6057758369598,1832.6057758369598,1832.6057758369598,1832.6057758369598,1832.6057758369598,1832.6057758369598,1832.6057758369598,1825.3310808237059,1825.3310808237059,1825.3310808237059,1825.3310808237059,1825.3310808237059,1825.3310808237059,1825.3310808237059,1825.3310808237059,1825.3310808237059,1825.3310808237059,1825.3310808237059,1825.3310808237059,1825.3310808237059,1825.3310808237059,1825.3310808237059,1825.3310808237059,1825.3310808237059,1825.3310808237059,1825.3310808237059,1825.3310808237059,1825.3310808237059,1825.3310808237059,1825.3310808237059,1825.3310808237059,1821.8049496395436,1821.8049496395436,1821.8049496395436,1821.8049496395436,1821.8049496395436,1821.8049496395436,1821.8049496395436,1821.8049496395436,1821.8049496395436,1821.8049496395436,1821.8049496395436,1821.8049496395436,1821.8049496395436,1821.8049496395436,1821.8049496395436,1821.8049496395436,1821.8049496395436,1821.8049496395436,1821.8049496395436,1821.8049496395436,1821.8049496395436,1821.8049496395436,1821.3884435016835,1821.3884435016835,1821.3884435016835,1821.3884435016835,1821.3884435016835,1821.3884435016835,1821.3884435016835,1821.3884435016835,1821.3884435016835,1821.3884435016835,1821.3884435016835,1821.3884435016835,1821.3884435016835,1821.3884435016835,1821.3884435016835,1821.3884435016835,1821.3884435016835,1821.3884435016835,1821.3884435016835,1821.3884435016835,1821.3884435016835,1821.3884435016835,1821.3884435016835,1821.3884435016835,1821.3884435016835,1821.3884435016835,1821.3884435016835,1821.3884435016835,1821.3884435016835,1821.3884435016835,1821.3884435016835,1821.3884435016835,1821.3884435016835,1821.3884435016835,1821.3884435016835,1821.3884435016835,1821.3884435016835,1821.3884435016835,1821.3884435016835,1821.3884435016835,1821.3884435016835,1821.3884435016835,1821.3884435016835,1821.3884435016835,1821.3884435016835,1821.3884435016835,1821.3884435016835,1821.3884435016835,1821.3884435016835,1821.3884435016835,1818.4659505289437,1818.4659505289437,1818.4659505289437,1818.4659505289437,1818.4659505289437,1818.4659505289437,1818.4659505289437,1818.4659505289437,1818.4659505289437,1818.4659505289437,1818.4659505289437,1818.4659505289437,1818.4659505289437,1818.4659505289437,1818.4659505289437,1818.4659505289437,1818.4659505289437,1818.4659505289437,1818.4659505289437,1818.4659505289437,1818.4659505289437,1818.4659505289437,1818.4659505289437,1818.4659505289437,1818.4659505289437,1818.4659505289437,