{"front":[{"distance":719.3157905422153,"fuel":1003.2107045247844,"trucks":[[44,24,23,51,39,10,13,6,41],[47,9,29,52,45,15,18,11,19],[46,42,30,38,16,8,20],[54,7,25,43,40,5,27,22,48],[14,50,34,12,56,21,32,35,31,55,3],[28,53,17,36,49,33,37,4],[26,2]]},{"distance":719.6409780631955,"fuel":1001.6553587041127,"trucks":[[44,24,23,51,39,10,13,6,41],[19,47,9,29,52,15,45,18,11],[46,42,30,38,16,8,20],[54,7,25,43,40,5,27,22,48],[14,50,34,12,56,21,32,35,31,55,3],[28,53,17,36,49,33,37,4],[26,2]]},{"distance":720.4973568896689,"fuel":1001.1716204554156,"trucks":[[44,24,23,51,39,10,13,6,41],[19,47,9,18,45,15,52,29,11],[46,42,30,38,16,8,20],[54,7,25,43,40,5,27,22,48],[14,50,34,12,56,21,32,35,31,55,3],[28,53,17,36,49,33,37,4],[26,2]]},{"distance":721.2189730065946,"fuel":999.8158677476796,"trucks":[[44,24,23,51,39,10,13,6,41],[19,47,9,29,52,15,45,18,11],[46,42,30,38,16,8,20],[54,7,25,43,40,5,27,22,48],[14,50,34,3,55,31,35,32,21,56,12],[28,53,17,36,49,33,37,4],[26,2]]}],"Optimal":707,"benchmark":"B-n56-k7"}