{"Optimal":707,"front":[{"trucks":[[29,41,6,13,10,39,51,23,24,11],[14,50,34,3,35,55,31,32,21,56,12],[47,9,18,15,52,45,44],[54,25,42,46,30,38,43],[7,16,8,5,40,27,22,48],[28,36,17,53,2,26,20,19],[49,33,37,4]],"distance":743.3727168825557,"fuel":1024.7147925312756}],"benchmark":"B-n56-k7"}