{"Optimal":707,"front":[{"distance":727.6009688627735,"trucks":[[43,40,5,27,22,48],[44,24,23,51,39,10,13,6,41],[19,47,9,18,15,45,52,29,11],[42,46,30,38,16,8,20],[14,50,34,12,56,21,32,35,55,31,3],[26,54,7,25,2,53,17,36,28],[49,33,37,4]],"fuel":1009.6727274911411},{"distance":728.8537762851926,"trucks":[[43,40,5,27,22,48],[44,24,23,51,39,10,13,6,41],[47,9,18,15,45,52,29,11,19],[42,46,30,38,16,8,20],[14,50,34,3,31,55,35,32,21,56,12],[26,54,7,25,2,53,17,36,28],[49,33,37,4]],"fuel":1009.4485288732328},{"distance":729.1789638061726,"trucks":[[43,40,5,27,22,48],[44,24,23,51,39,10,13,6,41],[19,47,9,18,15,45,52,29,11],[42,46,30,38,16,8,20],[14,50,34,3,31,55,35,32,21,56,12],[26,54,7,25,2,53,17,36,28],[49,33,37,4]],"fuel":1007.833236534708}],"benchmark":"B-n56-k7"}