{"Optimal":707,"front":[{"distance":731.3222459224976,"trucks":[[42,46,30,38,16,8,19],[14,50,34,12,56,21,32,31,35,55,3],[47,9,29,41,52,45,15,18,11],[28,17,36,49,33,37,4],[20,44,24,23,51,39,10,13,6],[53,2,22,27,5,40,48,43],[26,7,25,54]],"fuel":1009.9809419931903},{"distance":732.1786247489711,"trucks":[[42,46,30,38,16,8,19],[14,50,34,12,56,21,32,31,35,55,3],[47,9,18,15,45,52,41,29,11],[28,17,36,49,33,37,4],[20,44,24,23,51,39,10,13,6],[53,2,22,27,5,40,48,43],[26,7,25,54]],"fuel":1007.927398741632},{"distance":733.7566196923702,"trucks":[[42,46,30,38,16,8,19],[14,50,34,3,55,35,31,32,21,56,12],[47,9,18,15,45,52,41,29,11],[28,17,36,49,33,37,4],[20,44,24,23,51,39,10,13,6],[53,2,22,27,5,40,48,43],[26,7,25,54]],"fuel":1006.0879077851989}],"benchmark":"B-n56-k7"}