{"benchmark":"P-n22-k2","front":[{"fuel":316.6184345138405,"trucks":[[7,3,14,10,18,15,6,22,8,21],[17,2,11,9,19,20,4,13,16,12,5]],"distance":218.0508248373181}],"Optimal":216}