{"optimalDistance":1288,"benchmark":"A-n62-k8","fuelSequence":[2029.4073106055716,2029.4073106055716,2029.4073106055716,2029.4073106055716,2029.4073106055716,2029.4073106055716,2029.4073106055716,2029.4073106055716,2024.0525069136875,2024.0525069136875,2024.0525069136875,2024.0525069136875,2024.0525069136875,2021.338791386486,2021.338791386486,2021.338791386486,2021.338791386486,2021.338791386486,2021.338791386486,2021.338791386486,2021.338791386486,2013.287704479983,2008.5934144480627,2008.5934144480627,2008.5934144480627,2008.5934144480627,2008.5934144480627,2008.5934144480627,2007.433639098915,2007.433639098915,2007.433639098915,2007.433639098915,2007.433639098915,2007.433639098915,2007.433639098915,1999.3388315416569,1999.3388315416569,1999.3388315416569,1999.3388315416569,1999.3388315416569,1999.3388315416569,1999.3388315416569,1999.3388315416569,1999.3388315416569,1999.0679954673728,1999.0679954673728,1997.7859640078946,1997.7859640078946,1994.9001170355737,1994.9001170355737,1994.9001170355737,1994.9001170355737,1994.9001170355737,1994.9001170355737,1994.9001170355737,1994.9001170355737,1991.9217119822506,1991.9217119822506,1991.9217119822506,1991.9217119822506,1991.9217119822506,1991.9217119822506,1991.9217119822506,1991.9217119822506,1991.9217119822506,1991.9217119822506,1991.9217119822506,1990.7619366331032,1990.7619366331032,1990.7619366331032,1990.7619366331032,1990.7619366331032,1990.7619366331032,1990.7619366331032,1990.7619366331032,1990.7619366331032,1983.5596761473896,1983.5596761473896,1983.5596761473896,1983.5596761473896,1983.5596761473896,1983.5596761473896,1983.5596761473896,1983.5596761473896,1983.5596761473896,1983.5596761473896,1983.5596761473896,1983.5596761473896,1982.7773644996887,1982.7773644996887,1982.7773644996887,1982.7773644996887,1982.7773644996887,1982.7773644996887,1982.7773644996887,1982.399900798242,1982.399900798242,1982.399900798242,1982.399900798242,1982.399900798242,1982.399900798242,1982.399900798242,1982.399900798242,1982.399900798242,1982.399900798242,1982.399900798242,1982.399900798242,1982.399900798242,1982.399900798242,1982.399900798242,1982.399900798242,1982.399900798242,1982.399900798242,1982.399900798242,1982.399900798242,1982.399900798242,1982.399900798242,1982.399900798242,1982.399900798242,1982.399900798242,1982.399900798242,1982.399900798242,1981.617589150541,1981.617589150541,1981.617589150541,1981.617589150541,1981.617589150541,1981.617589150541,1981.617589150541,1981.617589150541,1981.617589150541,1981.617589150541,1981.617589150541,1981.617589150541,1981.617589150541,1981.617589150541,1981.617589150541,1981.617589150541,1981.617589150541,1981.617589150541,1981.617589150541,1981.617589150541,1981.617589150541,1981.617589150541,1981.617589150541,1981.617589150541,1981.617589150541,1981.617589150541,1981.617589150541,1981.617589150541,1981.617589150541,1981.617589150541,1981.617589150541,1981.617589150541,1981.617589150541,1981.617589150541,1981.617589150541,1981.617589150541,1981.617589150541,1981.617589150541,1981.617589150541,1981.617589150541,1981.617589150541,1981.617589150541,1981.617589150541,1981.617589150541,1981.617589150541,1981.617589150541,1981.617589150541,1981.617589150541,1981.617589150541,1981.617589150541,1981.617589150541,1981.617589150541,1981.617589150541,1981.617589150541,1981.617589150541,1981.617589150541,1981.617589150541,1981.617589150541,1981.617589150541,1981.617589150541,1981.617589150541,1981.617589150541,1981.617589150541,1981.617589150541,1981.617589150541,1981.617589150541,1981.617589150541,1981.617589150541,1981.617589150541,1981.617589150541,1981.617589150541,1980.770723174706,1980.770723174706,1980.770723174706,1980.770723174706,1980.770723174706,1980.770723174706,1980.770723174706,1980.770723174706,1980.770723174706,1980.5874196384566,1980.5874196384566,1980.5874196384566,1980.5874196384566,1961.2559340669177,1961.2559340669177,1961.2559340669177,1961.2559340669177,1961.2559340669177,1961.2559340669177,1961.2559340669177,1961.2559340669177,1961.2559340669177,1961.2559340669177,1961.2559340669177,1943.7234701045081,1943.7234701045081,1943.7234701045081,1943.7234701045081,1943.7234701045081,1943.7234701045081,1943.7234701045081,1943.7234701045081,1943.7234701045081,1943.7234701045081,1943.7234701045081,1943.7234701045081,1943.7234701045081,1943.7234701045081,1943.7234701045081,1943.7234701045081,1943.7234701045081,1943.7234701045081,1943.7234701045081,1943.7234701045081,1943.7234701045081,1943.7234701045081,1943.7234701045081,1943.7234701045081,1943.7234701045081,1943.7234701045081,1943.7234701045081,1943.7234701045081,1943.7234701045081,1943.7234701045081,1943.7234701045081,1943.7234701045081,1943.7234701045081,1943.7234701045081,1943.5401665682587,1943.5401665682587,1943.5401665682587,1942.5636947553603,1941.8880022054743,1941.8880022054743,1941.8880022054743,1941.8880022054743,1941.8880022054743,1941.8880022054743,1938.0999307646675,1938.0999307646675,1938.0999307646675,1935.7005182557577,1935.7005182557577,1935.7005182557577,1935.7005182557577,1935.7005182557577,1935.7005182557577,1935.7005182557577,1935.7005182557577,1935.7005182557577,1935.7005182557577,1935.7005182557577,1935.7005182557577,1935.7005182557577,1935.7005182557577,1935.7005182557577,1935.7005182557577,1935.7005182557577,1935.7005182557577,1935.7005182557577,1935.7005182557577,1935.7005182557577,1935.7005182557577,1935.7005182557577,1935.7005182557577,1935.7005182557577,1935.7005182557577,1935.7005182557577,1935.7005182557577,1935.7005182557577,1935.7005182557577,1935.7005182557577,1935.7005182557577,1935.7005182557577,1935.7005182557577,1935.7005182557577,1935.7005182557577,1935.7005182557577,1935.7005182557577,1935.7005182557577,1935.7005182557577,1935.7005182557577,1935.7005182557577,1934.5407429066101,1934.5407429066101,1934.5407429066101,1934.5407429066101,1934.5407429066101,1934.5407429066101,1934.5407429066101,1934.5407429066101,1934.5407429066101,1934.5407429066101,1934.5407429066101,1934.5407429066101,1929.4192043035578,1929.4192043035578,1929.4192043035578,1929.4192043035578,1929.4192043035578,1929.4192043035578,1929.4192043035578,1929.4192043035578,1929.4192043035578,1929.4192043035578,1929.4192043035578,1929.4192043035578,1929.4192043035578,1929.4192043035578,1929.4192043035578,1929.4192043035578,1928.2594289544102,1928.2594289544102,1928.2594289544102,1928.2594289544102,1928.2594289544102,1928.2594289544102,1928.2594289544102,1928.2594289544102,1928.2594289544102,1928.2594289544102,1928.2594289544102,1928.2594289544102,1928.2594289544102,1928.2594289544102,1928.0761254181607,1928.0761254181607,1928.0761254181607,1928.0761254181607,1928.0761254181607,1928.0761254181607,1928.0761254181607,1928.0761254181607,1928.0761254181607,1928.0761254181607,1928.0761254181607,1928.0761254181607,1928.0761254181607,1928.0761254181607,1928.0761254181607,1928.0761254181607,1928.0761254181607,1928.0761254181607,1928.0761254181607,1928.0761254181607,1928.0761254181607,1928.0761254181607,1928.0761254181607,1928.0761254181607,1928.0761254181607,1928.0761254181607,1928.0761254181607,1928.0761254181607,1928.0761254181607,1928.0761254181607,1928.0761254181607,1928.0761254181607,1928.0761254181607,1928.0761254181607,1928.0761254181607,1928.0761254181607,1928.0761254181607,1928.0761254181607,1928.0761254181607,1928.0761254181607,1928.0761254181607,1928.0761254181607,1928.0761254181607,1928.0761254181607,1928.0761254181607,1928.0761254181607,1928.0761254181607,1928.0761254181607,1928.0761254181607,1928.0761254181607,1928.0761254181607,1928.0761254181607,1928.0761254181607,1928.0761254181607,1928.0761254181607,1928.0761254181607,1928.0761254181607,1928.0761254181607,1928.0761254181607,1928.0761254181607,1928.0761254181607,1928.0761254181607,1928.0761254181607,1928.0761254181607,1928.0761254181607,1928.0761254181607,1928.0761254181607,1928.0761254181607,1928.0761254181607,1928.0761254181607,1928.0761254181607,1928.0761254181607,1928.0761254181607,1928.0761254181607,1928.0761254181607,1928.0761254181607,