{"optimalDistance":1288,"benchmark":"A-n62-k8","distanceSequence":[1451.9479726629465,1451.9479726629465,1451.9479726629465,1451.9479726629465,1451.9479726629465,1451.9479726629465,1450.504139648145,1450.504139648145,1450.504139648145,1448.1883318394073,1448.1883318394073,1448.1883318394073,1448.1883318394073,1448.1883318394073,1448.1883318394073,1448.1883318394073,1448.1883318394073,1448.1883318394073,1448.1883318394073,1448.1883318394073,1446.7444988246057,1442.9948172663355,1442.9948172663355,1442.9948172663355,1442.9948172663355,1442.9948172663355,1440.8814773925492,1440.8814773925492,1440.8814773925492,1435.3880254859382,1435.3880254859382,1435.3880254859382,1435.3880254859382,1435.3880254859382,1435.3880254859382,1435.3880254859382,1432.4911168999745,1432.4911168999745,1432.4911168999745,1432.4911168999745,1432.4911168999745,1432.4911168999745,1428.2094011166625,1428.2094011166625,1428.2094011166625,1428.2094011166625,1428.2094011166625,1428.2094011166625,1428.2094011166625,1428.2094011166625,1427.2706332473501,1427.2706332473501,1427.2706332473501,1425.6149344194162,1425.6149344194162,1425.6149344194162,1425.6149344194162,1425.6149344194162,1425.6149344194162,1425.6149344194162,1425.6149344194162,1425.6149344194162,1423.5710421760468,1423.5710421760468,1423.5710421760468,1423.5710421760468,1421.9984405293678,1421.9984405293678,1421.9984405293678,1421.9984405293678,1421.9984405293678,1421.9984405293678,1421.9984405293678,1421.8332973883937,1421.8332973883937,1421.8332973883937,1421.8332973883937,1421.8332973883937,1421.8332973883937,1421.8332973883937,1421.8332973883937,1421.8332973883937,1421.8332973883937,1421.8332973883937,1421.8332973883937,1421.8332973883937,1421.0497286762163,1421.0497286762163,1421.0497286762163,1421.0497286762163,1421.0497286762163,1418.6069286736554,1418.6069286736554,1418.6069286736554,1418.6069286736554,1418.6069286736554,1418.6069286736554,1418.496092801804,1418.496092801804,1418.496092801804,1418.0848340521384,1418.0848340521384,1418.0848340521384,1418.0848340521384,1418.0848340521384,1418.0848340521384,1413.5184588911607,1413.5184588911607,1413.5184588911607,1413.5184588911607,1413.5184588911607,1413.5184588911607,1413.5184588911607,1413.5184588911607,1413.5184588911607,1413.5184588911607,1413.5184588911607,1413.5184588911607,1413.5184588911607,1413.5184588911607,1413.5184588911607,1413.5184588911607,1413.5184588911607,1413.5184588911607,1413.5184588911607,1413.5184588911607,1413.3985320496752,1413.3985320496752,1413.3985320496752,1413.3985320496752,1412.4597641803625,1412.4597641803625,1412.4597641803625,1412.4597641803625,1412.4597641803625,1412.4597641803625,1412.4597641803625,1412.4597641803625,1412.4597641803625,1412.4597641803625,1412.4597641803625,1404.9261019320472,1404.9261019320472,1404.9261019320472,1404.9261019320472,1404.9261019320472,1404.9261019320472,1404.9261019320472,1404.9261019320472,1404.9261019320472,1404.9261019320472,1404.9261019320472,1404.9261019320472,1403.4822689172456,1403.4822689172456,1397.3948321469916,1397.3948321469916,1397.3948321469916,1397.3948321469916,1397.3948321469916,1397.3948321469916,1397.3948321469916,1397.3948321469916,1397.3948321469916,1395.95099913219,1395.95099913219,1395.95099913219,1395.95099913219,1395.95099913219,1395.95099913219,1395.95099913219,1395.95099913219,1395.95099913219,1395.95099913219,1395.95099913219,1395.95099913219,1395.95099913219,1395.95099913219,1395.95099913219,1395.8193637357606,1395.8193637357606,1395.8193637357606,1395.8193637357606,1395.8193637357606,1395.8193637357606,1395.8193637357606,1395.8193637357606,1395.8193637357606,1395.8193637357606,1395.8193637357606,1395.8193637357606,1395.8193637357606,1395.8193637357606,1395.8193637357606,1395.8193637357606,1395.8193637357606,1391.5384167539366,1391.5384167539366,1391.5384167539366,1391.5384167539366,1391.5384167539366,1391.5384167539366,1391.5384167539366,1391.5384167539366,1391.5384167539366,1391.5384167539366,1391.5384167539366,1391.5384167539366,1391.5384167539366,1391.5384167539366,1391.5384167539366,1391.5384167539366,1391.5384167539366,1391.5384167539366,1391.5384167539366,1391.5384167539366,1391.5384167539366,1391.5384167539366,1391.5384167539366,1391.5384167539366,1391.5384167539366,1391.5384167539366,1391.5384167539366,1391.5384167539366,1391.5384167539366,1391.5384167539366,1391.5384167539366,1391.5384167539366,1391.5384167539366,1391.5384167539366,1391.5384167539366,1391.5384167539366,1391.5384167539366,1391.5384167539366,1391.5384167539366,1391.5384167539366,1391.5384167539366,1391.5384167539366,1391.5384167539366,1391.5384167539366,1391.5384167539366,1391.5384167539366,1391.5384167539366,1391.5384167539366,1391.5384167539366,1391.5384167539366,1391.5384167539366,1391.5384167539366,1391.5384167539366,1391.5384167539366,1391.5384167539366,1391.5384167539366,1391.5384167539366,1391.5384167539366,1391.5384167539366,1389.8809179542097,1389.8809179542097,1389.8809179542097,1389.8809179542097,1389.8809179542097,1389.8809179542097,1389.8809179542097,1389.8809179542097,1389.8809179542097,1389.8809179542097,1389.8809179542097,1389.8809179542097,1389.8809179542097,1389.8809179542097,1389.8809179542097,1389.8809179542097,1389.8809179542097,1389.8809179542097,1389.8809179542097,1389.8809179542097,1389.8809179542097,1389.8809179542097,1389.8809179542097,1389.8809179542097,1389.8809179542097,1389.8809179542097,1389.8809179542097,1389.8809179542097,1387.608406540462,1387.608406540462,1387.608406540462,1387.608406540462,1387.608406540462,1387.608406540462,1387.608406540462,1387.608406540462,1387.608406540462,1387.608406540462,1387.608406540462,1387.608406540462,1387.608406540462,1387.608406540462,1387.608406540462,1387.608406540462,1387.608406540462,1387.608406540462,1384.6125995228986,1384.6125995228986,1384.6125995228986,1384.6125995228986,1384.6125995228986,1384.6125995228986,1384.6125995228986,1384.6125995228986,1384.6125995228986,1384.6125995228986,1384.6125995228986,1384.6125995228986,1384.6125995228986,1384.6125995228986,1384.6125995228986,1384.6125995228986,1383.6078373540215,1383.6078373540215,1383.6078373540215,1383.6078373540215,1383.6078373540215,1383.6078373540215,1383.6078373540215,1383.6078373540215,1383.6078373540215,1383.6078373540215,1383.6078373540215,1383.6078373540215,1383.6078373540215,1383.6078373540215,1383.6078373540215,1383.6078373540215,1383.6078373540215,1383.6078373540215,1383.6078373540215,1383.6078373540215,1383.6078373540215,1383.6078373540215,1383.6078373540215,1383.6078373540215,1383.6078373540215,1383.6078373540215,1383.6078373540215,1383.6078373540215,1383.6078373540215,1383.6078373540215,1383.6078373540215,1383.6078373540215,1383.6078373540215,1383.6078373540215,1383.6078373540215,1383.6078373540215,1383.6078373540215,1383.6078373540215,1383.6078373540215,1383.6078373540215,1383.6078373540215,1383.6078373540215,1383.6078373540215,1383.6078373540215,1383.6078373540215,1383.6078373540215,1383.6078373540215,1383.6078373540215,1383.6078373540215,1383.6078373540215,1382.6360378477732,1382.6360378477732,1382.6360378477732,1382.6360378477732,1382.6360378477732,1382.6360378477732,1382.6360378477732,1382.6360378477732,1382.6360378477732,1382.6360378477732,1382.6360378477732,1382.6360378477732,1382.6360378477732,1382.6360378477732,1382.6360378477732,1382.6360378477732,1382.6360378477732,1382.6360378477732,1382.6360378477732,1382.6360378477732,1382.6360378477732,1382.6360378477732,1382.6360378477732,1382.6360378477732,1382.6360378477732,1382.6360378477732,1382.6360378477732,1382.6360378477732,1382.6360378477732,1382.6360378477732,1382.6360378477732,1382.6360378477732,1382.6360378477732,1382.6360378477732,1382.6360378477732,1382.6360378477732,1382.6360378477732,1382.6360378477732,1382.6360378477732,1382.6360378477732,1382.6360378477732,1382.6360378477732,1382.6360378477732,1382.6360378477732,1382.6360378477732,1382.6360378477732,1382.6360378477732,1382.6360378477732,1382.6360378477732,1382.6360378477732,1382.6360378477732,1382.6360378477732,1382.6360378477732,