{"optimalDistance":1312,"fuelSequence":[1997.0271984071435,1997.0271984071435,1997.0271984071435,1997.0271984071435,1997.0271984071435,1997.0271984071435,1997.0271984071435,1987.5204909828094,1987.5204909828094,1987.5204909828094,1987.5204909828094,1987.5204909828094,1987.5204909828094,1980.85729107844,1977.9450856190733,1977.9450856190733,1977.9450856190733,1962.6008743858729,1962.6008743858729,1962.6008743858729,1959.2905548617841,1959.2905548617841,1959.2905548617841,1959.2905548617841,1959.2905548617841,1959.2905548617841,1957.6850575421022,1957.6850575421022,1957.6850575421022,1954.2649580535547,1954.2649580535547,1954.2649580535547,1954.2649580535547,1954.2649580535547,1954.2649580535547,1954.2649580535547,1954.2649580535547,1952.6594607338727,1952.6594607338727,1952.6594607338727,1952.6594607338727,1952.6594607338727,1952.6594607338727,1952.6594607338727,1952.6594607338727,1952.6594607338727,1952.6594607338727,1952.6594607338727,1952.6594607338727,1952.6594607338727,1952.6594607338727,1952.6594607338727,1952.6594607338727,1952.6594607338727,1952.5072986429245,1952.5072986429245,1952.5072986429245,1952.5072986429245,1952.5072986429245,1952.5072986429245,1952.5072986429245,1952.5072986429245,1952.5072986429245,1952.5072986429245,1952.5072986429245,1950.662811319729,1950.662811319729,1950.662811319729,1950.662811319729,1950.662811319729,1950.662811319729,1950.662811319729,1950.662811319729,1950.662811319729,1950.662811319729,1950.662811319729,1950.662811319729,1948.7165964787648,1948.7165964787648,1948.7165964787648,1948.7165964787648,1948.7165964787648,1948.7165964787648,1948.7165964787648,1948.7165964787648,1948.7165964787648,1948.7165964787648,1948.355385713053,1948.355385713053,1948.355385713053,1943.5906950297065,1943.5906950297065,1943.5906950297065,1943.5906950297065,1943.5906950297065,1943.5906950297065,1943.5906950297065,1943.5906950297065,1943.5906950297065,1943.5906950297065,1943.5906950297065,1943.5906950297065,1943.5906950297065,1943.5906950297065,1943.5906950297065,1943.5906950297065,1940.3339578752314,1940.3339578752314,1940.3339578752314,1940.3339578752314,1940.3339578752314,1940.3339578752314,1940.3339578752314,1940.3339578752314,1936.6217663702987,1936.6217663702987,1936.6217663702987,1936.6217663702987,1936.6217663702987,1936.6217663702987,1936.6217663702987,1936.6217663702987,1936.6217663702987,1936.6217663702987,1936.6217663702987,1936.6217663702987,1935.062340911145,1935.062340911145,1935.062340911145,1935.062340911145,1935.062340911145,1935.062340911145,1935.062340911145,1935.062340911145,1934.7011301454334,1934.7011301454334,1934.7011301454334,1931.4240302490014,1931.4240302490014,1931.4240302490014,1931.4240302490014,1931.4240302490014,1931.4240302490014,1931.4240302490014,1931.4240302490014,1931.4240302490014,1931.4240302490014,1931.4240302490014,1931.4240302490014,1931.4240302490014,1931.4240302490014,1931.4240302490014,1931.4240302490014,1931.4240302490014,1931.4240302490014,1931.4240302490014,1931.4240302490014,1931.4240302490014,1931.4240302490014,1931.4240302490014,1931.4240302490014,1931.4240302490014,1931.4240302490014,1931.4240302490014,1931.4240302490014,1931.4240302490014,1931.4240302490014,1931.4240302490014,1931.4240302490014,1931.4240302490014,1931.4240302490014,1931.4240302490014,1931.4240302490014,1931.4240302490014,1931.4240302490014,1931.4240302490014,1931.4240302490014,1931.4240302490014,1931.4240302490014,1931.4240302490014,1931.4240302490014,1931.4240302490014,1931.4240302490014,1931.4240302490014,1931.4240302490014,1931.4240302490014,1931.4240302490014,1931.4240302490014,1931.4240302490014,1931.4240302490014,1931.4240302490014,1931.4240302490014,1931.4240302490014,1931.4240302490014,1931.4240302490014,1931.4240302490014,1931.4240302490014,1931.4240302490014,1931.4240302490014,1931.4240302490014,1931.4240302490014,1931.4240302490014,1931.4240302490014,1931.4240302490014,1931.4240302490014,1931.4240302490014,1931.4240302490014,1931.4240302490014,1931.4240302490014,1931.4240302490014,1931.4240302490014,1931.4240302490014,1931.4240302490014,1931.4240302490014,1931.4240302490014,1931.4240302490014,1931.4240302490014,1931.4240302490014,1931.4240302490014,1931.4240302490014,1931.4240302490014,1931.4240302490014,1931.4240302490014,1931.4240302490014,1931.4240302490014,1931.4240302490014,1919.4469865782391,1919.4469865782391,1919.4469865782391,1919.4469865782391,1919.4469865782391,1919.4469865782391,1919.4469865782391,1919.4469865782391,1919.4469865782391,1919.4469865782391,1919.4469865782391,1919.4469865782391,1919.4469865782391,1919.4469865782391,1917.6397754411355,1917.6397754411355,1917.6397754411355,1917.6397754411355,1917.6397754411355,1917.6397754411355,1917.6397754411355,1917.6397754411355,1917.6397754411355,1917.6397754411355,1917.6397754411355,1917.6397754411355,1917.6397754411355,1917.6397754411355,1917.6397754411355,1917.6397754411355,1917.6397754411355,1917.6397754411355,1917.6397754411355,1917.6397754411355,1917.6397754411355,1917.6397754411355,1917.6397754411355,1917.6397754411355,1917.6397754411355,1917.6397754411355,1916.3381111662252,1916.3381111662252,1916.3381111662252,1916.3381111662252,1916.3381111662252,1916.3381111662252,1916.3381111662252,1916.3381111662252,1916.3381111662252,1916.3381111662252,1916.3381111662252,1916.3381111662252,1916.3381111662252,1916.3381111662252,1916.3381111662252,1916.3381111662252,1916.3381111662252,1916.3381111662252,1916.3381111662252,1916.3381111662252,1916.3381111662252,1916.3381111662252,1916.3381111662252,1916.3381111662252,1916.3381111662252,1916.3381111662252,1916.3381111662252,1916.3381111662252,1916.3381111662252,1916.3381111662252,1916.3381111662252,1916.3381111662252,1916.3381111662252,1916.3381111662252,1916.3381111662252,1916.3381111662252,1916.3381111662252,1916.3381111662252,1916.3381111662252,1916.3381111662252,1916.3381111662252,1916.3381111662252,1916.3381111662252,1916.3381111662252,1916.3381111662252,1916.3381111662252,1916.3381111662252,1916.3381111662252,1914.6634829300785,1914.6634829300785,1914.6634829300785,1914.6634829300785,1914.6634829300785,1914.6634829300785,1914.6634829300785,1914.6634829300785,1914.6634829300785,1914.6634829300785,1914.6634829300785,1914.6634829300785,1914.6634829300785,1914.6634829300785,1914.6634829300785,1914.6634829300785,1914.6634829300785,1914.6634829300785,1914.6634829300785,1914.6634829300785,1914.6634829300785,1914.6634829300785,1914.6634829300785,1914.6634829300785,1914.6634829300785,1914.6634829300785,1914.6634829300785,1914.6634829300785,1914.6634829300785,1914.6634829300785,1914.6634829300785,1914.6634829300785,1914.6634829300785,1914.6634829300785,1914.6634829300785,1914.6634829300785,1914.6634829300785,1914.6634829300785,1914.6634829300785,1914.0160778986299,1914.0160778986299,1914.0160778986299,1914.0160778986299,1914.0160778986299,1914.0160778986299,1913.3624817977445,1913.3624817977445,1913.3624817977445,1913.3624817977445,1913.3624817977445,1913.3624817977445,1913.3624817977445,1913.3624817977445,1913.0219301030418,1913.0219301030418,1913.0219301030418,1913.0219301030418,1913.0219301030418,1906.7176405129803,1906.7176405129803,1906.7176405129803,1906.7176405129803,1906.7176405129803,1906.7176405129803,1906.7176405129803,1906.7176405129803,1906.7176405129803,1906.7176405129803,1906.7176405129803,1906.7176405129803,1906.7176405129803,1906.7176405129803,1906.7176405129803,1906.7176405129803,1906.7176405129803,1906.5045618498962,1906.5045618498962,1906.5045618498962,1906.3660682028599,1906.3660682028599,1906.3660682028599,1906.3660682028599,1906.3660682028599,1906.3660682028599,1906.3660682028599,1906.3660682028599,1906.3660682028599,1906.2781009361893,1906.2781009361893,1906.2781009361893,1906.2781009361893,1906.2781009361893,1906.2781009361893,1906.2781009361893,1906.2781009361893,1906.2781009361893,1906.1640101551934,1906.1640101551934,1906.1640101551934,1906.1640101551934,1906.1640101551934,1906.1640101551934,1906.1640101551934,1906.1640101551934,1906.1640101551934,1906.1640101551934,