{"benchmark":"B-n50-k8","optimalDistance":1312,"distanceSequence":[1383.3959466137806,1383.3959466137806,1383.3959466137806,1383.3959466137806,1383.3959466137806,1383.3959466137806,1382.1466344966698,1382.1466344966698,1379.4579928179458,1377.3722894368088,1377.3722894368088,1374.8212679533522,1374.8212679533522,1374.8212679533522,1374.8212679533522,1374.8212679533522,1374.8212679533522,1374.8212679533522,1373.2370185549223,1373.2370185549223,1371.841881898676,1371.841881898676,1371.7126181682145,1371.0587640482813,1371.0587640482813,1371.0587640482813,1371.0587640482813,1371.0587640482813,1371.0587640482813,1371.0587640482813,1371.0587640482813,1370.8732693110774,1370.8732693110774,1370.8732693110774,1370.8732693110774,1368.8499674080392,1367.577347286328,1367.577347286328,1367.577347286328,1367.577347286328,1367.577347286328,1367.577347286328,1366.4883392082993,1366.4883392082993,1366.4883392082993,1366.4883392082993,1366.4883392082993,1366.4883392082993,1366.4883392082993,1366.4883392082993,1366.4592791553769,1366.1443916423714,1365.8344850883661,1365.8344850883661,1365.8344850883661,1365.8344850883661,1365.8344850883661,1365.8344850883661,1365.8344850883661,1365.8344850883661,1365.8344850883661,1353.902168553532,1353.902168553532,1353.902168553532,1353.902168553532,1353.902168553532,1353.902168553532,1353.902168553532,1353.902168553532,1353.6019118131987,1353.6019118131987,1353.6019118131987,1353.6019118131987,1352.7320368067674,1352.7320368067674,1352.7320368067674,1352.7320368067674,1352.7320368067674,1352.7320368067674,1352.7320368067674,1352.7320368067674,1352.7320368067674,1352.702976753845,1352.702976753845,1352.702976753845,1352.702976753845,1352.702976753845,1352.2405959918976,1352.2405959918976,1352.2405959918976,1352.2405959918976,1352.1684509599502,1352.1684509599502,1352.1684509599502,1352.1684509599502,1352.1684509599502,1352.1684509599502,1352.1684509599502,1352.1684509599502,1352.1684509599502,1352.1684509599502,1352.1684509599502,1352.1684509599502,1352.1684509599502,1350.5248352211872,1350.5248352211872,1350.5248352211872,1349.6010048702376,1349.6010048702376,1349.6010048702376,1349.6010048702376,1349.6010048702376,1349.6010048702376,1349.6010048702376,1349.6010048702376,1349.6010048702376,1349.6010048702376,1347.5804416394772,1347.5804416394772,1347.5804416394772,1347.5804416394772,1347.5804416394772,1347.5804416394772,1347.5804416394772,1347.5804416394772,1347.5513815865547,1347.5513815865547,1346.457395396645,1346.457395396645,1346.457395396645,1346.457395396645,1346.457395396645,1346.457395396645,1346.457395396645,1346.457395396645,1346.457395396645,1346.457395396645,1346.457395396645,1346.457395396645,1345.7597976734812,1345.7597976734812,1345.7597976734812,1345.7597976734812,1345.7597976734812,1345.7597976734812,1345.7597976734812,1345.7597976734812,1345.7597976734812,1345.7597976734812,1345.7597976734812,1345.7597976734812,1345.7597976734812,1345.7597976734812,1345.7597976734812,1345.7597976734812,1345.7597976734812,1345.7597976734812,1345.7597976734812,1345.7597976734812,1345.7597976734812,1345.7597976734812,1345.7597976734812,1345.7597976734812,1345.7597976734812,1345.7597976734812,1345.3081932437285,1345.3081932437285,1345.3081932437285,1345.3081932437285,1345.3081932437285,1345.3081932437285,1345.3081932437285,1345.3081932437285,1345.3081932437285,1345.3081932437285,1345.0753170115877,1345.0753170115877,1345.0753170115877,1345.0753170115877,1345.0753170115877,1345.0753170115877,1345.0753170115877,1345.0753170115877,1345.0753170115877,1345.0753170115877,1345.0753170115877,1345.0753170115877,1345.0753170115877,1345.0753170115877,1345.0753170115877,1345.0753170115877,1345.0753170115877,1345.0753170115877,1345.0753170115877,1345.0753170115877,1345.0753170115877,1345.0753170115877,1345.0753170115877,1345.0753170115877,1345.0753170115877,1344.429061294201,1344.429061294201,1344.429061294201,1344.429061294201,1344.429061294201,1344.429061294201,1344.429061294201,1344.429061294201,1344.429061294201,1344.429061294201,1344.429061294201,1344.429061294201,1344.429061294201,1344.429061294201,1344.429061294201,1344.429061294201,1344.429061294201,1344.429061294201,1344.429061294201,1344.429061294201,1344.429061294201,1344.429061294201,1344.429061294201,1344.429061294201,1344.429061294201,1344.429061294201,1344.429061294201,1344.429061294201,1344.429061294201,1344.429061294201,1344.429061294201,1344.429061294201,1344.429061294201,1344.429061294201,1344.429061294201,1344.429061294201,1344.429061294201,1344.429061294201,1344.429061294201,1344.429061294201,1344.429061294201,1344.429061294201,1344.429061294201,1344.429061294201,1344.429061294201,1344.429061294201,1344.429061294201,1344.429061294201,1344.429061294201,1344.429061294201,1344.429061294201,1344.429061294201,1344.429061294201,1344.429061294201,1344.429061294201,1344.429061294201,1344.429061294201,1344.429061294201,1344.429061294201,1344.429061294201,1344.429061294201,1344.429061294201,1344.429061294201,1344.429061294201,1344.429061294201,1344.429061294201,1344.429061294201,1344.429061294201,1344.429061294201,1344.429061294201,1344.429061294201,1344.429061294201,1344.429061294201,1344.429061294201,1344.429061294201,1344.429061294201,1344.429061294201,1344.429061294201,1344.429061294201,1344.429061294201,1344.429061294201,1344.429061294201,1344.429061294201,1344.429061294201,1344.429061294201,1344.429061294201,1344.429061294201,1344.429061294201,1344.429061294201,1344.429061294201,1343.7314635710372,1343.7314635710372,1343.7314635710372,1343.7314635710372,1343.7314635710372,1343.7314635710372,1343.7314635710372,1343.7314635710372,1343.7314635710372,1343.7314635710372,1343.7314635710372,1343.7314635710372,1343.7314635710372,1343.7314635710372,1343.7314635710372,1343.7314635710372,1343.7314635710372,1343.7314635710372,1343.7314635710372,1343.7314635710372,1341.3877868539093,1341.3877868539093,1341.3877868539093,1341.3877868539093,1341.3877868539093,1341.3877868539093,1341.3877868539093,1341.3877868539093,1341.3877868539093,1341.3877868539093,1341.3877868539093,1341.3877868539093,1341.3877868539093,1341.3877868539093,1341.3587268009867,1341.3587268009867,1341.3587268009867,1341.3587268009867,1341.3587268009867,1341.3587268009867,1341.3587268009867,1341.3587268009867,1341.3587268009867,1341.3587268009867,1341.3587268009867,1341.3587268009867,1341.3587268009867,1341.3587268009867,1341.3587268009867,1341.3587268009867,1341.3587268009867,1341.3587268009867,1341.3587268009867,1341.3587268009867,1341.3587268009867,1341.3587268009867,1341.3587268009867,1341.3587268009867,1341.3587268009867,1341.3587268009867,1341.3587268009867,1341.3587268009867,1341.3587268009867,1341.3587268009867,1341.3587268009867,1341.3587268009867,1341.3587268009867,1341.3587268009867,1341.3587268009867,1341.3587268009867,1341.3587268009867,1341.3587268009867,1341.3587268009867,1341.3587268009867,1341.3587268009867,1341.3587268009867,1341.3587268009867,1341.3587268009867,1341.3587268009867,1341.3587268009867,1341.3587268009867,1341.3587268009867,1341.3587268009867,1341.3587268009867,1341.3587268009867,1341.3587268009867,1341.3587268009867,1341.3587268009867,1341.3587268009867,1341.3587268009867,1341.3587268009867,1341.3587268009867,1341.3587268009867,1341.3587268009867,1341.3587268009867,1341.3587268009867,1341.3587268009867,1341.3587268009867,1341.3587268009867,1341.3587268009867,1341.3587268009867,1341.3587268009867,1341.3587268009867,1341.3587268009867,1341.3587268009867,1341.3587268009867,1341.3587268009867,1341.3587268009867,1341.3587268009867,1341.3587268009867,1341.3587268009867,1341.3587268009867,1341.3587268009867,1341.3587268009867,1341.3587268009867,1341.3587268009867,1341.3587268009867,1341.3587268009867,1341.3587268009867,1341.3587268009867,1341.3587268009867,1341.3587268009867,1341.3587268009867,1341.3587268009867,1341.3587268009867,1341.3587268009867,1341.3587268009867,1341.3587268009867,1341.3587268009867,1341.3587268009867,1341.3587268009867,1341.3587268009867,1341.3587268009867,1341.3587268009867,