{"Optimal":1312,"benchmark":"B-n50-k8","front":[{"fuel":1888.8213336837732,"distance":1333.0688476784467,"trucks":[[2,33,29,30,20],[38,28,13,34,10,50,44,37,21],[45,12,17,25,48,27,19,5],[7,31,6],[11,22,9,43,18,16],[23,24,42,46,40,36],[35,49,8,26,41,3],[32,15,47,39,14,4]]},{"fuel":1888.2675914871318,"distance":1333.3900972360766,"trucks":[[2,33,29,30,20],[38,28,13,34,10,50,44,37,21],[45,12,17,25,48,27,19,5],[7,31,6],[11,22,9,43,18,16],[23,24,42,46,40,36],[35,49,41,8,26,3],[32,15,47,39,14,4]]},{"fuel":1888.102401769196,"distance":1334.1566320441013,"trucks":[[2,33,29,30,20],[3,38,28,13,34,10,50,44,37,21],[45,12,17,25,48,27,19,5],[7,31,6],[11,22,9,43,18,16],[23,24,42,46,40,36],[35,49,41,8,26],[32,15,47,39,14,4]]},{"fuel":1887.9552530749252,"distance":1334.260092788909,"trucks":[[2,33,29,30,20],[38,28,13,34,10,50,44,37,21],[45,12,17,25,48,27,19,5],[7,31,6],[11,22,9,43,18,16],[23,24,42,46,40,36],[3,35,49,41,8,26],[32,15,47,39,14,4]]}]}