{"front":[{"fuel":2264.3855311024718,"distance":1609.7202091118488,"trucks":[[73,198,57,187,24,40,140,188,171,26,56,166,25,30],[12,176,108,20,124,49,125,169,48,37,144,65,64],[86,194,92,192,142,45,120,193,15,143,43,173,58,118],[130,80,186,34,82,121,10,162,72,137,36,35],[17,62,174,85,18,114,87,141,39,44,16,146,42,23,134],[153,59,41,181,22,74,172,75,76,68,156,111],[178,81,151,69,122,170,79,165,136,66,67,21,91],[183,149,63,160,11,190,109,127,182,132,123],[89,32,163,102,71,31,161,33,129,189,104,52],[7,184,95,96,98,93,152,60,38,99,94,105,100,61],[154,107,195,8,83,115,9,175,47,46,126,200,84,19,147],[197,78,159,117,185,13,110,164,135,131,55],[106,27,150,196,180,5,199,116,179,3,145,138],[29,139,155,77,4,158,103,51,2,177,133,70,53],[157,113,148,97,6,119,167,90,54],[112,28,168,128,191,50,101,88,14]]},{"trucks":[[73,198,57,187,24,40,140,188,171,26,56,166,25,30],[12,176,108,20,124,49,125,169,48,37,144,65,64],[86,194,92,192,142,45,120,193,15,143,43,173,58,118],[130,80,186,34,82,121,10,162,72,137,36,35],[17,62,174,85,18,114,87,141,39,44,16,146,42,23,134],[153,59,41,181,22,74,172,75,76,68,156,111],[178,81,151,69,122,170,79,165,136,66,67,21,91],[183,149,63,160,11,190,109,127,182,132,123],[89,32,163,102,71,31,161,33,129,189,104,52],[7,184,95,96,98,93,152,60,38,99,94,105,100,61],[154,107,195,8,83,115,9,175,47,46,126,200,84,19,147],[197,78,159,117,185,13,110,164,135,131,55],[106,27,150,196,180,5,199,116,179,3,145,138],[29,139,155,77,4,158,103,51,2,177,133,70,53],[157,113,90,167,119,6,97,148,54],[112,28,168,128,191,50,101,88,14]],"distance":1609.8880556747667,"fuel":2263.656353245967},{"distance":1610.0391649085468,"fuel":2263.6042333192513,"trucks":[[73,198,57,187,24,40,140,188,171,26,56,166,25,30],[12,176,108,20,124,49,125,169,48,37,144,65,64],[86,194,92,192,142,45,120,193,15,143,43,173,58,118],[130,80,186,34,82,121,10,162,72,137,36,35],[17,62,174,85,18,114,87,141,39,44,16,146,42,23,134],[153,59,41,181,22,74,172,75,76,68,156,111],[178,81,151,69,122,170,79,165,136,66,67,21,91],[183,149,63,160,11,190,109,127,182,132,123],[89,32,163,102,71,31,161,33,129,189,104,52],[184,95,96,98,93,152,60,38,99,94,105,100,61,7],[154,107,195,8,83,115,9,175,47,46,126,200,84,19,147],[197,78,159,117,185,13,110,164,135,131,55],[106,27,150,196,180,5,199,116,179,3,145,138],[29,139,155,77,4,158,103,51,2,177,133,70,53],[157,113,148,97,6,119,167,90,54],[112,28,168,128,191,50,101,88,14]]},{"distance":1610.1217858201135,"trucks":[[73,198,57,187,24,40,140,188,171,26,56,166,25,30],[12,176,108,20,124,49,125,169,48,37,144,65,64],[86,194,92,192,142,45,120,193,15,143,43,173,58,118],[130,80,186,34,82,121,10,162,72,137,36,35],[17,62,174,85,18,114,87,141,39,44,16,146,42,23,134],[153,59,41,181,22,74,172,75,76,68,156,111],[178,81,151,69,122,170,79,165,136,66,67,21,91],[183,149,63,160,11,190,109,127,182,132,123],[89,32,163,102,71,31,161,33,129,189,104,52],[7,184,95,96,98,93,152,60,38,99,94,105,100,61],[154,107,195,8,83,115,9,175,47,46,126,200,84,19,147],[197,78,159,117,185,13,110,55,131,135,164],[106,27,150,196,180,5,199,116,179,3,145,138],[29,139,155,77,4,158,103,51,2,177,133,70,53],[157,113,148,97,6,119,167,90,54],[112,28,168,128,191,50,101,88,14]],"fuel":2263.2633917055914},{"trucks":[[73,198,57,187,24,40,140,188,171,26,56,166,25,30],[12,176,108,20,124,49,125,169,48,37,144,65,64],[86,194,92,192,142,45,120,193,15,143,43,173,58,118],[130,80,186,34,82,121,10,162,72,137,36,35],[17,62,174,85,18,114,87,141,39,44,16,146,42,23,134],[153,59,41,181,22,74,172,75,76,68,156,111],[178,81,151,69,122,170,79,165,136,66,67,21,91],[183,149,63,160,11,190,109,127,182,132,123],[89,32,163,102,71,31,33,161,129,189,104,52],[184,95,96,98,93,152,60,38,99,94,105,100,61,7],[154,107,195,8,83,115,9,175,47,46,126,200,84,19,147],[197,78,159,117,185,13,110,164,135,131,55],[106,27,150,196,180,5,199,116,179,3,145,138],[29,139,155,77,4,158,103,51,2,177,133,70,53],[157,113,148,90,167,119,6,97,54],[112,28,168,128,191,50,101,88,14]],"distance":1610.4016620093303,"fuel":2262.518910806711},{"distance":1611.1899654594101,"fuel":2262.419577697852,"trucks":[[73,198,57,187,24,40,140,188,171,26,56,166,25,30],[12,176,108,20,124,49,125,169,48,37,144,65,64],[86,194,92,192,142,45,120,193,15,143,43,173,58,118],[130,80,186,34,82,121,10,162,72,137,36,35],[17,62,174,85,18,114,87,141,39,44,16,146,42,23,134],[153,59,41,181,22,74,172,75,76,68,156,111],[178,81,151,69,122,170,79,165,136,66,67,21,91],[183,149,63,160,11,190,109,127,182,132,123],[89,32,163,102,71,31,161,33,129,189,104,52],[184,95,96,98,93,152,60,38,99,94,105,100,61,7],[154,107,195,8,83,115,9,175,47,46,126,200,84,19,147],[197,78,159,117,185,13,110,164,135,131,55],[106,27,150,196,180,5,199,116,179,3,145,138],[29,139,155,77,4,158,103,51,2,177,133,70,53],[157,113,148,90,167,119,6,97,54],[112,28,168,128,191,50,101,88,14]]},{"trucks":[[73,198,57,187,24,40,140,188,171,26,56,166,25,30],[12,176,108,20,124,49,125,169,48,37,144,65,64],[86,194,92,192,142,45,120,193,15,143,43,173,58,118],[130,80,186,34,82,121,10,162,72,137,36,35],[17,62,174,85,18,114,87,141,39,44,16,146,42,23,134],[153,59,41,181,22,74,172,75,76,68,156,111],[178,81,151,69,122,170,79,165,136,66,67,21,91],[183,149,63,160,11,190,109,127,182,132,123],[89,32,163,102,71,31,161,33,129,189,104,52],[184,95,96,98,93,152,60,38,99,94,105,100,61,7],[154,107,195,8,83,115,9,175,47,46,126,200,84,19,147],[197,78,159,117,185,13,110,55,131,135,164],[106,27,150,196,180,5,199,116,179,3,145,138],[29,139,155,77,4,158,103,51,2,177,133,70,53],[157,113,148,90,167,119,6,97,54],[112,28,168,128,191,50,101,88,14]],"distance":1611.5915421676748,"fuel":2261.297438300972}],"benchmark":"M-n200-k16","Optimal":1274}