{"front":[{"distance":620.5419363593383,"trucks":[[15,12,39,11,32],[3,29,23,43,42,2,34],[13,40,10,26,19,25,50,24,44],[28,14,16,21,38,37,48,22],[18,41,33,45,4,17,7],[27,8,47,36,35,9,20,5],[46,31,49,6,30]],"fuel":873.9824267339292}],"Optimal":554,"benchmark":"P-n50-k7"}