{"front":[{"trucks":[[13,39,38,32,36,26,15,3,8,9],[31,11,17,5,20,34],[25,4,30,29,10,6,27],[21,33,28,35,23,19,22,24,18,37],[12,2,7],[16,14]],"distance":853.0309787576628,"fuel":1212.8863221751878},{"trucks":[[16,14],[31,20,34,5,17,11],[21,33,28,35,23,19,22,24,18,37],[13,39,38,32,36,26,15,3,8,9],[25,4,30,29,10,6,27],[12,2,7]],"distance":853.2678114098883,"fuel":1206.3589874702168}],"benchmark":"A-n39-k6","Optimal":831}