{"Optimal":1314,"benchmark":"A-n63-k10","front":[{"trucks":[[21,29,58,33,35,12,48,45,51],[16,50,2,46,40,4,43,20,6,19],[22,24,47],[52,59,23,56,34],[31,39,5,14,27],[18,62,8,25,32,63],[54,15,3,13,10,42],[61,9,36,28,7],[41,30,57,55,38,17,26],[49,37,53,44,11,60]],"distance":1400.158917094278,"fuel":1948.4067411293406},{"trucks":[[21,29,58,33,35,12,48,45,51],[16,50,19,6,20,43,4,46,40,2],[24,47,22],[63,52,59,23,56,34],[31,39,5,27,14],[49,18,32,25,8,62],[54,15,3,13,10,42],[61,9,36,28,7],[41,30,57,55,38,17,26],[37,53,44,11,60]],"distance":1412.2727949146029,"fuel":1947.3076261590134},{"trucks":[[21,29,58,33,35,12,48,45,51],[16,50,19,6,20,43,4,40,46,2],[24,47,22],[63,52,59,23,56,34],[31,39,5,27,14],[49,18,32,25,8,62],[54,15,3,13,10,42],[61,9,36,28,7],[41,30,57,55,38,17,26],[37,53,44,11,60]],"distance":1412.2810253684274,"fuel":1947.2930264978606},{"distance":1412.742607340619,"trucks":[[21,29,58,33,35,12,48,45,51],[16,50,19,6,20,43,4,40,46,2],[22,24,47],[63,52,59,23,56,34],[31,39,5,27,14],[49,18,32,25,8,62],[54,15,3,13,10,42],[61,9,36,28,7],[41,30,57,55,38,17,26],[37,53,44,11,60]],"fuel":1946.9484021091778}]}