{"Optimal":1314,"benchmark":"A-n63-k10","front":[{"fuel":1963.535565379399,"distance":1390.1733120352606,"trucks":[[16,50,46,40,4,43,20,6,19],[11,60,2,42,3,10,13],[29,58,33,35,12,48,45,51,63],[52,59,23,56,34],[62,24,61,38,17],[21,14,27,5,39],[15,7,28,36,9],[57,30,41,26,54,22,8,25,32],[49,37,31,44,53],[18,47,55]]},{"trucks":[[16,50,46,40,4,43,20,6,19],[11,60,2,42,3,10,13],[29,58,33,35,12,48,45,51],[63,52,59,23,56,34],[62,24,61,38,17],[21,14,27,5,39],[15,7,28,36,9],[57,30,41,26,54,22,8,25,32],[49,37,31,44,53],[18,47,55]],"distance":1390.3011212898296,"fuel":1958.7955195438058},{"fuel":1958.0060163102955,"trucks":[[16,50,46,40,4,43,20,6,19],[11,60,2,42,3,10,13],[29,58,33,35,12,48,45,51],[63,52,59,23,56,34],[62,24,61,38,17],[21,14,27,5,39],[15,7,28,36,9],[57,30,41,26,54,22,8,25,32],[49,37,53,44,31],[18,47,55]],"distance":1394.5691528470936},{"distance":1401.3467668800758,"trucks":[[16,50,46,40,4,43,20,6,19],[11,60,2,42,3,10,13],[63,51,29,58,33,35,12,48,45],[52,59,23,56,34],[62,24,61,38,17],[21,14,27,5,39],[15,9,36,28,7],[57,30,41,26,54,22,8,25,32],[49,37,53,44,31],[18,47,55]],"fuel":1957.3683248146538}]}