{"optimalDistance":744,"benchmark":"P-n60-k10","fuelSequence":[1172.7286901984835,1172.7286901984835,1172.7286901984835,1172.7286901984835,1149.7257951050144,1149.7257951050144,1149.7257951050144,1149.7257951050144,1149.7257951050144,1149.7257951050144,1149.7257951050144,1149.7257951050144,1144.812706553716,1144.812706553716,1144.812706553716,1144.4959840044353,1144.4959840044353,1144.4959840044353,1144.4959840044353,1144.4959840044353,1143.476227378052,1141.2332995763675,1138.702921464882,1138.702921464882,1138.702921464882,1136.8548006577423,1136.8548006577423,1136.8548006577423,1136.8548006577423,1136.8548006577423,1136.8548006577423,1136.8548006577423,1136.8548006577423,1136.6414436526447,1135.5183214820784,1135.5183214820784,1135.5183214820784,1135.5183214820784,1135.5183214820784,1135.5183214820784,1135.3049644769808,1134.9882419276998,1133.5472831445425,1133.5472831445425,1133.5472831445425,1133.5472831445425,1133.5472831445425,1133.5472831445425,1133.5472831445425,1133.5472831445425,1133.5472831445425,1133.5472831445425,1133.5472831445425,1132.7255646901792,1132.7255646901792,1132.7255646901792,1132.2108039688785,1132.2108039688785,1132.2108039688785,1132.2108039688785,1132.2108039688785,1132.2108039688785,1132.2108039688785,1132.2108039688785,1132.2108039688785,1132.2108039688785,1132.2108039688785,1132.2108039688785,1131.5889048855788,1131.5889048855788,1131.3890855145153,1131.3890855145153,1131.3890855145153,1131.3890855145153,1131.3890855145153,1131.3890855145153,1131.3890855145153,1131.0723629652343,1130.2524257099149,1130.2524257099149,1130.2524257099149,1130.2524257099149,1130.2524257099149,1130.2524257099149,1130.2524257099149,1129.935703160634,1129.935703160634,1129.935703160634,1129.935703160634,1129.935703160634,1129.935703160634,1129.935703160634,1129.935703160634,1129.935703160634,1129.935703160634,1129.935703160634,1129.935703160634,1129.935703160634,1129.935703160634,1129.935703160634,1129.935703160634,1129.935703160634,1129.935703160634,1129.935703160634,1129.935703160634,1129.935703160634,1129.292210537936,1129.292210537936,1129.292210537936,1129.292210537936,1129.292210537936,1129.292210537936,1129.292210537936,1129.292210537936,1129.292210537936,1129.292210537936,1129.292210537936,1129.292210537936,1129.292210537936,1129.292210537936,1129.292210537936,1129.292210537936,1129.292210537936,1129.292210537936,1129.292210537936,1129.292210537936,1129.292210537936,1129.292210537936,1129.292210537936,1129.292210537936,1129.292210537936,1129.292210537936,1129.292210537936,1129.292210537936,1129.292210537936,1129.292210537936,1129.292210537936,1129.292210537936,1129.292210537936,1129.292210537936,1129.292210537936,1129.292210537936,1129.292210537936,1129.292210537936,1129.292210537936,1129.292210537936,1129.292210537936,1129.292210537936,1129.292210537936,1129.292210537936,1129.292210537936,1129.292210537936,1129.292210537936,1129.292210537936,1129.292210537936,1127.4203545748217,1127.4203545748217,1127.4203545748217,1127.4203545748217,1127.4203545748217,1127.4203545748217,1127.4203545748217,1127.4203545748217,1127.4203545748217,1127.4203545748217,1127.4203545748217,1127.4203545748217,1127.4203545748217,1127.4203545748217,1127.4203545748217,1127.4203545748217,1127.4203545748217,1127.4203545748217,1127.4203545748217,1127.4203545748217,1127.4203545748217,1127.4203545748217,1127.4203545748217,1127.4203545748217,1127.4203545748217,1127.4203545748217,1127.4203545748217,1127.4203545748217,1127.4203545748217,1127.4203545748217,1127.4203545748217,1127.4203545748217,1127.4203545748217,1127.4203545748217,1127.4203545748217,1127.4203545748217,1127.4203545748217,1127.4203545748217,1127.4203545748217,1127.4203545748217,1127.4203545748217,1127.4203545748217,1127.4203545748217,1127.4203545748217,1127.4203545748217,1127.4203545748217,1126.6435688691217,1126.6435688691217,1126.6435688691217,1126.6435688691217,1126.6435688691217,1126.6435688691217,1126.6435688691217,1126.6435688691217,1126.6435688691217,1126.6435688691217,1126.6435688691217,1126.6435688691217,1126.6435688691217,1126.6435688691217,1126.6435688691217,1126.6435688691217,1126.6435688691217,1126.6435688691217,1126.6435688691217,1126.6435688691217,1126.6435688691217,1126.6435688691217,1126.6435688691217,1126.6435688691217,1126.6435688691217,1126.6435688691217,1126.6435688691217,1126.6435688691217,1126.6435688691217,1126.6435688691217,1126.6435688691217,1126.6435688691217,1126.6435688691217,1126.6435688691217,1126.6435688691217,1126.6435688691217,1126.6435688691217,1126.6435688691217,1126.6435688691217,1126.6435688691217,1126.6435688691217,1126.6435688691217,1126.6435688691217,1126.6435688691217,1126.6435688691217,1126.6435688691217,1126.6435688691217,1126.6435688691217,1126.6435688691217,1126.6435688691217,1126.6435688691217,1126.6435688691217,1126.6435688691217,1126.6435688691217,1126.6435688691217,1126.6435688691217,1126.6435688691217,1126.6435688691217,1126.6435688691217,1126.6435688691217,1126.6435688691217,1126.6435688691217,1126.6435688691217,1126.6435688691217,1126.6435688691217,1126.6435688691217,1126.6435688691217,1126.6435688691217,1126.6435688691217,1126.6435688691217,1126.6435688691217,1126.6435688691217,1126.6435688691217,1126.6435688691217,1126.6435688691217,1126.6435688691217,1126.6435688691217,1126.6435688691217,1126.6435688691217,1126.6435688691217,1126.6435688691217,1126.6435688691217,1126.6435688691217,1126.6435688691217,1126.6435688691217,1126.6435688691217,1126.6435688691217,1126.6435688691217,1126.6435688691217,1126.6435688691217,1126.6435688691217,1126.6435688691217,1126.6435688691217,1126.6435688691217,1126.6435688691217,1126.6435688691217,1126.6435688691217,1126.6435688691217,1126.6435688691217,1126.6435688691217,1126.6435688691217,1126.6435688691217,1126.6435688691217,1126.6435688691217,1126.6435688691217,1126.6435688691217,1126.6435688691217,1126.6435688691217,1126.6435688691217,1126.6435688691217,1126.6435688691217,1126.6435688691217,1126.6435688691217,1126.6435688691217,1126.6435688691217,1126.6435688691217,1126.6435688691217,1126.6435688691217,1126.6435688691217,1126.6435688691217,1126.6435688691217,1126.6435688691217,1126.6435688691217,1126.6435688691217,1126.6435688691217,1126.6435688691217,1126.6435688691217,1126.6435688691217,1126.6435688691217,1126.6435688691217,1126.6435688691217,1126.6435688691217,1126.6435688691217,1126.6435688691217,1126.6435688691217,1126.6435688691217,1126.6435688691217,1126.6435688691217,1126.6435688691217,1126.6435688691217,1126.6435688691217,1126.6435688691217,1126.6435688691217,1126.6435688691217,1126.6435688691217,1126.6435688691217,1126.6435688691217,1126.6435688691217,1126.6435688691217,1126.6435688691217,1126.6435688691217,1126.6435688691217,1126.6435688691217,1126.6435688691217,1126.6435688691217,1126.6435688691217,1126.6435688691217,1126.6435688691217,1126.6435688691217,1126.6435688691217,1126.6435688691217,1126.6435688691217,1126.6435688691217,1126.6435688691217,1126.6435688691217,1126.6435688691217,1126.6435688691217,1126.6435688691217,1126.6435688691217,1126.6435688691217,1126.6435688691217,1126.6435688691217,1126.6435688691217,1126.6435688691217,1126.6435688691217,1126.6435688691217,1126.6435688691217,1126.6435688691217,1126.6435688691217,1126.6435688691217,1126.6435688691217,1126.6435688691217,1126.6435688691217,1126.6435688691217,1126.6435688691217,1126.6435688691217,1126.6435688691217,1126.6435688691217,1126.6435688691217,1126.6435688691217,1126.6435688691217,1126.6435688691217,1126.6435688691217,1126.6435688691217,1126.6435688691217,1126.6435688691217,1126.6435688691217,1126.6435688691217,1126.6435688691217,1126.6435688691217,1126.6435688691217,1126.6435688691217,1126.6435688691217,1126.6435688691217,1126.6435688691217,1126.6435688691217,1126.6435688691217,1126.6435688691217,1126.6435688691217,1126.6435688691217,1126.6435688691217,1126.6435688691217,1126.6435688691217,1126.6435688691217,1126.6435688691217,1126.6435688691217,1126.6435688691217,1126.6435688691217,1126.6435688691217,1126.6435688691217,