{"Optimal":744,"benchmark":"P-n60-k10","front":[{"trucks":[[29,22,60,37,48],[54,15,12,39],[4,45,33,51,19,56,26],[30,6,38,21,16,58,14,55],[59,11,32,40,10],[35,47,9,20,53,28],[18,41,13,27,8,36],[7,34,2,44,42,43,23],[5,46,49,31,3],[52,17,50,25,57,24]],"fuel":1088.4278751753031,"distance":782.7783983152358}]}