{"benchmark":"P-n55-k8","optimalDistance":588,"fuelSequence":[903.0434645562543,903.0434645562543,903.0434645562543,903.0434645562543,903.0434645562543,903.0434645562543,903.0434645562543,903.0434645562543,903.0434645562543,903.0434645562543,903.0434645562543,903.0434645562543,903.0434645562543,903.0434645562543,903.0434645562543,903.0434645562543,903.0434645562543,903.0434645562543,903.0434645562543,903.0434645562543,903.0434645562543,903.0434645562543,903.0434645562543,903.0434645562543,903.0434645562543,903.0434645562543,903.0434645562543,903.0434645562543,903.0434645562543,903.0434645562543,903.0434645562543,903.0434645562543,903.0434645562543,903.0434645562543,903.0434645562543,903.0434645562543,903.0434645562543,903.0434645562543,903.0434645562543,903.0434645562543,903.0434645562543,903.0434645562543,903.0434645562543,903.0434645562543,903.0434645562543,903.0434645562543,903.0434645562543,903.0434645562543,903.0434645562543,903.0434645562543,903.0434645562543,903.0434645562543,903.0434645562543,903.0434645562543,903.0434645562543,903.0434645562543,903.0434645562543,903.0434645562543,903.0434645562543,903.0434645562543,903.0434645562543,903.0434645562543,903.0434645562543,903.0434645562543,903.0434645562543,903.0434645562543,903.0434645562543,903.0434645562543,903.0434645562543,903.0434645562543,903.0434645562543,903.0434645562543,903.0434645562543,903.0434645562543,903.0434645562543,903.0434645562543,903.0434645562543,903.0434645562543,903.0434645562543,903.0434645562543,903.0434645562543,903.0434645562543,903.0434645562543,903.0434645562543,903.0434645562543,903.0434645562543,903.0434645562543,903.0434645562543,903.0434645562543,903.0434645562543,903.0434645562543,903.0434645562543,903.0434645562543,903.0434645562543,903.0434645562543,903.0434645562543,903.0434645562543,903.0434645562543,903.0434645562543,903.0434645562543,903.0434645562543,903.0434645562543,903.0434645562543,903.0434645562543,903.0434645562543,903.0434645562543,903.0434645562543,903.0434645562543,903.0434645562543,903.0434645562543,903.0434645562543,903.0434645562543,903.0434645562543,903.0434645562543,903.0434645562543,903.0434645562543,903.0434645562543,903.0434645562543,903.0434645562543,903.0434645562543,903.0434645562543,903.0434645562543,903.0434645562543,903.0434645562543,903.0434645562543,903.0434645562543,903.0434645562543,903.0434645562543,903.0434645562543,903.0434645562543,903.0434645562543,903.0434645562543,903.0434645562543,903.0434645562543,903.0434645562543,903.0434645562543,903.0434645562543,903.0434645562543,903.0434645562543,903.0434645562543,903.0434645562543,903.0434645562543,903.0434645562543,903.0434645562543,903.0434645562543,903.0434645562543,903.0434645562543,903.0434645562543,903.0434645562543,903.0434645562543,903.0434645562543,903.0434645562543,903.0434645562543,903.0434645562543,903.0434645562543,903.0434645562543,903.0434645562543,903.0434645562543,903.0434645562543,903.0434645562543,903.0434645562543,903.0434645562543,903.0434645562543,903.0434645562543,903.0434645562543,903.0434645562543,903.0434645562543,903.0434645562543,903.0434645562543,903.0434645562543,903.0434645562543,903.0434645562543,903.0434645562543,903.0434645562543,896.5470274156391,896.5470274156391,896.5470274156391,896.5470274156391,896.5470274156391,896.5470274156391,896.5470274156391,896.5470274156391,896.5470274156391,896.5470274156391,896.5470274156391,896.5470274156391,896.5470274156391,896.5470274156391,896.5470274156391,896.5470274156391,896.5470274156391,896.5470274156391,896.5470274156391,896.5470274156391,896.5470274156391,896.5470274156391,896.5470274156391,896.5470274156391,896.5470274156391,896.5470274156391,896.5470274156391,896.5470274156391,896.5470274156391,896.5470274156391,896.5470274156391,896.5470274156391,896.5470274156391,896.5470274156391,896.5470274156391,896.5470274156391,896.5470274156391,896.5470274156391,896.5470274156391,896.5470274156391,896.5470274156391,896.5470274156391,896.5470274156391,896.5470274156391,896.5470274156391,896.5470274156391,896.5470274156391,896.5470274156391,896.5470274156391,896.5470274156391,896.5470274156391,896.5470274156391,896.5470274156391,896.5470274156391,896.5470274156391,896.5470274156391,896.5470274156391,896.5470274156391,896.5470274156391,896.5470274156391,896.5470274156391,896.5470274156391,896.5470274156391,896.5470274156391,896.5470274156391,896.5470274156391,896.5470274156391,896.5470274156391,896.5470274156391,896.5470274156391,896.5470274156391,896.5470274156391,896.5470274156391,896.5470274156391,896.5470274156391,896.5470274156391,896.5470274156391,896.5470274156391,896.5470274156391,896.5470274156391,896.5470274156391,896.5470274156391,896.5470274156391,896.5470274156391,896.5470274156391,896.5470274156391,896.5470274156391,896.5470274156391,896.5470274156391,896.5470274156391,896.5470274156391,896.5470274156391,896.5470274156391,896.5470274156391,896.5470274156391,896.5470274156391,896.5470274156391,896.5470274156391,896.5470274156391,896.5470274156391,896.5470274156391,896.5470274156391,896.5470274156391,896.5470274156391,896.5470274156391,896.5470274156391,896.5470274156391,896.5470274156391,896.5470274156391,896.5470274156391,896.5470274156391,896.5470274156391,896.5470274156391,896.5470274156391,896.5470274156391,896.5470274156391,889.8778345957442,889.8778345957442,889.8778345957442,889.8778345957442,889.8778345957442,889.8778345957442,889.8778345957442,889.8778345957442,889.8778345957442,889.8778345957442,889.8778345957442,889.8778345957442,889.8778345957442,889.8778345957442,889.8778345957442,889.8778345957442,889.8778345957442,889.8778345957442,889.8778345957442,889.8778345957442,889.8778345957442,889.8778345957442,889.8778345957442,889.8778345957442,889.8778345957442,889.8778345957442,889.8778345957442,889.8778345957442,889.8778345957442,889.8778345957442,889.8778345957442,889.8778345957442,889.8778345957442,889.8778345957442,889.8778345957442,889.8778345957442,889.8778345957442,889.8778345957442,889.8778345957442,889.8778345957442,889.8778345957442,889.8778345957442,889.8778345957442,889.8778345957442,889.8778345957442,889.8778345957442,889.8778345957442,889.8778345957442,889.8778345957442,889.8778345957442,889.8778345957442,889.8778345957442,889.8778345957442,889.8778345957442,889.8778345957442,889.8778345957442,889.8778345957442,889.8778345957442,889.8778345957442,889.8778345957442,889.8778345957442,889.8778345957442,889.8778345957442,889.8778345957442,889.8778345957442,889.8778345957442,889.8778345957442,889.8778345957442,889.8778345957442,889.8778345957442,889.8778345957442,889.8778345957442,889.8778345957442,889.8778345957442,889.8778345957442,889.8778345957442,889.8778345957442,889.8778345957442,889.8778345957442,889.8778345957442,889.8778345957442,889.8778345957442,889.8778345957442,889.8778345957442,889.8778345957442,889.8778345957442,889.8778345957442,889.8778345957442,889.8778345957442,889.8778345957442,889.8778345957442,889.8778345957442,889.8778345957442,889.8778345957442,889.8778345957442,889.8778345957442,889.8778345957442,889.8778345957442,889.8778345957442,889.8778345957442,889.8778345957442,889.8778345957442,889.8778345957442,889.8778345957442,889.8778345957442,889.8778345957442,889.8778345957442,889.8778345957442,889.8778345957442,889.8778345957442,889.8778345957442,889.8778345957442,889.8778345957442,889.8778345957442,889.8778345957442,889.8778345957442,889.8778345957442,889.8778345957442,889.8778345957442,889.8778345957442,889.8778345957442,889.8778345957442,889.8778345957442,889.8778345957442,889.8778345957442,889.8778345957442,889.8778345957442,889.8778345957442,889.8778345957442,889.8778345957442,889.8778345957442,889.8778345957442,889.8778345957442,889.8778345957442,889.8778345957442,889.8778345957442,889.8778345957442,889.8778345957442,889.8778345957442,889.8778345957442,889.8778345957442,889.8778345957442,889.8778345957442,889.8778345957442,889.8778345957442,889.8778345957442,889.8778345957442,889.8778345957442,889.8778345957442,889.8778345957442,889.8778345957442,