{"optimalDistance":588,"fuelSequence":[895.1887931411047,895.1887931411047,895.1887931411047,895.1887931411047,895.1887931411047,895.1887931411047,895.1887931411047,895.1887931411047,895.1887931411047,895.1887931411047,895.1887931411047,895.1887931411047,895.1887931411047,895.1887931411047,895.1887931411047,895.1887931411047,895.1887931411047,895.1887931411047,895.1887931411047,895.1887931411047,895.1887931411047,895.1887931411047,895.1887931411047,895.1887931411047,895.1887931411047,895.1887931411047,895.1887931411047,895.1887931411047,895.1887931411047,893.6245541387966,893.6245541387966,893.6245541387966,893.6245541387966,893.6245541387966,893.6245541387966,893.6245541387966,893.6245541387966,893.6245541387966,893.6245541387966,893.6245541387966,893.6245541387966,893.6245541387966,893.6245541387966,893.6245541387966,893.6245541387966,893.6245541387966,893.6245541387966,893.6245541387966,893.6245541387966,893.6245541387966,893.6245541387966,893.6245541387966,893.6245541387966,893.6245541387966,893.6245541387966,893.6245541387966,893.6245541387966,893.6245541387966,893.6245541387966,893.6245541387966,893.6245541387966,893.6245541387966,893.6245541387966,893.6245541387966,893.6245541387966,893.6245541387966,893.6245541387966,893.6245541387966,893.6245541387966,893.6245541387966,893.6245541387966,893.6245541387966,893.6245541387966,893.6245541387966,893.6245541387966,893.6245541387966,893.6245541387966,893.6245541387966,893.6245541387966,893.6245541387966,893.6245541387966,893.6245541387966,893.6245541387966,893.6245541387966,893.6245541387966,893.6245541387966,893.6245541387966,893.6245541387966,893.6245541387966,893.6245541387966,893.6245541387966,893.6245541387966,893.6245541387966,893.6245541387966,893.6245541387966,893.6245541387966,893.6245541387966,893.6245541387966,893.6245541387966,893.6245541387966,893.6245541387966,893.6245541387966,893.6245541387966,893.6245541387966,893.6245541387966,893.6245541387966,893.6245541387966,893.6245541387966,893.6245541387966,893.6245541387966,893.6245541387966,893.6245541387966,893.6245541387966,893.6245541387966,893.6245541387966,893.6245541387966,893.6245541387966,893.6245541387966,893.6245541387966,893.6245541387966,893.6245541387966,893.6245541387966,893.6245541387966,893.6245541387966,893.6245541387966,893.6245541387966,893.6245541387966,893.6245541387966,893.6245541387966,893.6245541387966,893.6245541387966,893.6245541387966,893.6245541387966,893.6245541387966,893.6245541387966,893.6245541387966,893.6245541387966,893.6245541387966,893.6245541387966,893.6245541387966,893.6245541387966,893.6245541387966,893.6245541387966,893.6245541387966,893.6245541387966,893.6245541387966,893.6245541387966,893.6245541387966,893.6245541387966,893.6245541387966,893.6245541387966,893.6245541387966,893.6245541387966,893.6245541387966,893.6245541387966,893.6245541387966,893.6245541387966,893.6245541387966,893.6245541387966,893.6245541387966,893.6245541387966,893.6245541387966,893.6245541387966,893.6245541387966,893.6245541387966,893.6245541387966,893.6245541387966,893.6245541387966,893.6245541387966,893.6245541387966,893.6245541387966,893.6245541387966,893.6245541387966,893.6245541387966,893.6245541387966,893.6245541387966,893.6245541387966,893.6245541387966,893.6245541387966,893.6245541387966,893.6245541387966,893.6245541387966,893.6245541387966,893.6245541387966,893.6245541387966,893.6245541387966,893.6245541387966,893.6245541387966,893.6245541387966,893.6245541387966,893.6245541387966,893.6245541387966,893.6245541387966,893.6245541387966,893.6245541387966,893.6245541387966,893.6245541387966,893.6245541387966,893.6245541387966,893.6245541387966,893.6245541387966,893.6245541387966,893.6245541387966,893.6245541387966,893.6245541387966,893.6245541387966,893.6245541387966,893.6245541387966,893.6245541387966,893.6245541387966,893.6245541387966,893.6245541387966,893.6245541387966,893.6245541387966,893.6245541387966,893.6245541387966,893.6245541387966,893.6245541387966,893.6245541387966,893.6245541387966,893.6245541387966,893.6245541387966,893.6245541387966,893.6245541387966,893.6245541387966,893.6245541387966,893.6245541387966,893.6245541387966,893.6245541387966,893.6245541387966,893.6245541387966,893.6245541387966,893.6245541387966,893.6245541387966,893.6245541387966,893.6245541387966,893.6245541387966,893.6245541387966,893.6245541387966,893.6245541387966,893.6245541387966,893.6245541387966,893.6245541387966,893.6245541387966,893.6245541387966,893.6245541387966,893.6245541387966,893.6245541387966,893.6245541387966,893.6245541387966,893.6245541387966,893.6245541387966,893.6245541387966,893.6245541387966,893.6245541387966,893.6245541387966,893.6245541387966,893.6245541387966,893.6245541387966,893.6245541387966,893.6245541387966,893.6245541387966,893.6245541387966,893.6245541387966,893.6245541387966,893.6245541387966,893.6245541387966,889.9427368526763,889.9427368526763,889.9427368526763,889.9427368526763,889.9427368526763,889.9427368526763,889.9427368526763,889.9427368526763,889.9427368526763,889.9427368526763,889.9427368526763,889.9427368526763,889.9427368526763,887.4785361738035,887.4785361738035,887.4785361738035,887.4785361738035,887.4785361738035,887.4785361738035,887.4785361738035,887.4785361738035,887.4785361738035,887.4785361738035,887.4785361738035,887.4785361738035,887.4785361738035,887.4785361738035,887.4785361738035,887.4785361738035,887.4785361738035,887.4785361738035,887.4785361738035,887.4785361738035,853.8761189828314,853.8761189828314,853.8761189828314,853.8761189828314,853.8761189828314,853.8761189828314,853.8761189828314,853.8761189828314,853.8761189828314,853.8761189828314,853.8761189828314,853.8761189828314,853.8761189828314,853.8761189828314,853.8761189828314,853.8761189828314,853.8761189828314,853.8761189828314,853.8761189828314,853.8761189828314,853.8761189828314,853.8761189828314,853.8761189828314,853.8761189828314,853.8761189828314,853.8761189828314,853.8761189828314,853.8761189828314,853.8761189828314,853.8761189828314,853.8761189828314,853.8761189828314,853.8761189828314,853.8761189828314,853.8761189828314,853.8761189828314,853.8761189828314,853.8761189828314,853.8761189828314,853.8761189828314,853.8761189828314,853.8761189828314,853.8761189828314,853.8761189828314,853.8761189828314,853.8761189828314,852.0251291388267,852.0251291388267,852.0251291388267,852.0251291388267,852.0251291388267,852.0251291388267,852.0251291388267,852.0251291388267,852.0251291388267,852.0251291388267,852.0251291388267,852.0251291388267,852.0251291388267,852.0251291388267,852.0251291388267,852.0251291388267,852.0251291388267,852.0251291388267,852.0251291388267,852.0251291388267,852.0251291388267,852.0251291388267,852.0251291388267,852.0251291388267,852.0251291388267,852.0251291388267,852.0251291388267,852.0251291388267,852.0251291388267,852.0251291388267,852.0251291388267,852.0251291388267,852.0251291388267,852.0251291388267,852.0251291388267,852.0251291388267,852.0251291388267,852.0251291388267,852.0251291388267,852.0251291388267,852.0251291388267,852.0251291388267,852.0251291388267,852.0251291388267,852.0251291388267,852.0251291388267,852.0251291388267,852.0251291388267,852.0251291388267,852.0251291388267,852.0251291388267,852.0251291388267,852.0251291388267,852.0251291388267,852.0251291388267,852.0251291388267,852.0251291388267,852.0251291388267,852.0251291388267,852.0251291388267,852.0251291388267,852.0251291388267,852.0251291388267,852.0251291388267,852.0251291388267,852.0251291388267,852.0251291388267,852.0251291388267,852.0251291388267,852.0251291388267,852.0251291388267,852.0251291388267,852.0251291388267,852.0251291388267,852.0251291388267,852.0251291388267,852.0251291388267,852.0251291388267,852.0251291388267,852.0251291388267,852.0251291388267,852.0251291388267,852.0251291388267,852.0251291388267,852.0251291388267,852.0251291388267,852.0251291388267,852.0251291388267,852.0251291388267,852.0251291388267,852.0251291388267,852.0251291388267,852.0251291388267,852.0251291388267,852.0251291388267,852.0251291388267,