{"optimalDistance":588,"benchmark":"P-n55-k8","distanceSequence":[648.8513270706488,648.8513270706488,648.8513270706488,648.8513270706488,648.8513270706488,648.8513270706488,648.8513270706488,648.8513270706488,648.8513270706488,648.8513270706488,648.8513270706488,648.8513270706488,648.8513270706488,648.8513270706488,648.8513270706488,648.8513270706488,648.8513270706488,648.8513270706488,648.8513270706488,648.8513270706488,648.8513270706488,648.8513270706488,648.8513270706488,648.8513270706488,648.8513270706488,648.8513270706488,648.8513270706488,648.8513270706488,648.8513270706488,648.8513270706488,648.8513270706488,648.8513270706488,648.8513270706488,648.8513270706488,648.8513270706488,648.8513270706488,648.8513270706488,648.8513270706488,648.8513270706488,648.8513270706488,648.8513270706488,648.8513270706488,648.8513270706488,648.8513270706488,648.8513270706488,648.8513270706488,648.8513270706488,648.8513270706488,648.8513270706488,648.8513270706488,648.8513270706488,648.8513270706488,648.8513270706488,648.8513270706488,648.8513270706488,648.8513270706488,648.8513270706488,648.8513270706488,648.8513270706488,648.8513270706488,648.8513270706488,648.8513270706488,648.8513270706488,648.8513270706488,648.8513270706488,648.8513270706488,648.8513270706488,648.8513270706488,648.8513270706488,648.8513270706488,648.8513270706488,648.8513270706488,648.8513270706488,648.8513270706488,648.8513270706488,648.8513270706488,648.8513270706488,648.8513270706488,648.8513270706488,648.8513270706488,648.8513270706488,648.8513270706488,648.8513270706488,648.8513270706488,648.8513270706488,648.8513270706488,648.8513270706488,648.8513270706488,648.8513270706488,648.8513270706488,648.8513270706488,648.8513270706488,648.8513270706488,648.8513270706488,648.8513270706488,648.8513270706488,648.8513270706488,648.8513270706488,648.8513270706488,648.8513270706488,648.8513270706488,648.8513270706488,648.8513270706488,648.8513270706488,648.8513270706488,648.8513270706488,648.8513270706488,648.8513270706488,648.8513270706488,648.8513270706488,648.8513270706488,648.8513270706488,648.8513270706488,648.8513270706488,648.8513270706488,648.8513270706488,648.8513270706488,648.8513270706488,648.8513270706488,648.8513270706488,648.8513270706488,648.8513270706488,648.8513270706488,648.8513270706488,648.8513270706488,648.8513270706488,648.8513270706488,648.8513270706488,648.8513270706488,648.8513270706488,648.8513270706488,648.8513270706488,648.8513270706488,648.8513270706488,648.8513270706488,648.8513270706488,648.8513270706488,648.8513270706488,648.8513270706488,648.8513270706488,648.8513270706488,648.8513270706488,648.8513270706488,648.8513270706488,648.8513270706488,648.8513270706488,648.8513270706488,648.8513270706488,648.8513270706488,648.8513270706488,648.8513270706488,648.8513270706488,648.8513270706488,648.8513270706488,648.8513270706488,648.8513270706488,648.8513270706488,648.8513270706488,640.4113590319379,640.4113590319379,640.4113590319379,640.4113590319379,640.4113590319379,640.4113590319379,640.4113590319379,640.4113590319379,640.4113590319379,640.4113590319379,640.4113590319379,640.4113590319379,640.4113590319379,640.4113590319379,640.4113590319379,640.4113590319379,640.4113590319379,640.4113590319379,640.4113590319379,640.4113590319379,640.4113590319379,640.4113590319379,640.4113590319379,640.4113590319379,640.4113590319379,640.4113590319379,640.4113590319379,640.4113590319379,640.4113590319379,640.4113590319379,640.4113590319379,640.4113590319379,640.4113590319379,640.4113590319379,640.4113590319379,640.4113590319379,640.4113590319379,640.4113590319379,640.4113590319379,640.4113590319379,640.4113590319379,640.4113590319379,640.4113590319379,640.4113590319379,640.4113590319379,640.4113590319379,640.4113590319379,640.4113590319379,640.4113590319379,640.4113590319379,640.4113590319379,640.4113590319379,640.4113590319379,640.4113590319379,640.4113590319379,640.4113590319379,640.4113590319379,640.4113590319379,640.4113590319379,640.4113590319379,640.4113590319379,640.4113590319379,640.4113590319379,640.4113590319379,640.4113590319379,640.4113590319379,640.4113590319379,640.4113590319379,640.4113590319379,640.4113590319379,640.4113590319379,640.4113590319379,640.4113590319379,640.4113590319379,640.4113590319379,640.4113590319379,634.9948038028562,634.9948038028562,634.9948038028562,634.9948038028562,634.9948038028562,634.9948038028562,634.9948038028562,634.9948038028562,634.9948038028562,634.9948038028562,634.9948038028562,634.9948038028562,634.9948038028562,634.9948038028562,634.9948038028562,634.9948038028562,634.9948038028562,634.9948038028562,634.9948038028562,634.9948038028562,634.9948038028562,634.9948038028562,634.9948038028562,631.4019272304952,631.4019272304952,631.4019272304952,631.4019272304952,631.4019272304952,631.4019272304952,631.4019272304952,631.4019272304952,631.4019272304952,631.4019272304952,631.4019272304952,631.4019272304952,631.4019272304952,631.4019272304952,631.4019272304952,631.4019272304952,631.4019272304952,631.4019272304952,631.4019272304952,631.4019272304952,631.4019272304952,631.4019272304952,631.4019272304952,630.0012004929874,630.0012004929874,630.0012004929874,630.0012004929874,630.0012004929874,630.0012004929874,630.0012004929874,630.0012004929874,630.0012004929874,630.0012004929874,630.0012004929874,630.0012004929874,630.0012004929874,630.0012004929874,630.0012004929874,630.0012004929874,630.0012004929874,630.0012004929874,630.0012004929874,628.9392313044021,628.9392313044021,628.9392313044021,628.9392313044021,628.9392313044021,628.9392313044021,628.9392313044021,628.9392313044021,628.9392313044021,628.9392313044021,628.9392313044021,628.9392313044021,628.9392313044021,628.9392313044021,624.8789107211594,624.8789107211594,624.8789107211594,624.8789107211594,624.8789107211594,624.8789107211594,624.8789107211594,624.8789107211594,624.8789107211594,624.8789107211594,624.8789107211594,624.8789107211594,624.8789107211594,624.8789107211594,624.8789107211594,624.8789107211594,624.8789107211594,624.8789107211594,624.8789107211594,624.8789107211594,624.8789107211594,624.8789107211594,624.8789107211594,624.8789107211594,624.8789107211594,624.8789107211594,624.8789107211594,624.8789107211594,624.8789107211594,624.8789107211594,624.8789107211594,624.8789107211594,624.8789107211594,624.8789107211594,624.8789107211594,624.8789107211594,624.8789107211594,624.8789107211594,624.8789107211594,624.8789107211594,624.8789107211594,624.8789107211594,624.8789107211594,624.8789107211594,624.8789107211594,624.8789107211594,624.8789107211594,624.8789107211594,624.8789107211594,624.8789107211594,624.4605180917608,624.4605180917608,624.4605180917608,624.4605180917608,624.4605180917608,624.4605180917608,624.4605180917608,624.4605180917608,624.4605180917608,624.4605180917608,624.4605180917608,624.4605180917608,624.4605180917608,624.4605180917608,624.4605180917608,624.4605180917608,624.4605180917608,624.4605180917608,624.4605180917608,624.4605180917608,624.4605180917608,616.5584633843725,616.5584633843725,616.5584633843725,616.5584633843725,616.5584633843725,616.5584633843725,616.5584633843725,616.5584633843725,616.5584633843725,616.5584633843725,616.5584633843725,616.5584633843725,616.5584633843725,616.5584633843725,616.5584633843725,616.5584633843725,616.5584633843725,616.5584633843725,616.5584633843725,616.5584633843725,616.5584633843725,616.5584633843725,616.5584633843725,616.5584633843725,616.5584633843725,616.5584633843725,616.5584633843725,616.5584633843725,616.5584633843725,616.5584633843725,616.5584633843725,616.5584633843725,616.5584633843725,616.5584633843725,616.5584633843725,616.5584633843725,616.5584633843725,616.5584633843725,616.5584633843725,616.5584633843725,616.5584633843725,616.5584633843725,616.5584633843725,616.5584633843725,616.5584633843725,616.5584633843725,616.5584633843725,616.5584633843725,616.5584633843725,616.5584633843725,616.5584633843725,616.5584633843725,616.5584633843725,616.5584633843725,616.5584633843725,616.5584633843725,