{"benchmark":"P-n55-k8","Optimal":588,"front":[{"fuel":895.8946167376868,"trucks":[[46,30,6,16,21,38,37,48,49],[8,36,54,15,12,39],[22,29,23,2,44,43,42,24,50,4],[18,13,41,33,45,25,52],[40,10,26,51,19,32,11],[35,47,53,28,14,55,20,9,27],[5,31,3,17,34,7],[]],"distance":637.3500883676186},{"distance":643.9473992388446,"fuel":889.8778345957443,"trucks":[[18,41,13,33,45,25,52],[35,47,53,28,14,55,20,9,27],[40,10,26,51,19,32,11],[5,31,3,23,29,22],[8,36,54,15,12,39],[46,30,6,16,21,38,37,48,49],[7,34,17,2,44,43,42,24,50,4],[]]},{"trucks":[[8,36,54,15,12,39],[40,10,26,51,19,32,11],[5,31,3,23,29,22],[46,30,6,16,21,38,37,48,49],[35,47,53,28,14,55,20,9,27],[18,41,13,33,45,25,52],[7,34,17,2,44,43,42,24,50,4],[]],"fuel":889.8778345957442,"distance":643.9473992388447}]}