{"Optimal":778,"front":[{"distance":822.3832889218014,"fuel":1135.1093378683618,"trucks":[[11,14,29,32,26,18,20,12],[34,17,23,10,13,4,33],[31,25,28,24,2,16],[15,8,7,9,30,6],[27,5,21,19,3,22]]},{"distance":822.5835220560094,"fuel":1134.443304409482,"trucks":[[11,14,29,26,32,18,20,12],[34,17,23,10,13,4,33],[31,25,28,24,2,16],[15,8,7,9,30,6],[27,5,21,19,3,22]]},{"distance":823.2924388637631,"fuel":1133.397042168439,"trucks":[[11,14,29,32,26,18,20,16],[34,17,23,10,13,4,33],[31,25,28,2,24,12],[15,8,7,9,30,6],[27,5,21,19,3,22]]},{"distance":823.4926719979713,"fuel":1132.7270040468752,"trucks":[[11,14,29,26,32,18,20,16],[34,17,23,10,13,4,33],[31,25,28,2,24,12],[15,8,7,9,30,6],[27,5,21,19,3,22]]}],"benchmark":"A-n34-k5"}