{"front":[{"fuel":755.3243154130466,"distance":550.4721602110994,"trucks":[[19,24,11,12,13,9,15,10,18,8,14,17,16,20,21],[3,6,5,2,25,7],[22,23,4,30,26,28,29,27]]},{"fuel":754.5876541013585,"distance":550.5001105413161,"trucks":[[19,24,11,12,13,9,15,10,18,8,14,17,16,20,21],[23,3,6,5,2,25,7],[22,4,30,26,28,29,27]]}],"benchmark":"E-n30-k3","Optimal":534}