{"benchmark":"B-n78-k10","Optimal":1221,"front":[{"distance":1345.888976375628,"fuel":1900.9110998116898,"trucks":[[73,39,59,68,70,44,22,25,2],[31,76,8,77,33,74,32,21,55,4,48],[61,67,17,19,26,11,69,43],[9,72,23,16,13,35,46,18],[38,6,3,63,7],[49,5,60,36,56,34],[10,20,29,75,40,14,62,51,37,15,42],[78,24,45,27,12,65,41,54],[53,57,28,64,66,50],[30,71,58,52,47]]}]}