{"Optimal":1221,"benchmark":"B-n78-k10","front":[{"trucks":[[11,26,19,17,67,61,69,54],[33,74,4,21,55,63,7],[51,62,34,56,36,60,37,15,42],[20,29,75,40,14,49,5,10],[2,25,53,22,44,68,70,39,59],[52,16,23,72,9,13,35,32,48],[3,28,6,50,64],[18,73,57,47,46,77,8],[78,24,45,27,12,65,41,43],[66,71,31,38,76,30,58]],"distance":1312.9435271047669,"fuel":1863.2223061339794},{"fuel":1859.6202405723075,"trucks":[[51,62,34,56,36,60,37,15,42],[2,25,53,22,44,68,70,39,59],[28,48,66,31,6,64,50],[20,29,75,40,14,49,5,10],[11,26,19,17,67,61,43,7,69],[78,24,45,27,12,65,41,54],[35,13,47,46,77],[33,74,4,21,55,63],[18,73,57,9,72,23,16,52,32,8],[3,71,38,76,30,58]],"distance":1326.7052196365335}]}