{"optimalDistance":1288,"distanceSequence":[1434.1956545366613,1434.1956545366613,1434.1956545366613,1434.1956545366613,1434.1956545366613,1434.1956545366613,1434.1956545366613,1434.1956545366613,1434.1956545366613,1434.1956545366613,1430.8868972258097,1430.8868972258097,1430.8868972258097,1430.8868972258097,1430.8868972258097,1430.8868972258097,1430.8868972258097,1430.8868972258097,1430.8868972258097,1430.8868972258097,1430.8868972258097,1430.8868972258097,1430.8868972258097,1430.8868972258097,1430.8868972258097,1424.0833366146558,1424.0833366146558,1424.0833366146558,1424.0833366146558,1424.0833366146558,1424.0833366146558,1424.0833366146558,1424.0833366146558,1424.0833366146558,1424.0833366146558,1424.0833366146558,1424.0833366146558,1414.3238817083084,1414.3238817083084,1414.3238817083084,1414.3238817083084,1414.3238817083084,1414.3238817083084,1414.3238817083084,1414.3238817083084,1414.3238817083084,1414.3238817083084,1408.554877755905,1408.554877755905,1408.554877755905,1408.554877755905,1408.554877755905,1408.554877755905,1408.554877755905,1408.554877755905,1408.554877755905,1408.554877755905,1408.554877755905,1408.554877755905,1407.4748111082838,1407.4748111082838,1407.4748111082838,1407.4748111082838,1407.4748111082838,1407.4748111082838,1407.4748111082838,1407.4748111082838,1407.4748111082838,1407.4748111082838,1407.4748111082838,1407.4748111082838,1407.4748111082838,1407.4748111082838,1407.4748111082838,1405.6843469088515,1405.6843469088515,1405.6843469088515,1405.6843469088515,1405.6843469088515,1404.60428026123,1404.60428026123,1404.60428026123,1404.60428026123,1379.068180351925,1379.068180351925,1379.068180351925,1379.068180351925,1379.068180351925,1379.068180351925,1379.068180351925,1377.988113704304,1377.988113704304,1377.988113704304,1377.988113704304,1377.988113704304,1377.988113704304,1377.988113704304,1377.988113704304,1377.988113704304,1375.7728335988998,1375.7728335988998,1375.7728335988998,1375.7728335988998,1375.4272236512168,1375.4272236512168,1375.4272236512168,1373.7255798166038,1373.7255798166038,1373.7255798166038,1373.7255798166038,1373.7255798166038,1373.7255798166038,1373.7255798166038,1373.7255798166038,1371.385342246075,1371.385342246075,1371.385342246075,1371.385342246075,1371.385342246075,1371.385342246075,1371.385342246075,1371.385342246075,1371.385342246075,1371.385342246075,1371.385342246075,1371.385342246075,1371.385342246075,1371.385342246075,1371.385342246075,1370.6645775138163,1370.6645775138163,1368.4161686736124,1368.4161686736124,1365.6163382936718,1365.6163382936716,1365.6163382936716,1365.6163382936716,1365.6163382936716,1363.5279173136632,1363.5279173136632,1363.5279173136632,1363.5279173136632,1363.5279173136632,1363.5279173136632,1363.5279173136632,1363.5279173136632,1363.5279173136632,1363.5279173136632,1363.5279173136632,1363.5279173136632,1363.5279173136632,1363.5279173136632,1363.5279173136632,1357.7915123908156,1357.7915123908156,1357.7915123908156,1357.7915123908156,1357.7915123908156,1357.7915123908156,1357.7915123908156,1357.7915123908156,1357.7915123908156,1357.7915123908156,1357.7915123908156,1357.7915123908156,1357.7915123908156,1357.7915123908156,1354.1497206946456,1354.1497206946456,1354.1497206946456,1354.1497206946456,1354.1497206946456,1354.1497206946456,1354.1497206946456,1354.1497206946456,1354.1497206946456,1354.1497206946456,1354.1497206946456,1354.1497206946456,1354.1497206946456,1354.1497206946456,1354.1497206946456,1353.0479769427996,1353.0479769427996,1353.0479769427996,1353.0479769427996,1353.0479769427996,1353.0479769427996,1353.0479769427996,1353.0479769427996,1353.0479769427996,1353.0479769427996,1353.0479769427996,1353.0479769427996,1353.0479769427996,1353.0479769427996,1353.0479769427996,1353.0479769427996,1353.0479769427996,1353.0479769427996,1353.0479769427996,1353.0479769427996,1353.0479769427996,1353.0479769427996,1353.0479769427996,1353.0479769427996,1353.0479769427996,1353.0479769427996,1353.0479769427996,1353.0479769427996,1353.0479769427996,1353.0479769427996,1353.0479769427996,1353.0479769427996,1353.0479769427996,1353.0479769427996,1353.0479769427996,1353.0479769427996,1353.0479769427996,1353.0479769427996,1353.0479769427996,1353.0479769427996,1353.0479769427996,1353.0479769427996,1353.0479769427996,1353.0479769427996,1353.0479769427996,1353.0479769427996,1353.0479769427996,1353.0479769427996,1353.0479769427996,1353.0479769427996,1353.0479769427996,1353.0479769427996,1353.0479769427996,1353.0479769427996,1351.8113814804603,1351.8113814804603,1351.8113814804603,1351.8113814804603,1351.8113814804603,1351.8113814804603,1351.8113814804603,1351.8113814804603,1351.8113814804603,1351.8113814804603,1351.8113814804603,1351.8113814804603,1351.8113814804603,1351.8113814804603,1351.8113814804603,1351.8113814804603,1351.8113814804603,1351.8113814804603,1351.8113814804603,1351.8113814804603,1351.8113814804603,1351.8113814804603,1351.8113814804603,1351.8113814804603,1351.8113814804603,1351.8113814804603,1351.8113814804603,1351.8113814804603,1351.8113814804603,1351.8113814804603,1351.8113814804603,1351.8113814804603,1351.8113814804603,1351.8113814804603,1351.8113814804603,1351.8113814804603,1351.8113814804603,1351.8113814804603,1351.8113814804603,1351.8113814804603,1351.3796948507857,1351.3796948507857,1351.3796948507857,1351.3796948507857,1351.3796948507857,1351.3796948507857,1351.3796948507857,1351.3796948507857,1351.3796948507857,1351.3796948507857,1351.3796948507857,1351.3796948507857,1351.3796948507857,1351.3796948507857,1350.2284788645798,1350.2284788645798,1350.2284788645798,1350.2284788645798,1350.2284788645798,1350.2284788645798,1350.2284788645798,1350.2284788645798,1350.2284788645798,1350.2284788645798,1350.2284788645798,1350.2284788645798,1350.2284788645798,1350.2284788645798,1350.2284788645798,1350.2284788645798,1350.2284788645798,1350.2284788645798,1350.2284788645798,1350.2284788645798,1350.2284788645798,1350.2284788645798,1350.2284788645798,1350.2284788645798,1350.2284788645798,1350.2284788645798,1350.2284788645798,1350.2284788645798,1350.2284788645798,1350.2284788645798,1350.2284788645798,1350.2284788645798,1350.2284788645798,1350.2284788645798,1350.2284788645798,1350.2284788645798,1350.2284788645798,1350.2284788645798,1350.2284788645798,1350.2284788645798,1350.2284788645798,1350.2284788645798,1350.2284788645798,1350.2284788645798,1350.2284788645798,1350.2284788645798,1350.2284788645798,1350.2284788645798,1350.2284788645798,1350.2284788645798,1350.2284788645798,1350.2284788645798,1350.2284788645798,1350.2284788645798,1350.2284788645798,1350.2284788645798,1350.2284788645798,1350.2284788645798,1350.2284788645798,1350.2284788645798,1350.2284788645798,1350.2284788645798,1350.2284788645798,1350.2284788645798,1350.2284788645798,1350.2284788645798,1350.2284788645798,1350.2284788645798,1350.2284788645798,1350.2284788645798,1350.2284788645798,1350.2284788645798,1350.2284788645798,1350.2284788645798,1350.2284788645798,1350.2284788645798,1350.2284788645798,1350.2284788645798,1350.2284788645798,1350.2284788645798,1350.2284788645798,1349.3439013274842,1349.3439013274842,1349.3439013274842,1349.3439013274842,1349.3439013274842,1349.3439013274842,1349.3439013274842,1349.3439013274842,1349.3439013274842,1349.3439013274842,1349.3439013274842,1349.3439013274842,1349.3439013274842,1349.3439013274842,1349.3439013274842,1349.3439013274842,1349.3439013274842,1349.3439013274842,1349.3439013274842,1349.3439013274842,1349.3439013274842,1349.3439013274842,1349.3439013274842,1349.3439013274842,1349.3439013274842,1349.3439013274842,1349.3439013274842,1349.3439013274842,1349.3439013274842,1349.3439013274842,1349.3439013274842,1349.3439013274842,1349.3439013274842,1349.3439013274842,1349.3439013274842,1349.3439013274842,1349.0728370854788,1349.0728370854788,1349.0728370854788,1349.0728370854788,1349.0728370854788,1349.0728370854788,1349.0728370854788,1349.0728370854788,1349.0728370854788,1349.0728370854788,1349.0728370854788,1349.0728370854788,1349.0728370854788,1349.0728370854788,