{"front":[{"distance":1336.0981313231352,"fuel":1905.7717950990882,"trucks":[[52,11,9,44,58,33,7,21],[15,6,61,32,26,12,50,36,5,22,42,24,28],[60,56,51,18,59,34,27,35],[54,13,14,19,31,2,43,47],[17,38,23,45,3,20,39],[49,57,41,62,30,8],[46,48,25,40,4,55,10],[29,16,53,37]]},{"fuel":1900.7216971952848,"trucks":[[52,11,9,44,58,33,7,21],[15,6,61,32,26,12,50,36,5,22,42,24,28],[60,56,27,51,18,59,34,35],[29,54,13,14,19,31,2,43,47],[17,38,23,45,3,20,39],[49,57,41,62,30,8],[46,48,25,40,4,55,10],[16,53,37]],"distance":1336.530859368136},{"fuel":1896.7494228489554,"trucks":[[52,11,9,44,58,33,7,21],[15,6,61,32,26,12,50,36,5,22,42,24,28],[60,27,34,59,18,51,56,35],[54,13,14,19,31,2,43,47],[17,38,23,45,3,20,39],[49,57,41,62,30,8],[46,48,25,40,4,55,10],[29,16,53,37]],"distance":1337.3302017706949},{"trucks":[[52,11,9,44,58,33,7,21],[15,6,61,32,26,12,50,36,5,22,42,24,28],[60,56,27,34,59,18,51,35],[29,54,13,14,19,31,2,43,47],[17,38,23,45,3,20,39],[49,57,41,62,30,8],[46,48,25,40,4,55,10],[16,53,37]],"distance":1337.7949367459541,"fuel":1896.3764273663182}],"benchmark":"A-n62-k8","Optimal":1288}