{"benchmark":"B-n64-k9","front":[{"fuel":1289.3523754665387,"trucks":[[8,32,55,42,27,2],[10,49,37,61,23,15,36,20,16,25],[18,9,22,28,39,35,41,47,31],[48,62,56,52,60,5,6],[26,24,58,21,3,64,43],[63,50,44,53,40],[34,30,12,29,57,14,17],[46,45,59,54,7,33,4],[38,19,51,11,13]],"distance":908.8104200782735}],"Optimal":861}