{"optimalDistance":1354,"fuelSequence":[2148.8039154784155,2148.8039154784155,2148.8039154784155,2148.8039154784155,2148.8039154784155,2148.8039154784155,2148.8039154784155,2148.8039154784155,2148.8039154784155,2148.8039154784155,2148.8039154784155,2148.8039154784155,2148.8039154784155,2143.826818256701,2143.826818256701,2143.826818256701,2143.826818256701,2143.826818256701,2143.826818256701,2143.826818256701,2143.826818256701,2143.826818256701,2143.826818256701,2143.826818256701,2139.5715502403054,2139.5715502403054,2139.5715502403054,2139.5715502403054,2139.5715502403054,2139.5715502403054,2139.5715502403054,2139.5715502403054,2139.5715502403054,2139.5715502403054,2139.5715502403054,2139.5715502403054,2137.5725657913863,2137.5725657913863,2137.5725657913863,2134.6511480162058,2134.6511480162058,2134.6511480162058,2134.6511480162058,2134.6511480162058,2129.828390177071,2129.828390177071,2128.0162645385535,2128.0162645385535,2128.0162645385535,2128.0162645385535,2126.0172800896344,2126.0172800896344,2126.0172800896344,2117.5070160193295,2117.5070160193295,2117.5070160193295,2117.5070160193295,2117.5070160193295,2112.684258180195,2112.684258180195,2112.684258180195,2112.684258180195,2112.684258180195,2112.684258180195,2112.684258180195,2112.684258180195,2112.684258180195,2112.684258180195,2112.684258180195,2111.354267566656,2111.354267566656,2111.354267566656,2111.354267566656,2111.354267566656,2111.354267566656,2111.354267566656,2111.354267566656,2111.2779876034106,2111.2779876034106,2111.2779876034106,2106.433865342556,2106.433865342556,2106.433865342556,2106.433865342556,2106.433865342556,2106.433865342556,2106.433865342556,2106.433865342556,2106.433865342556,2106.357585379311,2106.357585379311,2106.357585379311,2106.357585379311,2106.357585379311,2106.357585379311,2106.357585379311,2106.357585379311,2105.365396171188,2105.365396171188,2105.365396171188,2105.365396171188,2105.365396171188,2105.365396171188,2105.365396171188,2105.365396171188,2073.8333352328787,2073.8333352328787,2073.8333352328787,2073.8333352328787,2073.8333352328787,2073.8333352328787,2073.8333352328787,2073.8333352328787,2067.2842844145425,2067.2842844145425,2067.2842844145425,2067.2842844145425,2067.2842844145425,2067.2842844145425,2067.2842844145425,2067.2842844145425,2067.2842844145425,2067.2842844145425,2067.2842844145425,2067.2842844145425,2067.2842844145425,2067.2842844145425,2067.2842844145425,2058.5618432738447,2058.5618432738447,2058.5618432738447,2058.5618432738447,2058.5618432738447,2058.5618432738447,2058.5618432738447,2058.5618432738447,2058.5618432738447,2058.5618432738447,2058.5618432738447,2058.5618432738447,2058.5618432738447,2058.5618432738447,2058.5618432738447,2058.5618432738447,2058.5618432738447,2058.5618432738447,2058.5618432738447,2058.5618432738447,2058.5618432738447,2058.5618432738447,2058.5618432738447,2058.429608356979,2058.429608356979,2058.429608356979,2058.429608356979,2058.429608356979,2058.429608356979,2058.429608356979,2058.429608356979,2058.429608356979,2058.429608356979,2058.429608356979,2058.429608356979,2058.429608356979,2058.429608356979,2058.429608356979,2058.429608356979,2058.429608356979,2058.429608356979,2058.429608356979,2058.429608356979,2058.429608356979,2058.429608356979,2058.429608356979,2058.429608356979,2058.429608356979,2058.429608356979,2058.429608356979,2058.429608356979,2053.0116467769153,2053.0116467769153,2053.0116467769153,2053.0116467769153,2053.0116467769153,2053.0116467769153,2053.0116467769153,2053.0116467769153,2044.9444157247246,2044.9444157247246,2044.9444157247246,2044.9444157247246,2044.9444157247246,2044.9444157247246,2044.9444157247246,2044.9444157247246,2044.9444157247246,2044.9444157247246,2044.9444157247246,2044.9444157247246,2044.9444157247246,2044.9444157247246,2044.9444157247246,2044.9444157247246,2044.9444157247246,2044.9444157247246,2044.9444157247246,2044.9444157247246,2044.9444157247246,2044.9444157247246,2044.9444157247246,2044.9444157247246,2044.9444157247246,2044.9444157247246,2044.9444157247246,2044.9444157247246,2044.9444157247246,2044.9444157247246,2044.9444157247246,2044.9444157247246,2044.9444157247246,2044.9444157247246,2044.9444157247246,2044.9444157247246,2044.9444157247246,2044.9444157247246,2044.9444157247246,2044.9444157247246,2044.9444157247246,2044.9444157247246,2044.9444157247246,2044.9444157247246,2044.9444157247246,2044.9444157247246,2044.9444157247246,2044.9444157247246,2044.9444157247246,2044.9444157247246,2044.9444157247246,2044.9444157247246,2044.9444157247246,2044.9444157247246,2044.9444157247246,2044.9444157247246,2044.9444157247246,2044.9444157247246,2044.9444157247246,2044.9444157247246,2044.9444157247246,2044.9444157247246,2044.9444157247246,2044.9444157247246,2044.9444157247246,2044.9444157247246,2044.9444157247246,2044.9444157247246,2044.9444157247246,2044.9444157247246,2044.9444157247246,2044.9444157247246,2044.9444157247246,2044.9444157247246,2044.9444157247246,2044.9444157247246,2044.9444157247246,2044.9444157247246,2044.9444157247246,2044.9444157247246,2044.9444157247246,2044.9444157247246,2044.9444157247246,2044.9444157247246,2044.9444157247246,2044.0458601916537,2044.0458601916537,2044.0458601916537,2044.0458601916537,2044.0458601916537,2044.0458601916537,2044.0458601916537,2044.0458601916537,2044.0458601916537,2044.0458601916537,2044.0458601916537,2044.0458601916537,2044.0458601916537,2044.0458601916537,2044.0458601916537,2044.0458601916537,2044.0458601916537,2044.0458601916537,2044.0458601916537,2044.0458601916537,2044.0458601916537,2044.0458601916537,2044.0458601916537,2044.0458601916537,2044.0458601916537,2044.0458601916537,2044.0458601916537,2044.0458601916537,2044.0458601916537,2043.9136252747878,2043.9136252747878,2043.9136252747878,2043.9136252747878,2043.9136252747878,2043.9136252747878,2043.9136252747878,2043.9136252747878,2043.9136252747878,2043.9136252747878,2043.9136252747878,2043.9136252747878,2043.9136252747878,2043.9136252747878,2043.9136252747878,2043.9136252747878,2043.9136252747878,2043.9136252747878,2043.9136252747878,2043.9136252747878,2043.9136252747878,2043.9136252747878,2043.9136252747878,2043.9136252747878,2043.9136252747878,2043.9136252747878,2043.9136252747878,2043.9136252747878,2043.9136252747878,2043.9136252747878,2043.9136252747878,2043.9136252747878,2043.9136252747878,2043.9136252747878,2043.9136252747878,2043.9136252747878,2043.9136252747878,2043.9136252747878,2043.9136252747878,2043.9136252747878,2043.9136252747878,2043.9136252747878,2043.9136252747878,2043.9136252747878,2043.9136252747878,2043.9136252747878,2043.9136252747878,2043.9136252747878,2043.9136252747878,2043.9136252747878,2043.9136252747878,2043.9136252747878,2043.9136252747878,2043.9136252747878,2043.9136252747878,2043.9136252747878,2043.9136252747878,2043.9136252747878,2043.9136252747878,2043.9136252747878,2043.9136252747878,2043.9136252747878,2043.9136252747878,2043.9136252747878,2043.9136252747878,2043.9136252747878,2043.9136252747878,2043.9136252747878,2043.9136252747878,2043.9136252747878,2043.9136252747878,2043.9136252747878,2043.9136252747878,2043.9136252747878,2043.9136252747878,2043.9136252747878,2043.9136252747878,2043.9136252747878,2043.9136252747878,2043.9136252747878,2043.9136252747878,2043.9136252747878,2043.9136252747878,2043.9136252747878,2043.9136252747878,2043.9136252747878,2043.9136252747878,2043.9136252747878,2043.9136252747878,2043.9136252747878,2043.9136252747878,2043.9136252747878,2043.9136252747878,2043.9136252747878,2043.9136252747878,2043.9136252747878,2043.9136252747878,2043.9136252747878,2043.9136252747878,2043.9136252747878,2043.9136252747878,2043.9136252747878,2043.9136252747878,2043.9136252747878,2043.9136252747878,2043.9136252747878,2043.9136252747878,2043.9136252747878,2043.9136252747878,2043.9136252747878,2043.9136252747878,2043.9136252747878,2043.9136252747878,2043.9136252747878,2043.9136252747878,2043.9136252747878,2043.9136252747878,2043.9136252747878,2043.9136252747878,2043.9136252747878,2043.9136252747878,2043.9136252747878,