{"benchmark":"A-n60-k9","Optimal":1354,"front":[{"fuel":2029.6276005623847,"trucks":[[16,44,57,13,52,10,33],[46,43,6,55,11],[49,23,37,2,3,32],[19,34,53,60,14,9,20],[36,56,51,40,27,18],[59,25,29,45,50,31,54],[42,39,8,30,38,58,28],[26,4,47,41,12,22,5,21,17],[15,48,24,7,35]],"distance":1444.9368970617838}]}