{"benchmark":"F-n45-k4","Optimal":724,"front":[{"fuel":1032.4475515537479,"distance":777.412135261555,"trucks":[[10,16,2,3,17,11,18,19,12,14,13,15],[33,32,31,42,40,41,35,43,39,38,37],[22,21,20,26,27,24,23],[25,5,4,36,8,6,7,28,30,34,29,44,45,9]]},{"trucks":[[25,40,42,31,32,35,5,4,36,8,6,7,28,30,34,29,43,39,38,37],[16,22,21,20,26,27,24,23],[10,2,3,17,11,18,19,12,14,13,15],[9,45,44,33,41]],"distance":812.6915025140745,"fuel":1030.868137926282},{"fuel":1018.4393437276624,"distance":813.8396345785453,"trucks":[[10,16,2,3,17,11,18,19,12,14,13,15],[21,22,20,26,27,24,23,9],[33,42,31,32,43,37,39,38,44,45],[25,40,41,35,5,4,36,8,6,7,28,30,34,29]]}]}