{"front":[{"trucks":[[2,3,17,18,19,12,13,14,15,11],[33,32,35,40,41,42,31],[25,10,16,38,39,43,37,4,5,36,8,6,7,28,30,34,29,45,44],[22,21,9,20,26,24,23,27]],"fuel":964.8002821875446,"distance":763.425082249345},{"trucks":[[2,3,17,11,14,15,13,12,19,18],[33,32,35,40,41,42,31],[25,10,16,38,39,43,37,4,5,36,8,6,7,28,30,34,29,45,44],[22,21,9,20,26,24,23,27]],"distance":766.9260048658284,"fuel":963.9019774478465}],"benchmark":"F-n45-k4","Optimal":724}