{"Optimal":1354,"benchmark":"A-n60-k9","front":[{"distance":1472.016923271628,"fuel":2082.620836136551,"trucks":[[49,46,51],[19,20,56,36,16,27,18,28,58,38],[12,5,22,54,50,45,2,3],[44,57,13,52,10,33],[59,43,6,55,11,23,37,31],[21,17,4,47,41,7,29,32,25],[26,35,24,40,48,15],[42,34,60,39,53],[8,9,14,30]]}]}