{"Optimal":914,"front":[{"fuel":1380.5654187192401,"trucks":[[31,5,3,38,14,39],[9,13,36,19,26,45,4],[29,22,30,32,35,41,2,28,42,21],[23,8,11,40,33,37,6],[20,16,43,17,25,34,12],[15,44,7,27,46,24],[10,18]],"distance":970.4047028244665}],"benchmark":"A-n46-k7"}