{"front":[{"fuel":1384.929126500828,"distance":984.9418688661232,"trucks":[[33,40,23,4,8,11,6,37],[20,28,2,41,35,32,30,42,21],[13,36,19,26,45],[9,12,34,43,17,25,16,29],[39,5,31,3,38,15],[24,14,27,44,7,46,10],[18,22]]}],"benchmark":"A-n46-k7","Optimal":914}