{"front":[{"distance":977.8804596046525,"trucks":[[33,40,23,4,8,11,6,37],[12,9,34,43,17,25,16,29],[24,7,44,27,14,15,46],[39,5,31,3,38,20],[22,30,32,35,41,2,28,21,42],[13,36,19,26,45],[10,18]],"fuel":1358.7260574303355},{"distance":978.737819870806,"trucks":[[24,7,44,27,14,15,46],[22,30,32,35,41,2,28,21,42],[33,40,23,4,8,11,6,37],[13,36,19,26,45],[12,9,34,43,17,25,16,29],[39,5,31,3,38],[10,18,20]],"fuel":1351.5090284438975}],"benchmark":"A-n46-k7","Optimal":914}