{"front":[{"trucks":[[115,9,126,46,18,114,87,141,39,92,101,38,99],[80,34,82,121,10,104,21,129,132,33,91,64,127],[77,117,78,4,130,79,35,136,36,137,72,66,67,52,123],[139,13,110,81,151,69,122,30,25,135,55,131,56,26,41],[128,32,89,149,63,12,108,20,124,49],[107,8,83,47,125,48,37,144,50,65,11,109,31,71],[95,14,138,3,116,146,42,23,134,75,73,74,22],[54,27,150,68,111,5,140,40,24,57,76],[147,28,112,133,70,102,2,51,103,106,59],[88,145,58,16,44,43,143,15,120,45,142,118],[7,90,53,19,98,94,96,93,105,100,113,29,17,97],[84,61,119,6,85,62,86,148,60]],"fuel":1850.1496939714323,"distance":1302.0767560866664}],"Optimal":1053,"benchmark":"M-n151-k12"}