{"benchmark":"B-n45-k6","Optimal":678,"front":[{"fuel":1009.6201078800245,"trucks":[[36,45,34,41,4,16,19,8,21],[44,17,31,26,30],[14,27,12,11,37,3,18,15,25],[40,23,9,13,29,33,24,38,20,28],[6,2,43,7,35,5],[39,42,32,22,10]],"distance":701.0560902848761},{"trucks":[[36,45,34,41,4,16,19,8,21],[44,17,31,26,30],[14,27,12,11,37,3,18,15,25],[40,23,9,13,33,29,20,38,24,28],[6,2,43,7,35,5],[39,42,32,22,10]],"fuel":1009.3866658415964,"distance":703.2288017850651}]}