{"Optimal":678,"front":[{"fuel":989.8668523857277,"trucks":[[5,36,45,34,41,4,16,19],[44,30,27,7,35,8],[40,9,23,13,33,29,20,24,38,28],[14,17,12,11,37,3,15,18,25],[39,42,32,22,10,21],[6,2,31,43,26]],"distance":695.2153528947706}],"benchmark":"B-n45-k6"}