{"benchmark":"B-n45-k6","Optimal":678,"front":[{"distance":716.9229234009201,"fuel":1033.4983889054586,"trucks":[[44,12,11,37,3,25,18,15],[40,23,9,29,33,13,24,38,20,28],[17,35,19,16,8,34,41,36,45],[43,26,27,42,39,5],[30,14,31,2,6],[7,4,10,32,22,21]]}]}