{"Optimal":678,"front":[{"trucks":[[40,23,9,29,33,13,24,38,20,28],[39,22,32,42,10,19],[14,27,12,11,37,3,25,15,18],[7,35,16,4,41,34,8],[17,44,30,21,36,45,5],[31,43,26,2,6]],"distance":712.9811751302453,"fuel":1031.6243664511053}],"benchmark":"B-n45-k6"}