{"benchmark":"P-n60-k10","optimalDistance":744,"distanceSequence":[858.935903947772,858.935903947772,858.935903947772,858.935903947772,858.935903947772,858.935903947772,858.935903947772,858.935903947772,858.935903947772,858.935903947772,858.935903947772,858.935903947772,858.935903947772,858.935903947772,858.935903947772,858.935903947772,858.935903947772,858.935903947772,858.935903947772,858.935903947772,858.935903947772,858.935903947772,858.935903947772,858.935903947772,858.935903947772,858.935903947772,858.935903947772,858.935903947772,858.935903947772,858.935903947772,858.935903947772,858.935903947772,858.935903947772,858.935903947772,858.935903947772,858.935903947772,858.935903947772,858.935903947772,858.935903947772,858.935903947772,858.935903947772,858.935903947772,858.935903947772,858.935903947772,858.935903947772,858.935903947772,858.935903947772,858.935903947772,858.935903947772,858.935903947772,858.935903947772,858.935903947772,858.935903947772,858.935903947772,858.935903947772,858.935903947772,858.935903947772,858.935903947772,831.0370878684366,831.0370878684366,831.0370878684366,831.0370878684366,831.0370878684366,831.0370878684366,831.0370878684366,831.0370878684366,831.0370878684366,831.0370878684366,831.0370878684366,831.0370878684366,831.0370878684366,831.0370878684366,831.0370878684366,831.0370878684366,831.0370878684366,831.0370878684366,831.0370878684366,831.0370878684366,831.0370878684366,831.0370878684366,831.0370878684366,831.0370878684366,831.0370878684366,831.0370878684366,831.0370878684366,831.0370878684366,831.0370878684366,831.0370878684366,831.0370878684366,831.0370878684366,831.0370878684366,831.0370878684366,831.0370878684366,831.0370878684366,831.0370878684366,831.0370878684366,831.0370878684366,831.0370878684366,831.0370878684366,825.3815199272284,825.3815199272284,825.3815199272284,825.3815199272284,825.3815199272284,825.3815199272284,825.3815199272284,825.3815199272284,825.3815199272284,825.3815199272284,825.3815199272284,825.3815199272284,825.3815199272284,825.3815199272284,825.3815199272284,825.3815199272284,825.3815199272284,825.3815199272284,825.3815199272284,825.3815199272284,825.3815199272284,825.3815199272284,825.3815199272284,825.3815199272284,825.3815199272284,825.3815199272284,825.3815199272284,825.3815199272284,825.3815199272284,825.3815199272284,825.3815199272284,825.3815199272284,825.3815199272284,825.3815199272284,825.3815199272284,825.3815199272284,825.3815199272284,825.3815199272284,825.3815199272284,825.3815199272284,825.3815199272284,825.3815199272284,825.3815199272284,825.3815199272284,825.3815199272284,825.3815199272284,825.3815199272284,825.3815199272284,825.3815199272284,825.3815199272284,825.3815199272284,825.3815199272284,825.3815199272284,825.3815199272284,825.3815199272284,825.3815199272284,825.3815199272284,825.3815199272284,825.3815199272284,825.3815199272284,825.3815199272284,825.3815199272284,825.3815199272284,825.3815199272284,825.3815199272284,825.3815199272284,825.3815199272284,825.3815199272284,825.3815199272284,825.3815199272284,825.3815199272284,825.3815199272284,825.3815199272284,825.3815199272284,825.3815199272284,825.3815199272284,825.3815199272284,825.3815199272284,825.3815199272284,825.3815199272284,825.3815199272284,825.3815199272284,825.3815199272284,825.3815199272284,825.3815199272284,825.3815199272284,825.3815199272284,825.3815199272284,825.3815199272284,825.3815199272284,825.3815199272284,825.3815199272284,825.3815199272284,825.3815199272284,825.3815199272284,825.3815199272284,825.3815199272284,825.3815199272284,825.3815199272284,825.3815199272284,825.3815199272284,825.3815199272284,825.3815199272284,825.3815199272284,825.3815199272284,825.3815199272284,825.3815199272284,825.3815199272284,825.3815199272284,825.3815199272284,825.3815199272284,825.3815199272284,825.3815199272284,825.3815199272284,825.3815199272284,825.3815199272284,825.3815199272284,825.3815199272284,825.3815199272284,825.3815199272284,825.3815199272284,825.3815199272284,825.3815199272284,825.3815199272284,825.3815199272284,825.3815199272284,825.3815199272284,825.3815199272284,825.3815199272284,825.3815199272284,825.3815199272284,825.3815199272284,825.3815199272284,825.3815199272284,825.3815199272284,825.3815199272284,825.3815199272284,825.3815199272284,825.3815199272284,825.3815199272284,825.3815199272284,825.3815199272284,825.3815199272284,825.3815199272284,825.3815199272284,825.3815199272284,825.3815199272284,825.3815199272284,825.3815199272284,825.3815199272284,825.3815199272284,825.3815199272284,825.3815199272284,825.3815199272284,825.3815199272284,825.3815199272284,825.3815199272284,825.3815199272284,825.3815199272284,825.3815199272284,825.3815199272284,825.3815199272284,825.3815199272284,825.3815199272284,825.3815199272284,825.3815199272284,825.3815199272284,825.3815199272284,824.9885721763626,824.9885721763626,824.9885721763626,824.9885721763626,824.9885721763626,824.9885721763626,824.9885721763626,824.9885721763626,824.9885721763626,824.9885721763626,824.9885721763626,824.9885721763626,824.9885721763626,824.9885721763626,824.9885721763626,824.9885721763626,824.9885721763626,824.9885721763626,824.9885721763626,824.9885721763626,824.9885721763626,824.9885721763626,824.9885721763626,824.9885721763626,824.9885721763626,824.9885721763626,824.9885721763626,824.9885721763626,824.9885721763626,824.9885721763626,824.9885721763626,824.9885721763626,824.9885721763626,824.9885721763626,824.9885721763626,824.9885721763626,824.9885721763626,824.9885721763626,824.9885721763626,824.9885721763626,824.9885721763626,824.9885721763626,824.9885721763626,824.9885721763626,824.9885721763626,824.9885721763626,824.9885721763626,824.9885721763626,824.9885721763626,824.9885721763626,824.9885721763626,824.9885721763626,824.9885721763626,824.9885721763626,824.9885721763626,824.9885721763626,824.9885721763626,824.9885721763626,824.9885721763626,824.9885721763626,824.9885721763626,824.9885721763626,824.9885721763626,824.9885721763626,824.9885721763626,824.9885721763626,824.9885721763626,824.9885721763626,824.9885721763626,824.9885721763626,824.9885721763626,824.9885721763626,824.9885721763626,824.9885721763626,824.9885721763626,824.9885721763626,824.9885721763626,824.9885721763626,824.9885721763626,824.9885721763626,824.9885721763626,824.9885721763626,824.9885721763626,824.9885721763626,824.9885721763626,824.9885721763626,824.9885721763626,824.9885721763626,824.2197808971983,824.2197808971983,824.2197808971983,821.957059975176,821.957059975176,821.957059975176,821.957059975176,821.957059975176,821.957059975176,821.957059975176,821.957059975176,821.957059975176,821.957059975176,821.957059975176,821.957059975176,821.957059975176,821.957059975176,821.957059975176,821.957059975176,821.957059975176,821.957059975176,821.957059975176,821.957059975176,821.957059975176,821.957059975176,821.957059975176,821.957059975176,821.957059975176,821.957059975176,821.957059975176,821.409654955298,821.409654955298,821.409654955298,821.409654955298,821.409654955298,821.409654955298,821.409654955298,821.409654955298,821.409654955298,821.409654955298,821.409654955298,821.409654955298,821.409654955298,821.409654955298,821.409654955298,821.409654955298,821.409654955298,821.409654955298,821.409654955298,821.409654955298,821.409654955298,821.409654955298,821.409654955298,821.409654955298,821.409654955298,821.409654955298,821.409654955298,821.409654955298,821.409654955298,821.409654955298,821.409654955298,821.409654955298,821.409654955298,821.409654955298,821.409654955298,821.409654955298,820.3093923713275,820.3093923713275,820.3093923713275,820.3093923713275,820.3093923713275,820.3093923713275,820.3093923713275,820.3093923713275,820.3093923713275,820.3093923713275,820.3093923713275,820.3093923713275,820.3093923713275,820.3093923713275,820.3093923713275,820.3093923713275,820.3093923713275,820.3093923713275,820.3093923713275,820.3093923713275,820.3093923713275,820.3093923713275,820.3093923713275,820.3093923713275,818.9623947124506,818.9623947124506,