{"Optimal":744,"front":[{"trucks":[[13,33,4,25,50,24,57],[30,6,38,21,16,58,14,55],[53,28,46,31,29],[40,10,26,56,19,51,45],[17,34,2,44,42,43,23],[27,39,32,11,59],[5,35,47,9,8],[18,41,52,7,3],[49,48,37,60,22],[54,12,15,20,36]],"distance":801.3812753973797,"fuel":1138.1278986349782},{"distance":802.808964155612,"trucks":[[13,33,4,25,50,24,57],[30,6,38,21,16,58,14,55],[53,28,46,31,29],[40,10,26,56,19,51,45],[7,34,2,44,42,43,23],[27,39,32,11,59],[5,35,47,9,8],[18,41,52,17,3],[49,48,37,60,22],[54,12,15,20,36]],"fuel":1132.2162868972798},{"trucks":[[49,48,37,60,22],[27,59,11,32,39],[30,6,38,21,16,58,14,55],[53,28,46,31,29],[40,10,26,56,19,51,45],[7,34,2,44,42,43,23],[13,33,4,25,50,24,57],[8,54,12,15,20],[5,35,47,9,36],[18,41,52,17,3]],"distance":802.8788233109082,"fuel":1117.862320415464}],"benchmark":"P-n60-k10"}