{"front":[{"distance":803.8422832652237,"fuel":1159.2942645769554,"trucks":[[8,54,15,20,55,9],[31,3,34,17,4],[10,40,32,33,45],[59,11,39,12,36],[51,26,56,19,25,50,24,57],[46,30,6,21,58,16,14],[52,2,44,42,43,23,29],[5,28,53,35,47],[27,13,41,18,7],[22,48,60,37,38,49]]},{"trucks":[[8,54,15,20,55,9],[31,3,34,17,4],[10,40,32,33,45],[59,11,39,12,36],[51,26,56,19,25,50,24,57],[46,30,6,21,58,16,14],[52,2,44,42,43,23,29],[5,28,53,35,47],[27,13,41,18,7],[49,22,48,60,37,38]],"distance":804.091080369476,"fuel":1152.6337812399333}],"benchmark":"P-n60-k10","Optimal":744}