{"Optimal":1274,"benchmark":"M-n200-k16","front":[{"trucks":[[172,75,134,23,42,146,58,145,173,43,143,15,44,45,120,92],[80,130,170,79,35,165,136,36,137,72,162,104,21],[41,181,22,74,73,198,57,187,24,40,188,26,56,25],[50,144,37,48,169,125,49,124,20,108,176,47],[186,34,82,121,10,66,67,189,129,161],[19,167,61,119,6,85,174,62,17,142,192,193],[46,126,175,9,115,200,84,18,114,87,39,141],[77,197,117,78,4,159,122,30,164,135,55,131,166],[83,8,195,107,154,183,149,63,160,11,190,91,127],[177,2,51,103,158,52,123,31,71,102,163,32,70,133],[168,128,191,89,12,64,109,132,33,182,65,53],[147,28,112,185,69,81,151,178,110,13,196,150,118],[7,38,99,94,105,100,60,152,98,88,16,116,179,3],[14,138,96,95,184,97,86,194,93,101,111],[155,27,180,199,76,68,171,140,5,156],[157,90,148,113,59,153,54,106,139,29]],"fuel":2320.104890026357,"distance":1645.982501344185},{"trucks":[[172,75,134,23,42,146,58,145,173,43,143,15,120,45,44,92],[80,130,170,79,35,165,136,36,137,72,162,104,21],[41,181,22,74,73,198,57,187,24,40,188,26,56,25],[124,49,125,169,48,37,144,50,47,176,108,20],[186,34,82,121,10,66,67,189,129,161],[19,167,61,119,6,85,174,62,17,142,192,193],[46,126,175,9,115,200,84,18,114,87,39,141],[77,197,117,78,4,159,122,30,164,135,55,131,166],[53,190,11,160,63,149,183,154,107,195,8,83],[32,70,133,177,2,51,103,158,52,123,31,71,102,163],[168,128,191,89,12,64,109,132,33,182,65,91,127],[147,28,112,185,69,81,151,178,110,13,196,150,7],[118,38,99,94,105,100,60,152,98,88,16,116,179,3],[14,138,96,95,184,97,86,194,93,101,111],[155,139,180,199,76,68,171,140,5,156],[157,90,148,113,59,153,54,106,27,29]],"fuel":2311.965047143906,"distance":1648.6473663723868}]}