{"benchmark":"M-n200-k16","front":[{"distance":1594.5058436981908,"fuel":2280.0364559423797,"trucks":[[167,61,119,6,85,174,62,17,142,45,192,92,93,118],[154,8,124,20,108,176,12,65,50,144,37,169,48,125,47],[111,57,187,140,188,40,171,26,56,166,131,55,135,164,25],[69,81,151,178,110,13,196,150,180,156,5,75],[99,38,101,194,86,94,100,105,60,152,98,43,7],[170,79,35,165,136,36,137,72,162,104,10,52,21,91],[122,30,130,80,186,34,82,121,66,67,189,123],[158,103,51,77,197,117,78,4,159,139,185,74],[200,126,46,18,114,87,39,141,193,120,15,143,44,16],[160,190,11,109,127,64,182,33,132,161,129],[168,128,191,32,163,102,71,31,2,177,133,70,89],[146,42,23,134,172,73,198,76,24,68],[97,95,96,14,138,88,173,145,58,3,179,116],[84,115,9,175,83,49,183,149,63,107],[148,184,90,19,195,53,147,28,112,29,155,41],[157,113,153,59,22,199,181,27,106,54]]},{"distance":1605.800159561204,"fuel":2275.94407887353,"trucks":[[167,61,119,6,85,174,62,17,142,45,192,92,93,118],[154,8,124,20,108,176,12,65,50,144,37,169,48,125,47],[111,57,187,140,188,40,171,26,56,166,131,55,135,164,25],[69,81,151,178,110,13,196,150,180,156,5,75],[99,38,101,194,86,94,100,105,60,152,98,43,7],[170,79,35,165,136,36,137,72,162,104,10,52,21,91],[122,30,130,80,186,34,82,121,66,67,189,123],[158,103,51,77,197,159,4,78,117,139,185,74],[200,126,46,18,114,87,39,141,193,120,15,143,44,16],[160,190,11,109,127,64,182,33,132,161,129],[168,128,191,32,163,102,71,31,2,177,133,70,89],[54,106,27,181,199,22,198,76,134,23,42,146],[97,95,96,14,138,88,173,145,58,3,179,116],[84,115,9,175,83,49,183,149,63,107],[148,184,90,19,195,53,147,28,112,29,155,41],[157,113,153,59,73,172,24,68]]}],"Optimal":1274}