{"front":[{"fuel":2314.6260593275706,"distance":1643.2071232938974,"trucks":[[160,63,149,89,183,8,195,107,154,83,9,115,47,18],[153,59,41,181,22,74,73,198,57,187,24,140],[7,118,98,152,93,60,100,105,94,86,99,38,101,194],[151,81,69,122,30,170,79,35,165,136,36,137,72,104,130],[106,27,150,196,110,178,135,164,25,166,56,26,171,188],[116,179,3,58,145,173,43,143,15,120,45,142,192,193],[54,199,111,5,156,40,68,76,134,23,42],[4,159,80,186,34,82,121,10,162,66],[161,129,21,189,67,132,33,91,127,64,182,65,12],[191,32,163,102,71,31,123,52,158,103,51,77],[49,125,48,169,37,144,50,176,108,20,124],[61,119,6,85,174,62,92,17,87,114,46,200,147],[97,95,96,14,138,88,141,39,44,16,146,75,172],[70,113,184,148,90,167,19,175,126,84],[109,190,11,128,168,133,177,2,78,117,197,180],[157,53,28,29,139,155,131,55,13,185,112]]},{"fuel":2312.167039312289,"distance":1644.0139458857964,"trucks":[[160,63,149,89,183,8,195,107,154,83,115,9,47,18,92],[153,59,41,181,22,74,73,198,57,187,24,140],[7,118,98,152,93,60,100,105,94,86,99,38,101,194],[151,81,69,122,30,170,79,35,165,136,36,137,72,104,130],[106,27,150,196,110,178,135,164,25,166,56,26,171,188],[116,179,3,58,145,173,43,143,15,120,45,142,192,193],[54,199,111,5,156,40,68,76,134,23,42],[4,159,80,186,34,82,121,10,162,66],[161,129,21,189,67,132,33,91,127,64,182,65,12],[191,32,163,102,71,31,123,52,158,103,51,77],[49,125,48,169,37,144,50,176,108,20,124],[61,119,6,85,174,62,17,87,114,46,200,147],[97,95,96,14,138,88,141,39,44,16,146,75,172],[70,113,184,148,90,167,19,175,126,84],[109,190,11,128,168,133,177,2,78,117,197,180],[157,53,28,29,139,155,131,55,13,185,112]]}],"benchmark":"M-n200-k16","Optimal":1274}