{"optimalDistance":944,"benchmark":"A-n45-k6","fuelSequence":[1542.1688051400063,1542.1688051400063,1542.1688051400063,1542.1688051400063,1542.1688051400063,1513.8391913378866,1513.8391913378866,1512.4613126474976,1512.4613126474976,1512.4613126474976,1512.4613126474976,1483.9149760034397,1483.9149760034397,1483.9149760034397,1483.9149760034397,1483.9149760034397,1483.9149760034397,1483.9149760034397,1483.9149760034397,1483.9149760034397,1483.9149760034397,1483.9149760034397,1483.9149760034397,1483.9149760034397,1483.9149760034397,1483.9149760034397,1483.9149760034397,1483.9149760034397,1483.9149760034397,1483.9149760034397,1483.9149760034397,1483.9149760034397,1483.9149760034397,1483.9149760034397,1483.9149760034397,1457.8637030301193,1457.8637030301193,1457.8637030301193,1457.8637030301193,1457.8637030301193,1457.8637030301193,1457.8637030301193,1457.8637030301193,1457.8637030301193,1457.8637030301193,1457.8637030301193,1447.8675750074399,1447.8675750074399,1447.8675750074399,1447.8675750074399,1447.8675750074399,1447.8675750074399,1447.8675750074399,1447.8675750074399,1447.8675750074399,1447.8675750074399,1447.8675750074399,1447.8675750074399,1447.8675750074399,1447.8675750074399,1447.8675750074399,1447.8675750074399,1447.8675750074399,1440.658319851253,1440.658319851253,1440.658319851253,1440.658319851253,1440.658319851253,1440.658319851253,1440.658319851253,1440.658319851253,1440.658319851253,1440.658319851253,1440.658319851253,1440.658319851253,1440.658319851253,1440.658319851253,1440.658319851253,1440.658319851253,1440.658319851253,1440.658319851253,1440.658319851253,1440.658319851253,1422.0394691962176,1422.0394691962176,1422.0394691962176,1422.0394691962176,1422.0394691962176,1422.0394691962176,1422.0394691962176,1422.0394691962176,1422.0394691962176,1422.0394691962176,1422.0394691962176,1422.0394691962176,1422.0394691962176,1422.0394691962176,1422.0394691962176,1422.0394691962176,1422.0394691962176,1414.9309250859915,1414.9309250859915,1414.9309250859915,1414.9309250859915,1414.9309250859915,1414.9309250859915,1414.9309250859915,1414.9309250859915,1414.9309250859915,1414.9309250859915,1414.9309250859915,1414.9309250859915,1411.0613163419946,1411.0613163419946,1411.0613163419946,1411.0613163419946,1411.0613163419946,1411.0613163419946,1411.0613163419946,1411.0613163419946,1411.0613163419946,1411.0613163419946,1411.0613163419946,1411.0613163419946,1411.0613163419946,1411.0613163419946,1411.0613163419946,1411.0613163419946,1411.0613163419946,1411.0613163419946,1411.0613163419946,1411.0613163419946,1411.0613163419946,1411.0613163419946,1411.0613163419946,1411.0613163419946,1411.0613163419946,1411.0613163419946,1411.0613163419946,1411.0613163419946,1411.0613163419946,1411.0613163419946,1411.0613163419946,1411.0613163419946,1411.0613163419946,1411.0613163419946,1411.0613163419946,1411.0613163419946,1411.0613163419946,1411.0613163419946,1411.0613163419946,1411.0613163419946,1411.0613163419946,1411.0613163419946,1411.0613163419946,1411.0613163419946,1411.0613163419946,1411.0613163419946,1411.0613163419946,1411.0613163419946,1411.0613163419946,1411.0613163419946,1411.0613163419946,1411.0613163419946,1411.0613163419946,1411.0613163419946,1411.0613163419946,1406.3097298815135,1406.3097298815135,1406.3097298815135,1406.3097298815135,1406.3097298815135,1406.3097298815135,1406.3097298815135,1406.3097298815135,1406.3097298815135,1406.3097298815135,1406.3097298815135,1406.3097298815135,1406.3097298815135,1406.3097298815135,1406.3097298815135,1406.3097298815135,1406.3097298815135,1406.3097298815135,1406.3097298815135,1406.3097298815135,1406.3097298815135,1406.3097298815135,1406.3097298815135,1406.3097298815135,1406.3097298815135,1406.3097298815135,1406.3097298815135,1406.3097298815135,1406.3097298815135,1406.3097298815135,1406.3097298815135,1406.3097298815135,1406.3097298815135,1406.3097298815135,1406.3097298815135,1406.3097298815135,1406.3097298815135,1406.3097298815135,1406.3097298815135,1406.3097298815135,1406.3097298815135,1406.3097298815135,1406.3097298815135,1406.3097298815135,1406.3097298815135,1406.3097298815135,1406.3097298815135,1406.3097298815135,1406.3097298815135,1406.3097298815135,1406.3097298815135,1406.3097298815135,1406.3097298815135,1406.3097298815135,1406.3097298815135,1406.3097298815135,1406.3097298815135,1406.3097298815135,1406.3097298815135,1406.3097298815135,1406.3097298815135,1406.3097298815135,1406.3097298815135,1406.3097298815135,1406.3097298815135,1406.3097298815135,1406.3097298815135,1406.3097298815135,1406.3097298815135,1406.3097298815135,1406.3097298815135,1406.3097298815135,1406.3097298815135,1406.3097298815135,1406.3097298815135,1406.3097298815135,1406.3097298815135,1406.3097298815135,1406.3097298815135,1406.3097298815135,1406.3097298815135,1406.3097298815135,1406.3097298815135,1406.3097298815135,1406.3097298815135,1406.3097298815135,1406.3097298815135,1406.3097298815135,1406.3097298815135,1406.3097298815135,1406.3097298815135,1406.3097298815135,1406.3097298815135,1406.3097298815135,1406.3097298815135,1406.3097298815135,1406.3097298815135,1406.3097298815135,1406.3097298815135,1406.3097298815135,1406.3097298815135,1406.3097298815135,1406.3097298815135,1406.3097298815135,1406.3097298815135,1406.3097298815135,1406.3097298815135,1406.3097298815135,1406.3097298815135,1406.3097298815135,1406.3097298815135,1406.3097298815135,1406.3097298815135,1406.3097298815135,1406.3097298815135,1406.3097298815135,1406.3097298815135,1406.3097298815135,1406.3097298815135,1406.3097298815135,1406.3097298815135,1406.3097298815135,1406.3097298815135,1406.3097298815135,1406.3097298815135,1406.3097298815135,1406.3097298815135,1406.3097298815135,1406.3097298815135,1406.3097298815135,1406.3097298815135,1406.3097298815135,1406.3097298815135,1406.3097298815135,1406.3097298815135,1406.3097298815135,1406.3097298815135,1406.3097298815135,1406.3097298815135,1406.3097298815135,1406.3097298815135,1406.3097298815135,1406.3097298815135,1406.3097298815135,1406.3097298815135,1406.3097298815135,1406.3097298815135,1406.3097298815135,1406.3097298815135,1406.3097298815135,1406.3097298815135,1406.3097298815135,1406.3097298815135,1406.3097298815135,1406.3097298815135,1406.3097298815135,1406.3097298815135,1406.3097298815135,1402.4401211375166,1402.4401211375166,1402.4401211375166,1402.4401211375166,1402.4401211375166,1402.4401211375166,1402.4401211375166,1402.4401211375166,1402.4401211375166,1402.4401211375166,1402.4401211375166,1402.4401211375166,1402.4401211375166,1402.4401211375166,1402.4401211375166,1402.4401211375166,1402.4401211375166,1402.4401211375166,1402.4401211375166,1402.4401211375166,1402.4401211375166,1402.4401211375166,1402.4401211375166,1402.4401211375166,1402.4401211375166,1402.4401211375166,1402.4401211375166,1402.4401211375166,1402.4401211375166,1402.4401211375166,1402.4401211375166,1402.4401211375166,1402.4401211375166,1402.4401211375166,1402.4401211375166,1402.4401211375166,1402.4401211375166,1402.4401211375166,1402.4401211375166,1402.4401211375166,1402.4401211375166,1402.4401211375166,1402.4401211375166,1402.4401211375166,1402.4401211375166,1402.4401211375166,1402.4401211375166,1402.4401211375166,1402.4401211375166,1402.4401211375166,1402.4401211375166,1402.4401211375166,1402.4401211375166,1402.4401211375166,1402.4401211375166,1402.4401211375166,1402.4401211375166,1402.4401211375166,1402.4401211375166,1402.4401211375166,1402.4401211375166,1402.4401211375166,1402.4401211375166,1402.4401211375166,1402.4401211375166,1402.4401211375166,1402.4401211375166,1402.4401211375166,1402.4401211375166,1402.4401211375166,1402.4401211375166,1402.4401211375166,1402.4401211375166,1402.4401211375166,1402.4401211375166,1402.4401211375166,1402.4401211375166,1402.4401211375166,1402.4401211375166,1402.4401211375166,1402.4401211375166,1402.4401211375166,1402.4401211375166,1402.4401211375166,1402.4401211375166,1402.4401211375166,1402.4401211375166,1402.4401211375166,1402.4401211375166,1402.4401211375166,1402.4401211375166,1402.4401211375166,1402.4401211375166,