{"Optimal":944,"benchmark":"A-n45-k6","front":[{"fuel":1438.916525866626,"distance":1017.5388295459443,"trucks":[[13,40,37,43,5,17,11,4,10],[27,30,44,19,18,20,28],[33,14,21,6,22,34,9,42],[24,25,38,35,31,41,12],[29,8,23,16,26,3,39],[2,45,7,36,15,32]]}]}