{"optimalDistance":1401,"benchmark":"A-n64-k9","fuelSequence":[2221.2867324377194,2221.2867324377194,2221.2867324377194,2221.2867324377194,2221.2867324377194,2221.2867324377194,2221.2867324377194,2221.2867324377194,2221.2867324377194,2221.2867324377194,2221.2867324377194,2221.2867324377194,2204.7626596281075,2204.7626596281075,2204.7626596281075,2204.7626596281075,2204.7626596281075,2204.7626596281075,2204.7626596281075,2204.7626596281075,2185.9419443334214,2185.9419443334214,2185.9419443334214,2185.9419443334214,2185.9419443334214,2185.9419443334214,2185.9419443334214,2185.9419443334214,2185.9419443334214,2184.7928940771853,2184.7928940771853,2184.7928940771853,2183.047924171521,2183.047924171521,2183.047924171521,2183.047924171521,2183.047924171521,2183.047924171521,2173.920244430255,2173.920244430255,2173.920244430255,2173.920244430255,2173.920244430255,2173.920244430255,2173.920244430255,2173.920244430255,2169.5934318205773,2169.5934318205773,2169.5934318205773,2169.5934318205773,2169.5934318205773,2169.5934318205773,2169.5934318205773,2154.6855926550525,2154.6855926550525,2154.6855926550525,2154.6855926550525,2154.6855926550525,2154.6855926550525,2154.6855926550525,2154.6855926550525,2154.6855926550525,2154.6855926550525,2154.6855926550525,2154.667492267315,2154.667492267315,2154.667492267315,2154.667492267315,2154.667492267315,2154.667492267315,2154.667492267315,2154.667492267315,2154.667492267315,2154.667492267315,2154.667492267315,2154.667492267315,2154.667492267315,2154.667492267315,2154.667492267315,2154.667492267315,2154.667492267315,2154.667492267315,2154.667492267315,2150.340679657637,2150.340679657637,2150.340679657637,2150.340679657637,2150.340679657637,2150.340679657637,2150.340679657637,2150.340679657637,2150.340679657637,2150.340679657637,2150.340679657637,2150.340679657637,2150.340679657637,2150.340679657637,2150.0083933816304,2150.0083933816304,2150.0083933816304,2150.0083933816304,2150.0083933816304,2149.0431227596355,2149.0431227596355,2149.0431227596355,2149.0431227596355,2145.0432580025367,2145.0432580025367,2145.0432580025367,2145.0432580025367,2145.0432580025367,2145.0432580025367,2143.883885863736,2143.883885863736,2143.883885863736,2143.883885863736,2138.9187504846423,2138.9187504846423,2138.9187504846423,2138.9187504846423,2138.9187504846423,2138.9187504846423,2138.9187504846423,2138.9187504846423,2138.9187504846423,2138.9187504846423,2138.9187504846423,2138.9187504846423,2138.9187504846423,2138.9187504846423,2138.9187504846423,2138.9187504846423,2138.9187504846423,2137.577233684976,2137.577233684976,2137.577233684976,2137.577233684976,2137.577233684976,2137.577233684976,2137.577233684976,2137.577233684976,2137.577233684976,2137.577233684976,2137.577233684976,2137.577233684976,2137.577233684976,2137.577233684976,2137.577233684976,2137.577233684976,2137.577233684976,2133.577368927877,2133.577368927877,2133.577368927877,2133.577368927877,2133.577368927877,2133.577368927877,2133.577368927877,2133.577368927877,2133.577368927877,2133.577368927877,2133.577368927877,2133.577368927877,2133.577368927877,2133.577368927877,2133.577368927877,2133.577368927877,2133.577368927877,2133.577368927877,2133.577368927877,2133.577368927877,2133.577368927877,2133.577368927877,2133.577368927877,2133.577368927877,2133.577368927877,2133.577368927877,2133.577368927877,2133.577368927877,2133.577368927877,2131.1701974305006,2131.1701974305006,2131.1701974305006,2131.1701974305006,2131.1701974305006,2131.1701974305006,2131.1701974305006,2131.1701974305006,2131.1701974305006,2131.1701974305006,2131.1701974305006,2131.1701974305006,2131.1701974305006,2131.1701974305006,2131.1701974305006,2131.1701974305006,2131.1701974305006,2131.1701974305006,2131.1701974305006,2131.1701974305006,2131.1701974305006,2131.1701974305006,2131.1701974305006,2131.1701974305006,2131.1701974305006,2131.1701974305006,2131.1701974305006,2131.1701974305006,2131.1701974305006,2131.1701974305006,2131.1701974305006,2131.1701974305006,2131.1701974305006,2131.1701974305006,2131.1701974305006,2131.1701974305006,2131.1701974305006,2131.1701974305006,2131.1701974305006,2131.1701974305006,2131.1701974305006,2131.1701974305006,2131.1701974305006,2131.1701974305006,2131.1701974305006,2131.1701974305006,2131.1701974305006,2131.1701974305006,2131.1701974305006,2131.1701974305006,2131.1701974305006,2131.1701974305006,2131.1701974305006,2131.1701974305006,2131.1701974305006,2131.1701974305006,2131.1701974305006,2131.1701974305006,2131.1701974305006,2131.1701974305006,2131.1701974305006,2131.1701974305006,2131.1701974305006,2131.1701974305006,2131.1701974305006,2131.1701974305006,2131.1701974305006,2131.1701974305006,2131.1701974305006,2131.1701974305006,2131.1701974305006,2128.0450640785984,2128.0450640785984,2128.0450640785984,2128.0450640785984,2128.0450640785984,2128.0450640785984,2128.0450640785984,2128.0450640785984,2128.0450640785984,2128.0450640785984,2128.0450640785984,2128.0450640785984,2128.0450640785984,2128.0450640785984,2128.0450640785984,2128.0450640785984,2128.0450640785984,2127.2940662862675,2127.2940662862675,2127.2940662862675,2127.2940662862675,2127.2940662862675,2127.2940662862675,2127.2940662862675,2127.103945098654,2127.103945098654,2127.103945098654,2120.08135541976,2120.08135541976,2120.08135541976,2120.08135541976,2120.08135541976,2120.08135541976,2120.08135541976,2120.08135541976,2120.08135541976,2120.08135541976,2120.08135541976,2120.08135541976,2120.08135541976,2120.08135541976,2120.08135541976,2120.08135541976,2116.376832254124,2116.376832254124,2116.376832254124,2116.376832254124,2116.376832254124,2116.376832254124,2116.376832254124,2116.376832254124,2116.376832254124,2116.376832254124,2116.376832254124,2116.376832254124,2116.376832254124,2116.376832254124,2116.376832254124,2116.376832254124,2116.376832254124,2116.376832254124,2116.376832254124,2116.376832254124,2116.376832254124,2116.376832254124,2116.376832254124,2105.663038110287,2105.663038110287,2105.663038110287,2105.663038110287,2105.663038110287,2105.663038110287,2105.663038110287,2105.663038110287,2105.663038110287,2105.663038110287,2105.663038110287,2105.663038110287,2105.663038110287,2105.663038110287,2105.663038110287,2105.663038110287,2103.085692460149,2103.085692460149,2103.085692460149,2103.085692460149,2103.085692460149,2103.085692460149,2103.085692460149,2103.085692460149,2103.085692460149,2103.085692460149,2103.085692460149,2103.085692460149,2103.085692460149,2103.085692460149,2100.3999319913883,2100.3999319913883,2100.3999319913883,2100.3999319913883,2100.3999319913883,2100.3999319913883,2100.3999319913883,2100.3999319913883,2100.3999319913883,2100.3999319913883,2100.3999319913883,2100.3999319913883,2100.3999319913883,2100.3999319913883,2100.3999319913883,2100.3999319913883,2100.3999319913883,2097.9927604940117,2097.9927604940117,2097.9927604940117,2097.9927604940117,2097.9927604940117,2097.9927604940117,2097.9927604940117,2097.9927604940117,2097.9927604940117,2097.9927604940117,2097.9927604940117,2097.9927604940117,2097.9927604940117,2097.9927604940117,2097.9927604940117,2097.9927604940117,2097.9927604940117,2097.9927604940117,2097.9927604940117,2096.2863731809866,2096.2863731809866,2096.2863731809866,2096.2863731809866,2096.2863731809866,2096.2863731809866,2096.2863731809866,2096.2863731809866,2096.2863731809866,2096.2863731809866,2096.2863731809866,2096.2863731809866,2096.2863731809866,2096.2863731809866,2096.2863731809866,2096.2863731809866,2096.2863731809866,2096.2863731809866,2096.2863731809866,2096.2863731809866,2096.2863731809866,2093.87920168361,2093.87920168361,2093.87920168361,2093.87920168361,2093.87920168361,2093.87920168361,2093.87920168361,2093.87920168361,2093.87920168361,2093.87920168361,2093.87920168361,2093.87920168361,2093.87920168361,2093.87920168361,2093.87920168361,2093.87920168361,2093.87920168361,2093.87920168361,2093.87920168361,2093.87920168361,2093.87920168361,2093.87920168361,2093.87920168361,2093.87920168361,2093.87920168361,2093.87920168361,2093.87920168361,