{"Optimal":817,"benchmark":"E-n101-k8","front":[{"trucks":[[8,83,49,48,37,50,65,12,20,63,11],[59,41,22,74,73,75,23,42,76,57,24,40],[96,98,93,60,45,15,39,44,16,58,3,88,43,14],[13,81,69,30,25,56,26,68,5,55,27,77,51],[78,4,80,79,35,36,72,66,67,21,31,71],[54,29,28,53,90,7,95,17,97,62,87],[70,2,34,82,10,52,33,91,64,89,32],[92,101,99,86,38,100,94,47,9,46,18,85,6,61,84,19]],"distance":1008.9503660509756,"fuel":1422.335755350273},{"trucks":[[83,49,48,20,12,65,50,37,47,9,46,18,85,19],[59,41,22,74,73,75,23,42,76,57,24,40],[96,98,93,60,45,15,39,44,16,58,3,88,43,14],[78,4,80,79,35,36,72,66,67,21,31,71,11],[13,81,69,30,25,56,26,68,5,55,27,77,51],[32,89,63,64,91,33,52,10,82,34,2,70,8],[54,29,28,53,90,7,95,87],[84,61,6,94,100,38,86,99,101,17,97,62,92]],"distance":1024.5873807193652,"fuel":1422.1234858354867}]}