{"benchmark":"E-n101-k8","front":[{"fuel":1417.144734602397,"trucks":[[8,19,84,61,6,62,17,87,45,15,39,44],[27,5,73,74,54,23,42,16,58,3,88,43,97,7,90],[95,96,98,93,60,100,94,86,92,101,38,99],[83,49,48,20,12,65,50,37,47,9,46,18,85,53],[77,78,4,80,79,35,36,72,66,67,21,31,71,28],[29,13,69,81,25,30,52,10,82,34,51,2,70],[41,57,24,40,68,26,56,55,59,75,76,22],[89,63,11,33,91,64,32,14]],"distance":1002.8602038817253},{"fuel":1413.7255410127646,"trucks":[[75,23,42,76,57,24,40,68,26,56,5,73],[54,59,41,74,22,29,28,53,90,7,95,94],[81,69,78,4,80,79,35,36,72,66,67,21],[14,96,98,93,60,45,15,39,44,16,58,3,88],[83,49,48,20,12,65,50,37,47,9,46,18,85],[2,70,71,31,33,91,64,11,63,8,32,89,19,84,61],[27,13,77,51,52,10,34,82,30,25,55],[99,87,17,92,62,101,86,100,97,38,43,6]],"distance":1011.7659626868335},{"fuel":1394.2706193099116,"trucks":[[2,70,71,31,33,91,64,11,63,89,32,8,19,7],[81,69,78,51,52,10,34,82,30,25,5,26,56,55],[41,22,74,73,75,23,42,76,57,24,40,68],[14,96,98,93,60,45,15,39,44,16,58,3,88],[83,49,48,20,12,65,50,37,47,9,46,18,85],[29,27,13,77,4,80,79,35,36,72,66,67,21],[54,28,53,90,6,95,43,59],[99,94,87,17,92,62,101,86,100,97,38,61,84]],"distance":1012.2933507126199}],"Optimal":817}