{"Optimal":817,"benchmark":"E-n101-k8","front":[{"distance":1016.3275028321099,"trucks":[[28,70,2,21,67,72,36,66,10,82,34],[83,48,20,12,65,50,37,47,9,46,84,61,6,85,18],[49,8,32,89,63,33,64,91,11,71,31,52,51],[3,58,16,44,15,45,17,62,87,39,43,88,99,92,38],[73,75,23,42,76,57,24,40,68,26,56,5],[29,77,78,4,80,79,35,30,25,81,69,13,55],[59,41,22,74,27,54,97,94,14],[95,7,90,53,19,60,96,98,86,100,101,93]],"fuel":1451.8223239627964},{"distance":1018.092670065502,"trucks":[[87,17,62,45,15,39,44,16,58,3,88,43,97],[31,71,11,63,65,50,37,48,20,12,64,91,33],[70,32,89,8,49,83,19,84,61,6,85,18,46,9,47,53],[51,77,78,4,69,81,55,56,26,40,68,57,54],[41,22,74,73,75,23,42,76,24,5,27,59],[95,7,94,86,92,101,38,99,96,100,60,93,98],[14,90,28,21,67,66,72,36,35,79,80],[29,2,13,30,25,34,82,10,52]],"fuel":1441.771678836391},{"distance":1020.507749509299,"trucks":[[49,48,20,12,65,50,37,47,9,46,84,61,90],[94,99,38,101,92,86,62,17,45,15,44,16,58,3],[73,42,23,75,76,57,24,68,40,26,56,25,30,74],[63,33,64,91,11,71,31,21,67,66,72,36,35,79],[95,96,98,88,43,39,87,93,60,97,7,100],[28,70,2,51,77,78,69,81,55,5,27,54,29],[14,6,18,85,19,53,32,89,8,83],[4,80,10,34,82,52,13,59,41,22]],"fuel":1430.5300414552846},{"distance":1028.7555221727907,"trucks":[[8,89,63,11,33,91,64,65,50,37,48,20,12,62],[2,70,32,53,19,84,61,6,85,18,46,9,47,49,83],[77,78,4,80,79,35,36,72,66,67,21,31,71],[41,22,74,73,75,23,42,76,57,24,40,68],[96,97,99,94,100,60,93,98,88,43,44,16,58,3,59],[29,27,13,81,69,30,25,5,26,56,55],[54,14,95,7,86,15,17,92,45,38,101],[28,51,34,82,10,52,90,39,87]],"fuel":1415.4319228667496}]}