{"optimalDistance":1146,"fuelSequence":[1795.0659834515393,1795.0659834515393,1795.0659834515393,1795.0659834515393,1795.0659834515393,1795.0659834515393,1795.0659834515393,1795.0659834515393,1795.0659834515393,1795.0659834515393,1795.0659834515393,1795.0659834515393,1795.0659834515393,1795.0659834515393,1795.0659834515393,1795.0659834515393,1795.0659834515393,1795.0659834515393,1795.0659834515393,1795.0659834515393,1795.0659834515393,1795.0659834515393,1795.0659834515393,1795.0659834515393,1795.0659834515393,1795.0659834515393,1795.0659834515393,1795.0659834515393,1795.0659834515393,1795.0659834515393,1795.0659834515393,1795.0659834515393,1795.0659834515393,1795.0659834515393,1795.0659834515393,1795.0659834515393,1795.0659834515393,1795.0659834515393,1795.0659834515393,1795.0659834515393,1795.0659834515393,1795.0659834515393,1795.0659834515393,1795.0659834515393,1795.0659834515393,1795.0659834515393,1795.0659834515393,1795.0659834515393,1795.0659834515393,1795.0659834515393,1795.0659834515393,1795.0659834515393,1795.0659834515393,1795.0659834515393,1795.0659834515393,1795.0659834515393,1795.0659834515393,1795.0659834515393,1795.0659834515393,1795.0659834515393,1795.0659834515393,1795.0659834515393,1795.0659834515393,1795.0659834515393,1795.0659834515393,1795.0659834515393,1795.0659834515393,1795.0659834515393,1795.0659834515393,1795.0659834515393,1795.0659834515393,1795.0659834515393,1795.0659834515393,1795.0659834515393,1795.0659834515393,1795.0659834515393,1795.0659834515393,1795.0659834515393,1795.0659834515393,1795.0659834515393,1795.0659834515393,1795.0659834515393,1795.0659834515393,1795.0659834515393,1795.0659834515393,1795.0659834515393,1778.5142450501862,1778.5142450501862,1778.5142450501862,1778.5142450501862,1778.5142450501862,1778.5142450501862,1778.5142450501862,1778.5142450501862,1778.5142450501862,1778.5142450501862,1778.5142450501862,1778.5142450501862,1778.5142450501862,1778.5142450501862,1778.5142450501862,1778.5142450501862,1778.5142450501862,1778.5142450501862,1778.5142450501862,1778.5142450501862,1778.5142450501862,1778.5142450501862,1778.5142450501862,1778.5142450501862,1778.5142450501862,1778.5142450501862,1764.264716042646,1764.264716042646,1764.264716042646,1764.264716042646,1764.264716042646,1764.264716042646,1764.264716042646,1764.264716042646,1764.264716042646,1764.264716042646,1764.264716042646,1764.264716042646,1764.264716042646,1764.264716042646,1764.264716042646,1763.7970373322942,1763.7970373322942,1763.7970373322942,1763.7970373322942,1763.7970373322942,1763.7970373322942,1763.7970373322942,1763.7970373322942,1763.7970373322942,1763.7970373322942,1763.7970373322942,1763.7970373322942,1763.7970373322942,1763.7970373322942,1763.7970373322942,1763.7970373322942,1763.7970373322942,1763.7970373322942,1763.7970373322942,1763.7970373322942,1751.1080480483556,1751.1080480483556,1751.1080480483556,1751.1080480483556,1751.1080480483556,1751.1080480483556,1751.1080480483556,1744.941807623441,1744.941807623441,1744.941807623441,1744.941807623441,1744.941807623441,1744.941807623441,1744.941807623441,1744.941807623441,1744.941807623441,1744.941807623441,1744.941807623441,1744.941807623441,1744.941807623441,1744.941807623441,1744.941807623441,1744.941807623441,1744.941807623441,1744.941807623441,1731.5664150563287,1731.5664150563287,1731.5664150563287,1731.5664150563287,1731.5664150563287,1731.5664150563287,1731.5664150563287,1731.5664150563287,1731.5664150563287,1731.5664150563287,1731.5664150563287,1731.5664150563287,1731.5664150563287,1731.5664150563287,1731.5664150563287,1731.5664150563287,1731.5664150563287,1731.5664150563287,1731.5664150563287,1731.5664150563287,1731.5664150563287,1731.5664150563287,1731.5664150563287,1731.5664150563287,1731.5664150563287,1731.5664150563287,1731.5664150563287,1731.5664150563287,1731.5664150563287,1731.5664150563287,1731.5664150563287,1731.5664150563287,1731.5664150563287,1731.5664150563287,1731.5664150563287,1731.5664150563287,1731.5664150563287,1731.5664150563287,1728.1160551630644,1728.1160551630644,1728.1160551630644,1728.1160551630644,1728.1160551630644,1728.1160551630644,1728.1160551630644,1728.1160551630644,1728.1160551630644,1728.1160551630644,1728.1160551630644,1728.1160551630644,1728.1160551630644,1728.1160551630644,1728.1160551630644,1728.1160551630644,1728.1160551630644,1728.1160551630644,1728.1160551630644,1728.1160551630644,1728.1160551630644,1728.1160551630644,1728.1160551630644,1728.1160551630644,1728.1160551630644,1728.1160551630644,1728.1160551630644,1728.1160551630644,1728.1160551630644,1728.1160551630644,1728.1160551630644,1728.1160551630644,1728.1160551630644,1728.1160551630644,1728.1160551630644,1728.1160551630644,1728.1160551630644,1728.1160551630644,1728.1160551630644,1728.1160551630644,1728.1160551630644,1728.1160551630644,1728.1160551630644,1728.1160551630644,1728.1160551630644,1728.1160551630644,1728.1160551630644,1728.1160551630644,1728.1160551630644,1728.1160551630644,1728.1160551630644,1728.1160551630644,1728.1160551630644,1728.1160551630644,1728.1160551630644,1728.1160551630644,1728.1160551630644,1728.1160551630644,1728.1160551630644,1728.1160551630644,1728.1160551630644,1728.1160551630644,1728.1160551630644,1728.1160551630644,1728.1160551630644,1728.1160551630644,1728.1160551630644,1728.1160551630644,1727.38849871896,1727.38849871896,1727.38849871896,1727.38849871896,1727.38849871896,1727.38849871896,1727.38849871896,1727.38849871896,1727.38849871896,1727.38849871896,1727.38849871896,1727.38849871896,1716.7497851057296,1716.7497851057296,1716.7497851057296,1716.7497851057296,1716.7497851057296,1716.7497851057296,1716.7497851057296,1716.7497851057296,1716.7497851057296,1716.7497851057296,1716.7497851057296,1716.7497851057296,1716.7497851057296,1716.7497851057296,1716.7497851057296,1716.7497851057296,1716.7497851057296,1716.7497851057296,1716.7497851057296,1716.7497851057296,1716.7497851057296,1716.7497851057296,1716.7497851057296,1716.7497851057296,1716.7497851057296,1716.7497851057296,1716.7497851057296,1716.7497851057296,1716.7497851057296,1716.7497851057296,1716.7497851057296,1716.7497851057296,1716.7497851057296,1716.7497851057296,1716.7497851057296,1716.7497851057296,1716.7497851057296,1716.7497851057296,1716.7497851057296,1716.7497851057296,1716.7497851057296,1716.7497851057296,1716.7497851057296,1716.7497851057296,1716.7497851057296,1716.7497851057296,1716.7497851057296,1716.7497851057296,1716.7497851057296,1716.7497851057296,1716.7497851057296,1716.7497851057296,1716.7497851057296,1716.7497851057296,1716.7497851057296,1716.7497851057296,1716.7497851057296,1716.7497851057296,1716.7497851057296,1716.7497851057296,1716.7497851057296,1716.7497851057296,1716.7497851057296,1706.869117409696,1706.869117409696,1706.869117409696,1706.869117409696,1706.869117409696,1706.869117409696,1706.869117409696,1706.869117409696,1706.869117409696,1706.869117409696,1706.869117409696,1706.6716313939596,1706.6716313939596,1706.6716313939596,1706.6716313939596,1706.6716313939596,1706.6716313939596,1706.6716313939596,1706.6716313939596,1706.6716313939596,1706.6716313939596,1706.6716313939596,1706.6716313939596,1706.6716313939596,1706.6716313939596,1706.6716313939596,1706.6716313939596,1688.2011740014268,1688.2011740014268,1688.2011740014268,1688.2011740014268,1688.2011740014268,1688.2011740014268,1688.2011740014268,1688.2011740014268,1688.2011740014268,1688.2011740014268,1688.2011740014268,1688.2011740014268,1688.2011740014268,1688.2011740014268,1688.2011740014268,1688.2011740014268,1688.2011740014268,1688.2011740014268,1688.2011740014268,1688.2011740014268,1688.2011740014268,1688.2011740014268,1688.2011740014268,1688.2011740014268,1688.2011740014268,1688.2011740014268,1688.2011740014268,1688.2011740014268,1688.2011740014268,1688.2011740014268,1688.2011740014268,1688.2011740014268,1688.2011740014268,1688.2011740014268,1688.2011740014268,1688.2011740014268,1688.2011740014268,1688.2011740014268,1688.2011740014268,1688.2011740014268,1688.2011740014268,1688.2011740014268,