{"optimalDistance":1146,"benchmark":"A-n45-k7","distanceSequence":[1288.041252254236,1288.041252254236,1288.041252254236,1288.041252254236,1288.041252254236,1288.041252254236,1288.041252254236,1288.041252254236,1288.041252254236,1288.041252254236,1288.041252254236,1288.041252254236,1288.041252254236,1288.041252254236,1288.041252254236,1288.041252254236,1288.041252254236,1288.041252254236,1288.041252254236,1288.041252254236,1288.041252254236,1288.041252254236,1288.041252254236,1288.041252254236,1282.522984625324,1282.522984625324,1282.522984625324,1282.522984625324,1282.522984625324,1282.522984625324,1282.522984625324,1282.522984625324,1282.522984625324,1282.522984625324,1282.522984625324,1282.522984625324,1282.522984625324,1282.522984625324,1282.522984625324,1282.522984625324,1282.522984625324,1282.522984625324,1282.522984625324,1282.522984625324,1282.522984625324,1282.522984625324,1282.522984625324,1282.522984625324,1282.522984625324,1282.522984625324,1282.522984625324,1282.522984625324,1282.522984625324,1282.522984625324,1282.522984625324,1282.522984625324,1282.522984625324,1282.522984625324,1249.4423643007956,1249.4423643007956,1249.4423643007956,1249.4423643007956,1249.4423643007956,1247.0660988222664,1247.0660988222664,1247.0660988222664,1247.0660988222664,1247.0660988222664,1247.0660988222664,1247.0660988222664,1247.0660988222664,1247.0660988222664,1247.0660988222664,1247.0660988222664,1247.0660988222664,1247.0660988222664,1247.0660988222664,1247.0660988222664,1247.0660988222664,1247.0660988222664,1247.0660988222664,1247.0660988222664,1247.0660988222664,1247.0660988222664,1247.0660988222664,1247.0660988222664,1207.6461837480815,1207.6461837480815,1207.6461837480815,1207.6461837480815,1207.6461837480815,1207.6461837480815,1207.6461837480815,1207.6461837480815,1207.6461837480815,1207.6461837480815,1207.6461837480815,1207.6461837480815,1207.6461837480815,1207.6461837480815,1207.6461837480815,1207.6461837480815,1207.6461837480815,1207.6461837480815,1207.6461837480815,1207.6461837480815,1207.6461837480815,1207.6461837480815,1207.6461837480815,1207.6461837480815,1207.6461837480815,1207.6461837480815,1207.6461837480815,1207.6461837480815,1207.6461837480815,1207.6461837480815,1207.6461837480815,1207.6461837480815,1207.6461837480815,1207.6461837480815,1207.6461837480815,1207.6461837480815,1207.6461837480815,1207.6461837480815,1207.6461837480815,1207.6461837480815,1207.6461837480815,1207.6461837480815,1207.6461837480815,1207.6461837480815,1207.6461837480815,1207.6461837480815,1207.6461837480815,1207.6461837480815,1207.6461837480815,1207.6461837480815,1207.6461837480815,1207.6461837480815,1207.6461837480815,1207.6461837480815,1207.6461837480815,1207.6461837480815,1207.6461837480815,1207.6461837480815,1207.6461837480815,1207.6461837480815,1207.6461837480815,1207.6461837480815,1207.6461837480815,1207.6461837480815,1207.6461837480815,1207.6461837480815,1207.6461837480815,1207.6461837480815,1207.6461837480815,1207.6461837480815,1207.6461837480815,1207.6461837480815,1207.6461837480815,1207.6461837480815,1207.6461837480815,1207.6461837480815,1207.6461837480815,1207.6461837480815,1207.6461837480815,1207.6461837480815,1207.6461837480815,1207.6461837480815,1207.6461837480815,1207.6461837480815,1207.6461837480815,1207.6461837480815,1207.6461837480815,1207.6461837480815,1207.6461837480815,1207.6461837480815,1207.6461837480815,1207.6461837480815,1207.6461837480815,1207.6461837480815,1207.6461837480815,1207.6461837480815,1206.7699384191576,1206.7699384191576,1206.7699384191576,1206.7699384191576,1206.7699384191576,1206.7699384191576,1206.7699384191576,1206.7699384191576,1206.7699384191576,1206.7699384191576,1206.7699384191576,1206.7699384191576,1206.7699384191576,1206.7699384191576,1206.7699384191576,1206.7699384191576,1206.7699384191576,1206.7699384191576,1206.7699384191576,1206.7699384191576,1206.7699384191576,1206.7699384191576,1206.7699384191576,1206.7699384191576,1206.7699384191576,1206.7699384191576,1206.7699384191576,1206.7699384191576,1206.7699384191576,1206.7699384191576,1206.7699384191576,1206.7699384191576,1206.7699384191576,1206.7699384191576,1206.7699384191576,1206.7699384191576,1206.7699384191576,1206.7699384191576,1206.7699384191576,1206.7699384191576,1206.7699384191576,1206.7699384191576,1206.7699384191576,1206.7699384191576,1206.7699384191576,1206.7699384191576,1206.7699384191576,1206.7699384191576,1206.7699384191576,1206.7699384191576,1206.7699384191576,1206.7699384191576,1206.7699384191576,1206.7699384191576,1206.7699384191576,1206.7699384191576,1206.7699384191576,1206.7699384191576,1206.7699384191576,1206.7699384191576,1206.7699384191576,1206.7699384191576,1206.7699384191576,1206.7699384191576,1206.7699384191576,1206.7699384191576,1206.7699384191576,1206.7699384191576,1206.7699384191576,1206.7699384191576,1206.7699384191576,1206.7699384191576,1206.7699384191576,1206.7699384191576,1206.7699384191576,1206.7699384191576,1206.7699384191576,1206.7699384191576,1206.7699384191576,1206.7699384191576,1206.7699384191576,1206.7699384191576,1206.7699384191576,1206.7699384191576,1206.7699384191576,1206.7699384191576,1206.7699384191576,1206.7699384191576,1206.7699384191576,1206.7699384191576,1206.7699384191576,1206.7699384191576,1206.7699384191576,1206.7699384191576,1206.7699384191576,1206.7699384191576,1206.7699384191576,1206.7699384191576,1206.7699384191576,1206.7699384191576,1206.7699384191576,1206.7699384191576,1206.7699384191576,1206.7699384191576,1206.7699384191576,1206.7699384191576,1206.7699384191576,1206.7699384191576,1206.7699384191576,1206.7699384191576,1206.7699384191576,1206.7699384191576,1206.7699384191576,1206.7699384191576,1206.7699384191576,1206.7699384191576,1206.7699384191576,1206.7699384191576,1206.7699384191576,1206.7699384191576,1206.7699384191576,1206.7699384191576,1206.7699384191576,1206.7699384191576,1206.7699384191576,1206.7699384191576,1206.7699384191576,1206.7699384191576,1206.7699384191576,1206.7699384191576,1206.7699384191576,1206.7699384191576,1206.7699384191576,1206.7699384191576,1206.7699384191576,1206.7699384191576,1206.7699384191576,1206.7699384191576,1206.7699384191576,1199.6153130933603,1199.6153130933603,1199.6153130933603,1199.6153130933603,1199.6153130933603,1199.6153130933603,1199.6153130933603,1196.5786976139332,1196.5786976139332,1196.5786976139332,1196.5786976139332,1196.5786976139332,1196.5786976139332,1196.5786976139332,1190.5037376445796,1190.5037376445796,1190.5037376445796,1190.5037376445796,1190.5037376445796,1190.5037376445796,1190.5037376445796,1190.5037376445796,1190.5037376445796,1190.5037376445796,1190.5037376445796,1190.5037376445796,1190.5037376445796,1190.5037376445796,1190.5037376445796,1190.5037376445796,1190.5037376445796,1190.5037376445796,1190.5037376445796,1190.5037376445796,1190.5037376445796,1190.5037376445796,1190.5037376445796,1190.5037376445796,1190.5037376445796,1190.5037376445796,1190.5037376445796,1190.5037376445796,1190.5037376445796,1190.5037376445796,1190.5037376445796,1190.5037376445796,1190.5037376445796,1190.5037376445796,1190.5037376445796,1190.5037376445796,1190.5037376445796,1190.5037376445796,1190.5037376445796,1190.5037376445796,1190.5037376445796,1190.5037376445796,1190.5037376445796,1190.5037376445796,1190.5037376445796,1190.5037376445796,1190.5037376445796,1190.5037376445796,1190.5037376445796,1190.5037376445796,1190.5037376445796,1190.5037376445796,1190.5037376445796,1190.5037376445796,1190.5037376445796,1190.5037376445796,1190.5037376445796,1190.5037376445796,1190.5037376445796,1190.5037376445796,1190.5037376445796,1190.5037376445796,1190.5037376445796,1190.5037376445796,1190.5037376445796,1190.5037376445796,1190.5037376445796,1190.5037376445796,1190.5037376445796,1190.5037376445796,1190.5037376445796,1190.5037376445796,1190.5037376445796,1190.5037376445796,1190.5037376445796,1190.5037376445796,1190.5037376445796,1190.5037376445796,1190.5037376445796,1190.5037376445796,1190.5037376445796,1190.5037376445796,1190.5037376445796,1190.5037376445796,1190.5037376445796,