{"front":[{"trucks":[[7,29,4,12,44,42,28,3],[15,6,20,37,32,30],[23,31,38,2,11],[10,16,43,24,26,18,39,9],[33,14,19,41,8,17,21,40],[5,34,45,25,22],[27,35,36,13]],"fuel":1720.1325465245536,"distance":1202.361429471362},{"trucks":[[22,25,45,34,6,15],[23,31,38,2,11],[10,16,43,24,26,18,39,9],[33,14,19,41,8,17,21,40],[36,35,27,3,13],[20,37,32,30,28,42],[5,7,44,12,4,29]],"fuel":1715.291016056719,"distance":1202.7754381882962},{"trucks":[[36,40,27,5,3,13],[33,14,19,41,8,17,21],[23,31,38,2,11],[35,25,34,45,7,22],[29,4,12,44,42,28,15],[9,39,18,26,24,43,16],[10,6,32,37,20,30]],"distance":1204.272853767152,"fuel":1700.897400867524}],"benchmark":"A-n45-k7","Optimal":1146}