{"front":[{"trucks":[[11,23,31,38,2],[10,6,20,37,30,32],[7,29,4,12,44,42,28],[22,25,45,34,15,13],[36,40,35,27,5,3],[9,39,18,26,24,43,16],[19,17,21,41,8,14,33]],"distance":1184.8935279416617,"fuel":1671.948419442011}],"benchmark":"A-n45-k7","Optimal":1146}