{"Optimal":1146,"benchmark":"A-n45-k7","front":[{"trucks":[[19,14,33,9,21,17,8,41],[10,23,31,38,2,43],[7,29,4,12,44,42,28,22],[15,20,37,30,32,6],[40,36,35,27,3,13],[5,25,34,45],[39,18,26,24,16,11]],"distance":1178.2165380034726,"fuel":1664.7675139259795},{"distance":1178.2660610742787,"fuel":1663.48551206442,"trucks":[[10,23,31,38,2,43],[6,32,20,37,30,15],[7,29,4,12,44,42,28,22],[40,36,35,27,3,13],[5,25,45,34],[19,14,33,9,39,21,17,8,41],[18,26,24,16,11]]}]}