{"Optimal":1146,"front":[{"fuel":1687.3046699958577,"distance":1190.5037376445796,"trucks":[[19,14,33,10,9,39,21,17,8,41],[7,29,4,12,44,42,28,22],[18,24,26,16,11],[34,30,32,20,37],[23,6,31,38,2,43],[36,40,35,27,3,13],[5,45,15,25]]}],"benchmark":"A-n45-k7"}