{"front":[{"distance":652.1901763043351,"fuel":912.4854080587975,"trucks":[[30,6,38,21,16,14,55,20,54],[34,2,44,23,29,22,37,48],[15,12,39,11,32],[40,10,26,51,19,25,50,24,42,43,52],[27,8,36,9,47,35,5,3],[18,41,13,33,45,4,17,7],[53,28,46,49,31]]},{"trucks":[[30,49,6,48,37,38,21,16,14,55],[18,41,33,45,4,50,25,19,24],[34,2,44,42,43,23,29,22],[12,39,11,32,13],[5,3,31,46,28,53,35],[52,7,17,40,10,26,51],[47,9,20,15,54,36,8,27]],"distance":667.2299492531725,"fuel":912.2308890932627}],"benchmark":"P-n55-k7","Optimal":568}