{"front":[{"fuel":902.3439942749667,"trucks":[[47,35,53,28,14,55,20,15,36],[41,10,26,51,19,33,45,4],[30,6,49,22,48,37,38,21,16],[54,12,39,11,32,40,13],[29,23,2,44,43,42,24,50,25,52],[7,5,31,3,34,17,18],[27,8,46,9]],"distance":643.4322616836258},{"distance":652.2570061300522,"trucks":[[29,22,37,48,6,16,21,38,30],[13,40,10,26,19,51,33,45,4],[5,28,53,14,55,20,15,54],[35,47,9,36,8,27,46,49,31],[7,34,2,44,42,43,23,3],[12,39,11,32],[18,52,41,25,50,24,17]],"fuel":902.0614392469435}],"Optimal":568,"benchmark":"P-n55-k7"}