{"Optimal":955,"benchmark":"B-n35-k5","front":[{"trucks":[[35,28,25,5,29,15,23],[9,32,26,22],[13,11,17,21,8,10,24,2],[16,31,6,12,20,3,33,14],[7,34,4,27,19,18,30]],"fuel":1372.8845352066244,"distance":963.6449181878191},{"trucks":[[35,28,25,5,29,15,23],[18,30,9],[13,21,8,10,17,11,24,2],[16,31,6,12,20,3,33,14],[22,26,32,7,34,4,27,19]],"distance":965.3556419348081,"fuel":1357.0288843998949},{"distance":966.8993115470698,"trucks":[[35,28,25,5,29,15,23],[18,30,9],[13,11,17,10,21,8,24,2],[16,31,6,12,20,3,33,14],[22,26,32,7,34,4,27,19]],"fuel":1356.9668240587243}]}