{"optimalDistance":735,"benchmark":"E-n76-k8","distanceSequence":[850.9328819622449,850.9328819622449,850.9328819622449,850.9328819622449,850.9328819622449,850.9328819622449,850.9328819622449,850.9328819622449,850.9328819622449,848.6391498268629,848.6391498268629,848.6391498268629,848.6391498268629,848.6391498268629,848.6391498268629,846.2876708396508,846.2876708396508,846.2876708396508,846.2876708396508,846.2876708396508,846.2876708396508,846.2876708396508,846.2876708396508,846.2876708396508,846.2876708396508,846.2876708396508,842.0990591404926,842.0990591404926,842.0990591404926,842.0990591404926,842.0990591404926,842.0990591404926,842.0990591404926,842.0990591404926,842.0990591404926,842.0990591404926,842.0990591404926,840.088850558884,840.088850558884,840.088850558884,840.088850558884,840.088850558884,840.088850558884,840.088850558884,840.088850558884,840.088850558884,840.088850558884,840.088850558884,840.088850558884,840.088850558884,840.088850558884,840.088850558884,840.088850558884,840.088850558884,839.6010375058307,839.6010375058307,839.6010375058307,839.6010375058307,839.6010375058307,839.6010375058307,839.6010375058307,839.6010375058307,839.6010375058307,839.6010375058307,839.6010375058307,839.6010375058307,839.6010375058307,839.3146698860735,839.3146698860735,839.3146698860735,839.3146698860735,839.3146698860735,839.3146698860735,839.3146698860735,839.3146698860735,839.3146698860735,839.3146698860735,839.3146698860735,839.3146698860735,839.3146698860735,839.3146698860735,839.3146698860735,839.3146698860735,839.3146698860735,839.3146698860735,839.3146698860735,839.3146698860735,839.3146698860735,839.3146698860735,839.3146698860735,839.3146698860735,839.3146698860735,839.3146698860735,839.3146698860735,839.3146698860735,839.3146698860735,839.3146698860735,839.3146698860735,839.3146698860735,839.3146698860735,839.3146698860735,839.3146698860735,839.3146698860735,839.3146698860735,839.3146698860735,839.3146698860735,839.3146698860735,839.3146698860735,839.3146698860735,839.3146698860735,839.3146698860735,839.3146698860735,839.3146698860735,839.3146698860735,839.3146698860735,839.3146698860735,839.3146698860735,839.3146698860735,839.3146698860735,839.3146698860735,839.3146698860735,839.3146698860735,839.3146698860735,839.3146698860735,839.3146698860735,839.3146698860735,839.3146698860735,839.3146698860735,839.3146698860735,839.3146698860735,839.3146698860735,839.3146698860735,839.3146698860735,839.3146698860735,839.3146698860735,839.3146698860735,839.3146698860735,839.3146698860735,839.3146698860735,839.3146698860735,839.3146698860735,839.3146698860735,839.3146698860735,839.3146698860735,839.3146698860735,839.3146698860735,839.3146698860735,839.3146698860735,839.3146698860735,839.3146698860735,839.3146698860735,839.3146698860735,839.3146698860735,839.3146698860735,839.3146698860735,839.3146698860735,839.3146698860735,839.3146698860735,839.3146698860735,839.3146698860735,839.3146698860735,839.3146698860735,839.3146698860735,839.3146698860735,839.3146698860735,839.3146698860735,839.3146698860735,839.3146698860735,839.3146698860735,839.3146698860735,839.3146698860735,839.3146698860735,839.3146698860735,839.3146698860735,839.3146698860735,839.3146698860735,839.3146698860735,839.3146698860735,839.3146698860735,839.3146698860735,839.3146698860735,839.3146698860735,839.3146698860735,839.3146698860735,839.3146698860735,839.3146698860735,839.3146698860735,839.3146698860735,839.3146698860735,839.3146698860735,839.3146698860735,839.3146698860735,839.3146698860735,839.3146698860735,839.3146698860735,839.3146698860735,839.3146698860735,839.3146698860735,839.3146698860735,839.3146698860735,839.3146698860735,839.3146698860735,839.3146698860735,839.3146698860735,839.3146698860735,839.3146698860735,839.3146698860735,839.3146698860735,839.3146698860735,839.3146698860735,839.3146698860735,839.3146698860735,839.3146698860735,839.3146698860735,839.3146698860735,839.3146698860735,839.3146698860735,839.3146698860735,839.3146698860735,839.3146698860735,839.3146698860735,839.3146698860735,839.3146698860735,839.3146698860735,839.3146698860735,839.3146698860735,839.3146698860735,839.3146698860735,839.3146698860735,839.3146698860735,839.3146698860735,839.3146698860735,839.3146698860735,839.3146698860735,839.3146698860735,839.3146698860735,839.3146698860735,839.3146698860735,839.3146698860735,839.3146698860735,839.3146698860735,839.3146698860735,839.3146698860735,839.3146698860735,839.3146698860735,839.3146698860735,839.3146698860735,839.3146698860735,839.3146698860735,839.3146698860735,839.3146698860735,839.3146698860735,839.3146698860735,839.3146698860735,839.3146698860735,839.3146698860735,839.3146698860735,839.3146698860735,839.3146698860735,839.3146698860735,839.3146698860735,839.3146698860735,839.3146698860735,839.3146698860735,839.3146698860735,839.3146698860735,839.3146698860735,839.3146698860735,839.3146698860735,839.3146698860735,839.3146698860735,839.3146698860735,839.3146698860735,839.3146698860735,839.3146698860735,839.3146698860735,839.3146698860735,839.3146698860735,839.3146698860735,839.3146698860735,839.3146698860735,839.3146698860735,839.3146698860735,839.3146698860735,839.3146698860735,839.3146698860735,839.3146698860735,839.3146698860735,839.3146698860735,839.3146698860735,839.3146698860735,839.3146698860735,839.3146698860735,839.3146698860735,839.3146698860735,839.3146698860735,839.3146698860735,839.3146698860735,839.3146698860735,839.3146698860735,839.3146698860735,839.3146698860735,839.3146698860735,839.3146698860735,839.3146698860735,839.3146698860735,839.3146698860735,839.3146698860735,839.3146698860735,839.3146698860735,839.3146698860735,839.3146698860735,839.3146698860735,839.3146698860735,838.4917766223575,838.4917766223575,838.4917766223575,838.4917766223575,838.4917766223575,838.4917766223575,838.4917766223575,838.4917766223575,838.4917766223575,838.4917766223575,838.4917766223575,838.4917766223575,838.4917766223575,838.4917766223575,838.4917766223575,838.4917766223575,838.4917766223575,838.4917766223575,838.4917766223575,838.4917766223575,838.4917766223575,838.4917766223575,838.4917766223575,838.4917766223575,838.4917766223575,838.4917766223575,838.3204201879929,838.3204201879929,838.3204201879929,838.3204201879929,838.3204201879929,838.3204201879929,838.3204201879929,838.3204201879929,838.3204201879929,838.3204201879929,838.3204201879929,838.3204201879929,838.3204201879929,838.3204201879929,838.3204201879929,838.3204201879929,838.3204201879929,838.3204201879929,838.3204201879929,838.3204201879929,838.3204201879929,838.3204201879929,838.3204201879929,838.3204201879929,838.3204201879929,838.3204201879929,838.3204201879929,838.3204201879929,838.3204201879929,838.3204201879929,838.3204201879929,838.3204201879929,838.3204201879929,838.3204201879929,838.3204201879929,838.3204201879929,838.3204201879929,838.3204201879929,838.3204201879929,838.3204201879929,837.0084643402818,837.0084643402818,837.0084643402818,837.0084643402818,837.0084643402818,837.0084643402818,837.0084643402818,837.0084643402818,837.0084643402818,837.0084643402818,837.0084643402818,837.0084643402818,837.0084643402818,837.0084643402818,837.0084643402818,837.0084643402818,837.0084643402818,837.0084643402818,837.0084643402818,836.837107905917,836.837107905917,836.837107905917,832.6357647178007,832.6357647178007,832.6357647178007,832.6357647178007,832.6357647178007,832.6357647178007,832.6357647178007,832.6357647178007,832.3860877145345,832.3860877145345,832.3860877145345,829.6805201513049,829.6805201513049,827.5254923361413,827.5254923361413,827.5254923361413,827.5254923361413,827.5254923361413,827.5254923361413,827.5254923361413,827.5254923361413,827.5254923361413,827.4487056365101,827.4487056365101,827.4487056365101,827.4487056365101,827.4487056365101,827.4487056365101,826.9608925834568,826.9608925834568,826.9608925834568,826.9608925834568,826.9608925834568,826.9608925834568,826.9608925834568,826.9608925834568,825.8280930360831,825.8280930360831,825.8280930360831,