{"benchmark":"E-n76-k8","front":[{"trucks":[[6,48,22,70,37,38,72,61,71,21,16,58],[8,54,12,67,60,15,36],[63,74,2,44,42,43,65,23,62,29,75],[52,17,64,24,57,50,25,19,56,26,51,13],[5,46,30,49,31,3,34,7],[35,47,9,20,55,14,28,53,69,76],[18,41,4,45,33,10,40,73,27],[68,39,66,32,11,59]],"fuel":1140.057032214069,"distance":792.4911353738112},{"trucks":[[6,48,22,70,37,38,72,61,71,21,58,16],[8,54,12,67,60,15,36],[63,74,2,44,42,43,65,23,62,29,75],[52,17,64,24,57,50,25,19,56,26,51,13],[5,46,30,49,31,3,34,7],[35,47,9,20,55,14,28,53,69,76],[18,41,4,45,33,10,40,73,27],[68,59,11,32,66,39]],"fuel":1136.880826034658,"distance":795.3083225505649},{"trucks":[[6,48,22,70,37,38,72,61,71,21,58,16],[8,54,12,67,60,15,36],[63,74,2,44,42,43,65,23,62,29,75],[52,17,64,24,57,50,25,19,51,56,26,13],[5,46,30,49,31,3,34,7],[35,47,9,20,55,14,28,53,69,76],[18,41,4,45,33,10,40,73,27],[68,59,11,32,66,39]],"fuel":1134.748441416005,"distance":795.480586382116}],"Optimal":735}