{"optimalDistance":521,"fuelSequence":[846.1799513573606,846.1799513573606,846.1799513573606,846.1799513573606,845.3501014926693,845.3501014926693,845.3501014926693,841.1233822338008,841.1233822338008,841.1233822338008,832.1270069470941,832.1270069470941,832.1270069470941,832.1270069470941,832.1270069470941,832.1270069470941,832.1270069470941,832.1270069470941,831.6106348129053,831.6106348129053,831.6106348129053,831.6106348129053,831.6106348129053,831.6106348129053,831.6106348129053,831.6106348129053,827.0704378235343,827.0704378235343,827.0704378235343,827.0704378235343,827.0704378235343,827.0704378235343,827.0704378235343,827.0704378235343,826.5118409272496,826.5118409272496,826.5118409272496,826.5118409272496,826.5118409272496,826.5118409272496,826.5118409272496,826.5118409272496,826.5118409272496,826.5118409272496,826.5118409272496,825.9954687930609,825.9954687930609,825.9954687930609,825.9954687930609,825.9954687930609,825.9954687930609,825.9954687930609,825.9954687930609,825.9954687930609,825.9954687930609,825.9954687930609,825.9954687930609,825.9954687930609,825.9954687930609,825.9954687930609,825.9954687930609,825.9954687930609,825.9954687930609,825.9954687930609,825.9954687930609,825.9954687930609,825.9954687930609,825.9954687930609,825.9954687930609,825.9954687930609,825.9954687930609,825.9954687930609,825.9954687930609,825.9954687930609,825.9954687930609,825.9954687930609,825.9954687930609,825.9954687930609,825.9954687930609,825.9954687930609,825.9954687930609,825.9954687930609,825.9954687930609,825.9954687930609,825.9954687930609,823.4605458213472,823.4605458213472,823.4605458213472,823.4605458213472,823.4605458213472,823.4605458213472,823.4605458213472,823.4605458213472,823.4605458213472,823.4605458213472,823.4605458213472,823.4605458213472,823.1200289059947,823.1200289059947,823.1200289059947,823.1200289059947,823.1200289059947,823.1200289059947,823.1200289059947,823.1200289059947,823.1200289059947,823.1200289059947,823.1200289059947,823.1200289059947,823.1200289059947,823.1200289059947,823.1200289059947,823.1200289059947,823.1200289059947,823.1200289059947,823.1200289059947,823.1200289059947,823.1200289059947,823.1200289059947,823.1200289059947,823.1200289059947,823.1200289059947,823.1200289059947,823.1200289059947,823.1200289059947,823.1200289059947,823.1200289059947,823.1200289059947,823.1200289059947,823.1200289059947,823.1200289059947,823.1200289059947,823.1200289059947,823.1200289059947,823.1200289059947,823.1200289059947,823.1200289059947,823.1200289059947,823.1200289059947,823.1200289059947,823.1200289059947,823.1200289059947,823.1200289059947,823.1200289059947,823.1200289059947,823.1200289059947,823.1200289059947,823.1200289059947,823.1200289059947,823.1200289059947,823.1200289059947,823.1200289059947,823.1200289059947,823.1200289059947,823.1200289059947,812.5535412098128,812.5535412098128,812.5535412098128,812.5535412098128,812.5535412098128,812.5535412098128,812.5535412098128,812.5535412098128,812.5535412098128,807.3427185212346,807.3427185212346,807.3427185212346,807.3427185212346,807.3427185212346,807.3427185212346,807.3427185212346,807.3427185212346,807.3427185212346,807.3427185212346,807.3427185212346,807.3427185212346,807.3427185212346,807.3427185212346,807.3427185212346,807.3427185212346,807.3427185212346,807.3427185212346,807.3427185212346,807.3427185212346,807.3427185212346,807.3427185212346,807.3427185212346,807.3427185212346,807.3427185212346,807.3427185212346,807.3427185212346,807.3427185212346,807.3427185212346,807.3427185212346,807.3427185212346,807.3427185212346,807.3427185212346,807.3427185212346,807.3427185212346,807.3427185212346,807.3427185212346,807.3427185212346,807.3427185212346,807.3427185212346,807.3427185212346,807.3427185212346,807.3427185212346,807.3427185212346,807.3427185212346,807.3427185212346,807.3427185212346,807.3427185212346,807.3427185212346,807.3427185212346,807.3427185212346,807.3427185212346,807.3427185212346,807.3427185212346,807.3427185212346,807.3427185212346,807.3427185212346,807.3427185212346,807.3427185212346,807.3427185212346,807.3427185212346,807.3427185212346,807.3427185212346,807.3427185212346,807.3427185212346,807.3427185212346,807.3427185212346,807.3427185212346,807.3427185212346,807.3427185212346,807.3427185212346,807.3427185212346,807.3427185212346,807.3427185212346,807.3427185212346,807.3427185212346,807.3427185212346,807.3427185212346,807.3427185212346,807.3427185212346,807.3427185212346,807.3427185212346,807.3427185212346,807.3427185212346,807.3427185212346,807.3427185212346,807.3427185212346,807.3427185212346,807.3427185212346,807.3427185212346,807.3427185212346,807.3427185212346,807.3427185212346,807.3427185212346,807.3427185212346,807.3427185212346,807.3427185212346,807.3427185212346,807.3427185212346,807.3427185212346,807.3427185212346,807.3427185212346,807.3427185212346,807.3427185212346,807.3427185212346,807.3427185212346,807.3427185212346,807.3427185212346,807.3427185212346,807.3427185212346,807.3427185212346,807.3427185212346,807.3427185212346,807.3427185212346,807.3427185212346,807.3427185212346,807.3427185212346,807.3427185212346,807.3427185212346,807.3427185212346,807.3427185212346,807.3427185212346,807.3427185212346,807.3427185212346,807.3427185212346,807.3427185212346,807.3427185212346,807.3427185212346,807.3427185212346,807.3427185212346,807.3427185212346,807.3427185212346,807.3427185212346,807.3427185212346,807.3427185212346,807.3427185212346,807.3427185212346,807.3427185212346,807.3427185212346,807.3427185212346,807.3427185212346,807.3427185212346,807.3427185212346,807.3427185212346,807.3427185212346,807.3427185212346,807.3427185212346,807.3427185212346,807.3427185212346,807.3427185212346,807.3427185212346,807.3427185212346,807.3427185212346,807.3427185212346,807.3427185212346,807.3427185212346,807.3427185212346,807.3427185212346,807.3427185212346,807.3427185212346,807.3427185212346,807.3427185212346,807.3427185212346,807.3427185212346,807.3427185212346,807.3427185212346,807.3427185212346,807.3427185212346,807.3427185212346,807.3427185212346,807.3427185212346,807.3427185212346,807.3427185212346,807.3427185212346,807.3427185212346,807.3427185212346,807.3427185212346,807.3427185212346,807.3427185212346,807.3427185212346,807.3427185212346,807.3427185212346,807.3427185212346,807.3427185212346,807.3427185212346,807.3427185212346,807.3427185212346,807.3427185212346,807.3427185212346,807.3427185212346,807.3427185212346,807.3427185212346,807.3427185212346,807.3427185212346,807.3427185212346,807.3427185212346,807.3427185212346,807.3427185212346,807.3427185212346,807.3427185212346,807.3427185212346,807.3427185212346,807.3427185212346,807.3427185212346,807.3427185212346,807.3427185212346,807.3427185212346,807.3427185212346,807.3427185212346,807.3427185212346,807.3427185212346,807.3427185212346,807.3427185212346,807.3427185212346,807.3427185212346,807.3427185212346,807.3427185212346,807.3427185212346,807.3427185212346,807.3427185212346,807.3427185212346,807.3427185212346,807.3427185212346,807.3427185212346,807.3427185212346,807.3427185212346,807.3427185212346,807.3427185212346,807.3427185212346,807.3427185212346,807.3427185212346,807.3427185212346,807.3427185212346,807.3427185212346,807.3427185212346,807.3427185212346,807.3427185212346,807.3427185212346,807.3427185212346,807.3427185212346,807.3427185212346,807.3427185212346,807.3427185212346,807.3427185212346,807.3427185212346,807.3427185212346,807.3427185212346,807.3427185212346,807.3427185212346,807.3427185212346,807.3427185212346,807.3427185212346,807.3427185212346,807.3427185212346,807.3427185212346,807.3427185212346,807.3427185212346,807.3427185212346,807.3427185212346,807.3427185212346,807.3427185212346,807.3427185212346,807.3427185212346,807.3427185212346,807.3427185212346,807.3427185212346,807.3427185212346,807.3427185212346,807.3427185212346,807.3427185212346,807.3427185212346,807.3427185212346,807.3427185212346,807.3427185212346,807.3427185212346,807.3427185212346,807.3427185212346,807.3427185212346,