{"optimalDistance":788,"distanceSequence":[813.9284845261078,813.9284845261078,813.9284845261078,813.9284845261078,813.9284845261078,813.9284845261078,813.9284845261078,813.9284845261078,813.9284845261078,813.9284845261078,805.4713960204402,805.4713960204402,805.4713960204402,805.4713960204402,805.4713960204402,805.4713960204402,805.4713960204402,805.4713960204402,805.4713960204402,805.4713960204402,805.4713960204402,805.4713960204402,805.4713960204402,805.4713960204402,805.4713960204402,805.4713960204402,805.4713960204402,805.4713960204402,805.4713960204402,805.4713960204402,805.4713960204402,805.4713960204402,805.4713960204402,805.4713960204402,805.4713960204402,805.4713960204402,805.4713960204402,805.4713960204402,805.4713960204402,805.4713960204402,805.4713960204402,805.4713960204402,805.4713960204402,805.4713960204402,805.4713960204402,805.4713960204402,805.4713960204402,805.4713960204402,805.4713960204402,805.4713960204402,805.4713960204402,805.4713960204402,805.4713960204402,805.4713960204402,805.4713960204402,805.4713960204402,805.4713960204402,805.4713960204402,805.4713960204402,805.4713960204402,805.4713960204402,805.4713960204402,805.4713960204402,804.0148124360896,804.0148124360896,804.0148124360896,804.0148124360896,804.0148124360896,804.0148124360896,804.0148124360896,804.0148124360896,804.0148124360896,804.0148124360896,804.0148124360896,804.0148124360896,804.0148124360896,804.0148124360896,804.0148124360896,804.0148124360896,804.0148124360896,804.0148124360896,804.0148124360896,802.9100870123264,802.9100870123264,802.9100870123264,802.9100870123264,802.9100870123264,802.9100870123264,802.9100870123264,802.9100870123264,802.9100870123264,802.9100870123264,802.9100870123264,802.9100870123264,802.9100870123264,802.9100870123264,802.9100870123264,802.9100870123264,802.9100870123264,802.9100870123264,802.9100870123264,802.9100870123264,802.9100870123264,802.9100870123264,802.9100870123264,802.9100870123264,802.9100870123264,802.9100870123264,802.9100870123264,802.9100870123264,802.9100870123264,802.9100870123264,802.9100870123264,802.9100870123264,802.9100870123264,802.9100870123264,802.9100870123264,802.9100870123264,802.9100870123264,802.9100870123264,802.9100870123264,802.9100870123264,802.9100870123264,802.9100870123264,802.9100870123264,802.9100870123264,802.9100870123264,802.9100870123264,802.9100870123264,802.9100870123264,800.8412156901001,800.8412156901001,800.8412156901001,800.8412156901001,800.8412156901001,800.8412156901001,800.8412156901001,800.8412156901001,800.8412156901001,800.8412156901001,800.8412156901001,800.8412156901001,800.8412156901001,800.8412156901001,800.8412156901001,800.8412156901001,800.8412156901001,800.8412156901001,800.8412156901001,800.8412156901001,800.8412156901001,800.8412156901001,800.8412156901001,800.8412156901001,800.8412156901001,800.8412156901001,800.8412156901001,800.8412156901001,800.8412156901001,800.8412156901001,800.8412156901001,800.8412156901001,800.8412156901001,800.8412156901001,800.8412156901001,800.8412156901001,800.8412156901001,800.8412156901001,800.8412156901001,800.8412156901001,800.8412156901001,800.8412156901001,800.8412156901001,800.8412156901001,800.8412156901001,800.8412156901001,800.8412156901001,800.8412156901001,800.8412156901001,800.8412156901001,800.8412156901001,800.8412156901001,800.8412156901001,800.8412156901001,800.8412156901001,800.8412156901001,800.8412156901001,800.8412156901001,800.8412156901001,800.8412156901001,800.8412156901001,800.8412156901001,800.8412156901001,800.8412156901001,800.8412156901001,800.8412156901001,800.8412156901001,800.8412156901001,800.4796825025717,800.4796825025717,800.4796825025717,800.4796825025717,800.4796825025717,800.4796825025717,800.4796825025717,800.4796825025717,800.4796825025717,800.4796825025717,800.4796825025717,800.4796825025717,800.4796825025717,800.4796825025717,800.4796825025717,800.4796825025717,800.4796825025717,800.4796825025717,800.4796825025717,800.4796825025717,799.2765380135788,799.2765380135788,799.2765380135788,799.2765380135788,799.2765380135788,799.2765380135788,799.2765380135788,799.2765380135788,799.2765380135788,799.2765380135788,797.5728153236308,797.5728153236308,797.5728153236308,797.5728153236308,797.5728153236308,797.5728153236308,797.5728153236308,797.5728153236308,797.5728153236308,797.5728153236308,797.5728153236308,797.5728153236308,797.4394998206783,797.4394998206783,797.4394998206783,797.4394998206783,797.4394998206783,797.4394998206783,797.4394998206783,797.4394998206783,797.4394998206783,797.4394998206783,797.4394998206783,797.4394998206783,797.4394998206783,797.4394998206783,797.4394998206783,797.4394998206783,797.4394998206783,797.4394998206783,797.4394998206783,797.4394998206783,797.4394998206783,797.4394998206783,794.4356812203794,794.4356812203794,794.4356812203794,794.4356812203794,794.4356812203794,794.4356812203794,794.4356812203794,794.4356812203794,794.4356812203794,794.4356812203794,794.4356812203794,794.4356812203794,794.4356812203794,794.4356812203794,794.4356812203794,794.4356812203794,794.4356812203794,794.4356812203794,794.4356812203794,794.4356812203794,794.4356812203794,794.4356812203794,794.4356812203794,794.4356812203794,794.4356812203794,794.4356812203794,794.4356812203794,794.4356812203794,794.4356812203794,789.8484741078571,789.8484741078571,789.8484741078571,789.8484741078571,789.8484741078571,789.8484741078571,789.8484741078571,789.8484741078571,789.8484741078571,789.8484741078571,789.8484741078571,789.8484741078571,789.8484741078571,789.8484741078571,789.8484741078571,789.8484741078571,789.8484741078571,789.8484741078571,789.8484741078571,789.8484741078571,789.8484741078571,789.8484741078571,789.8484741078571,789.8484741078571,789.8484741078571,789.8484741078571,789.8484741078571,789.8484741078571,789.8484741078571,789.8484741078571,789.8484741078571,789.8484741078571,789.8484741078571,789.8484741078571,789.8484741078571,789.8484741078571,789.8484741078571,789.8484741078571,789.8484741078571,789.8484741078571,789.8484741078571,789.8484741078571,789.8484741078571,789.8484741078571,789.8484741078571,789.8484741078571,789.8484741078571,789.8484741078571,789.8484741078571,789.8484741078571,789.8484741078571,789.8484741078571,789.8484741078571,789.8484741078571,789.8484741078571,789.8484741078571,789.8484741078571,789.8484741078571,789.8484741078571,789.8484741078571,789.8484741078571,789.8484741078571,789.8484741078571,789.8484741078571,789.8484741078571,789.8484741078571,789.8484741078571,789.8484741078571,789.8484741078571,789.8484741078571,789.8484741078571,789.8484741078571,789.8484741078571,789.8484741078571,789.8484741078571,789.8484741078571,789.8484741078571,789.8484741078571,789.8484741078571,789.8484741078571,789.8484741078571,789.8484741078571,789.8484741078571,789.8484741078571,789.8484741078571,789.8484741078571,789.8484741078571,789.8484741078571,789.8484741078571,789.8484741078571,789.8484741078571,789.8484741078571,789.8484741078571,789.8484741078571,789.8484741078571,789.8484741078571,789.8484741078571,789.8484741078571,789.8484741078571,789.8484741078571,789.8484741078571,789.8484741078571,789.8484741078571,789.8484741078571,789.8484741078571,789.8484741078571,789.8484741078571,789.8484741078571,789.8484741078571,789.8484741078571,789.8484741078571,789.8484741078571,789.8484741078571,789.8484741078571,789.8484741078571,789.8484741078571,789.8484741078571,789.8484741078571,789.8484741078571,789.8484741078571,789.8484741078571,789.8484741078571,789.8484741078571,789.8484741078571,789.8484741078571,789.8484741078571,789.8484741078571,789.8484741078571,789.8484741078571,789.8484741078571,789.8484741078571,789.8484741078571,789.8484741078571,789.8484741078571,789.8484741078571,789.8484741078571,789.8484741078571,789.8484741078571,789.8484741078571,789.8484741078571,789.8484741078571,789.8484741078571,789.8484741078571,789.8484741078571,789.8484741078571,789.8484741078571,789.8484741078571,789.8484741078571,789.8484741078571,789.8484741078571,789.8484741078571,