{"front":[{"distance":794.0370062068247,"fuel":1123.944762633533,"trucks":[[2,20,19,15,25,30,28,4],[6,7,26,18,32,29,14,16],[21,5,8,22,3,31,12],[23,33,34,11,24,13],[17,10,27,9]]}],"benchmark":"B-n34-k5","Optimal":788}