{"benchmark":"P-n50-k8","front":[{"distance":670.7265230322574,"trucks":[[30,6,37,38,21,16,14,28],[18,41,33,45,4,50,24],[11,39,12,15],[46,49,48,22,29],[40,10,26,19,25,17],[7,34,2,44,42,43,23],[35,47,9,20,36,8,27],[5,31,3,13,32]],"fuel":936.094690267169}],"Optimal":631}