{"Optimal":792,"front":[{"distance":864.3759405820703,"fuel":1202.812460427146,"trucks":[[47,35,53,28,14,55,20],[7,34,64,17,52,3],[18,41,10,32,13],[27,59,11,39,12],[22,48,37,38,21,61,16,58],[45,4,33,51,19,56,26,40],[8,9,36,15,60,54],[2,44,43,42,57,24,50,25],[29,62,65,23,63],[5,31,46,30,6,49]]}],"benchmark":"P-n65-k10"}