{"front":[{"distance":889.4980708440258,"fuel":1248.7001147131352,"trucks":[[41,33,45,4,50,25,24],[8,54,12,60,15],[51,19,56,26,10,40,32],[35,47,9,20,55,14,58,16],[18,13,59,11,39,36],[43,42,44,2,57,65,23],[49,6,61,21,38,37,48],[3,63,29,62,22,30],[5,31,46,28,53,27],[7,34,64,17,52]]},{"distance":889.8161037503552,"fuel":1247.7861495129291,"trucks":[[41,33,45,4,50,25,24],[8,54,12,60,15],[51,19,56,26,10,40,32],[35,47,9,20,55,14,58,16],[18,13,59,11,39,36],[43,42,44,2,23,65,57],[49,6,61,21,38,37,48],[3,63,29,62,22,30],[5,31,46,28,53,27],[7,34,64,17,52]]}],"Optimal":792,"benchmark":"P-n65-k10"}