{"front":[{"distance":887.3961072445925,"fuel":1257.1318036954754,"trucks":[[36,12,39,11,32],[33,51,19,56,26,10,40],[29,62,22,48,37,38,61],[2,44,43,42,24,57,25,50],[31,49,6,16,58,21,30],[47,35,53,28,14,55,20],[52,45,4,17,64,65,23,63],[5,46,3,34,7],[9,15,60,54,8,59],[18,41,13,27]]},{"distance":889.5925509781455,"fuel":1228.3867960017742,"trucks":[[63,23,2,44,43,42,57,24],[31,49,48,37,38,21,61],[46,30,6,16,58,14,55,20,36],[10,40,59,11,39],[3,29,22,62,65],[8,54,15,60,12],[5,28,53,35,47,9],[33,45,4,50,25,19,51],[13,18,7,52,17,64,34],[27,41,26,56,32]]}],"benchmark":"P-n65-k10","Optimal":792}