{"benchmark":"P-n65-k10","front":[{"trucks":[[54,15,60,12,36],[40,10,26,56,19,51,25],[52,17,64,24,57,42,43,44,50],[7,3,34,2,65,23],[31,22,62,29,63],[49,48,37,61,21,38,16,58],[47,35,9,46,6,30],[18,13,41,33,45,4],[5,28,53,14,55,20,27],[8,11,39,32,59]],"distance":888.7140756181446,"fuel":1239.2280884405582}],"Optimal":792}