{"benchmark":"P-n65-k10","front":[{"fuel":1261.8610851502342,"distance":886.5724869982555,"trucks":[[34,64,24,57,42,43,44,23],[54,15,60,12,36],[47,9,20,55,14,28,53],[45,4,33,51,19,56,26,40],[8,39,11,59,32,13],[22,48,37,61,21,38,6],[18,41,10,25,50,52],[31,49,46,30,16,58,35],[63,29,62,65,2,17],[27,5,7,3]]},{"fuel":1257.6173478391208,"distance":889.281729896887,"trucks":[[45,4,33,51,19,56,26,40],[18,41,10,25,50,52],[27,59,11,39,32,13],[22,48,37,61,21,38,6],[31,49,46,30,16,58,35,36],[34,64,24,57,42,43,44,23],[47,9,20,55,14,28,53],[63,29,62,65,2,17],[5,7,3],[8,15,60,54,12]]}],"Optimal":792}