{"benchmark":"P-n55-k10","optimalDistance":694,"distanceSequence":[754.0027628961717,753.8314064618071,753.8314064618071,753.6508809708608,753.6508809708608,753.6508809708608,753.6508809708608,750.1645862397363,750.1645862397363,750.1645862397363,750.1645862397363,747.9950609738866,747.9950609738866,747.9950609738866,747.9950609738866,747.9950609738866,747.9950609738866,747.9950609738866,747.9950609738866,747.9950609738866,747.9950609738866,746.8884382334246,746.8884382334246,746.8884382334246,746.8884382334246,746.8884382334246,746.8884382334246,746.8884382334246,746.8884382334246,746.207078971216,746.207078971216,746.207078971216,746.207078971216,746.207078971216,744.3908053843257,743.6650776255935,743.6650776255935,743.6650776255935,743.6650776255935,743.6650776255935,743.6650776255935,743.6650776255935,743.6650776255935,743.6650776255935,743.6650776255935,743.6650776255935,743.6650776255935,743.6650776255935,743.6650776255935,743.6650776255935,743.6650776255935,743.6650776255935,743.6650776255935,743.6650776255935,743.6650776255935,743.6650776255935,743.6650776255935,743.6650776255935,743.6650776255935,743.6650776255935,743.6650776255935,743.6650776255935,743.6650776255935,743.6650776255935,743.6650776255935,743.6650776255935,743.6650776255935,743.6650776255935,743.6650776255935,743.6650776255935,743.6650776255935,743.6650776255935,743.6650776255935,743.6650776255935,743.6650776255935,743.6650776255935,743.6650776255935,743.6650776255935,743.6650776255935,743.6650776255935,743.6650776255935,743.6650776255935,743.6650776255935,743.6650776255935,743.6650776255935,743.6650776255935,743.6650776255935,743.6650776255935,743.6650776255935,743.6650776255935,743.6650776255935,743.6650776255935,743.6650776255935,743.6650776255935,743.6650776255935,743.6650776255935,743.6650776255935,743.6650776255935,743.6650776255935,743.6650776255935,743.6650776255935,743.6650776255935,743.6650776255935,743.6650776255935,743.6650776255935,743.6650776255935,743.6650776255935,743.6650776255935,743.6650776255935,743.6650776255935,743.6650776255935,743.6650776255935,743.6650776255935,743.6650776255935,743.6650776255935,743.6650776255935,743.6650776255935,743.6650776255935,743.6650776255935,743.6650776255935,743.6650776255935,743.6650776255935,743.6650776255935,743.6650776255935,743.6650776255935,743.6650776255935,743.6650776255935,743.6650776255935,743.6650776255935,743.6650776255935,743.6650776255935,743.6650776255935,743.6650776255935,743.6650776255935,743.6650776255935,743.6650776255935,743.6650776255935,743.6650776255935,743.6650776255935,743.6650776255935,743.6650776255935,743.6650776255935,743.6650776255935,743.6650776255935,743.6650776255935,743.6650776255935,743.6650776255935,743.6650776255935,743.6650776255935,743.6650776255935,743.6650776255935,743.6650776255935,743.6650776255935,743.6650776255935,743.6650776255935,743.6650776255935,743.6650776255935,743.6650776255935,743.6650776255935,743.6650776255935,743.6650776255935,743.6650776255935,743.6650776255935,743.6650776255935,743.6650776255935,743.6650776255935,743.6650776255935,743.6650776255935,743.6650776255935,743.6650776255935,743.6650776255935,743.6650776255935,743.6650776255935,743.6650776255935,743.6650776255935,743.6650776255935,743.6650776255935,743.6650776255935,743.6650776255935,743.6650776255935,743.6650776255935,743.6650776255935,743.6650776255935,743.6650776255935,743.6650776255935,743.6650776255935,743.6650776255935,743.6650776255935,743.6650776255935,743.6650776255935,743.6650776255935,743.6650776255935,743.6650776255935,743.6650776255935,743.6650776255935,743.6650776255935,743.6650776255935,743.6650776255935,743.6650776255935,743.6650776255935,743.6650776255935,743.6650776255935,743.6650776255935,743.6650776255935,743.6650776255935,743.6650776255935,743.6650776255935,743.6650776255935,743.6650776255935,743.6650776255935,743.6650776255935,743.6650776255935,743.6650776255935,743.6650776255935,743.6650776255935,743.6650776255935,743.6650776255935,743.6650776255935,743.6650776255935,743.6650776255935,743.6650776255935,743.6650776255935,743.6650776255935,743.6650776255935,743.6650776255935,743.6650776255935,743.6650776255935,743.6650776255935,743.6650776255935,743.6650776255935,743.6650776255935,743.6650776255935,743.6650776255935,743.6650776255935,743.6650776255935,743.6650776255935,743.6650776255935,743.6650776255935,743.6650776255935,743.6650776255935,743.6650776255935,743.6650776255935,743.6650776255935,743.6650776255935,743.6650776255935,743.6650776255935,743.6650776255935,743.6650776255935,743.6650776255935,742.983718363385,742.983718363385,742.983718363385,742.983718363385,742.983718363385,742.983718363385,742.983718363385,742.983718363385,742.983718363385,742.983718363385,742.983718363385,742.983718363385,742.983718363385,742.983718363385,742.983718363385,742.983718363385,742.983718363385,742.983718363385,742.983718363385,742.983718363385,742.983718363385,742.983718363385,742.983718363385,742.983718363385,742.983718363385,742.983718363385,742.983718363385,742.983718363385,742.983718363385,742.983718363385,742.983718363385,742.983718363385,742.983718363385,742.983718363385,742.983718363385,742.983718363385,742.983718363385,742.983718363385,742.983718363385,742.983718363385,742.983718363385,742.983718363385,742.983718363385,742.983718363385,742.983718363385,742.983718363385,742.983718363385,742.983718363385,742.983718363385,742.983718363385,742.983718363385,742.983718363385,742.983718363385,742.983718363385,742.983718363385,742.983718363385,742.983718363385,742.983718363385,742.983718363385,742.983718363385,742.983718363385,742.983718363385,742.983718363385,742.983718363385,742.983718363385,742.983718363385,742.983718363385,742.983718363385,742.983718363385,742.983718363385,742.983718363385,742.983718363385,742.983718363385,742.983718363385,742.983718363385,742.983718363385,742.983718363385,742.983718363385,742.983718363385,742.983718363385,742.983718363385,742.983718363385,742.983718363385,742.983718363385,742.983718363385,742.983718363385,742.983718363385,742.983718363385,742.983718363385,742.983718363385,742.983718363385,742.983718363385,742.983718363385,742.983718363385,742.983718363385,742.983718363385,742.983718363385,742.983718363385,742.983718363385,742.983718363385,742.983718363385,742.983718363385,742.983718363385,742.983718363385,742.983718363385,742.983718363385,742.983718363385,742.983718363385,742.983718363385,742.983718363385,742.983718363385,742.983718363385,742.983718363385,742.983718363385,742.983718363385,742.983718363385,742.983718363385,742.983718363385,742.983718363385,742.983718363385,742.983718363385,742.983718363385,742.983718363385,742.983718363385,742.983718363385,742.983718363385,742.983718363385,742.983718363385,742.983718363385,742.983718363385,742.983718363385,742.983718363385,742.983718363385,742.983718363385,742.983718363385,742.983718363385,742.983718363385,742.983718363385,742.983718363385,742.983718363385,742.983718363385,742.983718363385,742.983718363385,742.983718363385,742.983718363385,742.983718363385,742.983718363385,742.983718363385,742.983718363385,742.983718363385,742.983718363385,742.983718363385,742.983718363385,742.983718363385,742.983718363385,742.983718363385,742.983718363385,742.983718363385,742.983718363385,742.983718363385,742.983718363385,742.983718363385,742.983718363385,742.983718363385,742.983718363385,742.983718363385,742.983718363385,742.983718363385,742.983718363385,742.983718363385,742.983718363385,742.983718363385,742.983718363385,742.983718363385,742.983718363385,742.983718363385,742.983718363385,742.983718363385,742.983718363385,742.983718363385,742.983718363385,742.983718363385,742.983718363385,742.983718363385,742.983718363385,742.983718363385,742.983718363385,742.983718363385,742.983718363385,742.983718363385,742.983718363385,742.983718363385,742.983718363385,742.983718363385,742.983718363385,742.983718363385,742.983718363385,742.983718363385,742.983718363385,742.983718363385,742.983718363385,742.983718363385,742.983718363385,