{"optimalDistance":1073,"benchmark":"A-n55-k9","distanceSequence":[1268.180784730585,1268.180784730585,1268.180784730585,1267.1133335410555,1267.1133335410555,1267.1133335410555,1257.5394317603382,1257.5394317603382,1257.5394317603382,1257.5394317603382,1257.5394317603382,1257.5394317603382,1257.5394317603382,1257.5394317603382,1257.5394317603382,1257.1773958228364,1249.2601518527663,1249.2601518527663,1249.2601518527663,1249.2601518527663,1249.2601518527663,1249.2601518527663,1247.119909200122,1247.119909200122,1247.119909200122,1247.119909200122,1247.119909200122,1247.119909200122,1247.119909200122,1247.119909200122,1236.0100811376606,1236.0100811376606,1236.0100811376606,1236.0100811376606,1236.0100811376606,1236.0100811376606,1236.0100811376606,1236.0100811376606,1236.0100811376606,1236.0100811376606,1236.0100811376606,1209.9288023143995,1209.9288023143995,1209.9288023143995,1209.9288023143995,1209.9288023143995,1209.9288023143995,1209.9288023143995,1209.9288023143995,1207.9735643440722,1207.9735643440722,1207.9735643440722,1207.9735643440722,1207.9735643440722,1207.9735643440722,1207.9735643440722,1206.0962752738371,1206.0962752738371,1206.0962752738371,1206.0962752738371,1206.0962752738371,1206.0962752738371,1206.0962752738371,1206.0962752738371,1204.892111744051,1204.14103730351,1204.14103730351,1180.8632117106533,1180.8632117106533,1180.8632117106533,1180.8632117106533,1180.8632117106533,1180.8632117106533,1180.5479998067408,1180.5479998067408,1178.9079737403263,1178.9079737403263,1178.9079737403263,1178.9079737403263,1178.9079737403263,1178.9079737403263,1178.9079737403263,1178.9079737403263,1176.1302252022344,1176.1302252022344,1176.1302252022344,1176.1302252022344,1176.1302252022344,1176.1302252022344,1176.1302252022344,1174.1749872319074,1174.1749872319074,1174.1749872319074,1174.1749872319074,1174.1749872319074,1174.1749872319074,1174.1749872319074,1174.1749872319074,1172.970823702121,1172.970823702121,1172.970823702121,1172.970823702121,1172.1807587646333,1171.8655468607208,1171.8655468607208,1171.8655468607208,1171.8655468607208,1171.8655468607208,1171.8655468607208,1171.8655468607208,1171.8655468607208,1171.8655468607208,1170.6613833309345,1170.6613833309345,1170.6613833309345,1170.6613833309345,1170.6613833309345,1170.6613833309345,1170.6613833309345,1170.6613833309345,1170.6613833309345,1170.6613833309345,1170.6613833309345,1170.6613833309345,1170.6613833309345,1170.6613833309345,1170.2993473934328,1170.2993473934328,1170.2993473934328,1166.3629820437848,1166.3629820437848,1166.3629820437848,1166.3629820437848,1166.3629820437848,1166.3629820437848,1166.0215831181902,1166.0215831181902,1166.0215831181902,1166.0215831181902,1166.0215831181902,1166.0215831181902,1166.0215831181902,1166.0215831181902,1166.0215831181902,1166.0087248210548,1166.0087248210548,1166.0087248210548,1166.0087248210548,1166.0087248210548,1166.0087248210548,1166.0087248210548,1166.0087248210548,1166.0087248210548,1166.0087248210548,1166.0087248210548,1166.0087248210548,1165.4925513447463,1165.4925513447463,1165.4925513447463,1165.4925513447463,1165.4925513447463,1165.4925513447463,1165.4925513447463,1165.4925513447463,1165.4925513447463,1165.4925513447463,1165.4925513447463,1165.4925513447463,1165.4925513447463,1165.4925513447463,1165.4925513447463,1165.4925513447463,1165.4925513447463,1165.0110917070422,1165.0110917070422,1165.0110917070422,1165.0110917070422,1165.0110917070422,1165.0110917070422,1165.0110917070422,1164.6498193301718,1164.6498193301718,1164.6498193301718,1164.6498193301718,1164.6498193301718,1164.6498193301718,1164.6498193301718,1164.6498193301718,1164.6498193301718,1164.6498193301718,1164.6498193301718,1164.6498193301718,1164.6498193301718,1164.6498193301718,1164.6498193301718,1164.6498193301718,1164.6498193301718,1164.6498193301718,1164.6498193301718,1163.4206263734573,1163.4206263734573,1163.4206263734573,1163.4206263734573,1163.4206263734573,1163.4206263734573,1163.4206263734573,1163.4206263734573,1163.4206263734573,1163.4206263734573,1163.4206263734573,1163.4206263734573,1163.4206263734573,1163.4206263734573,1163.4206263734573,1163.4206263734573,1163.4206263734573,1163.4206263734573,1163.4206263734573,1163.4206263734573,1163.4206263734573,1163.4206263734573,1163.4206263734573,1163.4206263734573,1163.4206263734573,1163.4206263734573,1163.4206263734573,1163.4206263734573,1163.4206263734573,1163.4206263734573,1163.4206263734573,1163.4206263734573,1163.4206263734573,1163.4206263734573,1163.4206263734573,1163.4206263734573,1163.4206263734573,1163.4206263734573,1163.4206263734573,1163.4206263734573,1163.4206263734573,1163.4206263734573,1163.4206263734573,1163.4206263734573,1163.4206263734573,1163.4206263734573,1163.4206263734573,1163.4206263734573,1163.4206263734573,1163.4206263734573,1163.4206263734573,1163.4206263734573,1163.4206263734573,1163.4206263734573,1162.9210684304983,1162.9210684304983,1162.9210684304983,1162.9210684304983,1162.9210684304983,1162.9210684304983,1162.9210684304983,1162.9210684304983,1162.9210684304983,1162.9210684304983,1162.9210684304983,1162.9210684304983,1162.9210684304983,1162.9210684304983,1162.9210684304983,1162.9210684304983,1162.9210684304983,1162.9210684304983,1162.9210684304983,1162.9210684304983,1162.9210684304983,1162.9210684304983,1162.9210684304983,1162.9210684304983,1162.9210684304983,1162.9210684304983,1162.9210684304983,1162.9210684304983,1162.9210684304983,1162.9210684304983,1162.9210684304983,1162.9210684304983,1162.9210684304983,1162.9210684304983,1162.9210684304983,1162.9210684304983,1162.9210684304983,1162.9210684304983,1162.9210684304983,1162.9210684304983,1162.9210684304983,1162.9210684304983,1162.9210684304983,1162.9210684304983,1162.9210684304983,1162.9210684304983,1162.9210684304983,1162.9210684304983,1162.9210684304983,1162.9210684304983,1162.9210684304983,1162.9210684304983,1162.9210684304983,1162.9210684304983,1162.9210684304983,1162.9210684304983,1162.9210684304983,1162.9210684304983,1162.9210684304983,1162.9210684304983,1162.9210684304983,1162.9210684304983,1162.9210684304983,1162.9210684304983,1162.9210684304983,1162.9210684304983,1162.9210684304983,1162.9210684304983,1162.9210684304983,1162.9210684304983,1162.9210684304983,1162.9210684304983,1162.9210684304983,1162.9210684304983,1162.9210684304983,1162.9210684304983,1162.9210684304983,1162.9210684304983,1162.9210684304983,1162.9210684304983,1162.9210684304983,1162.9210684304983,1162.9210684304983,1162.9210684304983,1162.9210684304983,1162.9210684304983,1162.9210684304983,1162.9210684304983,1162.9210684304983,1162.9210684304983,1162.9210684304983,1162.9210684304983,1162.9210684304983,1162.9210684304983,1162.9210684304983,1162.9210684304983,1162.9210684304983,1162.9210684304983,1162.9210684304983,1162.9210684304983,1162.9210684304983,1162.9210684304983,1162.9210684304983,1162.9210684304983,1162.9210684304983,1162.9210684304983,1162.9210684304983,1162.9210684304983,1162.9210684304983,1162.9210684304983,1162.9210684304983,1162.9210684304983,1162.9210684304983,1158.2838767313494,1158.2838767313494,1158.2838767313494,1158.2838767313494,1158.2838767313494,1158.2838767313494,1158.2838767313494,1158.2838767313494,1158.2838767313494,1158.2838767313494,1158.2838767313494,1158.2838767313494,1158.2838767313494,1158.2838767313494,1158.2838767313494,1158.2838767313494,1158.2838767313494,1158.2838767313494,1158.2838767313494,1158.2838767313494,1158.2838767313494,1158.2838767313494,1158.2838767313494,1158.2838767313494,1158.2838767313494,1158.2838767313494,1158.2838767313494,1158.2838767313494,1158.2838767313494,1158.2838767313494,1158.2838767313494,1158.2838767313494,1158.2838767313494,1158.2838767313494,1158.2838767313494,1158.2838767313494,1158.2838767313494,1158.2838767313494,1158.2838767313494,1158.2838767313494,1158.2838767313494,1158.2838767313494,1158.2838767313494,1158.2838767313494,1158.2838767313494,1158.2838767313494,1158.2838767313494,1158.2838767313494,1158.2838767313494,1158.2838767313494,1158.2838767313494,1158.2838767313494,