{"Optimal":1073,"benchmark":"A-n55-k9","front":[{"fuel":1611.4192426190164,"distance":1139.409906674575,"trucks":[[29,55,14,28,20,23,31],[19,49,51,45,25,53,24],[44,36,10,50,40,48],[38,4,18,35,3,34],[37,52,16,12,41,17,39],[22,13,11,6,54,33],[27,15,47,21,32,43,5],[9,7,46,2],[30,42,26,8]]},{"fuel":1590.440711447595,"distance":1144.2444386505658,"trucks":[[29,55,14,28,20,23,31],[19,49,51,45,25,53,24],[44,36,10,50,40,48],[38,4,18,35,3,34],[33,12,16,52,37],[22,13,11,6,54,41,17,39],[27,15,47,21,32,43,5],[9,7,46,2],[30,42,26,8]]}]}