{"Optimal":1073,"benchmark":"A-n55-k9","front":[{"fuel":1672.758183238629,"distance":1193.3397750982954,"trucks":[[33,11,6,54,41,17,39,48,2],[38,4,18,35,3,34,37],[47,21,52,16,12],[19,49,51,45,25,53,24],[7,46,44],[23,20,28,14,55,29,30],[13,40,50,10,36],[43,32,27,15,8,31,5],[26,42,9,22]]},{"fuel":1672.3886329958896,"distance":1193.9901596841887,"trucks":[[33,11,6,54,41,17,39,48,2],[37,38,4,18,35,3,34],[47,21,52,16,12],[19,49,51,45,25,53,24],[7,46,44],[23,20,28,14,55,29,30],[13,40,50,10,36],[43,32,27,15,8,31,5],[26,42,9,22]]},{"fuel":1663.931826683113,"distance":1195.9404461977788,"trucks":[[33,11,6,54,41,17,39,48,2],[38,4,18,35,3,34,37],[47,21,52,16,12],[19,49,51,45,25,53,24],[7,46,44],[23,20,28,14,55,29,30],[13,36,10,50,40],[43,32,27,15,8,31,5],[26,42,9,22]]},{"fuel":1663.5622764403736,"distance":1196.5908307836721,"trucks":[[33,11,6,54,41,17,39,48,2],[37,38,4,18,35,3,34],[47,21,52,16,12],[19,49,51,45,25,53,24],[7,46,44],[23,20,28,14,55,29,30],[13,36,10,50,40],[43,32,27,15,8,31,5],[26,42,9,22]]}]}