{"benchmark":"P-n76-k4","front":[{"trucks":[[40,73,11,39,66,67,60,15,20,55,14,58,16,6,38,21,71,61,72,37,48],[13,59,12,54,36,9,47,35,53,28,46,30,49,70,22,62,29,75],[3,63,74,2,44,42,43,65,23,57,24,50,25,19,51,26,56,32,10,45],[76,69,7,34,64,17,4,33,41,18,52,31,5,68,8,27]],"distance":721.4039879334697,"fuel":1044.494014877192},{"trucks":[[18,41,33,45,4,50,25,19,51,26,56,32,11,39,66,67,60],[63,74,2,44,42,43,65,23,62,22,48,37,72,61,71,21,38,6,16,58,14,55,20],[35,47,9,36,15,54,12,59,73,40,10,52,17,57,24,64,34,7],[5,3,69,76,13,27,68,8,53,28,46,30,49,70,29,75,31]],"distance":728.0825306989157,"fuel":1043.5366474699726}],"Optimal":593}