{"benchmark":"B-n51-k7","optimalDistance":1032,"fuelSequence":[1639.6289428913765,1639.6289428913765,1639.6289428913765,1639.6289428913765,1638.658395467995,1638.658395467995,1634.667419505493,1615.1975948344057,1615.1975948344057,1615.1975948344057,1612.205734645499,1612.205734645499,1612.205734645499,1612.205734645499,1585.71586655336,1585.71586655336,1585.71586655336,1585.71586655336,1585.71586655336,1583.304084140584,1583.304084140584,1583.304084140584,1579.4513813448564,1579.4513813448564,1579.4513813448564,1579.4513813448564,1579.4513813448564,1579.4513813448564,1572.5131271446683,1572.5131271446683,1572.5131271446683,1572.5131271446683,1567.6657955114276,1567.6657955114276,1567.6657955114276,1566.6622470295133,1566.6622470295133,1566.6622470295133,1565.2540130986517,1565.2540130986517,1565.2540130986517,1564.269593486734,1563.26604500482,1563.26604500482,1563.26604500482,1563.26604500482,1560.854262592044,1560.854262592044,1560.854262592044,1560.854262592044,1560.854262592044,1560.854262592044,1560.854262592044,1560.854262592044,1558.576075137768,1558.576075137768,1558.576075137768,1558.576075137768,1558.576075137768,1558.576075137768,1558.576075137768,1558.576075137768,1558.576075137768,1558.576075137768,1548.3717554886903,1548.3717554886903,1548.3717554886903,1548.3717554886903,1538.9902714294153,1538.9902714294153,1538.9902714294153,1538.9902714294153,1538.9902714294153,1538.9902714294153,1538.9902714294153,1538.9902714294153,1538.9902714294153,1538.5097805480816,1535.0357185911062,1535.0357185911062,1535.0357185911062,1535.0357185911062,1535.0357185911062,1535.0357185911062,1535.0357185911062,1535.0357185911062,1535.0357185911062,1535.0357185911062,1535.0357185911062,1535.0357185911062,1535.0357185911062,1535.0357185911062,1535.0357185911062,1535.0357185911062,1535.0357185911062,1535.0357185911062,1535.0357185911062,1535.0357185911062,1535.0357185911062,1535.0357185911062,1535.0357185911062,1535.0357185911062,1535.0357185911062,1535.0357185911062,1535.0357185911062,1535.0357185911062,1535.0357185911062,1535.0357185911062,1535.0357185911062,1535.0357185911062,1535.0357185911062,1535.0357185911062,1535.0357185911062,1535.0357185911062,1535.0357185911062,1535.0357185911062,1535.0357185911062,1535.0357185911062,1535.0357185911062,1535.0357185911062,1535.0357185911062,1535.0357185911062,1535.0357185911062,1535.0357185911062,1535.0357185911062,1535.0357185911062,1535.0357185911062,1533.2189300899322,1533.2189300899322,1533.2189300899322,1533.2189300899322,1533.2189300899322,1533.2189300899322,1530.0725141535022,1530.0725141535022,1530.0725141535022,1530.0725141535022,1530.0725141535022,1529.2700811136951,1529.2700811136951,1529.2700811136951,1529.2700811136951,1529.2700811136951,1529.2700811136951,1529.0212223803214,1527.0153574962073,1527.0153574962073,1527.0153574962073,1527.0153574962073,1527.0153574962073,1527.0153574962073,1527.0153574962073,1527.0153574962073,1527.0153574962073,1527.0153574962073,1527.0153574962073,1527.0153574962073,1527.0153574962073,1527.0153574962073,1527.0153574962073,1527.0153574962073,1527.0153574962073,1527.0153574962073,1527.0153574962073,1527.0153574962073,1527.0153574962073,1527.0153574962073,1527.0153574962073,1527.0153574962073,1527.0153574962073,1527.0153574962073,1527.0153574962073,1527.0153574962073,1527.0153574962073,1527.0153574962073,1527.0153574962073,1527.0153574962073,1517.6448998670671,1517.6448998670671,1517.6448998670671,1517.6448998670671,1517.6448998670671,1517.6448998670671,1517.6448998670671,1517.6448998670671,1517.6448998670671,1517.6448998670671,1517.6448998670671,1517.6448998670671,1517.6448998670671,1517.6448998670671,1517.6448998670671,1517.6448998670671,1517.6448998670671,1517.6448998670671,1517.6448998670671,1517.6448998670671,1517.6448998670671,1517.6448998670671,1517.6448998670671,1517.6448998670671,1517.6448998670671,1517.6448998670671,1517.6448998670671,1517.6448998670671,1517.6448998670671,1517.6448998670671,1512.425229852889,1505.7871909690825,1505.7871909690825,1505.7871909690825,1505.7871909690825,1505.7871909690825,1505.7871909690825,1504.5967527122843,1504.5967527122843,1504.5967527122843,1504.5967527122843,1504.5967527122843,1504.5967527122843,1504.5967527122843,1504.5967527122843,1504.5967527122843,1504.5967527122843,1504.5967527122843,1504.5967527122843,1504.5967527122843,1504.5967527122843,1504.5967527122843,1504.5967527122843,1504.5967527122843,1504.5967527122843,1504.5967527122843,1504.5967527122843,1504.5967527122843,1504.5967527122843,1504.5967527122843,1504.5967527122843,1504.5967527122843,1504.5967527122843,1504.5967527122843,1504.5967527122843,1504.5967527122843,1504.5967527122843,1504.5967527122843,1504.5967527122843,1504.5967527122843,1504.5967527122843,1504.5967527122843,1504.5967527122843,1504.5967527122843,1504.5967527122843,1504.5967527122843,1504.5967527122843,1504.5967527122843,1504.5967527122843,1504.5967527122843,1504.5967527122843,1504.5967527122843,1504.5967527122843,1504.5967527122843,1504.5967527122843,1504.5967527122843,1504.5967527122843,1504.5967527122843,1504.5967527122843,1504.5967527122843,1504.5967527122843,1504.5967527122843,1504.5967527122843,1504.5967527122843,1504.5967527122843,1504.5967527122843,1504.5967527122843,1504.5967527122843,1504.5967527122843,1504.5967527122843,1504.5967527122843,1504.5967527122843,1504.5967527122843,1504.5967527122843,1504.5967527122843,1504.5967527122843,1504.5967527122843,1504.5967527122843,1504.5967527122843,1504.5967527122843,1504.5967527122843,1504.5967527122843,1504.5967527122843,1504.5967527122843,1504.5967527122843,1504.5967527122843,1504.5967527122843,1504.5967527122843,1504.5967527122843,1504.5967527122843,1504.5967527122843,1504.5967527122843,1504.5967527122843,1504.5967527122843,1504.5967527122843,1504.5967527122843,1504.5967527122843,1504.5967527122843,1504.5967527122843,1504.5967527122843,1504.5967527122843,1504.5967527122843,1504.5967527122843,1504.5967527122843,1504.5967527122843,1504.5967527122843,1504.5967527122843,1504.5967527122843,1504.5967527122843,1504.5967527122843,1504.5967527122843,1504.5967527122843,1504.5967527122843,1504.5967527122843,1504.5967527122843,1504.5967527122843,1504.5967527122843,1504.5967527122843,1504.5967527122843,1504.5967527122843,1504.5967527122843,1504.5967527122843,1504.5967527122843,1504.5967527122843,1504.5967527122843,1504.5967527122843,1504.5967527122843,1504.5967527122843,1504.5967527122843,1504.5967527122843,1504.5967527122843,1504.5967527122843,1504.5967527122843,1504.5967527122843,1504.5967527122843,1504.5967527122843,1504.5967527122843,1504.5967527122843,1504.5967527122843,1504.5967527122843,1504.5967527122843,1504.5967527122843,1504.5967527122843,1504.5967527122843,1504.5967527122843,1504.5967527122843,1504.5967527122843,1504.5967527122843,1504.5967527122843,1504.5967527122843,1504.5967527122843,1504.5967527122843,1504.5967527122843,1504.5967527122843,1504.5967527122843,1504.5967527122843,1504.5967527122843,1504.5967527122843,1504.5967527122843,1504.5967527122843,1504.5967527122843,1504.5967527122843,1504.5967527122843,1504.5967527122843,1504.5967527122843,1504.5967527122843,1504.5967527122843,1504.5967527122843,1504.5967527122843,1504.5967527122843,1504.5967527122843,1504.5967527122843,1504.5967527122843,1504.5967527122843,1504.5967527122843,1504.5967527122843,1504.5967527122843,1504.5967527122843,1504.5967527122843,1504.5967527122843,1504.5967527122843,1504.5967527122843,1504.5967527122843,1504.5967527122843,1504.5967527122843,1504.5967527122843,1504.5967527122843,1504.5967527122843,1504.5967527122843,1504.5967527122843,1504.5967527122843,1504.5967527122843,1504.5967527122843,1504.5967527122843,1504.5967527122843,1504.5967527122843,1504.5967527122843,1504.5967527122843,1504.5967527122843,1504.5967527122843,1504.5967527122843,1504.5967527122843,1504.5967527122843,1504.5967527122843,1504.5967527122843,1504.5967527122843,1504.5967527122843,1504.5967527122843,1504.5967527122843,1504.5967527122843,1504.5967527122843,1504.5967527122843,1504.5967527122843,