{"Optimal":1032,"benchmark":"B-n51-k7","front":[{"trucks":[[42,28,32,33,38,13,9],[21,10,50,31,25,23,47,26],[6,37,41,17,3,39,35,11,18],[16,51,24,48,46,22,45,2,49],[19,40,30,14],[36,4,20,34,7,8,44],[12,27,29,15,43,5]],"distance":1060.4256530225102,"fuel":1530.1949790711667},{"trucks":[[42,28,32,33,38,13,9],[21,10,50,31,25,23,47,26],[6,37,41,18,11,35,39,3,17],[16,51,24,48,46,22,45,2,49],[19,40,30,14],[36,4,20,34,7,8,44],[12,27,29,15,43,5]],"distance":1061.6082458432286,"fuel":1527.4046637368788},{"trucks":[[42,28,32,33,38,13,9],[21,10,50,31,25,23,47,26],[6,37,41,18,11,3,39,35,17],[16,51,24,48,46,22,45,2,49],[19,40,30,14],[36,4,20,34,7,8,44],[12,27,29,15,43,5]],"distance":1062.1880228583025,"fuel":1526.1678433188745}]}