{"optimalDistance":799,"fuelSequence":[1227.6806707756489,1227.6806707756489,1227.6806707756489,1227.6806707756489,1227.6806707756489,1227.6806707756489,1227.6806707756489,1227.6806707756489,1227.6806707756489,1227.6806707756489,1227.6806707756489,1227.6806707756489,1227.6806707756489,1227.6806707756489,1227.6806707756489,1227.6806707756489,1227.6806707756489,1227.6806707756489,1227.6806707756489,1227.6806707756489,1227.6806707756489,1227.6806707756489,1227.6806707756489,1227.6806707756489,1227.6806707756489,1227.6806707756489,1227.6806707756489,1227.6806707756489,1227.6806707756489,1227.6806707756489,1227.6806707756489,1227.6806707756489,1227.6806707756489,1227.6806707756489,1227.6806707756489,1227.6806707756489,1224.383647433022,1224.383647433022,1224.383647433022,1224.383647433022,1224.383647433022,1224.383647433022,1224.383647433022,1224.383647433022,1224.383647433022,1224.383647433022,1224.383647433022,1224.383647433022,1224.383647433022,1224.383647433022,1224.383647433022,1224.383647433022,1224.383647433022,1224.383647433022,1224.383647433022,1224.383647433022,1224.383647433022,1224.383647433022,1224.383647433022,1224.383647433022,1224.383647433022,1224.383647433022,1224.383647433022,1224.383647433022,1224.383647433022,1224.383647433022,1224.383647433022,1224.383647433022,1224.383647433022,1224.383647433022,1224.383647433022,1224.383647433022,1224.383647433022,1224.383647433022,1224.383647433022,1224.383647433022,1224.383647433022,1224.383647433022,1224.383647433022,1224.383647433022,1224.383647433022,1224.383647433022,1224.383647433022,1224.383647433022,1224.383647433022,1224.383647433022,1224.383647433022,1224.383647433022,1224.383647433022,1224.383647433022,1224.383647433022,1224.383647433022,1224.383647433022,1224.383647433022,1224.383647433022,1224.383647433022,1224.383647433022,1224.383647433022,1224.383647433022,1221.4779967114384,1221.4779967114384,1221.4779967114384,1221.4779967114384,1221.4779967114384,1221.4779967114384,1221.4779967114384,1221.4779967114384,1221.4779967114384,1221.4779967114384,1221.4779967114384,1221.4779967114384,1221.4779967114384,1221.4779967114384,1221.4779967114384,1221.4779967114384,1221.4779967114384,1221.4779967114384,1221.4779967114384,1221.4779967114384,1221.4779967114384,1221.4779967114384,1221.4779967114384,1211.9716024963811,1211.9716024963811,1211.9716024963811,1211.9716024963811,1211.9716024963811,1211.9716024963811,1211.9716024963811,1211.9716024963811,1211.9716024963811,1211.9716024963811,1211.9716024963811,1211.9716024963811,1211.9716024963811,1211.9716024963811,1211.9716024963811,1211.9716024963811,1211.9716024963811,1211.9716024963811,1211.9716024963811,1211.9716024963811,1211.9716024963811,1211.9716024963811,1211.9716024963811,1211.9716024963811,1211.9716024963811,1211.9716024963811,1211.9716024963811,1211.9716024963811,1211.9716024963811,1211.9716024963811,1211.9716024963811,1211.9716024963811,1211.9716024963811,1211.9716024963811,1211.9716024963811,1211.9716024963811,1211.9716024963811,1211.9716024963811,1211.9716024963811,1211.9716024963811,1211.9716024963811,1211.9716024963811,1211.9716024963811,1211.9716024963811,1211.9716024963811,1211.9716024963811,1211.9716024963811,1195.6436564016572,1195.6436564016572,1195.6436564016572,1195.6436564016572,1195.6436564016572,1195.6436564016572,1195.6436564016572,1195.6436564016572,1192.2837448973528,1192.2837448973528,1192.2837448973528,1192.2837448973528,1192.2837448973528,1192.2837448973528,1192.2837448973528,1192.2837448973528,1192.2837448973528,1192.2837448973528,1192.2837448973528,1192.2837448973528,1192.2837448973528,1192.2837448973528,1192.2837448973528,1192.2837448973528,1192.2837448973528,1192.2837448973528,1192.2837448973528,1192.2837448973528,1192.2837448973528,1192.2837448973528,1192.2837448973528,1192.2837448973528,1192.2837448973528,1192.2837448973528,1192.2837448973528,1192.2837448973528,1192.2837448973528,1192.2837448973528,1192.2837448973528,1192.2837448973528,1192.2837448973528,1192.2837448973528,1192.2837448973528,1192.2837448973528,1192.2837448973528,1192.2837448973528,1192.2837448973528,1192.2837448973528,1192.2837448973528,1192.2837448973528,1192.2837448973528,1192.2837448973528,1192.2837448973528,1192.2837448973528,1192.2837448973528,1192.2837448973528,1192.2837448973528,1192.2837448973528,1192.2837448973528,1192.2837448973528,1192.2837448973528,1192.2837448973528,1192.2837448973528,1192.2837448973528,1192.2837448973528,1192.2837448973528,1192.2837448973528,1192.2837448973528,1192.2837448973528,1192.2837448973528,1192.2837448973528,1192.2837448973528,1192.2837448973528,1192.2837448973528,1192.2837448973528,1192.2837448973528,1192.2837448973528,1192.2837448973528,1192.2837448973528,1192.2837448973528,1192.2837448973528,1192.2837448973528,1192.2837448973528,1192.2837448973528,1192.2837448973528,1183.4314206486429,1183.4314206486429,1183.4314206486429,1183.4314206486429,1183.4314206486429,1183.4314206486429,1183.4314206486429,1183.4314206486429,1183.4314206486429,1183.4314206486429,1183.4314206486429,1183.4314206486429,1183.4314206486429,1183.4314206486429,1183.4314206486429,1183.4314206486429,1183.4314206486429,1183.4314206486429,1183.4314206486429,1183.4314206486429,1183.4314206486429,1178.9947564216768,1178.9947564216768,1178.9947564216768,1178.9947564216768,1178.9947564216768,1178.9947564216768,1178.9947564216768,1178.9947564216768,1178.9947564216768,1178.9947564216768,1178.9947564216768,1178.9947564216768,1178.9947564216768,1178.9947564216768,1178.9947564216768,1178.9947564216768,1178.9947564216768,1178.9947564216768,1178.9947564216768,1178.9947564216768,1178.9947564216768,1178.9947564216768,1178.9947564216768,1178.9947564216768,1178.9947564216768,1178.9947564216768,1178.9947564216768,1178.9947564216768,1178.9947564216768,1178.9947564216768,1178.9947564216768,1178.9947564216768,1178.9947564216768,1178.9947564216768,1178.9947564216768,1178.9947564216768,1178.9947564216768,1178.9947564216768,1178.9947564216768,1178.9947564216768,1178.9947564216768,1178.9947564216768,1178.9947564216768,1178.9947564216768,1178.9947564216768,1178.9947564216768,1178.9947564216768,1178.9947564216768,1178.9947564216768,1178.9947564216768,1178.9947564216768,1178.9947564216768,1178.9947564216768,1178.9947564216768,1178.9947564216768,1178.9947564216768,1178.9947564216768,1178.9947564216768,1178.9947564216768,1178.9947564216768,1178.9947564216768,1178.9947564216768,1178.9947564216768,1178.9947564216768,1178.9947564216768,1178.9947564216768,1178.9947564216768,1178.9947564216768,1178.9947564216768,1178.9947564216768,1178.9947564216768,1178.9947564216768,1178.9947564216768,1178.9947564216768,1178.9947564216768,1178.9947564216768,1178.9947564216768,1178.9947564216768,1178.9947564216768,1178.9947564216768,1178.9947564216768,1178.9947564216768,1178.9947564216768,1178.9947564216768,1178.9947564216768,1178.9947564216768,1178.9947564216768,1178.9947564216768,1178.9947564216768,1178.9947564216768,1178.9947564216768,1178.9947564216768,1178.9947564216768,1178.9947564216768,1178.9947564216768,1178.9947564216768,1178.9947564216768,1178.9947564216768,1178.9947564216768,1178.9947564216768,1178.9947564216768,1178.9947564216768,1178.9947564216768,1178.9947564216768,1178.9947564216768,1178.9947564216768,1178.9947564216768,1178.9947564216768,1178.9947564216768,1178.9947564216768,1178.9947564216768,1178.9947564216768,1178.9947564216768,1178.9947564216768,1178.9947564216768,1178.9947564216768,1178.9947564216768,1178.9947564216768,1178.9947564216768,1178.9947564216768,1178.9947564216768,1178.9947564216768,1178.9947564216768,1178.9947564216768,1178.9947564216768,1178.9947564216768,1178.9947564216768,1178.9947564216768,1178.9947564216768,1178.9947564216768,1178.9947564216768,1178.9947564216768,1178.9947564216768,1178.9947564216768,1178.9947564216768,1178.9947564216768,1178.9947564216768,1178.9947564216768,1178.9947564216768,1178.9947564216768,1178.9947564216768,1178.9947564216768,1178.9947564216768,1178.9947564216768,1178.9947564216768,1178.9947564216768,1178.9947564216768,