{"optimalDistance":968,"fuelSequence":[1534.8640951477068,1534.8640951477068,1534.8640951477068,1534.8640951477068,1514.983804568504,1514.983804568504,1514.983804568504,1507.0181882948286,1507.0181882948286,1507.0181882948286,1507.0181882948286,1497.4221379385167,1497.4221379385167,1497.4221379385167,1497.4221379385167,1497.4221379385167,1497.4221379385167,1497.4221379385167,1492.3976481506324,1490.9872727652296,1490.9872727652296,1490.9872727652296,1467.165666946569,1467.165666946569,1467.165666946569,1467.165666946569,1460.730801773282,1460.730801773282,1460.730801773282,1460.730801773282,1460.730801773282,1460.730801773282,1460.730801773282,1460.730801773282,1455.7063119853979,1455.7063119853979,1455.7063119853979,1455.7063119853979,1455.7063119853979,1450.6853065341786,1450.6853065341786,1450.6853065341786,1450.6853065341786,1450.6853065341786,1450.6853065341786,1450.6853065341786,1450.6853065341786,1450.6853065341786,1450.6853065341786,1450.6853065341786,1450.6853065341786,1450.6853065341786,1450.6853065341786,1450.6853065341786,1450.6853065341786,1450.6853065341786,1450.6853065341786,1450.6853065341786,1450.6853065341786,1449.8382772124473,1449.8382772124473,1449.8382772124473,1449.8382772124473,1449.8382772124473,1449.8382772124473,1436.3645743086229,1436.3645743086229,1436.3645743086229,1436.3645743086229,1436.3645743086229,1436.3645743086229,1436.3645743086229,1436.3645743086229,1436.3645743086229,1436.3645743086229,1436.3645743086229,1431.3101354892663,1431.3101354892663,1431.3101354892663,1431.3101354892663,1431.3101354892663,1431.3101354892663,1431.3101354892663,1431.3101354892663,1431.3101354892663,1431.3101354892663,1426.9472337462219,1426.9472337462219,1426.9472337462219,1426.9472337462219,1426.9472337462219,1426.9472337462219,1426.9472337462219,1426.9472337462219,1426.9472337462219,1426.9472337462219,1426.9472337462219,1426.9472337462219,1426.9472337462219,1426.9472337462219,1426.9472337462219,1426.9472337462219,1426.9472337462219,1426.9472337462219,1426.9472337462219,1426.1002044244906,1426.1002044244906,1426.1002044244906,1426.1002044244906,1426.1002044244906,1426.1002044244906,1426.1002044244906,1426.1002044244906,1426.1002044244906,1426.1002044244906,1426.1002044244906,1426.1002044244906,1426.1002044244906,1426.1002044244906,1426.1002044244906,1426.1002044244906,1426.1002044244906,1426.1002044244906,1426.1002044244906,1426.1002044244906,1426.1002044244906,1426.1002044244906,1426.1002044244906,1426.1002044244906,1426.1002044244906,1426.1002044244906,1426.1002044244906,1426.1002044244906,1426.1002044244906,1426.1002044244906,1426.1002044244906,1426.1002044244906,1426.1002044244906,1426.1002044244906,1426.1002044244906,1426.1002044244906,1426.1002044244906,1426.1002044244906,1426.1002044244906,1426.1002044244906,1426.1002044244906,1426.1002044244906,1426.1002044244906,1426.1002044244906,1426.1002044244906,1426.1002044244906,1426.1002044244906,1426.1002044244906,1426.1002044244906,1426.1002044244906,1426.1002044244906,1426.1002044244906,1426.1002044244906,1426.1002044244906,1426.1002044244906,1426.1002044244906,1426.1002044244906,1426.1002044244906,1426.1002044244906,1426.1002044244906,1426.1002044244906,1426.1002044244906,1426.1002044244906,1426.1002044244906,1426.1002044244906,1426.1002044244906,1426.1002044244906,1426.1002044244906,1426.1002044244906,1426.1002044244906,1426.1002044244906,1426.1002044244906,1426.1002044244906,1426.1002044244906,1426.1002044244906,1426.1002044244906,1426.1002044244906,1426.1002044244906,1426.1002044244906,1426.1002044244906,1426.1002044244906,1426.1002044244906,1426.1002044244906,1426.1002044244906,1426.1002044244906,1426.1002044244906,1426.1002044244906,1426.1002044244906,1426.1002044244906,1423.8283026847746,1423.8283026847746,1423.8283026847746,1423.8283026847746,1423.8283026847746,1423.8283026847746,1423.8283026847746,1423.8283026847746,1423.8283026847746,1423.8283026847746,1423.8283026847746,1423.8283026847746,1423.8283026847746,1423.8283026847746,1423.8283026847746,1423.8283026847746,1423.8283026847746,1423.8283026847746,1423.8283026847746,1423.8283026847746,1423.8283026847746,1423.8283026847746,1423.8283026847746,1423.8283026847746,1423.8283026847746,1423.8283026847746,1423.8283026847746,1423.8283026847746,1423.8283026847746,1423.8283026847746,1423.8283026847746,1423.8283026847746,1423.8283026847746,1423.8283026847746,1423.8283026847746,1423.8283026847746,1423.8283026847746,1423.8283026847746,1423.8283026847746,1423.8283026847746,1423.8283026847746,1423.8283026847746,1423.8283026847746,1423.8283026847746,1423.8283026847746,1423.8283026847746,1423.8283026847746,1423.8283026847746,1423.8283026847746,1423.8283026847746,1423.8283026847746,1423.8283026847746,1423.8283026847746,1423.8283026847746,1423.8283026847746,1423.8283026847746,1423.8283026847746,1423.8283026847746,1423.8283026847746,1423.8283026847746,1423.8283026847746,1423.8283026847746,1423.8283026847746,1423.8283026847746,1423.8283026847746,1423.8283026847746,1423.8283026847746,1423.8283026847746,1423.8283026847746,1423.8283026847746,1423.8283026847746,1423.8283026847746,1423.8283026847746,1423.8283026847746,1423.8283026847746,1423.8283026847746,1423.8283026847746,1423.8283026847746,1423.8283026847746,1423.8283026847746,1423.8283026847746,1423.8283026847746,1423.8283026847746,1420.6857697170185,1420.6857697170185,1420.6857697170185,1420.6857697170185,1420.6857697170185,1420.6857697170185,1420.6857697170185,1420.6857697170185,1420.6857697170185,1420.6857697170185,1420.6857697170185,1420.6857697170185,1420.6857697170185,1420.6857697170185,1420.6857697170185,1420.6857697170185,1420.6857697170185,1420.6857697170185,1418.4052711316292,1418.4052711316292,1418.4052711316292,1418.4052711316292,1418.4052711316292,1418.4052711316292,1418.4052711316292,1418.4052711316292,1418.4052711316292,1418.4052711316292,1418.4052711316292,1418.4052711316292,1418.4052711316292,1418.4052711316292,1418.4052711316292,1418.4052711316292,1418.4052711316292,1418.4052711316292,1418.4052711316292,1418.4052711316292,1418.4052711316292,1418.4052711316292,1418.4052711316292,1418.4052711316292,1418.4052711316292,1418.4052711316292,1417.1499102809403,1417.1499102809403,1417.1499102809403,1417.1499102809403,1417.1499102809403,1417.1499102809403,1417.1499102809403,1417.1499102809403,1417.1499102809403,1417.1499102809403,1417.1499102809403,1417.1499102809403,1417.1499102809403,1417.1499102809403,1417.1499102809403,1417.1499102809403,1417.1499102809403,1417.1499102809403,1417.1499102809403,1417.1499102809403,1417.1499102809403,1417.1499102809403,1417.1499102809403,1417.1499102809403,1417.1499102809403,1417.1499102809403,1417.1499102809403,1417.1499102809403,1417.1499102809403,1417.1499102809403,1417.1499102809403,1417.1499102809403,1417.1499102809403,1417.1499102809403,1417.1499102809403,1417.1499102809403,1417.1499102809403,1417.1499102809403,1417.1499102809403,1417.1499102809403,1417.1499102809403,1417.1499102809403,1417.1499102809403,1417.1499102809403,1417.1499102809403,1417.1499102809403,1417.1499102809403,1417.1499102809403,1417.1499102809403,1417.1499102809403,1417.1499102809403,1417.1499102809403,1417.1499102809403,1417.1499102809403,1417.1499102809403,1417.1499102809403,1417.1499102809403,1417.1499102809403,1417.1499102809403,1417.1499102809403,1417.1499102809403,1417.1499102809403,1417.1499102809403,1417.1499102809403,1417.1499102809403,1417.1499102809403,1417.1499102809403,1417.1499102809403,1417.1499102809403,1417.1499102809403,1417.1499102809403,1417.1499102809403,1417.1499102809403,1417.1499102809403,1417.1499102809403,1417.1499102809403,1417.1499102809403,1417.1499102809403,1417.1499102809403,1417.1499102809403,1417.1499102809403,1417.1499102809403,1417.1499102809403,1417.1499102809403,1417.1499102809403,1417.1499102809403,1417.1499102809403,1417.1499102809403,1417.1499102809403,1417.1499102809403,1417.1499102809403,1417.1499102809403,1417.1499102809403,1417.1499102809403,1417.1499102809403,1417.1499102809403,1417.1499102809403,1417.1499102809403,