{"front":[{"fuel":1350.3488278665502,"trucks":[[13,36,19,26,45,37],[12,9,34,43,17,25,2,20],[33,4,23,11,8,40,6],[39,5,31,3,38],[24,15,27,14,44,7,46],[16,28,41,35,32,30,42,21],[10,18,22,29]],"distance":968.6667845621125},{"distance":968.8310147186775,"fuel":1346.6284506837203,"trucks":[[13,36,19,26,45,37],[12,9,34,43,17,25,2,20],[33,4,23,8,11,40,6],[39,5,31,3,38],[24,15,27,14,44,7,46],[16,28,41,35,32,30,42,21],[10,18,22,29]]},{"distance":969.8855884173543,"trucks":[[37,13,36,19,26,45],[12,9,34,43,17,25,2,20],[33,4,23,8,11,40,6],[39,5,31,3,38],[24,15,27,14,44,7,46],[16,28,41,35,32,30,42,21],[10,18,22,29]],"fuel":1344.2227353636251}],"benchmark":"A-n46-k7","Optimal":914}