{"front":[{"trucks":[[7,34,2,44,42,43,65,23,63,74],[27,59,11,39,66,67,60,15,36],[9,20,55,14,58,16,38,21,71,61,72,70,37,48,6],[52,17,64,24,57,50,25,4,45,33,51,19,56,26],[18,41,13,73,40,10,32,12,54,8],[68,35,47,53,28,46,30,49,5],[76,31,75,22,62,29,3,69]],"fuel":1028.700696635091,"distance":737.6293173807815},{"trucks":[[7,34,2,44,42,43,65,23,63,74],[27,59,11,39,66,67,60,15,36],[9,20,55,14,58,16,38,21,71,61,72,70,37,48,6],[52,17,64,24,57,50,25,4,45,33,51,19,56,26],[18,41,13,73,40,10,32,12,54,8],[68,35,47,53,28,46,30,49,5],[76,69,3,29,62,22,75,31]],"fuel":1025.254402427081,"distance":737.7374102587855}],"Optimal":682,"benchmark":"E-n76-k7"}