{"benchmark":"A-n60-k9","optimalDistance":1354,"distanceSequence":[1503.031080038809,1503.031080038809,1503.031080038809,1503.031080038809,1503.031080038809,1503.031080038809,1503.031080038809,1503.031080038809,1503.031080038809,1503.031080038809,1503.031080038809,1503.031080038809,1503.031080038809,1503.031080038809,1503.031080038809,1503.031080038809,1503.031080038809,1503.031080038809,1503.031080038809,1503.031080038809,1503.031080038809,1503.031080038809,1503.031080038809,1503.031080038809,1503.031080038809,1503.031080038809,1503.031080038809,1503.031080038809,1503.031080038809,1503.031080038809,1503.031080038809,1503.031080038809,1503.031080038809,1503.031080038809,1503.031080038809,1503.031080038809,1503.031080038809,1503.031080038809,1503.031080038809,1503.031080038809,1503.031080038809,1503.031080038809,1503.031080038809,1503.031080038809,1503.031080038809,1503.031080038809,1503.031080038809,1503.031080038809,1503.031080038809,1503.031080038809,1503.031080038809,1503.031080038809,1503.031080038809,1503.031080038809,1503.031080038809,1503.031080038809,1503.031080038809,1503.031080038809,1503.031080038809,1503.031080038809,1503.031080038809,1503.031080038809,1503.031080038809,1503.031080038809,1503.031080038809,1503.031080038809,1503.031080038809,1503.031080038809,1503.031080038809,1503.031080038809,1503.031080038809,1503.031080038809,1503.031080038809,1503.031080038809,1503.031080038809,1503.031080038809,1503.031080038809,1503.031080038809,1503.031080038809,1503.031080038809,1503.031080038809,1503.031080038809,1503.031080038809,1503.031080038809,1503.031080038809,1503.031080038809,1503.031080038809,1503.031080038809,1503.031080038809,1503.031080038809,1503.031080038809,1503.031080038809,1503.031080038809,1503.031080038809,1503.031080038809,1503.031080038809,1503.031080038809,1503.031080038809,1503.031080038809,1503.031080038809,1503.031080038809,1503.031080038809,1503.031080038809,1503.031080038809,1503.031080038809,1503.031080038809,1503.031080038809,1503.031080038809,1503.031080038809,1503.031080038809,1503.031080038809,1503.031080038809,1503.031080038809,1503.031080038809,1503.031080038809,1503.031080038809,1503.031080038809,1503.031080038809,1503.031080038809,1503.031080038809,1503.031080038809,1503.031080038809,1503.031080038809,1503.031080038809,1503.031080038809,1503.031080038809,1503.031080038809,1503.031080038809,1503.031080038809,1503.031080038809,1503.031080038809,1503.031080038809,1503.031080038809,1503.031080038809,1503.031080038809,1503.031080038809,1503.031080038809,1503.031080038809,1503.031080038809,1503.031080038809,1503.031080038809,1503.031080038809,1503.031080038809,1503.031080038809,1503.031080038809,1503.031080038809,1503.031080038809,1503.031080038809,1503.031080038809,1503.031080038809,1503.031080038809,1503.031080038809,1503.031080038809,1503.031080038809,1503.031080038809,1503.031080038809,1503.031080038809,1503.031080038809,1503.031080038809,1503.031080038809,1503.031080038809,1503.031080038809,1503.031080038809,1503.031080038809,1503.031080038809,1503.031080038809,1503.031080038809,1503.031080038809,1503.031080038809,1503.031080038809,1503.031080038809,1503.031080038809,1503.031080038809,1503.031080038809,1503.031080038809,1503.031080038809,1503.031080038809,1503.031080038809,1503.031080038809,1503.031080038809,1500.4307088212151,1500.4307088212151,1500.4307088212151,1489.764768383621,1489.764768383621,1489.764768383621,1489.764768383621,1489.764768383621,1489.764768383621,1489.764768383621,1489.764768383621,1489.764768383621,1489.764768383621,1489.764768383621,1489.764768383621,1489.764768383621,1489.764768383621,1489.764768383621,1489.764768383621,1489.764768383621,1489.764768383621,1489.764768383621,1489.764768383621,1489.764768383621,1489.764768383621,1489.764768383621,1489.764768383621,1489.764768383621,1489.764768383621,1489.764768383621,1489.764768383621,1489.764768383621,1489.764768383621,1489.764768383621,1489.764768383621,1489.764768383621,1489.764768383621,1489.764768383621,1489.764768383621,1489.764768383621,1489.764768383621,1489.764768383621,1489.764768383621,1489.764768383621,1489.764768383621,1489.764768383621,1489.764768383621,1489.764768383621,1489.764768383621,1489.764768383621,1489.764768383621,1489.764768383621,1489.1596255486747,1489.1596255486747,1489.1596255486747,1489.1596255486747,1489.1596255486747,1489.1596255486747,1489.1596255486747,1489.1596255486747,1489.1596255486747,1489.1596255486747,1489.1596255486747,1489.1596255486747,1489.1596255486747,1489.1596255486747,1489.1596255486747,1489.1596255486747,1489.1596255486747,1489.1596255486747,1489.1596255486747,1489.1596255486747,1489.1596255486747,1489.1596255486747,1489.1596255486747,1489.1596255486747,1489.1596255486747,1489.1596255486747,1489.1596255486747,1489.1596255486747,1489.1596255486747,1489.1596255486747,1489.1596255486747,1489.1596255486747,1489.1596255486747,1489.1596255486747,1489.1596255486747,1489.1596255486747,1489.1596255486747,1489.1596255486747,1489.1596255486747,1489.1596255486747,1489.1596255486747,1489.1596255486747,1489.1596255486747,1489.1596255486747,1489.1596255486747,1489.1596255486747,1489.1596255486747,1489.1596255486747,1489.1596255486747,1489.1596255486747,1489.1596255486747,1489.1596255486747,1489.1596255486747,1489.1596255486747,1489.1596255486747,1489.1596255486747,1489.1596255486747,1489.1596255486747,1489.1596255486747,1489.1596255486747,1489.1596255486747,1489.1596255486747,1489.1596255486747,1489.1596255486747,1489.1596255486747,1489.1596255486747,1489.1596255486747,1489.1596255486747,1489.1596255486747,1489.1596255486747,1489.1596255486747,1489.1596255486747,1489.1596255486747,1489.1596255486747,1489.1596255486747,1489.1596255486747,1489.1596255486747,1489.1596255486747,1489.1596255486747,1489.1596255486747,1489.1596255486747,1489.1596255486747,1489.1596255486747,1489.1596255486747,1489.1596255486747,1489.1596255486747,1489.1596255486747,1489.1596255486747,1489.1596255486747,1489.1596255486747,1489.1596255486747,1489.1596255486747,1489.1596255486747,1489.1596255486747,1489.1596255486747,1489.1596255486747,1489.1596255486747,1489.1596255486747,1489.1596255486747,1489.1596255486747,1489.1596255486747,1489.1596255486747,1489.1596255486747,1489.1596255486747,1489.1596255486747,1489.1596255486747,1489.1596255486747,1489.1596255486747,1489.1596255486747,1489.1596255486747,1489.1596255486747,1489.1596255486747,1489.1596255486747,1489.1596255486747,1489.1596255486747,1489.1596255486747,1489.1596255486747,1489.1596255486747,1489.1596255486747,1489.1596255486747,1489.1596255486747,1489.1596255486747,1489.1596255486747,1489.1596255486747,1489.1596255486747,1489.1596255486747,1489.1596255486747,1489.1596255486747,1489.1596255486747,1489.1596255486747,1489.1596255486747,1489.1596255486747,1489.1596255486747,1489.1596255486747,1489.1596255486747,1489.1596255486747,1489.1596255486747,1489.1596255486747,1489.1596255486747,1489.1596255486747,1489.1596255486747,1489.1596255486747,1489.1596255486747,1489.1596255486747,1489.1596255486747,1489.1596255486747,1489.1596255486747,1489.1596255486747,1489.1596255486747,1489.1596255486747,1489.1596255486747,1489.1596255486747,1489.1596255486747,1489.1596255486747,1489.1596255486747,1489.1596255486747,1489.1596255486747,1489.1596255486747,1489.1596255486747,1489.1596255486747,1489.1596255486747,1489.1596255486747,1489.1596255486747,1489.1596255486747,1489.1596255486747,1489.1596255486747,1489.1596255486747,1489.1596255486747,1489.1596255486747,1489.1596255486747,1489.1596255486747,1489.1596255486747,1489.1596255486747,1489.1596255486747,1489.1596255486747,1489.1596255486747,1489.1596255486747,1489.1596255486747,1489.1596255486747,1489.1596255486747,1489.1596255486747,1489.1596255486747,1489.1596255486747,1489.1596255486747,1489.1596255486747,1489.1596255486747,1489.1596255486747,1489.1596255486747,1489.1596255486747,1489.1596255486747,1489.1596255486747,1489.1596255486747,1489.1596255486747,1489.1596255486747,1489.1596255486747,1489.1596255486747,1489.1596255486747,