{"benchmark":"A-n60-k9","Optimal":1354,"front":[{"distance":1431.4415466172672,"trucks":[[56,51,40,27,18,58],[49,23,37,2,3,32],[8,30,14,9,28,38,16,36,20],[15,48,24,59,25,35],[7,29,45,50,31,54,22,5],[57,44,13,33,10,52],[42,17,21,26,4,12,41,47],[43,46,11,6,55],[19,34,53,60,39]],"fuel":2032.2154703794229}]}