{"front":[{"trucks":[[4,47,41,12,5,22,7,3,25],[48,59,43,46],[14,9,28,18,38,58],[34,53,60,39,8,30],[29,32,45,50,54,31,37,11],[49,23,55,6,2],[19,20,56,36,16,27,40,51,24,35,21],[44,57,13,52,10,33],[42,15,26,17]],"distance":1502.8523069564285,"fuel":2110.5256779789843}],"benchmark":"A-n60-k9","Optimal":1354}