{"benchmark":"A-n60-k9","Optimal":1354,"front":[{"trucks":[[42,19,34,39,60,53,20,15],[14,9,28,18,38,58],[43,46,6,55,11],[30,8,27,16,56,36,51,40],[17,21,4,47,41,12,5,22,54,50,31],[7,29,45,25,59,35],[2,37,23,49,3,32],[44,57,13,33,10,52],[26,48,24]],"distance":1481.608843054194,"fuel":2099.730404919366},{"trucks":[[7,32,29,45,25,59],[44,57,13,33,10,52,11],[42,19,34,39,60,53,20,15],[17,21,4,47,41,12,5,22,54,50,31],[30,8,27,16,56,36,51,40],[14,9,28,18,38,58],[3,49,23,37,2],[26,48,24],[35,46,43,6,55]],"distance":1494.3875979207346,"fuel":2099.5308231275653}]}