{"benchmark":"B-n63-k10","front":[{"fuel":2253.520928096371,"trucks":[[43,62,22,34,26,23],[42,15,59,55,13,44,25,18,12,24],[32,5,50,57,60,47,9],[48,10,16,31,4],[35,53,20,52,3,63,40],[19,51,2,28,37,21,8],[38,11,54,39,58,7,27,36],[49,33,14,56,6,61],[29,30,45,17,41],[46]],"distance":1582.3642500897752},{"fuel":2248.63441611941,"trucks":[[23,43,62,22,34,26],[42,15,59,55,13,44,25,18,12,24],[32,5,50,57,60,47,9],[48,10,16,31,4],[35,53,20,52,3,63,40],[19,51,2,28,37,21,8],[38,11,54,39,58,7,27,36],[49,33,14,56,6,61],[29,30,45,17,41],[46]],"distance":1583.7433009549338},{"fuel":2246.463720484556,"trucks":[[23,43,62,22,34,26],[42,15,59,55,13,44,25,18,12,24],[32,5,50,57,60,47,9],[48,10,16,31,4],[35,53,20,52,3,63,40],[19,51,2,28,37,8],[38,11,54,39,58,7,27,36],[49,33,14,56,6,61],[29,30,45,17,41],[46,21]],"distance":1585.2117812595968}],"Optimal":1496}