{"Optimal":1496,"front":[{"trucks":[[49,33,14,56,6,61],[39,54,24,12,18,44,25,58],[29,30,45,17,41],[35,40,22,43,62,11,38],[32,50,57,60,47,9,31],[26,36,27,7,55,13,59,15,42],[19,51,28,2],[48,53,20,52,34,3,63],[4,5,16,10,23],[46,21,37,8]],"fuel":2295.36519457317,"distance":1615.0568356072042},{"trucks":[[49,33,14,56,6,61],[54,39,58,25,44,18,12,24],[29,30,45,17,41],[35,40,22,43,62,11,38],[32,50,57,60,47,9,31],[26,36,27,7,55,13,59,15,42],[19,51,28,2],[48,53,20,52,34,3,63],[4,5,16,10,23],[46,21,37,8]],"fuel":2289.6924008474252,"distance":1615.2336587005195},{"trucks":[[49,33,14,56,6,61],[38,54,24,12,18,44,25,58,39],[29,30,45,17,41],[35,40,22,43,62,11],[32,50,57,60,47,9,31],[26,36,27,7,55,13,59,15,42],[19,51,2,28],[48,53,20,52,34,3,63],[4,5,16,10,23],[46,21,37,8]],"fuel":2288.3432182479223,"distance":1616.3318799082074},{"trucks":[[49,33,14,56,6,61],[54,39,58,25,44,18,12,24],[29,30,45,17,41],[35,40,22,43,62,11,38],[32,50,57,60,47,9,31],[26,36,27,7,55,13,59,15,42],[19,51,2,28],[48,53,20,52,34,3,63],[4,5,16,10,23],[46,21,37,8]],"fuel":2283.8264057465162,"distance":1616.9505238102226}],"benchmark":"B-n63-k10"}