{"benchmark":"F-n45-k4","Optimal":724,"front":[{"trucks":[[42,31,32,33,35,40,41],[21,22,9,20,27,23,24,26],[16,2,3,17,11,19,12,13,14,15,18],[25,10,38,39,43,37,5,4,36,8,6,7,28,30,34,29,45,44]],"distance":744.6711573233183,"fuel":950.2433119361215},{"distance":755.5224292067576,"fuel":950.0969257201318,"trucks":[[33,32,35,41,40,42,31],[21,22,9,20,26,27,24,23],[16,2,3,17,11,19,12,13,14,15,18],[25,10,38,39,43,37,5,4,36,8,6,7,28,30,34,29,45,44]]}]}