{"optimalDistance":822,"benchmark":"A-n39-k5","fuelSequence":[1264.7500828524046,1264.7500828524046,1264.7500828524046,1264.7500828524046,1264.7500828524046,1264.7500828524046,1264.7500828524046,1260.3556519566048,1260.3556519566048,1260.3556519566048,1257.3118106685733,1257.3118106685733,1257.3118106685733,1257.3118106685733,1257.3118106685733,1254.2176904834073,1254.2176904834073,1254.2176904834073,1254.2176904834073,1254.2176904834073,1251.057682735014,1250.4522040005572,1246.8424211096328,1246.8424211096328,1246.8424211096328,1246.8424211096328,1246.8424211096328,1246.8424211096328,1233.1029088540888,1233.1029088540888,1233.1029088540888,1233.1029088540888,1233.1029088540888,1233.1029088540888,1233.1029088540888,1233.1029088540888,1233.1029088540888,1233.1029088540888,1233.1029088540888,1233.1029088540888,1233.1029088540888,1233.1029088540888,1233.1029088540888,1233.1029088540888,1233.1029088540888,1233.1029088540888,1233.1029088540888,1233.1029088540888,1233.1029088540888,1233.1029088540888,1233.1029088540888,1233.1029088540888,1233.1029088540888,1233.1029088540888,1233.1029088540888,1233.1029088540888,1233.1029088540888,1229.2768489942316,1229.2768489942316,1229.2768489942316,1229.2768489942316,1229.2768489942316,1229.2768489942316,1229.2768489942316,1229.2768489942316,1229.2768489942316,1229.2768489942316,1229.2768489942316,1229.2768489942316,1229.2768489942316,1229.2768489942316,1229.2768489942316,1229.2768489942316,1229.2768489942316,1229.2768489942316,1229.2768489942316,1229.2768489942316,1229.2768489942316,1229.2768489942316,1229.2768489942316,1218.807459435291,1218.807459435291,1218.807459435291,1218.807459435291,1218.807459435291,1218.807459435291,1218.807459435291,1218.807459435291,1218.807459435291,1218.807459435291,1218.807459435291,1218.807459435291,1218.807459435291,1218.807459435291,1218.807459435291,1218.807459435291,1218.807459435291,1218.807459435291,1218.807459435291,1218.807459435291,1218.807459435291,1218.807459435291,1218.807459435291,1218.807459435291,1218.807459435291,1218.807459435291,1218.807459435291,1218.807459435291,1218.807459435291,1218.807459435291,1218.807459435291,1218.807459435291,1218.807459435291,1218.807459435291,1218.807459435291,1218.807459435291,1218.807459435291,1218.807459435291,1218.807459435291,1218.807459435291,1218.807459435291,1218.807459435291,1218.807459435291,1218.807459435291,1218.807459435291,1218.807459435291,1218.807459435291,1218.807459435291,1218.807459435291,1218.807459435291,1218.807459435291,1218.807459435291,1216.0166825949436,1216.0166825949436,1216.0166825949436,1216.0166825949436,1216.0166825949436,1216.0166825949436,1216.0166825949436,1216.0166825949436,1216.0166825949436,1216.0166825949436,1216.0166825949436,1216.0166825949436,1216.0166825949436,1216.0166825949436,1216.0166825949436,1210.6319693823327,1210.6319693823327,1210.6319693823327,1210.6319693823327,1210.6319693823327,1210.6319693823327,1210.6319693823327,1210.6319693823327,1210.6319693823327,1210.6319693823327,1210.6319693823327,1210.6319693823327,1210.6319693823327,1210.6319693823327,1210.6319693823327,1210.6319693823327,1210.6319693823327,1210.6319693823327,1210.6319693823327,1210.6319693823327,1210.6319693823327,1210.6319693823327,1210.6319693823327,1210.6319693823327,1210.6319693823327,1210.6319693823327,1210.6319693823327,1210.6319693823327,1210.6319693823327,1210.6319693823327,1210.6319693823327,1210.6319693823327,1210.6319693823327,1210.6319693823327,1210.6319693823327,1210.6319693823327,1210.6319693823327,1210.6319693823327,1210.6319693823327,1210.6319693823327,1210.6319693823327,1210.6319693823327,1210.6319693823327,1210.6319693823327,1210.6319693823327,1210.6319693823327,1210.6319693823327,1210.6319693823327,1210.6319693823327,1210.6319693823327,1210.6319693823327,1210.6319693823327,1210.6319693823327,1210.6319693823327,1210.6319693823327,1210.6319693823327,1210.6319693823327,1210.6319693823327,1210.6319693823327,1210.6319693823327,1210.6319693823327,1210.6319693823327,1210.6319693823327,1210.6319693823327,1210.6319693823327,1210.6319693823327,1210.6319693823327,1210.6319693823327,1210.6319693823327,1210.6319693823327,1210.6319693823327,1210.6319693823327,1210.6319693823327,1210.6319693823327,1210.6319693823327,1210.6319693823327,1210.6319693823327,1210.6319693823327,1210.6319693823327,1210.6319693823327,1210.6319693823327,1210.6319693823327,1210.6319693823327,1210.6319693823327,1210.6319693823327,1210.6319693823327,1210.6319693823327,1210.6319693823327,1210.6319693823327,1210.6319693823327,1210.6319693823327,1210.6319693823327,1210.6319693823327,1210.6319693823327,1210.6319693823327,1210.6319693823327,1210.6319693823327,1210.6319693823327,1210.6319693823327,1210.6319693823327,1210.6319693823327,1210.6319693823327,1210.6319693823327,1210.6319693823327,1210.6319693823327,1210.6319693823327,1210.6319693823327,1210.6319693823327,1210.6319693823327,1210.6319693823327,1210.6319693823327,1210.6319693823327,1210.6319693823327,1210.6319693823327,1210.6319693823327,1210.6319693823327,1210.6319693823327,1210.6319693823327,1210.6319693823327,1210.6319693823327,1210.6319693823327,1210.6319693823327,1210.6319693823327,1210.6319693823327,1210.6319693823327,1210.6319693823327,1210.6319693823327,1210.6319693823327,1210.6319693823327,1210.6319693823327,1210.6319693823327,1210.6319693823327,1210.6319693823327,1210.6319693823327,1210.6319693823327,1210.6319693823327,1210.6319693823327,1210.6319693823327,1210.6319693823327,1210.6319693823327,1210.6319693823327,1210.6319693823327,1210.6319693823327,1210.6319693823327,1210.6319693823327,1210.6319693823327,1210.6319693823327,1210.6319693823327,1210.6319693823327,1210.6319693823327,1210.6319693823327,1210.6319693823327,1210.6319693823327,1210.6319693823327,1210.6319693823327,1210.6319693823327,1210.6319693823327,1210.6319693823327,1210.6319693823327,1210.6319693823327,1210.6319693823327,1210.6319693823327,1210.6319693823327,1210.6319693823327,1210.6319693823327,1210.6319693823327,1210.6319693823327,1210.6319693823327,1210.6319693823327,1210.6319693823327,1210.6319693823327,1210.6319693823327,1210.6319693823327,1210.6319693823327,1210.6319693823327,1210.6319693823327,1210.6319693823327,1210.6319693823327,1210.6319693823327,1210.6319693823327,1210.6319693823327,1210.6319693823327,1210.6319693823327,1210.6319693823327,1210.6319693823327,1210.6319693823327,1210.6319693823327,1210.6319693823327,1210.6319693823327,1210.6319693823327,1210.6319693823327,1210.6319693823327,1210.6319693823327,1210.6319693823327,1210.6319693823327,1210.6319693823327,1210.6319693823327,1210.6319693823327,1210.6319693823327,1210.6319693823327,1210.6319693823327,1210.6319693823327,1210.6319693823327,1210.6319693823327,1210.6319693823327,1210.6319693823327,1210.6319693823327,1210.6319693823327,1210.6319693823327,1210.6319693823327,1210.6319693823327,1210.6319693823327,1210.6319693823327,1210.6319693823327,1210.6319693823327,1210.6319693823327,1210.6319693823327,1210.6319693823327,1210.6319693823327,1210.6319693823327,1210.6319693823327,1210.6319693823327,1210.6319693823327,1210.6319693823327,1210.6319693823327,1210.6319693823327,1210.6319693823327,1210.6319693823327,1210.6319693823327,1210.6319693823327,1210.6319693823327,1210.6319693823327,1210.6319693823327,1210.6319693823327,1210.6319693823327,1210.6319693823327,1210.6319693823327,1210.6319693823327,1210.6319693823327,1210.6319693823327,1210.6319693823327,1210.6319693823327,1210.6319693823327,1210.6319693823327,1210.6319693823327,1210.6319693823327,1210.6319693823327,1210.6319693823327,1210.6319693823327,1210.6319693823327,1210.6319693823327,1210.6319693823327,1210.6319693823327,1210.6319693823327,1210.6319693823327,1210.6319693823327,1210.6319693823327,1210.6319693823327,1210.6319693823327,1210.6319693823327,1210.6319693823327,1210.6319693823327,1210.6319693823327,1210.6319693823327,1210.6319693823327,1210.6319693823327,1210.6319693823327,1210.6319693823327,1210.6319693823327,1210.6319693823327,1210.6319693823327,1210.6319693823327,1210.6319693823327,