{"benchmark":"A-n39-k5","front":[{"distance":842.7587211767461,"fuel":1206.8631606494453,"trucks":[[18,25,3,36,38,35,27],[6,17,8,4,23,33,11],[9,7,37,28,29,14,31,22],[13,32,2,39,16,30,21,24,34,26,20],[5,19,10,12,15]]},{"distance":843.1172519905051,"fuel":1194.742303089238,"trucks":[[18,25,3,36,38,35,27],[6,17,8,4,23,33,11],[9,7,37,28,29,14,31,22],[13,32,2,39,16,30,21,24,34,26,20],[15,5,19,10,12]]}],"Optimal":822}