{"benchmark":"A-n80-k10","front":[{"distance":2024.698288251407,"trucks":[[32,61,40,65,47,26,42,34,16,56],[72,15,29,53,80,49,19],[76,58,21,62,17,44,69,79,9,25],[50,74,37,67,68,71,77,73,51,33,5],[63,24,45,13,6,30,18],[4,75,28,60,31,7],[59,23,55,10,57,70,66,36,27,48,20],[41,11,38,3,35,64,12],[14,43,52,78,54,39,46],[2,8,22]],"fuel":2838.2265610270097},{"distance":2026.0463011004324,"trucks":[[65,47,26,42,34,16,56,70,57,48,20,27,36,66,55],[76,21,58,62,17,44,69,79,9,25],[13,45,6,30,18,32,28,60,31],[14,43,52,78,4,75,61],[50,37,67,68,71,54,40,24],[12,35,53,29,80,49,19],[63,64,7,38,3],[41,22,2,8,15,72,11],[74,23,46,33,5,10,73],[59,39,77,51]],"fuel":2809.776084978719},{"distance":2038.1375412192906,"trucks":[[65,47,26,42,34,16,56,70,57,48,20,27,36,66],[59,39,23,46,33,5,55],[13,45,6,30,18,32,28,60,31],[14,43,52,78,4,75,24],[76,21,58,62,17,44,69,79,9,25],[74,37,67,68,71,54,40,61],[12,35,53,29,80,49,19],[63,64,7,38,3],[41,22,2,8,15,72,11],[50,51,77,73,10]],"fuel":2808.2227920600963},{"distance":2038.8711247620822,"trucks":[[65,47,26,42,34,16,56,70,57,48,20,27,36,66],[59,39,51,77,73,10],[13,45,6,30,18,32,28,60,31],[14,43,52,78,4,75,24],[76,21,58,62,17,44,69,79,9,25],[74,37,67,68,71,54,40,61],[12,35,53,29,80,49,19],[63,64,7,38,3],[41,22,2,8,15,72,11],[50,23,46,33,5,55]],"fuel":2807.8478898191092}],"Optimal":1763}