{"benchmark":"A-n80-k10","Optimal":1763,"front":[{"fuel":2835.4272459427116,"distance":1991.448399016646,"trucks":[[76,21,58,62,17,44,69,79,9,25],[12,35,53,29,80,19,49],[8,2,11,72,15,64],[65,47,26,42,34,16,56,57,70,66,36,27,20,48],[67,68,71,77,73,51,46,23],[32,28,60,31,7,3,38],[61,52,78,54,39,59,33,5,10,55],[63,24,13,45,6,18,30],[37,43,4,40,75],[50,74,14,41,22]]}]}