{"benchmark":"P-n16-k8","Optimal":450,"front":[{"trucks":[[8,15],[11,13,16],[6,10,4],[2],[5,12],[7],[9,14],[3]],"distance":451.33508020861797,"fuel":642.9343172178774},{"fuel":626.269869050406,"trucks":[[8,10,14],[5,12],[6,15],[9],[11,13,16],[7],[2,4],[3]],"distance":451.9470921298185}]}