{"front":[{"distance":850.1183293249742,"fuel":1225.7279296599631,"trucks":[[6,17,8,4,23,33,11],[18,27,25,35,38,36,3],[13,32,2,24,21,30,16,39,12],[9,7,37,28,29,14,31,22],[5,19,10,34,26,20,15]]},{"distance":865.461442977607,"fuel":1218.4126159093366,"trucks":[[6,11,33,23,4,8,17],[18,27,25,35,38,36,3],[19,13,32,2,24,21,30,16,39,12],[9,7,37,28,29,14,31,22],[15,5,10,34,26,20]]},{"distance":886.786304151647,"fuel":1214.5195281931647,"trucks":[[30,6,33,17,8,4,23,38,35],[9,12,18,3,36,25,27],[19,10,39,16,11,21,24,2,32],[7,37,28,29,14,31,22],[15,5,13,34,26,20]]},{"distance":887.4953795433104,"fuel":1213.1949776134527,"trucks":[[30,6,33,17,8,4,23,38,35],[9,12,18,27,25,36,3],[19,10,39,16,11,21,24,2,32],[7,37,28,29,14,31,22],[15,5,13,34,26,20]]}],"benchmark":"A-n39-k5","Optimal":822}