{"benchmark":"B-n44-k7","Optimal":909,"front":[{"distance":922.072674163276,"fuel":1318.133157167615,"trucks":[[8,17,19,20,30],[41,2,13,4,29,26],[21,16,34,44,32,28,36],[6,18,3,37,15,40,25,27,12],[10,24,11],[5,9,43,31,23,39,33],[7,22,35,42,38,14]]},{"trucks":[[8,17,19,30,20],[41,2,13,4,29,26],[21,16,34,44,32,28,36],[6,18,3,37,15,40,25,27,12],[10,24,11],[5,9,43,31,23,39,33],[7,22,35,42,38,14]],"fuel":1316.913882997924,"distance":922.1739262182848},{"fuel":1314.5841508619274,"trucks":[[8,17,19,20,30],[41,2,13,4,29,26],[21,16,34,44,32,28,36],[6,18,3,37,15,40,25,27,12],[10,24,11],[33,5,9,43,31,23,39],[7,22,35,42,38,14]],"distance":922.2625591657055},{"trucks":[[8,17,19,30,20],[41,2,13,4,29,26],[21,16,34,44,32,28,36],[6,18,3,37,15,40,25,27,12],[10,24,11],[33,5,9,43,31,23,39],[7,22,35,42,38,14]],"distance":922.3638112207142,"fuel":1313.3648766922363}]}