{"benchmark":"B-n44-k7","Optimal":909,"front":[{"distance":940.4049808010723,"fuel":1338.7085024090127,"trucks":[[33,12,24,11],[4,34,44,32,28,21],[3,37,15,27,25,40,36,16],[8,17,30,20,19],[6,18,2,13,29,26,41],[9,43,31,23,39,10],[7,22,35,42,38,5,14]]},{"distance":940.4204000208772,"trucks":[[33,11,24,12],[4,34,44,32,28,21],[3,37,15,27,25,40,36,16],[8,17,30,20,19],[6,18,2,13,29,26,41],[9,31,43,23,39,10],[7,22,35,42,38,5,14]],"fuel":1338.5782836718306},{"distance":941.5408927477123,"fuel":1338.4514751294694,"trucks":[[33,12,24,11],[4,34,44,32,28,21],[3,37,15,27,25,40,36,16],[8,17,19,30,20],[6,18,41,2,13,29,26],[9,31,43,23,39,10],[7,22,35,42,38,5,14]]},{"trucks":[[33,11,24,12],[4,34,44,32,28,21],[3,37,15,27,25,40,36,16],[8,17,19,30,20],[6,18,41,2,13,29,26],[9,31,43,23,39,10],[7,22,35,42,38,5,14]],"distance":941.5563119675172,"fuel":1338.3212563922873}]}