{"front":[{"distance":1658.0660476735186,"fuel":2385.2452118072383,"trucks":[[6,48,37,22,42,30,54],[55,53,25,19,28,29,10],[12,15,35,45,14,43,8],[4,47,11,18,32,56,51],[17,24,27,40,20],[9,16,26,52,38,21,3],[5,31,50,13,39,49,36],[33,41,44,46,2,34],[7,57,23]]}],"benchmark":"B-n57-k9","Optimal":1598}