{"benchmark":"M-n200-k17","Optimal":1373,"front":[{"trucks":[[121,10,104,162,72,136,36,137,66,67,52],[173,43,143,15,120,45,192,142,17,62,174,114,18,85],[41,22,74,73,198,57,187,24,68,171,181],[28,168,128,191,32,163,102,71,123,31,21,129],[7,97,100,105,60,93,152,38,99,101,194,92,86,94],[11,190,109,91,127,64,182,33,132,161,189,2],[89,149,63,160,12,176,108,20,124,49],[117,197,78,4,159,80,130,170,30,122,25,164,135,81],[146,42,23,172,75,199,111,5,156,140,188,40,26],[61,119,6,126,46,47,175,9,115,200,84,147],[95,96,118,98,193,87,141,39,44,16,58,145,88],[27,150,196,180,56,166,131,55,178,151,69,110],[179,116,3,138,14,184,148,90,167,19,154],[53,107,195,8,83,125,169,48,37,144,50,65,183],[51,103,158,34,186,82,165,35,79,185,77],[177,70,133,112,29,139,155,13,76,134,59],[157,113,153,106,54]],"fuel":2130.6990967049437,"distance":1505.689996885015},{"trucks":[[121,10,104,162,72,137,36,136,165,35,79],[97,94,86,192,142,45,120,15,143,43,173],[181,41,22,74,73,198,57,187,24,68,171],[28,168,128,191,32,163,102,71,129,21,189,52],[60,93,152,38,99,101,194,92,17,114,18,85,174,62,100,105],[2,31,161,132,33,182,127,64,91,109,190,11],[147,89,149,63,160,12,176,108,20,124,49],[117,197,78,4,159,80,130,170,122,30,25,164,135,81],[146,42,23,172,75,199,111,5,156,140,188,40,26],[6,119,61,84,200,126,46,175,47,9,115],[95,96,118,98,88,145,58,16,44,39,141,87,193],[27,150,196,110,69,151,178,55,131,166,56,180],[179,116,3,138,14,184,7,148,90,167,19,154],[53,107,195,8,183,83,125,169,48,37,144,50,65],[185,77,51,103,158,34,186,82,66,67,123],[177,70,133,112,29,139,155,13,76,134,59],[157,113,153,106,54]],"fuel":2120.7933719407865,"distance":1530.4103055957037},{"trucks":[[121,10,104,162,72,137,36,136,165,35,79],[97,94,86,192,142,45,120,15,143,43,173],[181,41,22,74,73,198,57,187,24,68,171],[28,168,128,191,32,163,102,71,129,21,189,52],[100,105,60,93,152,38,99,101,194,92,17,114,18,85,174,62],[2,31,161,132,33,182,127,64,91,109,190,11],[147,89,149,63,160,12,176,108,20,124,49],[117,197,78,4,159,80,130,170,122,30,25,164,135,81],[146,42,23,172,75,199,111,5,156,140,188,40,26],[6,119,61,84,200,126,46,175,47,9,115],[95,96,118,98,88,145,58,16,44,39,141,87,193],[27,150,196,110,69,151,178,55,131,166,56,180],[179,116,3,138,14,184,7,148,90,167,19,154],[53,107,195,183,8,83,125,169,48,37,144,50,65],[185,77,51,103,158,34,186,82,66,67,123],[177,70,133,112,29,139,155,13,76,134,59],[157,113,153,106,54]],"fuel":2118.6799595235198,"distance":1531.5651250488127}]}