{"benchmark":"B-n31-k5","front":[{"distance":684.8370989449431,"fuel":948.9393327036673,"trucks":[[4,2,20,15,16,12,25],[31,18,14,7,10,23],[8,24,9,13,27,29],[22,6,26,19,17,30,5],[21,28,11,3]]},{"trucks":[[8,14,18,10,7,23],[2,20,25,12,16,15,4],[22,17,19,26,6,5,30],[13,24,31,9,27,29],[21,28,11,3]],"distance":685.2613104033712,"fuel":946.3106583439627}],"Optimal":672}