{"front":[{"distance":691.4732759534063,"trucks":[[4,2,20,25,12,16,15],[5,30,31,24,13],[22,17,19,6,26,7,23,10],[27,29,9,14,18,8],[21,28,11,3]],"fuel":952.4423874934644}],"Optimal":672,"benchmark":"B-n31-k5"}