{"optimalDistance":1174,"fuelSequence":[1956.902619569831,1956.902619569831,1956.902619569831,1956.902619569831,1956.902619569831,1956.902619569831,1956.902619569831,1956.902619569831,1956.902619569831,1956.902619569831,1956.902619569831,1956.902619569831,1956.902619569831,1956.902619569831,1956.902619569831,1956.902619569831,1956.902619569831,1956.902619569831,1956.902619569831,1956.902619569831,1956.902619569831,1956.902619569831,1955.2301948387924,1954.8434624359463,1954.8434624359463,1954.8434624359463,1954.8434624359463,1954.8434624359463,1954.8434624359463,1954.8434624359463,1954.8434624359463,1954.8434624359463,1954.8434624359463,1954.8434624359463,1954.8434624359463,1954.8434624359463,1954.8434624359463,1954.8434624359463,1954.8434624359463,1954.8434624359463,1954.8434624359463,1954.8434624359463,1952.5564990652422,1952.5564990652422,1952.5564990652422,1952.5564990652422,1952.5564990652422,1952.5564990652422,1952.5564990652422,1952.5564990652422,1952.5564990652422,1952.5564990652422,1952.5564990652422,1952.5564990652422,1952.5564990652422,1952.5564990652422,1952.5564990652422,1952.5564990652422,1946.8533085498386,1946.8533085498386,1946.8533085498386,1946.8533085498386,1946.8533085498386,1946.8533085498386,1946.8533085498386,1946.8533085498386,1946.8533085498386,1946.8533085498386,1946.8533085498386,1946.8533085498386,1946.8533085498386,1946.8533085498386,1946.8533085498386,1946.8533085498386,1946.8533085498386,1946.8533085498386,1946.8533085498386,1946.8533085498386,1946.8533085498386,1946.8533085498386,1946.8533085498386,1946.8533085498386,1946.8533085498386,1946.8533085498386,1946.8533085498386,1946.8533085498386,1946.8533085498386,1946.8533085498386,1935.8944493262134,1935.8944493262134,1935.8944493262134,1935.8944493262134,1935.8944493262134,1935.8944493262134,1935.8944493262134,1935.8944493262134,1935.8944493262134,1935.8944493262134,1935.8944493262134,1929.6443521793258,1929.6443521793258,1929.6443521793258,1929.6443521793258,1929.6443521793258,1929.6443521793258,1929.6443521793258,1929.6443521793258,1929.6443521793258,1929.6443521793258,1929.6443521793258,1929.6443521793258,1929.6443521793258,1929.6443521793258,1929.6443521793258,1929.6443521793258,1929.6443521793258,1929.6443521793258,1929.6443521793258,1929.6443521793258,1929.6443521793258,1929.6443521793258,1929.6443521793258,1929.6443521793258,1929.6443521793258,1929.6443521793258,1929.6443521793258,1916.9727239751612,1916.9727239751612,1916.9727239751612,1916.9727239751612,1916.9727239751612,1916.9727239751612,1916.9727239751612,1916.9727239751612,1916.9727239751612,1916.9727239751612,1916.9727239751612,1916.9727239751612,1916.9727239751612,1916.9727239751612,1916.9727239751612,1916.9727239751612,1916.9727239751612,1916.9727239751612,1916.9727239751612,1916.9727239751612,1916.9727239751612,1916.9727239751612,1916.9727239751612,1916.9727239751612,1916.9727239751612,1916.9727239751612,1916.9727239751612,1916.9727239751612,1916.9727239751612,1916.9727239751612,1916.9727239751612,1916.9727239751612,1916.9727239751612,1916.9727239751612,1916.9727239751612,1916.9727239751612,1916.9727239751612,1916.9727239751612,1916.9727239751612,1916.9727239751612,1916.9727239751612,1916.9727239751612,1916.9727239751612,1916.9727239751612,1916.9727239751612,1916.9727239751612,1916.9727239751612,1916.9727239751612,1916.9727239751612,1916.9727239751612,1916.9727239751612,1916.9727239751612,1916.9727239751612,1916.9727239751612,1916.3844717004677,1916.3844717004677,1916.3844717004677,1916.3844717004677,1916.3844717004677,1916.3844717004677,1916.3844717004677,1916.3844717004677,1916.3844717004677,1916.3844717004677,1916.3844717004677,1916.3844717004677,1916.3844717004677,1916.3844717004677,1916.3844717004677,1916.3844717004677,1916.3844717004677,1916.3844717004677,1916.3844717004677,1916.3844717004677,1916.3844717004677,1916.3844717004677,1916.3844717004677,1916.3844717004677,1916.3844717004677,1911.9886658637768,1911.9886658637768,1911.9886658637768,1911.9886658637768,1911.9886658637768,1911.9886658637768,1911.9886658637768,1911.9886658637768,1911.9886658637768,1911.9886658637768,1911.9886658637768,1911.9886658637768,1911.9886658637768,1911.9886658637768,1911.9886658637768,1911.9886658637768,1911.9886658637768,1911.9886658637768,1911.9886658637768,1911.9886658637768,1911.9886658637768,1911.9886658637768,1911.9886658637768,1911.9886658637768,1911.9886658637768,1911.9886658637768,1911.9886658637768,1911.9886658637768,1911.9886658637768,1909.9321304247412,1909.9321304247412,1903.8915073563714,1903.8915073563714,1903.8915073563714,1902.0398660174092,1902.0398660174092,1902.0398660174092,1902.0398660174092,1902.0398660174092,1902.0398660174092,1902.0398660174092,1902.0398660174092,1902.0398660174092,1902.0398660174092,1902.0398660174092,1900.8616116351357,1900.8616116351357,1900.8616116351357,1900.8616116351357,1900.8616116351357,1900.8616116351357,1900.8616116351357,1900.8616116351357,1900.8616116351357,1900.8616116351357,1900.8616116351357,1900.8616116351357,1900.8616116351357,1900.8616116351357,1900.8616116351357,1900.8616116351357,1900.8616116351357,1900.8616116351357,1900.8616116351357,1900.8616116351357,1900.8616116351357,1900.8616116351357,1900.8616116351357,1900.8616116351357,1900.8616116351357,1900.8616116351357,1900.8616116351357,1900.8616116351357,1900.8616116351357,1900.8616116351357,1900.8616116351357,1900.8616116351357,1900.8616116351357,1900.8616116351357,1900.8616116351357,1900.8616116351357,1900.8616116351357,1900.8616116351357,1900.8616116351357,1900.8616116351357,1900.8616116351357,1900.8616116351357,1900.8616116351357,1900.8616116351357,1900.8616116351357,1900.8616116351357,1900.8616116351357,1900.8616116351357,1900.8616116351357,1900.8616116351357,1897.9745210935873,1897.9745210935873,1897.9745210935873,1897.9745210935873,1897.9745210935873,1897.9745210935873,1897.9745210935873,1897.9745210935873,1897.9745210935873,1897.9745210935873,1897.9745210935873,1897.9745210935873,1897.9745210935873,1897.9745210935873,1897.9745210935873,1897.9745210935873,1897.9745210935873,1897.9745210935873,1891.4291468597478,1891.4291468597478,1891.4291468597478,1891.4291468597478,1891.4291468597478,1891.4291468597478,1891.4291468597478,1891.4291468597478,1891.4291468597478,1891.4291468597478,1891.4291468597478,1891.4291468597478,1891.4291468597478,1891.4291468597478,1891.4291468597478,1891.4291468597478,1891.4291468597478,1891.4291468597478,1891.4291468597478,1891.4291468597478,1891.4291468597478,1891.4291468597478,1891.4291468597478,1891.4291468597478,1891.4291468597478,1891.4291468597478,1891.4291468597478,1891.4291468597478,1891.4291468597478,1891.4291468597478,1891.4291468597478,1891.4291468597478,1891.4291468597478,1891.4291468597478,1891.4291468597478,1891.4291468597478,1891.4291468597478,1891.4291468597478,1891.4291468597478,1891.4291468597478,1891.4291468597478,1891.4291468597478,1891.4291468597478,1891.4291468597478,1891.4291468597478,1891.4291468597478,1891.4291468597478,1891.4291468597478,1891.4291468597478,1891.4291468597478,1891.4291468597478,1891.4291468597478,1891.4291468597478,1891.4291468597478,1891.4291468597478,1891.4291468597478,1891.4291468597478,1891.4291468597478,1891.4291468597478,1875.1631547564973,1875.1631547564973,1875.1631547564973,1875.1631547564973,1875.1631547564973,1875.1631547564973,1875.1631547564973,1875.1631547564973,1875.1631547564973,1875.1631547564973,1875.1631547564973,1875.1631547564973,1875.1631547564973,1875.1631547564973,1875.1631547564973,1875.1631547564973,1875.1631547564973,1875.1631547564973,1875.1631547564973,1875.1631547564973,1875.1631547564973,1875.1631547564973,1875.1631547564973,1875.1631547564973,1875.1631547564973,1875.1631547564973,1875.1631547564973,1875.1631547564973,1875.1631547564973,1875.1631547564973,1875.1631547564973,1875.1631547564973,1875.1631547564973,1875.1631547564973,1875.1631547564973,1875.1631547564973,1875.1631547564973,1875.1631547564973,1875.1631547564973,1875.1631547564973,1875.1631547564973,1875.1631547564973,1875.1631547564973,