{"optimalDistance":1174,"benchmark":"A-n65-k9","distanceSequence":[1400.3164566555697,1398.580737192703,1398.580737192703,1398.580737192703,1398.580737192703,1398.580737192703,1398.580737192703,1398.580737192703,1398.580737192703,1398.580737192703,1396.101803179759,1396.101803179759,1396.101803179759,1396.101803179759,1388.2624463102713,1382.9714580314937,1382.9714580314937,1382.9714580314937,1382.9714580314937,1382.9714580314937,1382.9714580314937,1382.9714580314937,1374.275205307125,1374.275205307125,1374.275205307125,1374.275205307125,1374.275205307125,1374.275205307125,1374.275205307125,1370.037605261208,1370.037605261208,1370.037605261208,1369.057870725704,1369.057870725704,1369.057870725704,1369.057870725704,1369.057870725704,1369.057870725704,1369.057870725704,1369.057870725704,1369.057870725704,1369.057870725704,1369.057870725704,1369.057870725704,1369.057870725704,1369.057870725704,1369.057870725704,1341.8294544604523,1341.8294544604523,1341.8294544604523,1341.8294544604523,1341.8294544604523,1341.8294544604523,1341.8294544604523,1341.8294544604523,1341.8294544604523,1341.8294544604523,1341.8294544604523,1341.8294544604523,1341.8294544604523,1341.8294544604523,1341.8294544604523,1341.8294544604523,1341.8294544604523,1341.8294544604523,1341.8294544604523,1338.7292738539559,1338.7292738539559,1338.7292738539559,1338.7292738539559,1338.7292738539559,1338.7292738539559,1338.7292738539559,1338.7292738539559,1338.7292738539559,1338.7292738539559,1338.7292738539559,1338.7292738539559,1338.7292738539559,1338.7292738539559,1338.7292738539559,1338.7292738539559,1338.7292738539559,1338.7292738539559,1338.7292738539559,1338.7292738539559,1338.7292738539559,1334.74130816277,1334.74130816277,1334.74130816277,1334.74130816277,1334.74130816277,1334.74130816277,1334.74130816277,1319.3663620369969,1319.3663620369969,1319.3663620369969,1319.3663620369969,1319.3663620369969,1319.3663620369969,1314.0079644484526,1314.0079644484526,1314.0079644484526,1314.0079644484526,1314.0079644484526,1314.0079644484526,1314.0079644484526,1314.0079644484526,1314.0079644484526,1314.0079644484526,1314.0079644484526,1314.0079644484526,1289.831623219358,1289.831623219358,1289.831623219358,1289.831623219358,1289.831623219358,1289.831623219358,1289.831623219358,1289.831623219358,1289.831623219358,1289.831623219358,1289.831623219358,1289.831623219358,1289.831623219358,1289.831623219358,1289.831623219358,1289.831623219358,1289.831623219358,1289.831623219358,1289.831623219358,1289.831623219358,1289.831623219358,1289.831623219358,1289.831623219358,1289.831623219358,1289.831623219358,1289.831623219358,1284.3792446379812,1284.3792446379812,1284.3792446379812,1283.4835597789643,1283.4835597789643,1283.4835597789643,1283.4835597789643,1283.4835597789643,1283.4835597789643,1283.4835597789643,1283.4835597789643,1283.4835597789643,1283.4835597789643,1283.4835597789643,1281.9445396054207,1281.9445396054207,1281.9445396054207,1281.9445396054207,1281.9445396054207,1281.9445396054207,1278.4262327599495,1278.4262327599495,1276.9983829390358,1276.9983829390358,1276.9983829390358,1276.9983829390358,1276.9983829390358,1276.9983829390358,1276.9983829390358,1276.9983829390358,1276.9983829390358,1267.1983081038056,1267.1983081038056,1267.1983081038056,1267.1983081038056,1267.1983081038056,1266.2014234840094,1266.2014234840094,1266.2014234840094,1262.951096336518,1262.951096336518,1262.951096336518,1262.951096336518,1262.951096336518,1262.951096336518,1262.951096336518,1262.951096336518,1262.951096336518,1262.951096336518,1261.6172275084368,1261.6172275084368,1261.6172275084368,1257.223230199918,1257.223230199918,1257.223230199918,1257.223230199918,1257.223230199918,1257.223230199918,1257.223230199918,1257.1292492070852,1257.1292492070852,1257.1292492070852,1257.1292492070852,1257.1292492070852,1257.1292492070852,1257.1292492070852,1257.1292492070852,1257.1292492070852,1257.1292492070852,1257.1292492070852,1257.1292492070852,1257.1292492070852,1257.1292492070852,1257.1292492070852,1257.1292492070852,1257.1292492070852,1257.1292492070852,1255.7953803790042,1255.7953803790042,1255.7953803790042,1255.7953803790042,1255.7953803790042,1255.7013993861715,1255.7013993861715,1255.7013993861715,1255.7013993861715,1255.7013993861715,1255.7013993861715,1255.7013993861715,1255.7013993861715,1255.7013993861715,1255.7013993861715,1255.7013993861715,1255.7013993861715,1255.7013993861715,1255.7013993861715,1255.7013993861715,1245.806928643866,1245.806928643866,1245.806928643866,1245.806928643866,1245.806928643866,1245.806928643866,1245.806928643866,1245.806928643866,1245.806928643866,1245.806928643866,1245.806928643866,1245.806928643866,1245.806928643866,1245.806928643866,1245.806928643866,1245.806928643866,1245.806928643866,1245.806928643866,1245.806928643866,1245.806928643866,1245.806928643866,1245.806928643866,1245.806928643866,1245.806928643866,1245.806928643866,1245.806928643866,1245.806928643866,1245.806928643866,1245.806928643866,1245.806928643866,1245.806928643866,1244.3790788229521,1244.3790788229521,1242.9530809463702,1242.9530809463702,1242.9530809463702,1242.9530809463702,1242.9530809463702,1242.9530809463702,1242.9530809463702,1242.9530809463702,1242.9530809463702,1242.9530809463702,1242.9530809463702,1242.9530809463702,1242.9530809463702,1242.9530809463702,1242.9530809463702,1242.9530809463702,1242.9530809463702,1242.9530809463702,1242.9530809463702,1242.9530809463702,1241.1188242589046,1241.1188242589046,1241.1188242589046,1241.1188242589046,1241.1188242589046,1241.1188242589046,1241.1188242589046,1241.1188242589046,1241.1188242589046,1241.1188242589046,1241.1188242589046,1241.1188242589046,1241.1188242589046,1241.1188242589046,1241.1188242589046,1241.1188242589046,1239.690974437991,1239.690974437991,1239.690974437991,1239.690974437991,1239.690974437991,1236.1726675925197,1236.1726675925197,1236.1726675925197,1236.1726675925197,1236.1726675925197,1236.1726675925197,1236.1726675925197,1236.1726675925197,1236.1726675925197,1236.1726675925197,1236.1726675925197,1236.1726675925197,1236.1726675925197,1236.1726675925197,1236.1726675925197,1236.1726675925197,1236.1726675925197,1236.1726675925197,1236.1726675925197,1236.1726675925197,1236.1726675925197,1236.1726675925197,1236.1726675925197,1236.1726675925197,1236.1726675925197,1236.1726675925197,1236.1726675925197,1236.1726675925197,1236.1726675925197,1236.1726675925197,1236.1726675925197,1236.1726675925197,1236.1726675925197,1236.1726675925197,1236.1726675925197,1236.1726675925197,1236.1726675925197,1236.1726675925197,1236.1726675925197,1236.1726675925197,1236.1726675925197,1236.1726675925197,1236.1726675925197,1236.1726675925197,1236.1726675925197,1236.1726675925197,1235.495906947921,1235.495906947921,1235.495906947921,1235.495906947921,1235.495906947921,1235.495906947921,1235.495906947921,1235.495906947921,1235.495906947921,1235.495906947921,1235.495906947921,1235.495906947921,1235.495906947921,1235.495906947921,1235.495906947921,1235.495906947921,1235.495906947921,1235.495906947921,1235.495906947921,1235.495906947921,1235.495906947921,1235.495906947921,1235.495906947921,1235.495906947921,1235.495906947921,1235.495906947921,1235.495906947921,1235.495906947921,1235.495906947921,1235.495906947921,1235.495906947921,1235.495906947921,1235.495906947921,1235.495906947921,1235.495906947921,1235.495906947921,1235.495906947921,1235.495906947921,1235.495906947921,1235.495906947921,1235.495906947921,1235.495906947921,1235.495906947921,1234.7466697159375,1234.7466697159375,1234.7466697159375,1234.7466697159375,1234.7466697159375,1234.7466697159375,1234.7466697159375,1234.7466697159375,1234.7466697159375,1234.7466697159375,1234.7466697159375,1234.7466697159375,1234.7466697159375,1234.7466697159375,1234.7466697159375,1234.7466697159375,1234.7466697159375,1234.7466697159375,1234.7466697159375,1234.7466697159375,1234.7466697159375,1234.7466697159375,1234.7466697159375,1234.7466697159375,1234.7466697159375,1234.7466697159375,1234.7466697159375,1234.7466697159375,