{"front":[{"trucks":[[8,64,12,55,49,58,24,29],[3,39,43,62,21,59,41],[31,38,61,51,17,42,46],[16,28,15,23,10,35,27,52],[48,44,50,5,36,37,4],[63,34,19,20,53,25,14,13,2],[18,32,7,65,47,40],[26,22,30,56,54,6],[57,45,11,9,60,33]],"distance":1308.8511304463495,"fuel":1890.873689310236},{"trucks":[[8,64,12,55,49,58,24,29],[3,39,43,62,21,59,41],[31,38,61,51,17,42,46],[16,28,15,23,10,35,27,52],[48,44,50,5,36,37,4],[63,34,19,20,53,25,14,13,2],[18,32,7,65,47,40],[26,22,30,56,54,6],[57,45,60,9,11,33]],"distance":1310.6579289828085,"fuel":1889.3264653634783},{"trucks":[[8,64,12,55,49,58,24,34],[3,39,43,62,21,59,41],[31,38,61,51,17,42,46],[52,47,65,7,27,32,35,40],[44,50,5,37,36,4,15],[63,29,30,56,54,6],[18,28,16,23,10,48],[26,22,19,20,25,53,14,13,2],[57,60,9,11,45,33]],"distance":1311.4480398346645,"fuel":1865.3259478064265}],"Optimal":1174,"benchmark":"A-n65-k9"}