{"benchmark":"P-n60-k15","Optimal":968,"front":[{"trucks":[[2,23,43,42,44,24],[45,51,26,56,19,50],[36,58,16,21,38,37],[54,60,15],[28,53,14,55,20],[59,11,32],[35,47,9,8],[52,57,25,4],[29,22,48],[27,39,12],[46,30,6,49],[5,31,3],[18,41,13],[33,10,40],[7,34,17]],"distance":1017.3866917890122,"fuel":1445.7304971703277},{"trucks":[[2,23,43,42,44,24],[45,51,26,56,19,50],[36,58,16,21,38,37],[54,60,15],[28,53,14,55,20],[59,11,32],[35,47,9,8],[52,4,25,57],[29,22,48],[27,39,12],[46,30,6,49],[5,31,3],[18,41,13],[33,10,40],[7,34,17]],"distance":1017.9757934010752,"fuel":1437.4993972997133},{"trucks":[[2,24,44,42,43,23],[45,51,26,56,19,50],[36,58,16,21,38,37],[54,15,60],[28,53,14,55,20],[59,11,32],[35,47,9,8],[52,4,25,57],[29,22,48],[27,39,12],[46,30,6,49],[5,31,3],[18,41,13],[33,10,40],[7,34,17]],"distance":1020.7489252023959,"fuel":1435.9749167893344},{"trucks":[[2,44,24,42,43,23],[45,51,26,56,19,50],[36,58,16,21,38,37],[54,15,60],[28,53,14,55,20],[59,11,32],[35,47,9,8],[52,4,25,57],[29,22,48],[27,39,12],[46,30,6,49],[5,31,3],[18,41,13],[33,10,40],[7,34,17]],"distance":1021.5003901109412,"fuel":1433.7924549621982}]}