{"optimalDistance":744,"fuelSequence":[1189.288147480047,1189.288147480047,1189.288147480047,1189.288147480047,1189.288147480047,1189.288147480047,1189.288147480047,1189.288147480047,1189.288147480047,1189.288147480047,1188.3601290423633,1188.0942485442251,1188.0942485442251,1182.8229553430926,1173.2575241227994,1173.2575241227994,1173.2575241227994,1172.0636251869776,1172.0636251869776,1172.0636251869776,1167.878590084065,1167.878590084065,1167.878590084065,1167.878590084065,1167.878590084065,1167.878590084065,1167.878590084065,1167.878590084065,1162.1167962314566,1158.4808761103886,1158.4808761103886,1158.4808761103886,1158.4808761103886,1155.619672387641,1155.619672387641,1155.619672387641,1155.619672387641,1155.619672387641,1155.619672387641,1155.619672387641,1152.2073441288594,1152.2073441288594,1152.2073441288594,1152.2073441288594,1150.3314927267174,1150.3314927267174,1150.3314927267174,1150.3314927267174,1150.3314927267174,1150.3314927267174,1150.3314927267174,1150.3314927267174,1150.3314927267174,1147.4578751240153,1147.4578751240153,1147.4578751240153,1147.4578751240153,1147.4578751240153,1147.4578751240153,1147.4578751240153,1147.4578751240153,1147.4578751240153,1147.4578751240153,1143.7833438048053,1143.7833438048053,1142.0786715618226,1142.0786715618226,1142.0786715618226,1142.0786715618226,1142.0786715618226,1142.0786715618226,1142.0786715618226,1140.828165814364,1140.828165814364,1140.828165814364,1140.828165814364,1140.828165814364,1140.828165814364,1140.828165814364,1140.828165814364,1140.828165814364,1140.828165814364,1140.828165814364,1140.828165814364,1140.828165814364,1140.828165814364,1139.0358614599393,1139.0358614599393,1139.0358614599393,1139.0358614599393,1139.0358614599393,1139.0358614599393,1139.0358614599393,1139.0358614599393,1139.0358614599393,1139.0358614599393,1139.0358614599393,1139.0358614599393,1139.0358614599393,1139.0358614599393,1139.0358614599393,1132.7711742197814,1132.7711742197814,1132.7711742197814,1132.7711742197814,1132.7711742197814,1132.7711742197814,1132.7711742197814,1132.7711742197814,1132.7711742197814,1132.7711742197814,1132.7711742197814,1132.7711742197814,1132.7711742197814,1132.7711742197814,1132.7711742197814,1132.7711742197814,1132.7711742197814,1132.7711742197814,1132.7711742197814,1129.8751532033307,1129.8751532033307,1129.8751532033307,1129.8751532033307,1129.8751532033307,1129.8751532033307,1129.8751532033307,1129.8751532033307,1129.8751532033307,1129.8751532033307,1129.8751532033307,1129.8751532033307,1129.8751532033307,1129.8751532033307,1129.8751532033307,1129.8751532033307,1126.868783781768,1126.868783781768,1126.868783781768,1126.868783781768,1126.868783781768,1126.868783781768,1126.868783781768,1126.868783781768,1126.868783781768,1126.868783781768,1126.2010500781275,1126.2010500781275,1126.2010500781275,1126.2010500781275,1126.2010500781275,1126.2010500781275,1126.2010500781275,1126.2010500781275,1126.2010500781275,1126.2010500781275,1126.2010500781275,1126.2010500781275,1126.2010500781275,1126.2010500781275,1126.2010500781275,1126.2010500781275,1126.2010500781275,1126.2010500781275,1126.2010500781275,1126.2010500781275,1126.2010500781275,1126.2010500781275,1126.2010500781275,1126.2010500781275,1126.2010500781275,1118.8121613980497,1118.8121613980497,1118.8121613980497,1118.8121613980497,1118.8121613980497,1118.8121613980497,1118.8121613980497,1118.8121613980497,1118.8121613980497,1118.8121613980497,1118.8121613980497,1118.8121613980497,1118.8121613980497,1118.8121613980497,1118.8121613980497,1118.8121613980497,1118.8121613980497,1118.8121613980497,1118.8121613980497,1118.8121613980497,1118.8121613980497,1118.8121613980497,1118.8121613980497,1118.8121613980497,1118.8121613980497,1118.8121613980497,1118.8121613980497,1118.8121613980497,1118.8121613980497,1118.8121613980497,1118.8121613980497,1118.8121613980497,1118.8121613980497,1118.8121613980497,1118.8121613980497,1118.8121613980497,1118.8121613980497,1118.8121613980497,1118.8121613980497,1118.8121613980497,1118.8121613980497,1118.8121613980497,1118.8121613980497,1118.8121613980497,1118.8121613980497,1118.8121613980497,1118.8121613980497,1118.8121613980497,1118.8121613980497,1118.8121613980497,1118.8121613980497,1118.8121613980497,1118.8121613980497,1118.8121613980497,1118.8121613980497,1118.8121613980497,1118.8121613980497,1118.8121613980497,1118.8121613980497,1118.8121613980497,1118.8121613980497,1118.8121613980497,1118.8121613980497,1118.8121613980497,1118.8121613980497,1118.8121613980497,1118.8121613980497,1118.8121613980497,1118.8121613980497,1118.8121613980497,1118.8121613980497,1118.8121613980497,1118.8121613980497,1118.8121613980497,1118.8121613980497,1118.8121613980497,1118.8121613980497,1118.8121613980497,1118.8121613980497,1118.8121613980497,1118.8121613980497,1118.8121613980497,1118.8121613980497,1118.8121613980497,1118.8121613980497,1118.8121613980497,1118.8121613980497,1118.8121613980497,1118.8121613980497,1118.8121613980497,1118.8121613980497,1118.8121613980497,1118.8121613980497,1118.8121613980497,1118.8121613980497,1118.8121613980497,1118.8121613980497,1118.8121613980497,1118.8121613980497,1118.8121613980497,1118.8121613980497,1118.8121613980497,1118.8121613980497,1118.8121613980497,1118.8121613980497,1118.8121613980497,1118.8121613980497,1118.8121613980497,1118.8121613980497,1118.8121613980497,1118.8121613980497,1118.8121613980497,1118.8121613980497,1118.8121613980497,1118.8121613980497,1118.8121613980497,1118.8121613980497,1118.8121613980497,1118.8121613980497,1118.8121613980497,1118.8121613980497,1118.8121613980497,1118.8121613980497,1118.8121613980497,1118.8121613980497,1118.8121613980497,1118.8121613980497,1118.8121613980497,1118.8121613980497,1118.8121613980497,1118.8121613980497,1118.8121613980497,1118.8121613980497,1118.8121613980497,1118.8121613980497,1118.8121613980497,1118.8121613980497,1118.8121613980497,1118.8121613980497,1118.8121613980497,1118.8121613980497,1118.8121613980497,1118.8121613980497,1118.8121613980497,1118.8121613980497,1118.8121613980497,1118.8121613980497,1118.8121613980497,1118.8121613980497,1118.8121613980497,1118.8121613980497,1118.8121613980497,1118.8121613980497,1118.8121613980497,1118.8121613980497,1118.8121613980497,1118.8121613980497,1118.8121613980497,1118.8121613980497,1118.8121613980497,1118.8121613980497,1118.8121613980497,1118.8121613980497,1118.8121613980497,1118.8121613980497,1118.8121613980497,1118.8121613980497,1118.8121613980497,1118.8121613980497,1118.8121613980497,1118.8121613980497,1118.8121613980497,1118.8121613980497,1118.8121613980497,1118.8121613980497,1118.8121613980497,1118.8121613980497,1118.8121613980497,1118.8121613980497,1118.8121613980497,1118.8121613980497,1118.8121613980497,1118.8121613980497,1118.8121613980497,1118.8121613980497,1118.8121613980497,1118.8121613980497,1118.8121613980497,1118.0961875888895,1118.0961875888895,1118.0961875888895,1118.0961875888895,1118.0961875888895,1118.0961875888895,1118.0961875888895,1118.0961875888895,1118.0961875888895,1118.0961875888895,1118.0961875888895,1118.0961875888895,1118.0961875888895,1118.0961875888895,1118.0961875888895,1118.0961875888895,1118.0961875888895,1118.0961875888895,1118.0961875888895,1118.0961875888895,1118.0961875888895,1118.0961875888895,1118.0961875888895,1118.0961875888895,1118.0961875888895,1118.0961875888895,1118.0961875888895,1118.0961875888895,1118.0961875888895,1118.0961875888895,1118.0961875888895,1118.0961875888895,1118.0961875888895,1118.0961875888895,1118.0961875888895,1118.0961875888895,1118.0961875888895,1118.0961875888895,1118.0961875888895,1118.0961875888895,1118.0961875888895,1118.0961875888895,1118.0961875888895,1118.0961875888895,1118.0961875888895,1118.0961875888895,1118.0961875888895,1118.0961875888895,1118.0961875888895,1118.0961875888895,1118.0961875888895,1118.0961875888895,1118.0961875888895,1118.0961875888895,1118.0961875888895,1118.0961875888895,1118.0961875888895,1118.0961875888895,1118.0961875888895,1118.0961875888895,1118.0961875888895,1118.0961875888895,