{"benchmark":"P-n21-k2","Optimal":211,"front":[{"trucks":[[2,11,5,12,16,13,4,20,19,9,8],[17,7,3,14,10,18,15,6,21]],"fuel":321.4987359705623,"distance":221.7386876300041},{"trucks":[[2,11,5,12,16,13,4,20,19,9,14],[17,7,3,8,10,18,15,6,21]],"distance":223.49363379340554,"fuel":319.9617289450235},{"trucks":[[21,6,15,18,10,14,9,19,20,4],[7,8,3,11,13,16,12,5,2,17]],"distance":224.99168388534414,"fuel":317.4510944488936}]}