{"optimalDistance":1354,"benchmark":"A-n60-k9","distanceSequence":[1572.3633687194067,1570.1263227917345,1570.1263227917345,1570.1263227917345,1567.4390449746818,1567.4390449746818,1567.4390449746818,1567.4390449746818,1558.4157117315838,1541.346487820998,1541.346487820998,1538.6258969132057,1538.6258969132057,1538.6258969132057,1538.6258969132057,1538.6258969132057,1538.6258969132057,1538.6258969132057,1533.1439332308844,1533.1439332308844,1533.1439332308844,1533.1439332308844,1527.9100199894506,1527.9100199894506,1527.9100199894506,1527.9031912563287,1527.9031912563287,1527.9031912563287,1519.672300456429,1514.9974185114606,1514.9974185114606,1514.9974185114606,1514.9974185114606,1514.9974185114606,1514.9974185114606,1514.1490143023923,1509.5154548291393,1509.5154548291393,1509.5154548291393,1509.5154548291393,1509.3889882975348,1509.3889882975348,1508.582007990787,1499.321414303306,1499.321414303306,1499.321414303306,1499.321414303306,1499.321414303306,1499.321414303306,1499.321414303306,1499.321414303306,1499.321414303306,1499.321414303306,1499.321414303306,1499.321414303306,1499.321414303306,1499.321414303306,1493.7981281492694,1493.7981281492694,1479.8731438206783,1479.8731438206783,1479.8731438206783,1479.8731438206783,1479.8731438206783,1479.8731438206783,1479.8731438206783,1479.8731438206783,1479.8731438206783,1479.8731438206783,1479.8731438206783,1479.8731438206783,1479.8731438206783,1479.8663150875564,1477.0849602667076,1474.3498576666416,1474.3498576666416,1474.3498576666416,1474.3498576666416,1474.3498576666416,1474.3498576666416,1474.3498576666416,1472.1943273385018,1470.7443978250594,1470.7443978250594,1470.7443978250594,1470.7443978250594,1470.7443978250594,1470.7443978250594,1470.7443978250594,1470.7443978250594,1465.2211116710228,1465.2211116710228,1463.4704408652642,1463.4704408652642,1463.4704408652642,1463.4704408652642,1463.4704408652642,1463.4704408652642,1457.1648809417075,1457.1648809417075,1457.1648809417075,1457.1648809417075,1457.1580522085856,1457.1580522085856,1457.1580522085856,1457.1580522085856,1457.1580522085856,1455.9564711730106,1455.9564711730106,1455.9564711730106,1455.9564711730106,1455.9564711730106,1455.9564711730106,1455.9564711730106,1455.9564711730106,1455.9564711730106,1455.9564711730106,1455.9564711730106,1455.9564711730106,1455.9564711730106,1455.9496424398887,1455.9496424398887,1455.9496424398887,1455.9496424398887,1450.8490244631814,1450.8490244631814,1444.1349264268356,1444.1349264268356,1444.1349264268356,1444.1349264268356,1444.1349264268356,1444.1349264268356,1444.1349264268356,1444.1349264268356,1444.1349264268356,1444.1349264268356,1444.1349264268356,1444.1349264268356,1444.1349264268356,1444.1349264268356,1444.1349264268356,1444.1349264268356,1444.1349264268356,1444.1349264268356,1444.1349264268356,1444.1349264268356,1444.1349264268356,1444.1280976937137,1444.1280976937137,1444.1280976937137,1443.7708405762373,1443.7708405762373,1442.538428083522,1442.538428083522,1442.538428083522,1442.538428083522,1441.1395542430137,1441.1395542430137,1441.1395542430137,1441.1395542430137,1441.1395542430137,1441.1395542430137,1441.1395542430137,1441.1395542430137,1441.1395542430137,1436.303963948387,1436.303963948387,1436.303963948387,1436.303963948387,1436.303963948387,1436.303963948387,1436.303963948387,1436.303963948387,1436.303963948387,1436.303963948387,1436.303963948387,1435.9013825983122,1435.9013825983122,1435.9013825983122,1435.9013825983122,1431.1965172385578,1430.841813007042,1430.841813007042,1430.841813007042,1430.841813007042,1423.8240276544846,1423.8240276544846,1423.8240276544846,1423.8240276544846,1423.8240276544846,1423.4214463044098,1423.4214463044098,1423.4214463044098,1423.4214463044098,1423.4214463044098,1423.4214463044098,1423.4214463044098,1423.4214463044098,1423.0667420728944,1423.0667420728944,1423.0667420728944,1423.0667420728944,1420.9294988898866,1420.9294988898866,1420.9294988898866,1420.9294988898866,1420.9294988898866,1420.9294988898866,1420.9294988898866,1420.9294988898866,1420.9294988898866,1420.9294988898866,1420.9294988898866,1420.9294988898866,1420.9294988898866,1420.9294988898866,1420.9294988898866,1420.9294988898866,1420.5747946583708,1420.5747946583708,1420.5747946583708,1420.5747946583708,1420.5747946583708,1420.5747946583708,1420.5747946583708,1420.5747946583708,1420.5747946583708,1420.5747946583708,1420.5747946583708,1420.5747946583708,1420.5747946583708,1420.5747946583708,1420.5747946583708,1420.5747946583708,1420.5747946583708,1420.5747946583708,1420.5747946583708,1420.5747946583708,1420.5747946583708,1420.5747946583708,1420.5747946583708,1420.5747946583708,1420.5747946583708,1420.5747946583708,1420.5747946583708,1420.5747946583708,1420.5747946583708,1420.5747946583708,1420.5747946583708,1420.5747946583708,1420.5747946583708,1420.5747946583708,1420.5747946583708,1420.5637398304673,1420.5637398304673,1420.5637398304673,1420.5637398304673,1420.5637398304673,1420.5637398304673,1420.5637398304673,1420.5637398304673,1420.5637398304673,1420.5637398304673,1420.5637398304673,1420.5637398304673,1420.5637398304673,1420.5637398304673,1420.5637398304673,1420.5637398304673,1420.5637398304673,1420.5637398304673,1420.5637398304673,1420.5637398304673,1420.5637398304673,1420.5637398304673,1420.5637398304673,1420.5637398304673,1420.5637398304673,1420.5637398304673,1420.5637398304673,1420.5637398304673,1420.5637398304673,1420.5637398304673,1420.5637398304673,1420.5637398304673,1420.5637398304673,1420.5637398304673,1420.5637398304673,1420.5637398304673,1420.5637398304673,1420.5637398304673,1420.5637398304673,1420.5637398304673,1420.5637398304673,1420.5637398304673,1420.5637398304673,1420.5637398304673,1420.5637398304673,1420.5637398304673,1420.5637398304673,1420.5637398304673,1420.5637398304673,1420.5637398304673,1420.5637398304673,1420.5637398304673,1420.5637398304673,1420.5637398304673,1420.5637398304673,1420.5637398304673,1420.5637398304673,1420.5637398304673,1420.5637398304673,1420.5637398304673,1420.5637398304673,1420.5637398304673,1420.5637398304673,1420.5637398304673,1420.5637398304673,1420.5637398304673,1420.5611869445065,1420.5611869445065,1420.5611869445065,1420.5611869445065,1420.5611869445065,1420.5611869445065,1420.5611869445065,1420.5611869445065,1420.5611869445065,1420.5611869445065,1420.5611869445065,1420.5611869445065,1420.5611869445065,1420.5611869445065,1420.5611869445065,1420.5611869445065,1420.206482712991,1420.206482712991,1420.206482712991,1420.206482712991,1420.206482712991,1420.206482712991,1418.5112065649832,1418.5112065649832,1418.5112065649832,1418.5112065649832,1418.5112065649832,1418.5112065649832,1418.5112065649832,1418.5112065649832,1418.5112065649832,1418.5112065649832,1418.5112065649832,1418.5112065649832,1418.5112065649832,1418.5112065649832,1418.5112065649832,1418.5112065649832,1418.5112065649832,1418.5112065649832,1418.5112065649832,1418.5112065649832,1418.5112065649832,1418.5112065649832,1418.5112065649832,1418.5112065649832,1418.5112065649832,1418.5112065649832,1418.5112065649832,1418.5112065649832,1418.5112065649832,1418.5112065649832,1418.5112065649832,1418.5112065649832,1418.5112065649832,1418.5112065649832,1418.5112065649832,1418.5112065649832,1418.5112065649832,1418.5112065649832,1418.5112065649832,1418.5112065649832,1418.5112065649832,1418.5112065649832,1418.5112065649832,1418.5112065649832,1418.5112065649832,1418.5112065649832,1418.5112065649832,1418.5112065649832,1418.5112065649832,1418.5112065649832,1418.5112065649832,1418.5112065649832,1418.5112065649832,1418.5112065649832,1418.5112065649832,1418.5112065649832,1418.5112065649832,1418.1565023334674,1418.1565023334674,1418.1565023334674,1418.1565023334674,1418.1565023334674,1418.1565023334674,1418.1565023334674,1418.1565023334674,1418.1565023334674,1418.1565023334674,1418.1565023334674,1418.1565023334674,1418.1565023334674,1418.1565023334674,1418.1565023334674,1418.1565023334674,1418.1565023334674,1418.1565023334674,1418.1565023334674,1418.1565023334674,1418.1565023334674,