{"optimalDistance":588,"fuelSequence":[898.7973035964372,898.7973035964372,898.7973035964372,898.7973035964372,898.7973035964372,898.7973035964372,898.7973035964372,898.7973035964372,898.7973035964372,898.7973035964372,886.1794928680678,886.1794928680678,886.1794928680678,886.1794928680678,886.1794928680678,886.1794928680678,886.1794928680678,886.1794928680678,886.1794928680678,886.1794928680678,886.1794928680678,886.1794928680678,886.1794928680678,886.1794928680678,886.1794928680678,886.1794928680678,886.1794928680678,886.1794928680678,886.1794928680678,886.1794928680678,886.1794928680678,886.1794928680678,886.1794928680678,886.1794928680678,886.1794928680678,886.1794928680678,886.1794928680678,886.1794928680678,886.1794928680678,886.1794928680678,886.1794928680678,886.1794928680678,886.1794928680678,886.1794928680678,886.1794928680678,886.1794928680678,886.1794928680678,886.1794928680678,886.1794928680678,886.1794928680678,886.1794928680678,886.1794928680678,886.1794928680678,886.1794928680678,886.1794928680678,886.1794928680678,886.1794928680678,886.1794928680678,886.1794928680678,886.1794928680678,886.1794928680678,886.1794928680678,886.1794928680678,886.1794928680678,886.1794928680678,886.1794928680678,886.1794928680678,886.1794928680678,886.1794928680678,886.1794928680678,886.1794928680678,886.1794928680678,886.1794928680678,878.8665897992092,878.8665897992092,875.0077936721553,875.0077936721553,875.0077936721553,875.0077936721553,875.0077936721553,875.0077936721553,875.0077936721553,875.0077936721553,875.0077936721553,875.0077936721553,860.6897567730803,860.6897567730803,860.6897567730803,860.6897567730803,860.6897567730803,860.6897567730803,860.6897567730803,860.6897567730803,860.6897567730803,860.6897567730803,860.6897567730803,860.6897567730803,860.6897567730803,860.6897567730803,860.6897567730803,860.6897567730803,860.6897567730803,860.6897567730803,860.6897567730803,860.6897567730803,860.6897567730803,860.6897567730803,860.6897567730803,860.6897567730803,858.2742390838645,858.2742390838645,858.2742390838645,858.2742390838645,858.2742390838645,858.2742390838645,854.4953902359707,854.4953902359707,854.4953902359707,854.4953902359707,854.4953902359707,854.4953902359707,854.4953902359707,854.4953902359707,854.4953902359707,854.4953902359707,852.3897580026339,852.3897580026339,849.7859123247363,849.7859123247363,849.7859123247363,849.7859123247363,849.7859123247363,849.7859123247363,849.7859123247363,849.7859123247363,849.7859123247363,849.7859123247363,849.7859123247363,849.7859123247363,849.7859123247363,849.7859123247363,849.7859123247363,849.7859123247363,849.7859123247363,849.7859123247363,849.7859123247363,849.7859123247363,849.7859123247363,849.7859123247363,849.7859123247363,849.7859123247363,849.7859123247363,847.2225004963361,847.2225004963361,847.2225004963361,847.2225004963361,839.8542144190199,839.8542144190199,839.8542144190199,839.8542144190199,839.8542144190199,839.8542144190199,839.8542144190199,839.8542144190199,839.8542144190199,839.1575880560699,839.1575880560699,839.1575880560699,839.1575880560699,838.02773400508,838.02773400508,838.02773400508,838.02773400508,838.02773400508,838.02773400508,838.02773400508,837.2908025906198,837.2908025906198,837.2908025906198,837.2908025906198,834.9829057440754,834.9829057440754,834.9829057440754,834.9829057440754,834.9829057440754,834.9829057440754,824.7656973242629,824.7656973242629,824.7656973242629,824.7656973242629,824.7656973242629,824.7656973242629,824.7656973242629,824.7656973242629,824.7656973242629,824.7656973242629,824.7656973242629,824.7656973242629,824.7656973242629,824.7656973242629,821.251760398708,821.251760398708,821.251760398708,821.251760398708,821.251760398708,821.251760398708,821.251760398708,821.251760398708,821.251760398708,821.251760398708,821.251760398708,821.251760398708,821.251760398708,821.251760398708,821.251760398708,821.251760398708,821.251760398708,821.251760398708,821.251760398708,821.251760398708,821.251760398708,821.251760398708,819.8413731110608,819.8413731110608,819.8413731110608,819.8413731110608,819.8413731110608,819.8413731110608,819.8413731110608,819.8413731110608,819.8413731110608,819.8413731110608,819.8413731110608,819.8413731110608,819.8413731110608,819.8413731110608,819.8413731110608,819.8413731110608,819.8413731110608,819.8413731110608,819.8413731110608,819.8413731110608,819.8413731110608,819.8413731110608,819.8413731110608,819.8413731110608,819.8413731110608,819.8413731110608,819.8413731110608,819.8413731110608,819.8413731110608,819.8413731110608,819.8413731110608,819.8413731110608,819.8413731110608,819.8413731110608,819.8413731110608,819.8413731110608,819.8413731110608,819.8413731110608,819.8413731110608,819.8413731110608,819.8413731110608,819.8413731110608,819.8413731110608,819.8413731110608,819.8413731110608,819.8413731110608,819.8413731110608,819.8413731110608,819.8413731110608,819.8413731110608,819.8413731110608,819.8413731110608,819.8413731110608,819.8413731110608,819.8413731110608,819.8413731110608,819.8413731110608,819.8413731110608,819.8413731110608,819.8413731110608,819.8413731110608,819.8413731110608,819.8413731110608,819.8413731110608,819.8413731110608,819.8413731110608,819.8413731110608,819.8413731110608,819.8413731110608,819.8413731110608,819.8413731110608,819.8413731110608,819.8413731110608,819.8413731110608,819.8413731110608,819.8413731110608,819.8413731110608,819.8413731110608,819.8413731110608,819.8413731110608,819.8413731110608,819.8413731110608,819.8413731110608,819.8413731110608,819.8413731110608,819.8413731110608,819.8413731110608,819.8413731110608,819.8413731110608,819.8413731110608,819.8413731110608,819.8413731110608,819.8413731110608,819.8413731110608,819.8413731110608,819.8413731110608,819.8413731110608,819.8413731110608,819.8413731110608,819.8413731110608,819.8413731110608,819.8413731110608,819.8413731110608,819.8413731110608,819.8413731110608,819.8413731110608,819.8413731110608,819.8413731110608,819.8413731110608,819.8413731110608,819.8413731110608,819.8413731110608,819.8413731110608,819.8413731110608,819.8413731110608,819.8413731110608,819.8413731110608,819.8413731110608,819.8413731110608,819.8413731110608,819.8413731110608,819.8413731110608,819.8413731110608,819.8413731110608,819.8413731110608,819.8413731110608,819.8413731110608,819.8413731110608,819.8413731110608,819.8413731110608,819.8413731110608,819.8413731110608,819.8413731110608,819.8413731110608,819.8413731110608,819.8413731110608,819.8413731110608,819.8413731110608,819.8413731110608,819.8413731110608,819.8413731110608,819.8413731110608,819.8413731110608,819.8413731110608,819.8413731110608,819.8413731110608,819.8413731110608,819.8413731110608,819.8413731110608,819.8413731110608,819.8413731110608,819.8413731110608,819.8413731110608,819.8413731110608,819.8413731110608,819.8413731110608,819.8413731110608,819.8413731110608,819.8413731110608,819.8413731110608,819.8413731110608,819.8413731110608,819.8413731110608,819.8413731110608,819.8413731110608,819.8413731110608,819.8413731110608,819.8413731110608,819.8413731110608,819.8413731110608,819.8413731110608,819.8413731110608,819.8413731110608,819.8413731110608,819.8413731110608,819.8413731110608,819.8413731110608,819.8413731110608,819.8413731110608,819.8413731110608,819.8413731110608,819.8413731110608,819.8413731110608,819.8413731110608,819.8413731110608,819.8413731110608,819.8413731110608,819.8413731110608,819.8413731110608,819.8413731110608,819.8413731110608,819.8413731110608,819.8413731110608,819.8413731110608,819.8413731110608,819.8413731110608,819.8413731110608,819.8413731110608,819.8413731110608,819.8413731110608,819.8413731110608,819.8413731110608,819.8413731110608,819.8413731110608,819.8413731110608,819.8413731110608,819.8413731110608,819.8413731110608,819.8413731110608,819.8413731110608,819.8413731110608,819.8413731110608,819.8413731110608,819.8413731110608,819.8413731110608,819.8413731110608,819.8413731110608,819.8413731110608,819.8413731110608,819.8413731110608,819.8413731110608,819.8413731110608,