{"Optimal":588,"front":[{"fuel":829.147361441231,"distance":595.3061033951612,"trucks":[[7,34,2,44,42,43,23,29],[35,53,28,16,21,38,37,48,22],[54,12,39,11,32,27],[47,9,14,55,20,15,36,8],[13,40,10,26,51,19,25,50,24],[18,41,33,45,4,17,52],[5,46,30,6,49,31,3],[]]},{"fuel":821.251760398708,"distance":595.924203141292,"trucks":[[7,34,2,44,42,43,23,29],[35,53,28,16,21,38,37,48,22],[27,54,12,39,11,32],[47,9,14,55,20,15,36,8],[13,40,10,26,51,19,25,50,24],[18,41,33,45,4,17,52],[5,46,30,6,49,31,3],[]]},{"fuel":819.8413731110608,"distance":599.2076080590497,"trucks":[[7,34,2,44,42,43,23,29],[35,53,28,16,21,38,37,48,22],[27,54,12,39,11,32],[47,9,8,36,15,20,55,14],[13,40,10,26,51,19,25,50,24],[18,41,33,45,4,17,52],[5,46,30,6,49,31,3],[]]}],"benchmark":"P-n55-k8"}