{"benchmark":"P-n55-k8","front":[{"fuel":847.3742383502097,"distance":597.1276397841076,"trucks":[[27,11,39,12,15,54],[10,40,32,26,51,19,25,50],[3,29,22,37,48,49,31],[18,13,41,33,45,4,52],[46,30,6,38,21,16,14,55,20,9],[5,28,53,35,47,36,8],[7,34,2,23,43,42,44,24,17],[]]},{"fuel":845.0140278876578,"distance":597.1351405458685,"trucks":[[27,11,39,12,15,54],[10,40,32,26,51,19,25,50],[3,29,22,37,48,49,31],[18,13,41,33,45,4,52],[46,30,6,38,21,16,14,55,20,36],[5,28,53,35,47,9,8],[7,34,2,23,43,42,44,24,17],[]]},{"fuel":844.7723815012752,"distance":598.2430818686233,"trucks":[[27,54,15,12,39,11],[10,40,32,26,51,19,25,50],[3,29,22,37,48,49,31],[18,13,41,33,45,4,52],[46,30,6,38,21,16,14,55,20,36],[5,28,53,35,47,9,8],[7,34,2,23,43,42,44,24,17],[]]}],"Optimal":588}