{"benchmark":"A-n44-k6","Optimal":937,"front":[{"trucks":[[18,31,24,41,44,30],[28,6,22,33,38,43,34,25],[5,35,40,13,4,7,26],[3,42,15,14,39,10,37,23],[27,11,12,17,21,19,36,2],[32,29,8,20,16,9]],"distance":967.4071609457791,"fuel":1375.8002249647143},{"distance":967.87555966205,"fuel":1375.274969289244,"trucks":[[3,42,15,14,39,10,37,23],[5,35,40,13,4,7,26],[28,6,22,33,38,43,34,25],[27,11,12,17,21,19,36,2],[18,24,31,41,44,30],[32,29,8,20,16,9]]},{"distance":969.9525297023105,"trucks":[[5,35,40,13,4,7,26],[28,6,22,33,38,43,34,25],[3,23,37,10,39,14,15,42],[27,11,12,17,21,19,36,2],[18,24,31,41,44,30],[32,29,8,20,16,9]],"fuel":1370.638220217439}]}