{"optimalDistance":1159,"fuelSequence":[1847.8373039095145,1847.8373039095145,1847.8373039095145,1847.8373039095145,1847.8373039095145,1847.8373039095145,1847.8373039095145,1847.8373039095145,1847.8373039095145,1847.8373039095145,1847.8373039095145,1847.8373039095145,1847.8373039095145,1847.8373039095145,1847.8373039095145,1847.8373039095145,1847.8373039095145,1847.8373039095145,1847.8373039095145,1847.8373039095145,1847.8373039095145,1847.8373039095145,1847.8373039095145,1847.8373039095145,1847.8373039095145,1847.8373039095145,1847.8373039095145,1847.8373039095145,1847.8373039095145,1847.8373039095145,1847.8373039095145,1847.8373039095145,1847.8373039095145,1847.8373039095145,1847.8373039095145,1847.8373039095145,1847.8373039095145,1847.8373039095145,1847.8373039095145,1847.8373039095145,1847.8373039095145,1847.8373039095145,1847.8373039095145,1847.8373039095145,1847.8373039095145,1847.8373039095145,1847.8373039095145,1847.8373039095145,1847.8373039095145,1847.8373039095145,1847.8373039095145,1847.8373039095145,1847.8373039095145,1847.8373039095145,1847.8373039095145,1847.8373039095145,1847.8373039095145,1847.8373039095145,1847.8373039095145,1847.8373039095145,1847.8373039095145,1847.8373039095145,1847.8373039095145,1847.8373039095145,1847.8373039095145,1847.8373039095145,1847.8373039095145,1847.8373039095145,1847.8373039095145,1847.8373039095145,1847.8373039095145,1847.8373039095145,1847.8373039095145,1847.8373039095145,1847.8373039095145,1847.8373039095145,1847.8373039095145,1847.8373039095145,1847.8373039095145,1847.8373039095145,1847.8373039095145,1847.8373039095145,1847.8373039095145,1847.8373039095145,1847.8373039095145,1847.8373039095145,1847.8373039095145,1847.8373039095145,1847.8373039095145,1847.8373039095145,1847.8373039095145,1847.8373039095145,1847.8373039095145,1847.8373039095145,1847.8373039095145,1847.8373039095145,1847.8373039095145,1847.8373039095145,1847.8373039095145,1847.8373039095145,1847.8373039095145,1847.8373039095145,1847.8373039095145,1847.8373039095145,1847.8373039095145,1847.8373039095145,1847.8373039095145,1847.8373039095145,1847.8373039095145,1847.8373039095145,1847.8373039095145,1847.8373039095145,1847.8373039095145,1847.8373039095145,1847.8373039095145,1847.8373039095145,1847.8373039095145,1847.8373039095145,1847.8373039095145,1847.8373039095145,1847.8373039095145,1847.8373039095145,1847.8373039095145,1847.8373039095145,1847.8373039095145,1847.8373039095145,1847.8373039095145,1847.8373039095145,1847.8373039095145,1847.8373039095145,1847.8373039095145,1847.8373039095145,1847.8373039095145,1847.8373039095145,1847.8373039095145,1847.8373039095145,1847.8373039095145,1847.8373039095145,1847.8373039095145,1847.8373039095145,1847.8373039095145,1847.8373039095145,1847.8373039095145,1847.8373039095145,1847.8373039095145,1847.8373039095145,1847.8373039095145,1847.8373039095145,1847.8373039095145,1847.8373039095145,1847.8373039095145,1847.8373039095145,1847.8373039095145,1847.8373039095145,1847.8373039095145,1847.8373039095145,1847.8373039095145,1847.8373039095145,1847.8373039095145,1846.632953738244,1846.632953738244,1846.632953738244,1846.632953738244,1846.632953738244,1846.632953738244,1846.632953738244,1846.632953738244,1846.632953738244,1846.632953738244,1846.632953738244,1846.632953738244,1846.632953738244,1846.632953738244,1846.632953738244,1846.632953738244,1846.632953738244,1846.632953738244,1846.632953738244,1846.632953738244,1846.632953738244,1846.632953738244,1846.632953738244,1846.632953738244,1846.632953738244,1846.632953738244,1846.632953738244,1846.632953738244,1846.632953738244,1846.632953738244,1846.632953738244,1846.632953738244,1846.632953738244,1846.632953738244,1846.632953738244,1846.632953738244,1846.632953738244,1846.632953738244,1846.632953738244,1846.632953738244,1846.632953738244,1846.632953738244,1846.632953738244,1846.632953738244,1846.632953738244,1846.632953738244,1846.632953738244,1846.632953738244,1846.632953738244,1846.632953738244,1846.632953738244,1846.632953738244,1846.632953738244,1846.632953738244,1846.632953738244,1846.632953738244,1846.632953738244,1846.632953738244,1846.632953738244,1846.632953738244,1846.632953738244,1846.632953738244,1846.632953738244,1846.632953738244,1846.632953738244,1846.632953738244,1846.632953738244,1846.632953738244,1846.632953738244,1846.632953738244,1846.632953738244,1846.632953738244,1846.632953738244,1846.632953738244,1846.632953738244,1846.632953738244,1846.632953738244,1846.632953738244,1846.632953738244,1846.632953738244,1846.632953738244,1846.632953738244,1846.632953738244,1846.632953738244,1846.632953738244,1846.632953738244,1846.632953738244,1846.632953738244,1846.632953738244,1846.632953738244,1846.632953738244,1846.632953738244,1846.632953738244,1846.632953738244,1846.632953738244,1846.632953738244,1846.632953738244,1846.632953738244,1846.632953738244,1846.632953738244,1846.632953738244,1846.632953738244,1846.632953738244,1846.632953738244,1846.632953738244,1846.632953738244,1846.632953738244,1846.632953738244,1846.632953738244,1846.632953738244,1846.632953738244,1846.632953738244,1846.632953738244,1846.632953738244,1846.632953738244,1846.632953738244,1846.632953738244,1846.632953738244,1846.632953738244,1846.632953738244,1846.632953738244,1846.632953738244,1846.632953738244,1846.632953738244,1846.632953738244,1846.632953738244,1846.632953738244,1846.632953738244,1846.632953738244,1846.632953738244,1846.632953738244,1846.632953738244,1846.632953738244,1846.632953738244,1846.632953738244,1846.632953738244,1846.632953738244,1846.632953738244,1846.632953738244,1846.632953738244,1846.632953738244,1846.632953738244,1846.632953738244,1846.632953738244,1846.632953738244,1846.632953738244,1846.632953738244,1846.632953738244,1846.632953738244,1846.632953738244,1846.632953738244,1846.632953738244,1846.632953738244,1846.632953738244,1846.632953738244,1846.632953738244,1846.632953738244,1846.632953738244,1846.632953738244,1846.632953738244,1846.632953738244,1846.632953738244,1846.632953738244,1846.632953738244,1846.632953738244,1846.632953738244,1846.632953738244,1846.632953738244,1846.632953738244,1846.632953738244,1846.632953738244,1846.632953738244,1846.632953738244,1846.632953738244,1846.632953738244,1846.632953738244,1846.632953738244,1846.632953738244,1846.632953738244,1846.632953738244,1846.632953738244,1846.632953738244,1846.632953738244,1846.632953738244,1846.632953738244,1846.632953738244,1846.632953738244,1846.632953738244,1846.632953738244,1846.632953738244,1846.632953738244,1846.632953738244,1846.632953738244,1846.632953738244,1846.632953738244,1846.632953738244,1846.632953738244,1838.5555439343693,1838.5555439343693,1838.5555439343693,1838.5555439343693,1838.5555439343693,1838.5555439343693,1838.5555439343693,1838.5555439343693,1838.5555439343693,1838.5555439343693,1838.5555439343693,1838.5555439343693,1838.5555439343693,1838.5555439343693,1838.5555439343693,1838.5555439343693,1838.5555439343693,1838.5555439343693,1838.5555439343693,1838.5555439343693,1838.5555439343693,1838.5555439343693,1838.5555439343693,1838.5555439343693,1838.5555439343693,1838.5555439343693,1838.5555439343693,1838.5555439343693,1838.5555439343693,1838.5555439343693,1838.5555439343693,1838.5555439343693,1838.5555439343693,1838.5555439343693,1838.5555439343693,1838.5555439343693,1838.5555439343693,1838.5555439343693,1838.5555439343693,1838.5555439343693,1838.5555439343693,1838.5555439343693,1838.5555439343693,1838.5555439343693,1838.5555439343693,1838.5555439343693,1838.5555439343693,1838.5555439343693,1838.5555439343693,1838.5555439343693,1838.5555439343693,1838.5555439343693,1838.5555439343693,1838.5555439343693,1838.5555439343693,1838.5555439343693,1838.5555439343693,1838.5555439343693,1838.5555439343693,1838.5555439343693,1838.5555439343693,1838.5555439343693,1838.5555439343693,1838.5555439343693,1838.5555439343693,1838.5555439343693,1838.5555439343693,1838.5555439343693,1838.5555439343693,1838.5555439343693,1838.5555439343693,1838.5555439343693,1838.5555439343693,