{"benchmark":"A-n69-k9","front":[{"trucks":[[63,57,40,39,41],[17,51,38,6,47,64,12,26],[36,46,21,42,60,9,69,14,16,4],[13,30,49,2,37,11,33,18],[66,56,61,5,48,15,43,58],[44,53,27,55,25,23,59],[67,45,52,7,31,10,54,50,34,3,32],[35,28,22,68,65,62,19],[29,8,20,24]],"distance":1290.8503090089807,"fuel":1865.468611187011},{"fuel":1829.3271474994724,"trucks":[[35,28,22,68,65,62,32],[47,6,38,51,17,49,2,37],[58,43,15,26,12,64,18,33,11],[44,55,27,53,63,57],[30,41,40,9,60,42,21,46,36],[25,67,13,39,69,59,20],[19,54,7,4,16,45,52,14],[29,48,5,61,56,66,8],[23,24,31,10,50,34,3]],"distance":1308.0117685690334},{"distance":1314.3446370878007,"trucks":[[47,6,38,51,17,49,2,37],[59,30,41,40,9,60,42,21,46,36],[58,43,15,26,12,64,18,33,11],[22,68,65,62,3,34,50,10,31],[25,23,13,69,39],[44,55,27,53,63,57],[8,28,66,56,61,5,48,35],[19,32,54,7,4,16,45,52,14],[29,20,24,67]],"fuel":1824.8257502599554}],"Optimal":1159}