{"front":[{"fuel":1832.5727697817279,"distance":1282.3823254445297,"trucks":[[58,43,15,26,12,64,47,6,51],[54,7,45,16,4,52,31,10,50,34,3],[59,67,69,42,21,60,9,46,36,14],[38,17,49,2,37,11,33,18],[35,28,66,56,61,5,48,8],[23,63,40,57,30],[44,53,27,55,39,41,13],[29,22,68,62,65,19,32],[20,25,24]]}],"Optimal":1159,"benchmark":"A-n69-k9"}