{"optimalDistance":696,"fuelSequence":[1069.207344668482,1069.207344668482,1069.207344668482,1069.207344668482,1069.207344668482,1069.207344668482,1055.363040429475,1055.363040429475,1055.363040429475,1055.363040429475,1055.363040429475,1055.363040429475,1055.363040429475,1055.363040429475,1055.363040429475,1055.363040429475,1055.363040429475,1055.363040429475,1055.363040429475,1055.363040429475,1055.363040429475,1055.363040429475,1055.363040429475,1055.363040429475,1055.363040429475,1055.363040429475,1055.363040429475,1055.363040429475,1055.363040429475,1055.363040429475,1055.363040429475,1055.363040429475,1055.363040429475,1048.6835570750832,1048.6835570750832,1041.8901751615444,1041.8901751615444,1041.8901751615444,1041.8901751615444,1041.8901751615444,1041.8901751615444,1041.8901751615444,1041.8901751615444,1041.8901751615444,1041.8901751615444,1041.8901751615444,1041.8901751615444,1041.8901751615444,1041.8901751615444,1041.8901751615444,1041.8901751615444,1041.8901751615444,1041.8901751615444,1041.8901751615444,1041.8901751615444,1041.8901751615444,1041.8901751615444,1041.8901751615444,1041.8901751615444,1041.8901751615444,1041.8901751615444,1041.8901751615444,1041.8901751615444,1041.8901751615444,1035.2106918071524,1035.2106918071524,1035.2106918071524,1035.2106918071524,1034.8895880001987,1034.8895880001987,1034.8895880001987,1034.8895880001987,1034.8895880001987,1034.8895880001987,1034.8895880001987,1034.8895880001987,1034.8895880001987,1034.8895880001987,1034.8895880001987,1034.8895880001987,1034.8895880001987,1034.8895880001987,1032.2720483336493,1032.2720483336493,1032.2720483336493,1032.2720483336493,1032.2720483336493,1032.2720483336493,1032.2720483336493,1031.9509445266958,1031.9509445266958,1031.9509445266958,1031.9509445266958,1031.9509445266958,1031.9509445266956,1031.9509445266956,1031.9509445266956,1031.9509445266956,1031.9509445266956,1031.9509445266956,1031.9509445266956,1031.9509445266956,1031.9509445266956,1031.9509445266956,1031.9509445266956,1031.9509445266956,1031.9509445266956,1031.9509445266956,1031.9509445266956,1031.9509445266956,1031.9509445266956,1031.9509445266956,1031.9509445266956,1031.9509445266956,1031.9509445266956,1031.9509445266956,1031.9509445266956,1031.9509445266956,1031.9509445266956,1031.9509445266956,1031.9509445266956,1031.9509445266956,1031.9509445266956,1031.9509445266956,1031.9509445266956,1031.9509445266956,1031.9509445266956,1031.9509445266956,1031.9509445266956,1031.9509445266956,1031.9509445266956,1031.9509445266956,1031.9509445266956,1031.9509445266956,1031.9509445266956,1031.9509445266956,1031.9509445266956,1031.9509445266956,1031.9509445266956,1031.9509445266956,1031.9509445266956,1031.9509445266956,1031.9509445266956,1031.9509445266956,1031.9509445266956,1031.9509445266956,1031.9509445266956,1031.9509445266956,1031.9509445266956,1031.9509445266956,1031.9509445266956,1031.9509445266956,1031.9509445266956,1031.9509445266956,1031.9509445266956,1031.9509445266956,1031.9509445266956,1031.9509445266956,1031.9509445266956,1031.9509445266956,1031.9509445266956,1031.9509445266956,1031.9509445266956,1031.9509445266956,1031.9509445266956,1031.9509445266956,1031.9509445266956,1031.9509445266956,1031.9509445266956,1031.9509445266956,1019.3019879274627,1019.3019879274627,1019.3019879274627,1019.3019879274627,1019.3019879274627,1019.3019879274627,1019.3019879274627,1019.3019879274627,1019.3019879274627,1019.3019879274627,1019.3019879274627,1019.3019879274627,1019.3019879274627,1019.3019879274627,1019.3019879274627,1019.3019879274627,1019.3019879274627,1019.3019879274627,1019.3019879274627,1019.3019879274627,1019.3019879274627,1019.3019879274627,1019.3019879274627,1019.3019879274627,1019.3019879274627,1019.3019879274627,1019.3019879274627,1019.3019879274627,1019.3019879274626,1019.3019879274626,1019.3019879274626,1019.3019879274626,1019.3019879274626,1019.3019879274626,1019.3019879274626,1019.3019879274626,1019.3019879274626,1019.3019879274626,1019.3019879274626,1019.3019879274626,1019.3019879274626,1019.3019879274626,1019.3019879274626,1019.3019879274626,1019.3019879274626,1019.3019879274626,1019.3019879274626,1019.3019879274626,1019.3019879274626,1019.3019879274626,1019.3019879274626,1019.3019879274626,1019.3019879274626,1019.3019879274626,1019.3019879274626,1019.3019879274626,1019.3019879274626,1019.3019879274626,1019.3019879274626,1019.3019879274626,1019.3019879274626,1019.3019879274626,1019.3019879274626,1019.3019879274626,1019.3019879274626,1019.3019879274626,1019.3019879274626,1019.3019879274626,1019.3019879274626,1019.3019879274626,1019.3019879274626,1019.3019879274626,1019.3019879274626,1019.3019879274626,1019.3019879274626,1019.3019879274626,1019.3019879274626,1019.3019879274626,1019.3019879274626,1019.3019879274626,1019.3019879274626,1019.3019879274626,1019.3019879274626,1019.3019879274626,1019.3019879274626,1019.3019879274626,1019.3019879274626,1019.3019879274626,1019.3019879274626,1019.3019879274626,1019.3019879274626,1019.3019879274626,1019.3019879274626,1019.3019879274626,1019.3019879274626,1019.3019879274626,1019.3019879274626,1019.3019879274626,1019.3019879274626,1019.3019879274626,1019.3019879274626,1019.3019879274626,1019.3019879274626,1019.3019879274626,1019.3019879274626,1019.3019879274626,1019.3019879274626,1019.3019879274626,1019.3019879274626,1019.3019879274626,1019.3019879274626,1019.3019879274626,1019.3019879274626,1019.3019879274626,1019.3019879274626,1019.3019879274626,1019.3019879274626,1019.3019879274626,1019.3019879274626,1019.3019879274626,1019.3019879274626,1019.3019879274626,1019.3019879274626,1019.3019879274626,1019.3019879274626,1019.3019879274626,1019.3019879274626,1019.3019879274626,1019.3019879274626,1019.3019879274626,1019.3019879274626,1019.3019879274626,1019.3019879274626,1019.3019879274626,1019.3019879274626,1019.3019879274626,1019.3019879274626,1019.3019879274626,1019.3019879274626,1019.3019879274626,1019.3019879274626,1019.3019879274626,1019.3019879274626,1019.3019879274626,1019.3019879274626,1019.3019879274626,1019.3019879274626,1019.3019879274626,1019.3019879274626,1019.3019879274626,1019.3019879274626,1019.3019879274626,1019.3019879274626,1019.3019879274626,1019.3019879274626,1019.3019879274626,1019.3019879274626,1019.3019879274626,1019.3019879274626,1019.3019879274626,1019.3019879274626,1019.3019879274626,1019.3019879274626,1019.3019879274626,1019.3019879274626,1019.3019879274626,1019.3019879274626,1019.3019879274626,1019.3019879274626,1019.3019879274626,1019.3019879274626,1019.3019879274626,1019.3019879274626,1019.3019879274626,1019.3019879274626,1019.3019879274626,1019.3019879274626,1019.3019879274626,1019.3019879274626,1019.3019879274626,1019.3019879274626,1019.3019879274626,1019.3019879274626,1019.3019879274626,1019.3019879274626,1019.3019879274626,1019.3019879274626,1019.3019879274626,1019.3019879274626,1019.3019879274626,1019.3019879274626,1019.3019879274626,1019.3019879274626,1019.3019879274626,1019.3019879274626,1019.3019879274626,1019.3019879274626,1019.3019879274626,1019.3019879274626,1019.3019879274626,1019.3019879274626,1019.3019879274626,1019.3019879274626,1019.3019879274626,1019.3019879274626,1019.3019879274626,1019.3019879274626,1019.3019879274626,1019.3019879274626,1019.3019879274626,1019.3019879274626,1019.3019879274626,1019.3019879274626,1019.3019879274626,1019.3019879274626,1019.3019879274626,1019.3019879274626,1019.3019879274626,1019.3019879274626,1019.3019879274626,1019.3019879274626,1019.3019879274626,1019.3019879274626,1019.3019879274626,1019.3019879274626,1019.3019879274626,1019.3019879274626,1019.3019879274626,1019.3019879274626,1019.3019879274626,1019.3019879274626,1019.3019879274626,1019.3019879274626,1019.3019879274626,1019.3019879274626,1019.3019879274626,1019.3019879274626,1019.3019879274626,1019.3019879274626,1019.3019879274626,1019.3019879274626,1019.3019879274626,1019.3019879274626,1019.3019879274626,1019.3019879274626,1019.3019879274626,1019.3019879274626,1019.3019879274626,1019.3019879274626,1019.3019879274626,