{"benchmark":"P-n50-k10","front":[{"distance":751.7289968372528,"trucks":[[8,15,12],[3,29,23,43,42,24],[45,17,34,2,44],[39,11,32,40],[49,48,37,38,21,16],[35,47,9,36,20,14],[28,46,30,6,22],[13,41,33,18],[5,31,7,27],[10,26,19,25,50,4]],"fuel":1056.6548646699196},{"trucks":[[39,11,32,40],[3,29,23,43,42,24],[45,17,34,2,44],[49,48,37,38,21,16],[35,47,9,36,20,14],[28,46,30,6,22],[18,13,41,33],[5,31,7,27],[10,26,19,25,50,4],[8,15,12]],"distance":754.9169936605614,"fuel":1055.9772427969442}],"Optimal":696}