{"benchmark":"P-n50-k10","Optimal":696,"front":[{"trucks":[[49,6,38,21,16,14],[18,26,19,25,50,17],[11,39,12,36],[31,22,37,48,30],[41,33,45,4],[5,46,28,47],[35,9,20,15,8],[3,29,23,43,42,24],[27,7,34,2,44],[13,40,10,32]],"fuel":1020.0899698973483,"distance":728.6656975994175},{"trucks":[[31,22,48,37,30],[5,46,28,47],[49,6,38,21,16,14],[11,39,12,36],[3,29,23,43,42,24],[41,33,45,4],[35,9,20,15,8],[18,26,19,25,50,17],[27,7,34,2,44],[13,40,10,32]],"fuel":1019.3019879274626,"distance":729.4941220199418},{"trucks":[[41,33,45,4],[49,6,38,21,16,14],[11,39,12,36],[31,22,48,37,30],[35,9,20,15,8],[27,7,34,2,44],[5,46,28,47],[3,29,23,43,42,24],[18,26,19,25,50,17],[13,40,10,32]],"distance":729.4941220199419,"fuel":1019.3019879274625}]}