{"Optimal":696,"benchmark":"P-n50-k10","front":[{"distance":728.1504798789579,"trucks":[[41,33,45,4],[8,39,11,32],[27,13,18,17,7],[48,37,22,29,23],[34,2,44,43,42,24,50],[40,10,26,19,25],[35,47,9,14,28],[46,30,6,38,21,16],[36,20,15,12],[5,31,49,3]],"fuel":1016.2084642184487}]}