{"Optimal":237,"front":[{"fuel":350.823531607692,"trucks":[[25,26,27,24,30,21,31,22,23,29,28,43,45,47,44,54,46,53,49,48,51,71,52,50],[37,12,2],[36,34,15,20,16,3,14,18,17,13,72,7,11,6,4,9,5,8,10],[32,33,35,55,56,42,57,58,40,69,41,39,38,70,68,67,66,65,63,64,60,59,62,61,19]],"distance":255.09681920792497}],"benchmark":"F-n72-k4"}