{"optimalDistance":949,"benchmark":"A-n37-k6","distanceSequence":[1005.7879191093394,1005.7879191093394,1005.7879191093394,1005.7879191093394,1005.7879191093394,1005.7879191093394,1005.7879191093394,1005.7879191093394,1005.7879191093394,1005.7879191093394,1005.7879191093394,1005.7879191093394,1005.7879191093394,1005.7879191093394,1005.7879191093394,1005.7879191093394,1005.7879191093394,1005.7879191093394,1005.7879191093394,1005.7879191093394,1005.7879191093394,1005.7879191093394,1005.7879191093394,1005.7879191093394,1002.1905078816076,1002.1905078816076,1002.1905078816076,1002.1905078816076,1002.1905078816076,1002.1905078816076,1002.1905078816076,1002.1905078816076,1002.1905078816076,1002.1905078816076,1002.1905078816076,1002.1905078816076,1002.1905078816076,1002.1905078816076,1002.1905078816076,1002.1905078816076,1002.1905078816076,1002.1905078816076,1002.1905078816076,1002.1905078816076,1002.1905078816076,1002.1905078816076,1002.1905078816076,1002.1905078816076,1002.1905078816076,1002.1905078816076,1002.1905078816076,1002.1905078816076,1002.1905078816076,1002.1905078816076,1002.1905078816076,1002.1905078816076,1002.1905078816076,1001.6710521734597,1001.6710521734597,1001.6710521734597,1001.6710521734597,1001.6710521734597,1001.6710521734597,1001.6710521734597,1000.5698444639422,999.120755339404,999.120755339404,999.120755339404,999.120755339404,999.120755339404,999.120755339404,999.120755339404,999.120755339404,999.120755339404,999.120755339404,999.120755339404,999.120755339404,999.120755339404,999.120755339404,999.120755339404,999.120755339404,999.120755339404,999.120755339404,996.8936142898118,996.8936142898118,996.8936142898118,996.8936142898118,996.8936142898118,996.8936142898118,996.8936142898118,996.8936142898118,996.8936142898118,996.8936142898118,996.8936142898118,996.8936142898118,996.8936142898118,996.8936142898118,996.8936142898118,996.3722542425128,996.3722542425128,996.3722542425128,996.3722542425128,996.3722542425128,996.3722542425128,996.3722542425128,996.3722542425128,996.3722542425128,996.3722542425128,996.3722542425128,996.3722542425128,996.3722542425128,996.3722542425128,996.3722542425128,996.3722542425128,996.3722542425128,996.3722542425128,996.3722542425128,996.3722542425128,996.3722542425128,996.3722542425128,996.3722542425128,996.3722542425128,996.3722542425128,996.3722542425128,996.3722542425128,996.3722542425128,996.3722542425128,996.3722542425128,996.3722542425128,996.3722542425128,996.3722542425128,996.3722542425128,996.3722542425128,996.3722542425128,996.3722542425128,996.3722542425128,996.3722542425128,996.3722542425128,996.3722542425128,996.3722542425128,996.3722542425128,996.3722542425128,996.3722542425128,996.3722542425128,996.3722542425128,996.3722542425128,996.3722542425128,996.3722542425128,996.3722542425128,996.3722542425128,996.3722542425128,996.3722542425128,996.3722542425128,996.3722542425128,996.3722542425128,996.3722542425128,996.3722542425128,996.3722542425128,996.3722542425128,996.3722542425128,996.3722542425128,996.3722542425128,996.3722542425128,996.3722542425128,996.3722542425128,996.3722542425128,996.3722542425128,996.3722542425128,996.3722542425128,996.3722542425128,996.3722542425128,996.3722542425128,996.3722542425128,996.3722542425128,996.3722542425128,996.3722542425128,996.3722542425128,996.3722542425128,996.3722542425128,996.3722542425128,996.3722542425128,996.3722542425128,996.3722542425128,996.3722542425128,996.3722542425128,996.3722542425128,996.3722542425128,996.3722542425128,996.3722542425128,996.3722542425128,996.3722542425128,996.3722542425128,996.3722542425128,996.3722542425128,996.3722542425128,996.3722542425128,996.3722542425128,996.3722542425128,996.3722542425128,996.3722542425128,996.3722542425128,996.3722542425128,996.3722542425128,996.3722542425128,996.3722542425128,996.3722542425128,996.3722542425128,996.3722542425128,996.3722542425128,996.3722542425128,996.3722542425128,996.3722542425128,996.3722542425128,996.3722542425128,996.3722542425128,996.3722542425128,991.0443870594313,991.0443870594313,991.0443870594313,991.0443870594313,991.0443870594313,991.0443870594313,991.0443870594313,991.0443870594313,991.0443870594313,991.0443870594313,991.0443870594313,991.0443870594313,991.0443870594313,991.0443870594313,991.0443870594313,991.0443870594313,991.0443870594313,991.0443870594313,991.0443870594313,991.0443870594313,991.0443870594313,991.0443870594313,991.0443870594313,991.0443870594313,991.0443870594313,991.0443870594313,991.0443870594313,991.0443870594313,991.0443870594313,991.0443870594313,991.0443870594313,991.0443870594313,991.0443870594313,991.0443870594313,991.0443870594313,991.0443870594313,991.0443870594313,991.0443870594313,991.0443870594313,991.0443870594313,991.0443870594313,991.0443870594313,991.0443870594313,991.0443870594313,991.0443870594313,991.0443870594313,991.0443870594313,991.0443870594313,991.0443870594313,991.0443870594313,991.0443870594313,991.0443870594313,991.0443870594313,991.0443870594313,991.0443870594313,991.0443870594313,991.0443870594313,991.0443870594313,991.0443870594313,991.0443870594313,991.0443870594313,991.0443870594313,991.0443870594313,991.0443870594313,991.0443870594313,991.0443870594313,991.0443870594313,991.0443870594313,991.0443870594313,990.5249313512833,990.5249313512833,990.5249313512833,990.5249313512833,990.5249313512833,990.5249313512833,990.5249313512833,990.5249313512833,990.5249313512833,990.5249313512833,990.5249313512833,990.5249313512833,990.5249313512833,990.5249313512833,990.5249313512833,990.5249313512833,990.5249313512833,990.5249313512833,990.5249313512833,990.5249313512833,990.5249313512833,990.5249313512833,990.5249313512833,990.5249313512833,990.5249313512833,990.5249313512833,990.5249313512833,990.5249313512833,990.5249313512833,990.5249313512833,990.5249313512833,990.5249313512833,990.5249313512833,990.5249313512833,990.5249313512833,990.5249313512833,990.5249313512833,990.5249313512833,988.5997250447645,988.5997250447645,988.5997250447645,988.5997250447645,988.5997250447645,988.5997250447645,988.5997250447645,988.5997250447645,988.5997250447645,988.5997250447645,988.5997250447645,988.5997250447645,988.5997250447645,988.5997250447645,988.5997250447645,988.5997250447645,988.5997250447645,988.5997250447645,988.5997250447645,988.5997250447645,988.5997250447645,988.5997250447645,988.5997250447645,988.5997250447645,984.9711270953304,984.9711270953304,984.9711270953304,984.9711270953304,984.9711270953304,984.9711270953304,984.9711270953304,984.9711270953304,984.9711270953304,984.9711270953304,984.9711270953304,984.9711270953304,984.9711270953304,984.9711270953304,984.9711270953304,984.9711270953304,984.9711270953304,984.9711270953304,984.9711270953304,984.9711270953304,984.9711270953304,984.9711270953304,984.9711270953304,984.9711270953304,984.9711270953304,984.9711270953304,983.3133600578963,983.3133600578963,983.3133600578963,983.3133600578963,983.3133600578963,983.3133600578963,983.3133600578963,983.3133600578963,983.3133600578963,983.3133600578963,983.3133600578963,983.3133600578963,983.3133600578963,983.3133600578963,983.3133600578963,983.3133600578963,983.3133600578963,983.3133600578963,983.3133600578963,983.3133600578963,983.3133600578963,983.3133600578963,982.196481561252,982.196481561252,982.196481561252,982.196481561252,982.196481561252,982.196481561252,982.196481561252,982.196481561252,982.196481561252,982.196481561252,982.196481561252,982.196481561252,982.196481561252,982.196481561252,982.196481561252,982.196481561252,982.196481561252,982.196481561252,982.196481561252,982.196481561252,982.196481561252,982.196481561252,982.196481561252,982.196481561252,982.196481561252,981.0862190083039,981.0862190083039,981.0862190083039,981.0862190083039,981.0862190083039,981.0862190083039,981.0862190083039,981.0862190083039,981.0862190083039,981.0862190083039,981.0862190083039,981.0862190083039,981.0862190083039,981.0862190083039,981.0862190083039,981.0862190083039,981.0862190083039,981.0862190083039,981.0862190083039,