{"Optimal":458,"benchmark":"P-n40-k5","front":[{"distance":496.17365172946126,"fuel":710.1934411513291,"trucks":[[10,31,35,40,11,34,16,38,18,5],[28,9,27,8,24,25,7],[2,23,29,32,4,37,36,21,30,22,17],[19,20,14,26,15],[13,39,6,12,3,33]]},{"fuel":701.1182620037779,"trucks":[[33,3,17,30,22,35,31,10],[7,25,24,8,9,27,32,29,23,28],[19,5,20,14,26,15],[6,13,18,38,16,34,40,11,39],[12,21,36,37,4,2]],"distance":499.67023986274415}]}