{"benchmark":"P-n40-k5","front":[{"distance":507.6805397095754,"fuel":713.7634681147078,"trucks":[[7,25,24,8,9,27,32,29,23,2],[13,18,38,16,34,40,11,10,6],[28,33,12,17,3,39],[31,35,22,30,21,36,37,4],[19,14,20,5,26,15]]}],"Optimal":458}