{"benchmark":"E-n101-k14","Optimal":1071,"front":[{"distance":1257.8959127846715,"trucks":[[21,67,66,72,36,35,79,30,25],[22,74,73,42,24,26,56,5,57],[13,81,69,78,4,80],[8,83,49,48,37,47,9,84],[88,98,93,60,100,94,99],[54,41,59,3,58,16,44,15,45],[86,38,101,92,17,62,97],[89,63,12,20,50,65,11],[95,7,90,61,6,85,18,46,53],[14,96,43,39,87,19],[28,70,2,52,10,34,82,51],[23,75,76,68,40],[32,31,71,91,64,33],[27,55,29,77]],"fuel":1758.2300963676657},{"fuel":1746.5767989103626,"trucks":[[78,4,80,79,35,36,72,66],[5,40,68,24,57],[82,10,67,21,33,91,64],[100,60,93,38,99,101,92,17,62],[7,95,96,98,88,43,44,16],[2,70,71,31,52,34,51,77,81,25,30],[97,94,86,45,15],[9,48,20,12,65,50,37,47],[19,84,61,6,85,18,46,83,8,89],[32,11,63,49,53],[23,75,76,73,22,74,42,58,3],[41,27,13,69,55,26,56],[54,59,14,87,39],[29,28,90]],"distance":1266.4168287016514}]}