{"front":[{"fuel":1773.3961704185965,"distance":1248.6446669771785,"trucks":[[78,4,80,79,35,36,72,66],[96,98,93,60,100,94,99,38],[101,92,86,62,17,45],[76,57,24,68,40],[82,10,67,21,33,64,91],[25,30,69,81,55,56,26,5,75],[41,22,74,73,23,42,16,44,15],[48,37,50,65,12,20,8],[28,70,2,71,31,52,34,51,77],[83,49,47,9,46,18,85,84,61,97],[6,87,39,43,58,3,7,19],[54,90,32,11,63,89,53],[95,14,88,59,27],[29,13]]},{"trucks":[[5,40,68,24,57],[55,56,26,25,30,79,35,36,72,66,21],[78,4,80,34,82,10,71],[77,51,52,67,33,91,64,12],[86,62,17,87],[96,98,93,60,100,94,99,38],[88,3,58,16,44,39,15,45],[74,73,76,75,23,42,43,92,101],[11,63,20,48,37,47,9,46],[54,41,22,27,13,69,81],[90,7,95,97,6,18,85,84,61],[28,70,2,31,32,89,8,83],[53,19,49,50,65,29],[59,14]],"fuel":1761.9176109289192,"distance":1251.3098041498222},{"trucks":[[2,70,71,31,21,67,72,36,79,30],[81,4,80,34,82,10,35],[76,57,24,40,68],[89,63,12,20,48,37,47,9,84],[54,41,22,74,73,75,23,42,16],[19,83,49,8,50,65],[97,100,60,93,38,99,101,92,17],[86,62,61,46,18,85,6],[95,96,98,88,43,44,58,3],[94,15,45,87,39],[77,78,69,55,5,26,56,25],[32,11,91,64,33,66,52],[29,13,27,59,14,7,90],[28,53,51]],"distance":1286.5823710459258,"fuel":1755.7361577881811}],"benchmark":"E-n101-k14","Optimal":1071}