{"Optimal":1071,"benchmark":"E-n101-k14","front":[{"fuel":1723.6491496015697,"trucks":[[90,61,84,46,9,47,37,50,65,12],[32,89,63,11,91,64,33],[6,85,18,87,17,62,92,38],[75,23,42,76,57,24,68],[83,49,48,20,8,53],[70,71,31,21,67,66,36,72],[41,22,74,73,5,56,26,40],[98,93,60,100,94,99,101,43],[86,45,15,39,44,16],[81,69,78,4,80,79,35],[13,55,25,30,82,34,10,52],[54,59,3,58,88,96,97,7],[27,95,19,28,2,51,77],[29,14]],"distance":1231.7015809022612}]}