{"front":[{"trucks":[[13,12,10,9,6,5,22,8],[19,20,21,23,18,15,16,17,4,3,2,7],[11,14]],"fuel":728.1092135967482,"distance":569.7461012117925},{"trucks":[[13,12,10,6,5,9,8,22],[19,20,21,23,18,15,16,17,4,3,2,7],[11,14]],"fuel":725.9428432873852,"distance":573.0157149811764},{"trucks":[[13,12,14,10,9,6,5,22],[19,20,21,23,18,15,16,17,4,3,2,7],[11,8]],"fuel":721.3944016034502,"distance":573.2004691898164}],"Optimal":569,"benchmark":"E-n23-k3"}