{"Optimal":569,"benchmark":"E-n23-k3","front":[{"fuel":721.3944016034502,"trucks":[[19,20,21,23,18,15,16,17,4,3,2,7],[13,12,14,10,9,6,5,22],[11,8]],"distance":573.2004691898164}]}