{"front":[{"distance":623.1778934392935,"fuel":878.726238536811,"trucks":[[46,30,6,16,21,38,37,48,49],[36,20,15,12,39,11],[13,32,40,10,26,19,25,50],[22,29,23,2,44,42,43,24],[18,41,33,45,4,17,7],[5,31,3,34],[47,9,27,8,35,28,14]]},{"trucks":[[13,41,45,33,34,7],[18,40,10,26,19,25,50,4],[46,30,6,38,21,16,14,28,35],[29,23,2,44,43,42,24,17],[3,31,49,48,37,22],[5,47,9,20,36,8,27],[11,12,15,39,32]],"distance":624.6409178167426,"fuel":876.4579457159845}],"benchmark":"P-n50-k7","Optimal":554}