{"front":[{"distance":623.8471749607679,"fuel":877.0625661266998,"trucks":[[13,40,10,26,19,25,50,17,4],[15,12,39,11,32],[46,30,48,37,38,21,16,6,49],[5,35,47,9,20,36,8,27],[22,29,23,43,42,44,2,24],[18,33,41,45,34,7],[3,31,28,14]]}],"benchmark":"P-n50-k7","Optimal":554}