{"benchmark":"P-n50-k7","front":[{"distance":634.8045673134665,"fuel":884.1048089277767,"trucks":[[41,45,10,40,33,13],[31,49,48,37,38,21,16,6],[22,29,23,2,44,43,42,24],[5,46,30,28,14,20,36,8,9],[18,4,50,25,19,26,32,11],[7,3,17,34,27],[35,47,15,12,39]]}],"Optimal":554}