{"benchmark":"A-n53-k7","optimalDistance":1010,"fuelSequence":[1622.6661265366902,1622.6661265366902,1622.6661265366902,1618.9960318958672,1618.9960318958672,1616.8592548272272,1616.8592548272272,1616.8592548272272,1613.9523074914002,1613.9523074914002,1613.9523074914002,1613.9523074914002,1613.9523074914002,1613.9523074914002,1613.9523074914002,1610.0967243014893,1610.0967243014893,1610.0967243014893,1610.0967243014893,1609.8200277941328,1608.1454357819373,1608.1454357819373,1607.713325784322,1597.1315436903433,1597.1315436903433,1597.1315436903433,1597.1315436903433,1597.1315436903433,1597.1315436903433,1597.1140859264183,1595.2895065505763,1583.406769681717,1583.406769681717,1583.406769681717,1583.406769681717,1583.406769681717,1583.406769681717,1583.406769681717,1583.406769681717,1581.5615744784468,1581.5615744784468,1581.5615744784468,1581.5615744784468,1581.5615744784468,1581.5615744784468,1581.5615744784468,1579.770998640925,1579.770998640925,1579.770998640925,1579.770998640925,1579.770998640925,1579.7607183233818,1579.7607183233818,1572.1770897366996,1572.1770897366996,1566.8235867068206,1566.8235867068206,1566.8235867068206,1566.8235867068206,1566.8235867068206,1566.8235867068206,1566.8235867068206,1566.8235867068206,1566.8235867068206,1564.9783915035505,1562.3425742096906,1562.3425742096906,1562.3425742096906,1557.4391019650734,1557.4391019650734,1557.4391019650734,1557.4391019650734,1557.4391019650734,1557.4391019650734,1557.4391019650734,1557.4391019650734,1556.3358749924537,1556.3358749924537,1556.3358749924537,1552.9580894679434,1552.9580894679434,1552.9580894679434,1552.9580894679434,1552.9580894679434,1551.8548624953237,1551.8548624953237,1551.8548624953237,1551.0340396271263,1551.0340396271263,1551.0340396271263,1551.0340396271263,1551.0340396271263,1551.0340396271263,1551.0340396271263,1551.0340396271263,1551.0340396271263,1551.0340396271263,1551.0340396271263,1551.0340396271263,1551.0340396271263,1551.0340396271263,1551.0340396271263,1551.0340396271263,1551.0340396271263,1551.0340396271263,1551.0340396271263,1551.0340396271263,1550.8549087483916,1549.9308126545066,1547.812326033154,1547.812326033154,1547.812326033154,1547.3982685863348,1547.3982685863348,1547.3982685863348,1547.3982685863348,1547.3982685863348,1547.323479955422,1547.323479955422,1547.323479955422,1547.323479955422,1544.176554992362,1544.176554992362,1544.176554992362,1544.176554992362,1542.6649965584083,1542.6649965584083,1542.6649965584083,1542.6649965584083,1542.6649965584083,1542.6649965584083,1542.6649965584083,1542.6649965584083,1542.0856408903387,1542.0856408903387,1542.0856408903387,1542.0856408903387,1542.0856408903387,1542.0856408903387,1542.0856408903387,1541.789254558821,1541.789254558821,1541.789254558821,1541.789254558821,1541.789254558821,1541.789254558821,1541.789254558821,1541.789254558821,1541.789254558821,1541.789254558821,1541.789254558821,1541.789254558821,1541.789254558821,1541.789254558821,1541.789254558821,1541.789254558821,1541.789254558821,1541.789254558821,1539.346373731295,1539.2439274681597,1539.2439274681597,1539.2439274681597,1539.2439274681597,1539.2439274681597,1539.2439274681597,1539.2439274681597,1539.2439274681597,1539.2439274681597,1539.2439274681597,1539.2439274681597,1539.2439274681597,1539.2439274681597,1539.2439274681597,1539.2439274681597,1539.2439274681597,1539.2439274681597,1539.2439274681597,1539.2439274681597,1539.2439274681597,1539.2439274681597,1539.2439274681597,1539.2439274681597,1539.2439274681597,1539.2439274681597,1539.2439274681597,1539.2439274681597,1539.2439274681597,1539.2439274681597,1539.2439274681597,1539.2439274681597,1539.2439274681597,1539.2439274681597,1536.801046640633,1536.801046640633,1536.801046640633,1536.801046640633,1536.801046640633,1536.801046640633,1536.801046640633,1536.801046640633,1536.801046640633,1536.141514444214,1536.141514444214,1535.9253046410463,1535.9253046410463,1535.9253046410463,1535.9253046410463,1535.5621587761443,1535.5621587761443,1535.5621587761443,1535.5621587761443,1535.5621587761443,1535.5621587761443,1535.5621587761443,1535.5621587761443,1535.2657724446267,1535.2657724446267,1535.2657724446267,1535.2657724446267,1535.2657724446267,1535.2657724446267,1535.2657724446267,1535.2657724446267,1535.2657724446267,1535.1745566480563,1535.1745566480563,1529.0951028302438,1529.0951028302438,1529.0951028302438,1529.0951028302438,1529.0951028302438,1529.0951028302438,1528.219360830657,1528.219360830657,1528.219360830657,1528.219360830657,1528.219360830657,1528.219360830657,1528.219360830657,1528.219360830657,1528.219360830657,1528.219360830657,1527.8568096334316,1527.8568096334316,1527.8568096334316,1527.8568096334316,1527.8568096334316,1527.8568096334316,1527.8568096334316,1527.8568096334316,1527.8568096334316,1527.8568096334316,1527.8568096334316,1527.8568096334316,1527.8568096334316,1527.8568096334316,1527.8568096334316,1527.8568096334316,1527.8568096334316,1527.8568096334316,1527.8568096334316,1527.8568096334316,1527.8568096334316,1527.8568096334316,1527.8568096334316,1527.8568096334316,1527.8568096334316,1527.8568096334316,1527.8568096334316,1527.8568096334316,1527.8568096334316,1527.8568096334316,1527.8568096334316,1527.8568096334316,1527.8568096334316,1527.8568096334316,1527.8568096334316,1527.8568096334316,1527.8568096334316,1527.8568096334316,1527.8568096334316,1527.8568096334316,1527.8568096334316,1527.8568096334316,1527.8568096334316,1527.8568096334316,1527.8568096334316,1527.8568096334316,1527.8568096334316,1527.8568096334316,1527.8568096334316,1527.8568096334316,1527.8568096334316,1527.8568096334316,1527.8568096334316,1527.8568096334316,1527.8568096334316,1527.8568096334316,1527.8568096334316,1527.8568096334316,1527.8568096334316,1527.8568096334316,1527.8568096334316,1527.8568096334316,1527.8568096334316,1527.8568096334316,1527.8568096334316,1527.8568096334316,1527.8568096334316,1527.8568096334316,1527.8568096334316,1527.8568096334316,1527.8568096334316,1527.8568096334316,1527.8568096334316,1527.8568096334316,1527.8568096334316,1527.8568096334316,1527.8568096334316,1527.8568096334316,1527.8568096334316,1527.8568096334316,1527.8568096334316,1527.8568096334316,1527.8568096334316,1527.8568096334316,1527.8568096334316,1527.6832926283978,1527.6832926283978,1527.6832926283978,1527.6832926283978,1527.6832926283978,1527.6832926283978,1527.6832926283978,1527.6832926283978,1527.6832926283978,1527.6832926283978,1527.6832926283978,1527.6832926283978,1527.6832926283978,1527.6832926283978,1527.6832926283978,1527.6832926283978,1527.6832926283978,1527.6832926283978,1527.6832926283978,1527.6832926283978,1527.6832926283978,1527.6832926283978,1527.6832926283978,1527.6832926283978,1527.6832926283978,1527.6832926283978,1527.6832926283978,1527.6832926283978,1527.6832926283978,1527.6832926283978,1527.6832926283978,1527.6832926283978,1527.6832926283978,1527.6832926283978,1527.6832926283978,1527.6832926283978,1527.6832926283978,1527.6832926283978,1527.6832926283978,1527.6832926283978,1527.6832926283978,1527.6832926283978,1527.6832926283978,1527.6832926283978,1527.6832926283978,1527.6832926283978,1527.6832926283978,1527.6832926283978,1527.6832926283978,1527.6832926283978,1527.6832926283978,1527.6832926283978,1527.6832926283978,1527.6832926283978,1527.6832926283978,1527.6832926283978,1527.6832926283978,1527.6832926283978,1527.6832926283978,1527.6832926283978,1527.6832926283978,1527.6832926283978,1527.6832926283978,1527.6832926283978,1527.6832926283978,1527.6832926283978,1525.0251777944827,1525.0251777944827,1525.0251777944827,1525.0251777944827,1525.0251777944827,1525.0251777944827,1525.0251777944827,1525.0251777944827,1525.0251777944827,1525.0251777944827,1525.0251777944827,1525.0251777944827,1525.0251777944827,1525.0251777944827,1525.0251777944827,1525.0251777944827,1525.0251777944827,1525.0251777944827,1525.0251777944827,1525.0251777944827,1525.0251777944827,1525.0251777944827,1525.0251777944827,1525.0251777944827,1525.0251777944827,1525.0251777944827,1525.0251777944827,1525.0251777944827,