{"Optimal":1010,"front":[{"fuel":1542.495192833433,"distance":1078.0726593535994,"trucks":[[32,38,37,51,44,24,20,16,33,17,8],[10,18,42,25,12,53,35,26,40],[39,19,41,27,11,50,30,45,31,23],[52,47,9,36,28],[2,5,29,3,43,49,46,13],[21,7,34,4,6],[48,22,14,15]]},{"fuel":1535.0807101884348,"distance":1078.2772213858138,"trucks":[[32,38,37,51,44,24,20,16,33,17,8],[10,18,42,25,12,53,35,26,40],[39,19,41,27,11,50,30,45,31,23],[52,47,9,36,28],[5,29,13,46,49,43,3,2],[21,7,34,4,6],[48,22,14,15]]},{"fuel":1534.8790171994347,"distance":1079.6739400264094,"trucks":[[32,38,37,51,44,24,20,16,33,17,8],[10,18,42,25,12,53,35,26,40],[39,19,41,27,11,50,30,45,31,23],[52,47,9,36,28],[2,5,29,13,46,49,43,3],[21,7,34,4,6],[48,22,14,15]]}],"benchmark":"A-n53-k7"}