{"front":[{"distance":1094.224899121522,"trucks":[[2,38,3,37,51,44,24,20,16,33,17,8],[10,42,25,12,53,14,35,26],[28,36,39,19,9],[6,4,40,15,22,18],[5,29,23,13,49,43,46,31],[52,47,45,30,50,11,27,41,32],[34,7,21,48]],"fuel":1571.0553248118697},{"distance":1098.8110328566124,"trucks":[[2,38,3,37,51,44,24,20,16,33,17,8],[10,42,25,12,53,14,35,26],[28,36,39,19,9],[6,4,40,15,22,18],[5,29,23,13,49,43,46,31],[32,52,47,41,27,11,50,30,45],[34,7,21,48]],"fuel":1560.9303231755869}],"benchmark":"A-n53-k7","Optimal":1010}