{"Optimal":1032,"benchmark":"B-n67-k10","front":[{"fuel":1538.8100753304254,"trucks":[[63,62,31,58,4,61],[18,39,11,28,44,42,17],[59,16,57,56,55,23,53,46,13],[14,29,6,22,26,64],[48,34,19,32],[40,43,45,35,7,65,41],[12,50,2,36,20,21],[49,10,54,37,5,15,51,47],[27,66,38,24,9,33],[3,67,52,60,25,30,8]],"distance":1092.6271689793562},{"distance":1092.7078351230368,"fuel":1536.2199646487288,"trucks":[[63,62,31,58,4,61],[18,39,11,28,44,42,17],[59,57,16,56,55,23,53,46,13],[14,29,6,22,26,64],[48,34,19,32],[40,43,45,35,7,65,41],[15,12,50,2,36,20,21],[49,10,54,37,5,51,47],[27,66,38,24,9,33],[3,67,52,60,25,30,8]]}]}