{"optimalDistance":909,"distanceSequence":[989.9062921490207,989.9062921490207,989.9062921490207,989.9062921490207,989.9062921490207,989.9062921490207,989.9062921490207,989.9062921490207,989.9062921490207,989.9062921490207,989.9062921490207,989.9062921490207,989.9062921490207,989.9062921490207,989.9062921490207,989.9062921490207,989.9062921490207,982.5761476421478,982.5761476421478,982.5761476421478,982.5761476421478,982.5761476421478,982.5761476421478,982.5761476421478,982.5761476421478,982.5761476421478,982.5761476421478,982.5761476421478,982.5257952860533,982.5257952860533,982.5257952860533,982.5257952860533,982.5257952860533,982.5257952860533,982.5257952860533,982.5257952860533,982.5257952860533,982.5257952860533,982.5257952860533,981.354973767802,981.354973767802,981.354973767802,977.4304213431072,965.9707473516298,965.9707473516298,965.9707473516298,965.9707473516298,965.9707473516298,965.9707473516298,965.9707473516298,965.9707473516298,965.9707473516298,965.9707473516298,965.9707473516298,965.9707473516298,965.9707473516298,965.9707473516298,965.9707473516298,965.9707473516298,965.9707473516298,965.9707473516298,965.9707473516298,955.2449092269145,955.2449092269145,955.2449092269145,955.2449092269145,955.2449092269145,955.2449092269145,955.2449092269145,952.6879420916491,952.6879420916491,952.6879420916491,952.6879420916491,952.6879420916491,952.6879420916491,952.6879420916491,952.6879420916491,952.6879420916491,952.6879420916491,952.6879420916491,952.6879420916491,952.6879420916491,952.6879420916491,952.6879420916491,952.6879420916491,952.6879420916491,952.6879420916491,952.6879420916491,952.6879420916491,952.6879420916491,952.6879420916491,952.6879420916491,952.6879420916491,952.6879420916491,952.6879420916491,952.6879420916491,952.6879420916491,952.6879420916491,952.6879420916491,952.6879420916491,952.6879420916491,952.6879420916491,952.6879420916491,952.6879420916491,952.6879420916491,952.6879420916491,952.6879420916491,952.6879420916491,952.6879420916491,952.6879420916491,952.6879420916491,952.6879420916491,948.6384831228506,948.6384831228506,948.6384831228506,948.6384831228506,948.6384831228506,948.6384831228506,948.6384831228506,948.6384831228506,948.6384831228506,948.6384831228506,940.89784996783,940.89784996783,940.89784996783,940.89784996783,940.89784996783,940.89784996783,940.89784996783,940.89784996783,940.89784996783,940.89784996783,940.89784996783,940.89784996783,940.89784996783,940.89784996783,940.89784996783,940.89784996783,940.89784996783,940.89784996783,940.89784996783,940.89784996783,940.89784996783,939.5932485850111,939.5932485850111,939.5932485850111,939.5932485850111,939.5932485850111,939.5932485850111,939.5932485850111,939.5932485850111,939.5932485850111,939.5932485850111,939.5932485850111,939.5932485850111,939.5932485850111,939.5932485850111,939.5932485850111,939.5932485850111,939.5932485850111,939.5932485850111,939.5932485850111,939.5932485850111,939.3144583368611,939.3144583368611,939.3144583368611,939.3144583368611,939.3144583368611,939.3144583368611,939.3144583368611,939.3144583368611,939.3144583368611,939.3144583368611,939.3144583368611,939.3144583368611,939.3144583368611,939.3144583368611,939.3144583368611,939.3144583368611,939.3144583368611,939.3144583368611,939.3144583368611,939.3144583368611,939.3144583368611,928.8114635240479,928.8114635240479,928.8114635240479,928.8114635240479,928.8114635240479,928.8114635240479,928.8114635240479,928.8114635240479,928.8114635240479,928.8114635240479,928.8114635240479,928.8114635240479,928.8114635240479,928.8114635240479,928.8114635240479,928.8114635240479,928.8114635240479,928.8114635240479,928.8114635240479,928.8114635240479,928.8114635240479,928.8114635240479,928.8114635240479,928.8114635240479,928.8114635240479,928.8114635240479,928.8114635240479,928.8114635240479,928.8114635240479,928.8114635240479,928.8114635240479,928.8114635240479,928.8114635240479,928.8114635240479,928.8114635240479,928.8114635240479,928.8114635240479,928.8114635240479,928.8114635240479,928.8114635240479,928.8114635240479,928.8114635240479,928.8114635240479,928.8114635240479,928.8114635240479,928.8114635240479,928.8114635240479,928.3516094887693,928.3516094887693,928.3516094887693,928.3516094887693,928.3516094887693,928.3516094887693,928.3516094887693,928.3516094887693,928.3516094887693,928.3516094887693,928.3516094887693,928.3516094887693,928.3516094887693,928.3516094887693,928.3516094887693,928.3516094887693,928.3516094887693,928.3516094887693,928.3516094887693,928.3516094887693,928.3516094887693,928.3516094887693,928.3516094887693,928.3516094887693,928.3516094887693,928.3516094887693,928.3516094887693,928.3516094887693,928.3516094887693,928.3516094887693,928.3516094887693,928.3516094887693,928.3516094887693,928.3516094887693,928.3516094887693,928.3516094887693,928.3516094887693,928.3516094887693,928.3516094887693,928.3516094887693,928.3516094887693,928.3516094887693,928.3516094887693,928.3516094887693,928.3516094887693,928.3516094887693,928.3516094887693,928.3516094887693,928.3516094887693,928.3516094887693,928.3516094887693,928.3516094887693,928.3516094887693,928.3516094887693,928.3516094887693,928.3516094887693,926.8114635240479,926.8114635240479,926.8114635240479,926.8114635240479,926.8114635240479,926.8114635240479,926.8114635240479,926.8114635240479,926.8114635240479,926.8114635240479,926.8114635240479,926.8114635240479,926.8114635240479,926.8114635240479,926.8114635240479,926.8114635240479,926.8114635240479,926.8114635240479,926.8114635240479,926.8114635240479,926.8114635240479,926.8114635240479,926.8114635240479,926.8114635240479,926.8114635240479,926.8114635240479,926.8114635240479,926.8114635240479,926.8114635240479,926.8114635240479,926.8114635240479,926.8114635240479,926.8114635240479,926.8114635240479,926.8114635240479,926.8114635240479,926.8114635240479,926.8114635240479,926.8114635240479,926.8114635240479,926.8114635240479,926.8114635240479,925.7555631127494,925.7555631127494,925.7555631127494,925.7555631127494,925.7555631127494,925.7555631127494,925.7555631127494,925.7555631127494,925.7555631127494,925.7555631127494,925.7555631127494,925.7555631127494,925.7555631127494,925.7555631127494,925.7555631127494,925.7555631127494,925.7555631127494,925.7555631127494,925.7555631127494,925.7555631127494,925.7555631127494,925.7555631127494,925.7555631127494,925.7555631127494,925.7555631127494,925.7555631127494,925.7555631127494,925.7555631127494,925.7555631127494,925.7555631127494,925.7555631127494,925.7555631127494,925.7555631127494,925.7555631127494,925.7555631127494,925.7555631127494,925.7555631127494,925.7555631127494,925.7555631127494,925.7555631127494,925.7555631127494,925.7555631127494,925.7555631127494,925.7555631127494,925.7555631127494,925.7555631127494,925.7555631127494,925.7555631127494,925.7555631127494,925.7555631127494,925.7555631127494,925.7555631127494,925.7555631127494,925.7555631127494,925.7555631127494,925.7555631127494,925.7555631127494,925.7555631127494,925.7555631127494,925.7555631127494,925.7555631127494,925.7555631127494,925.7555631127494,925.7555631127494,925.7555631127494,925.7555631127494,925.7555631127494,925.7555631127494,925.7555631127494,925.7555631127494,925.7555631127494,925.7555631127494,925.7555631127494,925.7555631127494,925.7555631127494,925.7555631127494,925.7555631127494,925.7555631127494,925.7555631127494,925.7555631127494,925.7555631127494,925.7555631127494,925.7555631127494,925.7555631127494,925.7555631127494,925.7555631127494,925.7555631127494,925.7555631127494,925.7555631127494,925.7555631127494,925.7555631127494,925.7555631127494,925.7555631127494,925.7555631127494,925.7555631127494,925.7555631127494,925.7555631127494,925.7555631127494,925.7555631127494,925.7555631127494,925.7555631127494,925.7555631127494,925.7555631127494,925.7555631127494,925.7555631127494,925.7555631127494,925.7555631127494,925.7555631127494,925.7555631127494,925.7555631127494,925.7555631127494,925.7555631127494,925.7555631127494,925.7555631127494,925.7555631127494,