{"front":[{"distance":925.7717079317467,"fuel":1327.3952101544558,"trucks":[[2,13,34,4,16],[10,24,11],[26,29,44,32,28,36,21],[6,18,41,3,37,15,40,25,27,12,33],[5,9,39,43,31,23],[7,22,35,42,38,14,20,19],[8,17,30]]},{"distance":930.1267886472597,"fuel":1327.2772219196586,"trucks":[[26,29,44,32,28,36,21],[6,18,41,3,37,15,27,25,40,12],[10,24,11],[5,39,23,43,31,9],[7,22,35,38,42,14,33,20,19],[8,17,30],[2,13,4,16,34]]}],"benchmark":"B-n44-k7","Optimal":909}