{"benchmark":"B-n44-k7","front":[{"distance":956.4809114201643,"fuel":1362.086020111418,"trucks":[[4,34,44,32,28,21],[6,18,2,13,29,26,41],[22,7,35,42,38,14,5],[3,37,15,27,25,40,36,16],[20,12,11,39,31,43,9],[8,30,19,17],[33,10,23,24]]},{"fuel":1361.882633105175,"trucks":[[8,17,30,20],[6,18,41,2,13,29,26],[3,37,15,27,25,40,36,34],[7,22,14,35,42,38,5],[10,12,9,43,31,23,39],[21,4,16,28,32,44],[19,33,11,24]],"distance":958.811093945168},{"fuel":1359.4353750661096,"trucks":[[6,18,41,2,13,29,26],[22,7,35,42,38,14,5],[3,37,15,27,25,40,36,16],[20,12,11,39,31,43,9],[8,30,19,17],[33,10,24,23],[21,4,44,34,32,28]],"distance":959.4581744892023},{"fuel":1358.081669728891,"trucks":[[4,34,44,32,28,21],[22,7,35,42,38,14,5],[9,43,31,39,23,12,10],[3,37,15,27,25,40,36,16],[20,24,11],[6,18,41,2,13,29,26],[8,17,19,30,33]],"distance":960.2074521992458}],"Optimal":909}