{"benchmark":"B-n44-k7","front":[{"fuel":1357.3891025390367,"trucks":[[3,37,15,27,25,40,36,16],[21,4,34,28,32,44],[6,18,41,2,13,29,26],[33,11,24],[7,22,42,38,35,5,14],[31,43,23,9,39,12,10],[17,30,20,19,8]],"distance":952.2894616227205}],"Optimal":909}