{"optimalDistance":1071,"fuelSequence":[1763.934329441984,1763.934329441984,1763.934329441984,1763.934329441984,1763.934329441984,1763.934329441984,1762.4764816638572,1758.1124593044594,1758.1124593044594,1758.1124593044594,1758.1124593044594,1758.1124593044594,1758.1124593044594,1758.1124593044594,1749.123464043868,1749.123464043868,1749.123464043868,1749.123464043868,1749.123464043868,1749.123464043868,1749.123464043868,1749.123464043868,1749.123464043868,1749.123464043868,1749.123464043868,1749.123464043868,1749.123464043868,1749.123464043868,1749.123464043868,1749.123464043868,1749.123464043868,1749.123464043868,1749.123464043868,1747.5060376058154,1745.3078560939798,1745.3078560939798,1745.3078560939798,1745.3078560939798,1745.3078560939798,1745.3078560939798,1745.3078560939798,1745.3078560939798,1745.3078560939798,1745.3078560939798,1745.3078560939798,1745.3078560939798,1745.3078560939798,1745.3078560939798,1745.3078560939798,1745.3078560939798,1745.3078560939798,1745.3078560939798,1745.3078560939798,1745.3078560939798,1745.3078560939798,1744.3647884533386,1744.3647884533386,1744.3647884533386,1744.3647884533386,1744.3647884533386,1743.5449097923015,1743.5449097923015,1743.5449097923015,1742.6018421516603,1739.5604090944444,1739.5604090944444,1739.5604090944444,1739.5604090944444,1739.5604090944444,1739.5604090944444,1739.5604090944444,1739.5604090944444,1738.7722934737362,1738.7722934737362,1738.7722934737362,1738.7722934737362,1738.7722934737362,1738.7722934737362,1738.7722934737362,1738.7722934737362,1738.7722934737362,1738.7722934737362,1738.7722934737362,1738.7722934737362,1738.7722934737362,1738.6173414538032,1738.6173414538032,1738.6173414538032,1738.6173414538032,1738.6173414538032,1738.6173414538032,1738.6173414538032,1738.6173414538032,1738.6173414538032,1738.6173414538032,1738.6173414538032,1738.6173414538032,1738.6173414538032,1738.6173414538032,1738.6173414538032,1738.6173414538032,1738.6173414538032,1738.6173414538032,1738.6173414538032,1738.6173414538032,1738.6173414538032,1738.6173414538032,1738.6173414538032,1738.6173414538032,1738.6173414538032,1738.6173414538032,1738.6173414538032,1737.518919389578,1737.518919389578,1737.518919389578,1737.518919389578,1737.518919389578,1737.518919389578,1737.518919389578,1737.518919389578,1737.518919389578,1737.518919389578,1737.518919389578,1737.518919389578,1737.518919389578,1736.1393490357732,1736.1393490357732,1733.6388351369471,1733.6388351369471,1733.6388351369471,1733.6388351369471,1733.6388351369471,1733.6388351369471,1733.6388351369471,1732.426176504972,1732.426176504972,1732.426176504972,1732.426176504972,1732.426176504972,1732.426176504972,1732.426176504972,1732.426176504972,1732.426176504972,1732.426176504972,1732.426176504972,1726.3535806246907,1726.3535806246907,1726.3535806246907,1726.3535806246907,1726.3535806246907,1726.3535806246907,1726.3535806246907,1723.4639585131606,1723.4639585131606,1723.4639585131606,1723.4639585131606,1723.4639585131606,1723.4639585131606,1723.4639585131606,1723.4639585131606,1722.404103487471,1722.404103487471,1722.404103487471,1722.404103487471,1721.1711407523048,1721.1711407523048,1720.172540451174,1718.7098790934206,1718.7098790934206,1718.7098790934206,1718.7098790934206,1718.7098790934206,1716.2230633139543,1716.2230633139543,1716.2230633139543,1715.349354737174,1714.760401956201,1714.760401956201,1714.760401956201,1714.760401956201,1714.760401956201,1714.760401956201,1714.760401956201,1714.760401956201,1714.760401956201,1714.760401956201,1714.0311957834847,1714.0311957834847,1714.0311957834847,1712.5288389199038,1712.5288389199038,1708.5793617826841,1708.5793617826841,1708.5793617826841,1708.5793617826841,1708.5793617826841,1708.5793617826841,1708.5793617826841,1708.5793617826841,1706.3874942522145,1706.3874942522145,1706.3874942522145,1706.3874942522145,1706.3874942522145,1706.3874942522145,1706.3874942522145,1706.3874942522145,1706.3874942522145,1706.3874942522145,1706.3874942522145,1706.3874942522145,1706.3874942522145,1705.8352907464157,1705.8352907464157,1705.8352907464157,1705.8352907464157,1705.8352907464157,1705.8352907464157,1705.8352907464157,1705.8352907464157,1705.8352907464157,1705.8352907464157,1705.8352907464157,1704.9118104979987,1704.9118104979987,1704.9118104979987,1704.9118104979987,1704.9118104979987,1704.9118104979987,1704.9118104979987,1704.9118104979987,1704.9118104979987,1704.9118104979987,1704.9118104979987,1704.9118104979987,1704.9118104979987,1703.701951889514,1703.701951889514,1703.701951889514,1703.701951889514,1703.701951889514,1703.701951889514,1703.701951889514,1703.701951889514,1703.701951889514,1703.701951889514,1703.701951889514,1697.425331340491,1697.425331340491,1697.425331340491,1697.425331340491,1697.425331340491,1697.425331340491,1697.425331340491,1696.2628784832236,1696.2628784832236,1696.2628784832236,1696.2628784832236,1692.313401346004,1692.313401346004,1692.313401346004,1692.313401346004,1692.313401346004,1692.313401346004,1692.313401346004,1692.313401346004,1692.313401346004,1692.313401346004,1692.313401346004,1692.313401346004,1690.8377175917876,1690.8377175917876,1690.8377175917876,1690.8377175917876,1690.8377175917876,1690.8377175917876,1690.8377175917876,1690.8377175917876,1690.8377175917876,1690.8377175917876,1690.8377175917876,1690.8377175917876,1690.8377175917876,1690.8377175917876,1690.8377175917876,1690.8377175917876,1690.8377175917876,1690.8377175917876,1690.8377175917876,1690.8377175917876,1690.8377175917876,1690.8377175917876,1690.8377175917876,1690.8377175917876,1690.8377175917876,1690.8377175917876,1690.8377175917876,1690.8377175917876,1690.8377175917876,1690.8377175917876,1690.8377175917876,1690.8377175917876,1690.8377175917876,1690.8377175917876,1690.8377175917876,1690.8377175917876,1690.8377175917876,1690.8377175917876,1690.8377175917876,1690.8377175917876,1690.8377175917876,1690.8377175917876,1690.8377175917876,1690.8377175917876,1690.8377175917876,1690.8377175917876,1690.8377175917876,1690.8377175917876,1690.8377175917876,1690.8377175917876,1690.8377175917876,1690.8377175917876,1690.8377175917876,1690.8377175917876,1690.8377175917876,1690.8377175917876,1690.8377175917876,1690.8377175917876,1690.8377175917876,1690.8377175917876,1690.8377175917876,1690.8377175917876,1690.8377175917876,1690.8377175917876,1690.8377175917876,1690.8377175917876,1690.8377175917876,1690.8377175917876,1690.8377175917876,1690.8377175917876,1690.8377175917876,1690.8377175917876,1690.8377175917876,1690.8377175917876,1690.8377175917876,1690.8377175917876,1690.8377175917876,1690.8377175917876,1690.8377175917876,1690.8377175917876,1690.8377175917876,1690.8377175917876,1687.917771181786,1687.917771181786,1687.917771181786,1687.917771181786,1687.917771181786,1687.917771181786,1687.917771181786,1687.917771181786,1687.917771181786,1687.917771181786,1687.917771181786,1687.917771181786,1687.917771181786,1687.917771181786,1687.917771181786,1687.917771181786,1687.917771181786,1687.917771181786,1687.917771181786,1687.917771181786,1687.917771181786,1687.917771181786,1680.5432347857795,1680.5432347857795,1680.5432347857795,1680.5432347857795,1680.5432347857795,1680.5432347857795,1680.5432347857795,1680.5432347857795,1680.5432347857795,1680.5432347857795,1680.5432347857795,1680.5432347857795,1680.5432347857795,1680.5432347857795,1680.5432347857795,1680.5432347857795,1680.5432347857795,1680.5432347857795,1680.5432347857795,1680.5432347857795,1680.5432347857795,1680.5432347857795,1680.5432347857795,1680.5432347857795,1680.5432347857795,1680.5432347857795,1680.5432347857795,1680.5432347857795,1680.5432347857795,1680.5432347857795,1680.5432347857795,1680.5432347857795,1680.5432347857795,1680.5432347857795,1680.5432347857795,1680.5432347857795,1680.5432347857795,1680.5432347857795,1680.5432347857795,1680.5432347857795,1680.5432347857795,1680.5432347857795,1680.5432347857795,1680.5432347857795,1680.5432347857795,1680.5432347857795,1680.5432347857795,1680.5432347857795,1680.5432347857795,1680.5432347857795,1680.5432347857795,