{"benchmark":"P-n70-k10","Optimal":827,"front":[{"trucks":[[59,54,15,60,9,8],[7,34,64,24,57,42,43,44],[35,47,36,20,55,14,28,53],[13,41,33,45,4,17],[58,16,6,38,21,61,70,37,48],[11,39,66,67,12],[5,46,30,49,31,3],[69,2,50,25,19,51,26,56,40],[68,27,32,10,18,52],[29,63,23,65,62,22]],"distance":914.6172129085431,"fuel":1319.977853272305},{"trucks":[[7,34,64,24,57,42,43,44],[13,41,33,45,4,17],[58,16,6,38,21,61,70,37,48],[63,29,22,62,65,23],[11,39,66,67,12],[5,46,30,49,31,3],[35,47,36,20,55,14,28,53],[69,2,50,25,19,51,26,56,40],[59,54,15,60,9,8],[68,27,32,10,18,52]],"distance":917.006291095064,"fuel":1317.4041840194484},{"trucks":[[8,59,54,15,60,9],[7,34,64,24,57,42,43,44],[58,16,6,38,21,61,70,37,48],[13,41,33,45,4,17],[35,47,53,28,14,55,20,36],[11,39,66,67,12],[5,46,30,49,31,3],[69,2,50,25,19,51,26,56,40],[68,27,32,10,18,52],[29,63,23,65,62,22]],"distance":917.4410178648403,"fuel":1315.2491370818657},{"trucks":[[7,34,64,24,57,42,43,44],[13,41,33,45,4,17],[58,16,6,38,21,61,70,37,48],[63,29,22,62,65,23],[11,39,66,67,12],[5,46,30,49,31,3],[35,47,53,28,14,55,20,36],[69,2,50,25,19,51,26,56,40],[8,59,54,15,60,9],[68,27,32,10,18,52]],"distance":919.8300960513611,"fuel":1312.6754678290092}]}