{"Optimal":827,"front":[{"trucks":[[6,38,21,61,37,70,22,62],[34,64,24,57,42,50,25,19],[53,28,46,30,48,49,31],[8,36,54,15,60,66,39],[29,63,23,65,43,44,2],[35,9,20,55,14,58,16,5],[59,11,32,56,26,51,45],[7,52,17,4,33,10,40],[27,13,41,18,69,3],[68,47,67,12]],"fuel":1307.4073850135417,"distance":914.9540834143004}],"benchmark":"P-n70-k10"}