{"benchmark":"P-n50-k8","front":[{"fuel":981.1629672141423,"trucks":[[32,11,39,12,16],[3,29,23,43,42,44,24],[34,2,17,50,25,19,4],[46,30,6,38,21,14,28],[31,49,48,37,22,7],[35,47,9,20,15,36],[13,40,10,26,33,45],[18,41,27,8,5]],"distance":691.3730887755446},{"distance":692.1331004090989,"trucks":[[11,32,39,12,16],[3,29,23,43,42,44,24],[34,2,17,50,25,19,4],[46,30,6,38,21,14,28],[31,49,48,37,22,7],[35,47,9,20,15,36],[13,40,10,26,33,45],[18,41,27,8,5]],"fuel":977.526992985277},{"trucks":[[11,32,39,12,16],[3,29,23,43,42,44,24],[34,2,17,50,25,19,4],[46,30,6,38,21,14,28],[7,31,49,48,37,22],[35,47,9,20,15,36],[13,40,10,26,33,45],[18,41,27,8,5]],"distance":694.2096767663413,"fuel":976.7424996349203}],"Optimal":631}