{"front":[{"fuel":934.8554720367725,"distance":670.3267006346441,"trucks":[[7,34,2,44,42,43,23],[8,36,12,15,20,14],[10,40,32,11,39],[31,49,48,37,38,21,16],[3,29,22,6,30],[35,47,9,28,46,27],[18,41,33,45,4,50,24],[5,17,25,19,26,13]]}],"benchmark":"P-n50-k8","Optimal":631}