{"optimalDistance":751,"benchmark":"B-n45-k5","distanceSequence":[846.1310923367491,846.1310923367491,846.1310923367491,846.1310923367491,836.5373659657605,836.5373659657605,836.5373659657605,836.5373659657605,836.5373659657605,836.5373659657605,836.5373659657605,836.5373659657605,836.5373659657605,836.5373659657605,836.5373659657605,834.9846013716822,804.5581515084199,804.5581515084199,804.5581515084199,804.5581515084199,804.5581515084199,804.5581515084199,804.5581515084199,804.5581515084199,803.00841186265,803.00841186265,803.00841186265,803.00841186265,803.00841186265,803.00841186265,801.5000286707285,801.5000286707285,801.5000286707285,799.0556420627994,799.0556420627994,799.0556420627994,799.0556420627994,799.0556420627994,799.0556420627994,799.0556420627994,799.0556420627994,799.0556420627994,799.0556420627994,798.5803776681228,798.5803776681228,798.5803776681228,798.5803776681228,798.5803776681228,798.5803776681228,798.5803776681228,798.5803776681228,798.5803776681228,797.7839523199046,797.7839523199046,797.7839523199046,797.7839523199046,797.7839523199046,797.7839523199046,797.7839523199046,797.7839523199046,797.7839523199046,797.7839523199046,797.7839523199046,797.7839523199046,797.7839523199046,797.7839523199046,797.5991873164334,797.5991873164334,797.5991873164334,797.5991873164334,795.6629935283153,795.6629935283153,795.6629935283153,795.6629935283153,795.6629935283153,795.6629935283153,795.3365257548412,795.3365257548412,795.3365257548412,795.3365257548412,795.3365257548412,795.3365257548412,795.3365257548412,795.3365257548412,795.3365257548412,795.3365257548412,795.3365257548412,795.3365257548412,795.3365257548412,795.3365257548412,795.3365257548412,795.3365257548412,795.3365257548412,795.3365257548412,795.3365257548412,795.3365257548412,795.3365257548412,795.3365257548412,795.3365257548412,795.3365257548412,795.3365257548412,795.3365257548412,795.3365257548412,795.3365257548412,795.3365257548412,795.3365257548412,795.3365257548412,795.3365257548412,795.3365257548412,795.1580386581767,795.1580386581767,795.1580386581767,795.1580386581767,795.1580386581767,795.1580386581767,795.1580386581767,795.1580386581767,795.1580386581767,795.1580386581767,795.1580386581767,795.1580386581767,795.1580386581767,795.1580386581767,793.0608034355366,793.0608034355366,793.0608034355366,793.0608034355366,793.0608034355366,793.0608034355366,793.0608034355366,793.0608034355366,793.0608034355366,793.0608034355366,793.0608034355366,793.0608034355366,793.0608034355366,793.0608034355366,793.0608034355366,793.0608034355366,793.0608034355366,793.0608034355366,793.0608034355366,793.0608034355366,793.0608034355366,793.0608034355366,793.0608034355366,792.420850214626,792.420850214626,792.420850214626,792.420850214626,792.420850214626,792.420850214626,792.420850214626,792.420850214626,792.420850214626,792.420850214626,792.420850214626,792.420850214626,792.420850214626,792.420850214626,792.420850214626,792.420850214626,792.420850214626,792.420850214626,792.420850214626,792.420850214626,792.420850214626,792.420850214626,792.420850214626,792.420850214626,792.420850214626,789.5377527652159,789.5377527652159,789.5377527652159,789.5377527652159,789.5377527652159,789.5377527652159,789.5377527652159,789.5377527652159,789.5377527652159,789.5377527652159,789.5377527652159,789.5377527652159,789.5377527652159,789.5377527652159,789.5377527652159,789.5377527652159,789.5377527652159,789.5377527652159,789.5377527652159,789.5377527652159,789.5377527652159,789.5377527652159,789.5377527652159,789.5377527652159,789.5377527652159,789.5377527652159,789.5377527652159,789.5377527652159,789.5377527652159,789.5377527652159,789.5377527652159,789.5377527652159,789.5377527652159,789.5377527652159,789.5377527652159,789.5377527652159,789.5377527652159,789.5377527652159,789.5377527652159,789.5377527652159,789.5377527652159,789.5377527652159,789.5377527652159,789.5377527652159,789.5377527652159,789.5377527652159,789.5377527652159,789.5377527652159,789.5377527652159,789.5377527652159,789.5377527652159,789.5377527652159,789.5377527652159,789.5377527652159,789.5377527652159,789.5377527652159,789.5377527652159,789.5377527652159,789.5377527652159,789.5377527652159,789.5377527652159,789.5377527652159,789.5377527652159,789.5377527652159,789.5377527652159,789.5377527652159,789.5377527652159,789.5377527652159,789.5377527652159,789.5377527652159,789.5377527652159,789.5377527652159,789.5377527652159,789.5377527652159,789.5377527652159,789.5377527652159,789.5377527652159,789.5377527652159,789.5377527652159,789.5377527652159,789.5377527652159,789.5377527652159,789.5377527652159,789.5377527652159,789.5377527652159,789.5377527652159,789.5377527652159,789.5377527652159,789.5377527652159,789.5377527652159,789.5377527652159,789.5377527652159,789.5377527652159,789.5377527652159,789.5377527652159,789.5377527652159,789.5377527652159,789.5377527652159,789.5377527652159,789.5377527652159,789.5377527652159,789.5377527652159,789.5377527652159,789.5377527652159,789.5377527652159,789.5377527652159,789.5377527652159,789.5377527652159,789.5377527652159,789.5377527652159,789.5377527652159,789.5377527652159,789.5377527652159,789.5377527652159,789.5377527652159,789.5377527652159,789.5377527652159,789.5377527652159,789.5377527652159,789.5377527652159,789.5377527652159,789.5377527652159,789.5377527652159,789.5377527652159,789.5377527652159,789.5377527652159,789.5377527652159,789.5377527652159,789.5377527652159,789.5377527652159,789.5377527652159,789.5377527652159,789.5377527652159,789.5377527652159,789.5377527652159,789.5377527652159,789.5377527652159,789.5377527652159,789.5377527652159,789.5377527652159,789.5377527652159,789.5377527652159,789.5377527652159,789.5377527652159,789.5377527652159,789.5377527652159,789.5377527652159,789.5377527652159,789.5377527652159,789.5377527652159,789.5377527652159,789.5377527652159,789.5377527652159,789.5377527652159,789.5377527652159,789.5377527652159,789.5377527652159,789.5377527652159,789.5377527652159,789.5377527652159,789.5377527652159,789.5377527652159,789.5377527652159,789.5377527652159,789.5377527652159,789.5377527652159,789.5377527652159,789.5377527652159,789.5377527652159,789.5377527652159,789.5377527652159,789.5377527652159,789.5377527652159,789.5377527652159,789.5377527652159,789.5377527652159,789.5377527652159,789.5377527652159,789.5377527652159,789.5377527652159,789.5377527652159,789.5377527652159,789.5377527652159,789.5377527652159,789.5377527652159,789.5377527652159,789.5377527652159,789.5377527652159,789.5377527652159,789.5377527652159,789.5377527652159,789.5377527652159,789.5377527652159,789.5377527652159,789.5377527652159,789.5377527652159,789.5377527652159,789.5377527652159,789.5377527652159,789.5377527652159,789.5377527652159,789.5377527652159,789.5377527652159,789.5377527652159,789.5377527652159,789.5377527652159,789.5377527652159,789.5377527652159,789.5377527652159,789.5377527652159,789.5377527652159,789.5377527652159,789.5377527652159,789.5377527652159,789.5377527652159,789.5377527652159,789.5377527652159,789.5377527652159,789.5377527652159,789.5377527652159,789.5377527652159,789.5377527652159,789.5377527652159,789.5377527652159,789.5377527652159,789.5377527652159,789.5377527652159,789.5377527652159,789.5377527652159,789.5377527652159,789.5377527652159,789.5377527652159,789.5377527652159,789.5377527652159,789.5377527652159,789.5377527652159,789.5377527652159,789.5377527652159,789.5377527652159,789.5377527652159,789.5377527652159,789.5377527652159,789.5377527652159,789.5377527652159,789.5377527652159,789.5377527652159,789.5377527652159,789.5377527652159,789.5377527652159,789.5377527652159,789.5377527652159,789.5377527652159,789.5377527652159,789.5377527652159,789.5377527652159,789.5377527652159,789.5377527652159,789.5377527652159,789.5377527652159,789.5377527652159,789.5377527652159,789.5377527652159,789.5377527652159,789.5377527652159,789.5377527652159,789.5377527652159,789.5377527652159,789.5377527652159,789.5377527652159,789.5377527652159,789.5377527652159,