{"Optimal":751,"front":[{"fuel":1112.1696916033825,"trucks":[[23,9,5,30,17,34,20,27,12,26],[10,14,3,16,33,8,35,28],[7,13,22,44,42,6,41,43,29,24,18],[2,19,45,15,25,4,32,39,36,21],[40,31,11,37,38]],"distance":801.009950983135},{"fuel":1110.4902523320184,"trucks":[[23,9,5,30,12,26,27,20,34,17],[10,14,3,16,33,8,35,28],[7,13,22,44,42,6,41,43,29,24,18],[2,19,45,15,25,4,32,39,36,21],[40,31,11,37,38]],"distance":801.1840775772246},{"fuel":1108.9444961405852,"trucks":[[23,9,5,30,12,26,27,20,34,17],[10,14,3,16,33,8,35,28],[7,6,42,44,22,13,41,43,29,24,18],[2,19,45,15,25,4,32,39,36,21],[40,31,11,37,38]],"distance":802.2636023324376}],"benchmark":"B-n45-k5"}