{"front":[{"distance":763.358596061081,"fuel":1079.1465791807616,"trucks":[[23,9,5,17,34,20,27,26,12,30],[38,33,16,3,14,29],[40,6,42,44,22,13,7,41,43],[2,8,35,15,28,25,4,32,39,36,21],[31,24,18,11,37,19,45,10]]},{"distance":763.5502634866505,"fuel":1079.1427361905974,"trucks":[[23,9,5,17,20,34,27,26,12,30],[38,33,16,3,14,29],[40,6,42,44,22,13,7,41,43],[2,8,35,15,28,25,4,32,39,36,21],[31,24,18,11,37,19,45,10]]},{"distance":764.1322629452899,"fuel":1074.8044846229363,"trucks":[[23,9,5,30,12,26,27,20,34,17],[38,33,16,3,14,29],[40,6,42,44,22,13,7,41,43],[2,8,35,15,28,25,4,32,39,36,21],[31,24,18,11,37,19,45,10]]}],"benchmark":"B-n45-k5","Optimal":751}