{"front":[{"distance":1054.6634097335277,"fuel":1535.9569626458983,"trucks":[[21,2,45,22,10,50,31,24],[51,16,48,46,26,47,23,25],[34,49,20,4,36,6,37,41,11],[42,28,32,33,38,13,9],[18,35,39,3,17,43,15],[7,8,29,27,44,12,5],[19,14,30,40]]},{"distance":1055.3339551049658,"fuel":1535.6588579356637,"trucks":[[19,40,30,14],[24,16,51,48,46,26,47,23,25],[7,8,29,27,44,12,5],[34,49,4,20,36,6,37,41,11],[42,28,32,33,38,13,9],[18,39,35,3,17,43,15],[45,22,10,50,31,2,21]]}],"Optimal":1032,"benchmark":"B-n51-k7"}