{"benchmark":"M-n200-k17","Optimal":1373,"front":[{"trucks":[[119,61,84,200,126,46,175,47,85,174,6,97,90],[98,152,93,60,105,100,94,86,99,38,101,194,92],[173,43,143,15,193,120,45,192,142,87,114,18],[2,177,133,163,102,71,31,123,52,104,66,35,79,170,130,186,70],[42,23,134,76,57,187,24,40,188,140,171],[34,82,121,10,162,72,137,36,136,165],[67,189,21,129,161,132,33,91,127,64,182,65,12],[160,63,149,89,183,8,195,107,154,83,115,9],[150,196,180,131,55,135,164,25,30,122,69,81,151],[112,51,103,158,80,159,4,78,117,197,77],[176,108,20,124,49,125,169,48,37,50,144],[7,184,95,96,118,88,145,58,16,44,39,141,17,62],[168,128,191,32,11,190,109,53,19,167],[28,147,148,14,138,3,179,116,146,22,181,41,59],[74,172,75,73,198,68,26,56,166,156,5,111,199],[54,155,29,139,185,13,178,110,27,153],[113,157,106]],"distance":1553.7531306686435,"fuel":2213.0313148401447}]}