{"Optimal":1373,"benchmark":"M-n200-k17","front":[{"fuel":2232.9296368738756,"trucks":[[71,31,123,21,189,129,161,132,33,91,127,64,182,12],[156,5,111,199,22,74,73,198,57,187,24,76],[3,179,116,146,42,23,134,75,172,40,188,140],[150,196,110,178,81,151,69,117,197,78,159],[185,77,4,80,130,186,52,104,109,190,11,160],[108,20,124,49,125,169,48,37,144,50,65,147],[195,107,154,8,183,149,63,176,47,175,9,115,200,138],[145,173,43,143,15,193,120,45,192,142,17,62,174,85,100],[135,164,25,30,122,170,79,35,165,136,36,137,66,67],[155,139,13,55,131,166,56,26,171,68,180,27],[53,168,128,32,191,89,83,19,84,46,126],[59,153,41,181,106,29,112,177,2,102,163,70,133],[167,61,119,6,18,114,87,141,39,44,16,58],[98,93,60,105,94,86,92,194,101,99,38,118,88],[51,103,158,34,82,121,10,72,162],[113,148,7,97,95,184,96,90,14,54],[157,28,152]],"distance":1595.7723561648438}]}