{"benchmark":"M-n200-k17","front":[{"distance":1637.3081428059636,"trucks":[[29,77,159,4,82,121,10,104,67,66,71],[85,6,119,61,84,200,115,9,175,46,126],[153,59,41,181,22,74,73,198,57,187,24,140],[48,169,125,49,124,20,108,176,12,127,64,91,132],[186,80,130,170,79,35,165,136,36,137,72,162,52],[101,194,92,192,142,45,120,193,15,143,43,173,145,58],[151,81,69,122,30,25,164,135,55,131,166,56,26,171,188],[152,38,99,94,86,174,18,114,87,17,62],[19,167,90,148,7,184,95,96,118,98,93,60],[199,111,156,5,40,68,76,134,23,75],[147,53,154,107,195,8,183,149,63,160,11,190,89],[177,2,133,70,161,33,182,65,50,144,37,47,83],[146,42,172,116,179,3,88,138,14,97,105,100,141,39],[168,191,128,163,32,109,106,54],[28,139,155,27,196,150,16,44,113,157],[112,197,117,78,185,13,110,178,180],[51,103,158,34,123,31,21,129,189,102]],"fuel":2284.73237511143}],"Optimal":1373}