{"optimalDistance":1272,"distanceSequence":[1379.6216899544152,1379.6216899544152,1379.6216899544152,1379.6216899544152,1379.6216899544152,1378.203905827926,1378.203905827926,1378.203905827926,1377.019187533433,1377.019187533433,1375.2059002823573,1375.0831388472275,1375.0831388472275,1375.0831388472275,1375.0831388472275,1373.549046032865,1373.549046032865,1373.549046032865,1373.2177452622304,1372.4806364262454,1372.4806364262454,1372.4806364262454,1372.4806364262454,1369.2451020628357,1367.7686321989718,1367.7686321989718,1367.7686321989718,1367.7686321989718,1367.7686321989718,1367.7686321989718,1366.1066056379082,1366.1066056379082,1366.1066056379082,1366.1066056379082,1366.1066056379082,1366.1066056379082,1365.6810442933647,1365.6810442933647,1365.6810442933647,1365.6810442933647,1365.6810442933647,1365.6810442933647,1361.0218392983556,1361.0218392983556,1361.0218392983556,1361.0218392983556,1361.0218392983556,1361.0218392983556,1361.0218392983556,1361.0218392983556,1361.0218392983556,1361.0218392983556,1361.0218392983556,1361.0218392983556,1361.0218392983556,1361.0218392983556,1360.7179735918953,1360.7179735918953,1358.6568814922189,1358.6568814922189,1358.6568814922189,1358.6568814922189,1358.6568814922189,1354.8850325410604,1354.8850325410604,1354.8850325410604,1354.8850325410604,1354.8850325410604,1354.8850325410604,1354.8850325410604,1354.8850325410604,1354.8850325410604,1354.8850325410604,1354.8850325410604,1354.8850325410604,1352.7902525635109,1352.7902525635109,1352.7902525635104,1352.5200747349236,1352.5200747349236,1352.5200747349236,1352.5200747349236,1352.5200747349236,1352.5200747349236,1352.5200747349236,1352.5200747349236,1352.5200747349236,1352.5200747349236,1352.5200747349236,1352.5200747349236,1352.5200747349236,1349.1744954349847,1349.1744954349847,1349.1744954349847,1348.8706297285246,1348.8706297285246,1348.8706297285246,1348.8706297285246,1346.809537628848,1346.809537628848,1346.809537628848,1346.5056719223878,1346.5056719223878,1345.2443658822679,1345.2443658822679,1345.2443658822679,1345.2443658822679,1345.2443658822679,1345.2443658822679,1345.2443658822679,1345.2443658822679,1345.2443658822679,1344.941542780719,1344.941542780719,1341.2828780021787,1341.2828780021787,1341.2828780021787,1341.2828780021787,1341.2828780021787,1341.2828780021787,1341.2828780021787,1341.2828780021787,1337.9660468598354,1337.9660468598354,1337.9660468598354,1337.9660468598354,1337.9660468598354,1337.9660468598354,1337.9660468598354,1337.9660468598354,1337.9660468598354,1337.9660468598354,1336.761146003488,1335.6010890536986,1335.6010890536986,1335.6010890536986,1335.6010890536986,1335.6010890536986,1332.9768936811872,1332.9768936811872,1332.9768936811872,1332.9768936811872,1332.9768936811872,1332.9768936811872,1332.9768936811872,1332.9768936811872,1332.9768936811872,1332.9768936811872,1332.9768936811872,1332.9768936811872,1332.9768936811872,1332.9768936811872,1332.9768936811872,1332.9768936811872,1331.7719928248398,1331.7719928248398,1331.7719928248398,1331.7719928248398,1331.7719928248398,1331.7719928248398,1331.7719928248398,1331.7719928248398,1331.7719928248398,1331.7719928248398,1331.7719928248398,1331.7719928248398,1331.7719928248398,1331.7719928248398,1331.7719928248398,1331.7719928248398,1331.7719928248398,1331.7719928248398,1331.7719928248398,1331.5829122540204,1331.5829122540204,1331.5829122540204,1331.5829122540204,1331.5829122540204,1331.5829122540204,1331.5829122540204,1331.5829122540204,1331.5829122540204,1331.5829122540204,1330.756077260958,1330.756077260958,1330.756077260958,1330.756077260958,1330.756077260958,1330.756077260958,1330.756077260958,1330.756077260958,1330.756077260958,1330.756077260958,1330.756077260958,1330.756077260958,1330.756077260958,1330.756077260958,1330.756077260958,1330.756077260958,1330.756077260958,1330.756077260958,1330.756077260958,1330.756077260958,1330.756077260958,1330.756077260958,1330.756077260958,1330.756077260958,1330.756077260958,1330.756077260958,1330.4408832121778,1330.4408832121778,1330.4408832121778,1330.4408832121778,1330.4408832121778,1330.4408832121778,1330.4408832121778,1330.4408832121778,1330.4408832121778,1330.4408832121778,1330.4408832121778,1330.4408832121778,1330.148680009656,1330.148680009656,1330.148680009656,1330.148680009656,1330.148680009656,1330.148680009656,1330.148680009656,1330.148680009656,1326.2858932215033,1326.2858932215033,1326.2858932215033,1326.2858932215033,1326.2858932215033,1323.1801003231128,1323.1801003231128,1323.1801003231128,1323.1801003231128,1323.1801003231128,1323.1801003231128,1323.1801003231128,1323.1801003231128,1323.1801003231128,1323.1801003231128,1323.1801003231128,1323.1801003231128,1323.1801003231128,1323.1801003231128,1323.1801003231128,1323.1801003231128,1323.1801003231128,1323.1801003231128,1323.1801003231128,1323.1801003231128,1323.1801003231128,1322.823809153366,1322.823809153366,1322.823809153366,1322.823809153366,1322.823809153366,1322.823809153366,1322.823809153366,1322.823809153366,1322.823809153366,1322.823809153366,1322.823809153366,1322.823809153366,1320.1639859620384,1320.1639859620384,1320.1639859620384,1320.1639859620384,1320.1639859620384,1320.1639859620384,1320.1639859620384,1320.1639859620384,1320.1639859620384,1319.7896204281274,1319.7896204281274,1319.7896204281274,1319.7896204281274,1319.7896204281274,1319.7896204281274,1319.7896204281274,1319.7896204281274,1319.7896204281274,1319.7896204281274,1319.7896204281274,1319.7896204281274,1319.7896204281274,1319.7896204281274,1319.7896204281274,1319.7896204281274,1319.7896204281274,1319.7896204281274,1319.7896204281274,1319.7896204281274,1319.7896204281274,1319.7896204281274,1319.7896204281274,1319.7896204281274,1319.7896204281274,1319.7896204281274,1319.7896204281274,1319.7896204281274,1319.7896204281274,1319.7896204281274,1319.7896204281274,1315.8380710866659,1315.8380710866659,1315.8380710866659,1315.8380710866659,1315.8380710866659,1315.8380710866659,1315.8380710866659,1315.8380710866659,1315.8380710866659,1315.8380710866659,1315.8380710866659,1315.8380710866659,1315.8380710866659,1315.8380710866659,1315.8380710866659,1315.8380710866659,1315.8380710866659,1315.8380710866659,1315.8380710866659,1315.8380710866659,1315.8380710866659,1315.8380710866659,1315.8380710866659,1315.8380710866659,1315.8380710866659,1315.8380710866659,1315.8380710866659,1315.8380710866659,1315.8380710866659,1315.8380710866659,1315.8380710866659,1315.8380710866659,1315.8380710866659,1315.8380710866659,1315.8380710866659,1315.8380710866659,1315.8380710866659,1315.8380710866659,1315.8380710866659,1315.8380710866659,1315.8380710866659,1315.8380710866659,1315.8380710866659,1315.8380710866659,1315.8380710866659,1315.8380710866659,1315.8380710866659,1315.8380710866659,1315.8380710866659,1315.8380710866659,1315.8380710866659,1315.8380710866659,1315.8380710866659,1315.8380710866659,1315.8380710866659,1315.8380710866659,1315.8380710866659,1315.8380710866659,1315.8380710866659,1315.8380710866659,1315.8380710866659,1315.8380710866659,1315.8380710866659,1315.8380710866659,1315.8380710866659,1315.8380710866659,1315.8380710866659,1315.8380710866659,1315.8380710866659,1315.8380710866659,1315.8380710866659,1315.8380710866659,1315.8380710866659,1315.8380710866659,1315.8380710866659,1315.8380710866659,1315.8380710866659,1315.8380710866659,1315.8380710866659,1315.8380710866659,1315.8380710866659,1315.8380710866659,1315.8380710866659,1315.8380710866659,1315.8380710866659,1315.8380710866659,1315.8380710866659,1315.8380710866659,1315.8380710866659,1315.8380710866659,1315.8380710866659,1315.8380710866659,1315.8380710866659,1315.8380710866659,1315.8380710866659,1315.8380710866659,1315.8380710866659,1315.8380710866659,1315.8380710866659,1315.8380710866659,1315.8380710866659,1315.8380710866659,1315.8380710866659,1315.8380710866659,1315.8380710866659,1315.8380710866659,1315.8380710866659,1315.8380710866659,1315.8380710866659,1315.8380710866659,1315.8380710866659,1315.8380710866659,1315.8380710866659,1315.8380710866659,