{"optimalDistance":1272,"distanceSequence":[1372.5637484295783,1372.5637484295783,1372.5637484295783,1372.5637484295783,1372.5637484295783,1372.5637484295783,1370.6192611842182,1369.6202085239063,1367.0406610385928,1367.0406610385928,1367.0406610385928,1367.0406610385928,1367.0406610385928,1367.0406610385928,1367.0406610385928,1367.0406610385928,1364.0315596165617,1364.0315596165617,1364.0315596165617,1364.0315596165617,1362.0564640264822,1362.0564640264822,1362.0564640264822,1344.6544173043796,1344.6544173043796,1344.6544173043796,1344.6544173043796,1344.6544173043796,1344.6544173043796,1344.6544173043796,1344.6544173043796,1344.5692032683316,1342.467706064664,1342.467706064664,1342.467706064664,1342.467706064664,1342.467706064664,1342.467706064664,1342.467706064664,1342.467706064664,1341.9638342602545,1340.9534206687306,1340.9534206687306,1340.9534206687306,1340.9534206687306,1340.9534206687306,1340.9534206687306,1340.9534206687306,1340.9534206687306,1340.9534206687306,1340.9534206687306,1340.1660906649506,1340.1660906649506,1340.1660906649506,1340.1660906649506,1340.1660906649506,1336.5550112645717,1336.5550112645717,1336.5550112645717,1336.5550112645717,1336.5550112645717,1336.5550112645717,1335.7676812607917,1335.7676812607917,1335.7676812607917,1335.7676812607917,1335.7676812607917,1335.7676812607917,1335.7676812607917,1335.7676812607917,1333.1605336238547,1333.1605336238547,1332.8042424541081,1332.8042424541081,1332.8042424541081,1332.8042424541081,1332.8042424541081,1332.8042424541081,1332.8042424541081,1331.2459563811906,1331.2459563811906,1331.2459563811906,1331.2459563811906,1331.2459563811906,1331.0609374703738,1331.0609374703738,1331.0609374703738,1331.0609374703738,1331.0609374703738,1331.0609374703738,1331.0609374703738,1330.889665211444,1330.889665211444,1330.889665211444,1330.889665211444,1330.889665211444,1330.889665211444,1330.889665211444,1330.889665211444,1330.889665211444,1330.889665211444,1330.889665211444,1328.7289391575423,1328.7289391575423,1328.7289391575423,1328.7289391575423,1328.6904270376315,1328.3726479877955,1328.3726479877955,1328.3726479877955,1328.3036243026356,1326.2975413427985,1326.2975413427985,1326.2975413427985,1326.2975413427985,1326.2975413427985,1326.2975413427985,1326.2975413427985,1326.2975413427985,1326.2975413427985,1326.2975413427985,1326.2590292228879,1326.2590292228879,1326.2590292228879,1326.2590292228879,1326.2590292228879,1326.2590292228879,1326.2590292228879,1326.2590292228879,1326.2590292228879,1326.2590292228879,1326.2590292228879,1326.2590292228879,1326.2590292228879,1326.2590292228879,1326.2590292228879,1326.2590292228879,1326.2590292228879,1326.2590292228879,1326.2590292228879,1326.2590292228879,1325.6130584821365,1325.6130584821365,1325.6130584821365,1325.6130584821365,1325.6130584821365,1325.6130584821365,1325.6130584821365,1325.6130584821365,1325.6130584821365,1325.6130584821365,1325.54451544037,1325.54451544037,1325.54451544037,1325.54451544037,1325.54451544037,1325.54451544037,1325.54451544037,1324.8611267577298,1324.8611267577298,1324.8611267577298,1324.8611267577298,1324.8611267577298,1324.8611267577298,1324.8611267577298,1324.8611267577298,1324.8611267577298,1324.8611267577298,1324.8611267577298,1324.8611267577298,1324.8611267577298,1324.8611267577298,1324.6965737839187,1324.6965737839187,1324.6965737839187,1324.6965737839187,1324.6091908555252,1324.6091908555252,1324.6091908555252,1324.6091908555252,1324.4446378817138,1324.4446378817138,1324.4446378817138,1324.4446378817138,1324.4446378817138,1324.4446378817138,1324.4446378817138,1324.4446378817138,1324.4446378817138,1324.4446378817138,1324.4446378817138,1324.4446378817138,1324.4446378817138,1324.4446378817138,1324.4446378817138,1324.4446378817138,1324.4446378817138,1324.4446378817138,1324.4446378817138,1324.4446378817138,1324.4446378817138,1324.4446378817138,1324.4446378817138,1324.4446378817138,1324.4446378817138,1324.4446378817138,1324.4446378817138,1324.4446378817138,1324.4446378817138,1324.4446378817138,1324.4446378817138,1324.4446378817138,1324.4446378817138,1324.4446378817138,1324.4446378817138,1324.4446378817138,1324.4446378817138,1324.4446378817138,1324.4446378817138,1324.4446378817138,1324.4446378817138,1324.4446378817138,1324.4446378817138,1324.4446378817138,1324.4446378817138,1324.4446378817138,1324.4446378817138,1324.4446378817138,1324.4446378817138,1324.4446378817138,1324.4446378817138,1324.4446378817138,1324.4446378817138,1324.4446378817138,1324.4446378817138,1324.4446378817138,1324.4446378817138,1324.4446378817138,1324.4446378817138,1324.4446378817138,1324.4446378817138,1324.4446378817138,1324.4446378817138,1324.4446378817138,1324.4446378817138,1324.4446378817138,1324.4446378817138,1324.4446378817138,1324.2376173452471,1324.2376173452471,1324.2376173452471,1324.2376173452471,1324.2376173452471,1324.2376173452471,1324.2376173452471,1324.2376173452471,1324.2376173452471,1324.2376173452471,1324.2376173452471,1324.2376173452471,1324.2376173452471,1324.2376173452471,1324.2376173452471,1324.2376173452471,1324.2376173452471,1324.2376173452471,1324.2376173452471,1324.2376173452471,1324.2376173452471,1324.2376173452471,1324.2376173452471,1324.2376173452471,1324.2376173452471,1324.2376173452471,1324.2376173452471,1324.2376173452471,1324.2376173452471,1324.2376173452471,1324.2376173452471,1324.2376173452471,1324.2376173452471,1324.2376173452471,1324.2376173452471,1324.2376173452471,1324.2376173452471,1324.2376173452471,1324.2376173452471,1324.2376173452471,1324.2376173452471,1324.2376173452471,1324.2376173452471,1324.2376173452471,1324.2376173452471,1324.2376173452471,1324.2376173452471,1324.2376173452471,1324.2376173452471,1324.2376173452471,1324.2376173452471,1324.2376173452471,1324.2376173452471,1324.2376173452471,1324.2376173452471,1324.2376173452471,1324.2376173452471,1324.2376173452471,1324.2376173452471,1324.2376173452471,1324.2376173452471,1324.2376173452471,1324.2376173452471,1324.2376173452471,1324.2376173452471,1324.2376173452471,1324.2376173452471,1324.2376173452471,1324.2376173452471,1324.2376173452471,1324.2376173452471,1324.2376173452471,1324.2376173452471,1324.2376173452471,1324.2376173452471,1324.2376173452471,1324.2376173452471,1324.2376173452471,1324.2376173452471,1324.2376173452471,1324.2376173452471,1324.2376173452471,1324.2376173452471,1324.2376173452471,1324.2376173452471,1324.2376173452471,1324.2376173452471,1324.2376173452471,1324.2376173452471,1324.2376173452471,1324.2376173452471,1324.2376173452471,1324.2376173452471,1324.2376173452471,1324.2376173452471,1324.2376173452471,1324.2376173452471,1324.2376173452471,1324.2376173452471,1324.2376173452471,1324.2376173452471,1324.2376173452471,1324.2376173452471,1324.2376173452471,1324.2376173452471,1324.2376173452471,1324.2376173452471,1324.2376173452471,1324.2376173452471,1324.2376173452471,1324.2376173452471,1324.2376173452471,1324.2376173452471,1324.2376173452471,1324.2376173452471,1324.2376173452471,1324.2376173452471,1324.2376173452471,1324.2376173452471,1324.2376173452471,1324.2376173452471,1324.2376173452471,1324.2376173452471,1324.2376173452471,1324.2376173452471,1324.2376173452471,1324.2376173452471,1324.2376173452471,1324.2376173452471,1324.2376173452471,1324.2376173452471,1324.2376173452471,1324.2376173452471,1324.2376173452471,1324.2376173452471,1324.2376173452471,1324.2376173452471,1324.2376173452471,1324.2376173452471,1324.2376173452471,1324.2376173452471,1324.2376173452471,1324.2376173452471,1324.2376173452471,1324.2376173452471,1324.2376173452471,1324.2376173452471,1324.2376173452471,1324.2376173452471,1324.2376173452471,1324.2376173452471,1324.2376173452471,1324.2376173452471,1324.2376173452471,1324.2376173452471,1324.2376173452471,1324.2376173452471,1324.2376173452471,1324.2376173452471,1324.2376173452471,1324.2376173452471,1324.2376173452471,1324.2376173452471,1324.2376173452471,1324.2376173452471,1324.2376173452471,1324.2376173452471,1324.2376173452471,1324.2376173452471,1324.2376173452471,1324.2376173452471,1324.2376173452471,