{"Optimal":1272,"benchmark":"B-n68-k9","front":[{"trucks":[[68,33,7,59,11,25,19,29,37,43],[48,22,31,60,35,45,49,10,62],[32,65,36,61,5,2,16,57,34],[50,23,3,9,38,42],[28,6,15,63,55,17,46,13],[66,44,67,14,47,8],[18,53,21,27,58,52,30],[26,24,40,12,4,56,41],[20,54,39,51,64]],"distance":1296.313905959436,"fuel":1880.9017574401398},{"fuel":1879.648929237538,"distance":1297.9777872782079,"trucks":[[43,37,68,33,7,59,11,25,19,29],[48,22,31,60,35,45,49,10,62],[32,65,36,61,5,2,16,57,34],[50,23,3,9,38,42],[28,6,15,63,55,17,46,13],[66,44,67,14,47,8],[18,53,21,27,52,58,30],[26,24,40,12,4,56,41],[20,54,39,51,64]]},{"fuel":1879.3484157344312,"distance":1298.4012456505357,"trucks":[[43,37,68,33,7,59,11,25,19,29],[48,22,31,60,35,45,49,10,62],[32,65,36,61,5,2,16,57,34],[50,23,3,9,38,42],[28,6,15,63,55,17,46,13],[66,44,67,14,47,8],[18,53,21,27,58,52,30],[26,24,40,12,4,56,41],[20,54,39,51,64]]},{"trucks":[[43,37,68,33,7,59,11,25,19,29],[48,22,31,60,35,45,49,10,62],[32,65,36,61,5,2,16,57,34],[50,23,3,42,38,9],[28,6,15,63,55,17,46,13],[66,44,67,14,47,8],[18,53,21,27,58,52,30],[26,24,40,12,4,56,41],[20,54,39,51,64]],"distance":1298.7756111844467,"fuel":1879.3080089945233}]}