{"benchmark":"B-n68-k9","Optimal":1272,"front":[{"trucks":[[43,29,19,25,11,59,7,33,37],[65,28,35,45,49,10,27],[50,23,3,9,38,42],[16,34,57,2,18,21,53,58,52,62],[66,44,67,14,47,8],[32,5,61,48,36],[46,13,60,17,31,22,55,63,15,6],[20,51,41,56,39,54],[64,26,40,24,12,4,68,30]],"distance":1310.6435604915591,"fuel":1860.0911425672002},{"distance":1310.8122477542383,"fuel":1858.320273682854,"trucks":[[43,68,37,33,7,59,11,25,19,29],[65,28,35,45,49,10,27],[50,23,3,9,38,42],[16,34,57,2,18,21,53,58,52,62],[66,44,67,14,47,8],[32,5,61,48,36],[46,13,60,17,31,22,55,63,15,6],[20,51,41,56,39,54],[64,26,40,24,12,4,30]]},{"fuel":1857.3995371501949,"trucks":[[43,37,33,7,59,11,25,19,29],[65,28,35,45,49,10,27],[50,23,3,9,38,42],[16,34,57,2,18,21,53,58,52,62],[66,44,67,14,47,8],[32,5,61,48,36],[46,13,60,17,31,22,55,63,15,6],[20,51,41,56,39,54],[64,26,40,24,12,4,68,30]],"distance":1311.1625834576994},{"distance":1311.5369489916104,"trucks":[[43,37,33,7,59,11,25,19,29],[65,28,35,45,49,10,27],[50,23,3,42,38,9],[16,34,57,2,18,21,53,58,52,62],[66,44,67,14,47,8],[32,5,61,48,36],[46,13,60,17,31,22,55,63,15,6],[20,51,41,56,39,54],[64,26,40,24,12,4,68,30]],"fuel":1857.3591304102868}]}