{"front":[{"distance":752.037827017175,"fuel":1043.6784500851963,"trucks":[[76,3,63,29,62,23,65,43,42,44,2,74],[31,49,6,38,21,71,61,72,70,37,48,22,75],[41,33,51,19,25,50,57,24,64,34],[5,46,30,16,58,14,55,20,15,60,54],[18,45,4,17,52,7,69,28,53],[35,47,9,36,8,12,67,66,39,59],[68,27,73,11,32,56,26,10,40,13]]},{"fuel":1035.518707387974,"trucks":[[76,3,63,29,62,23,65,43,42,44,2,74],[31,49,6,38,21,71,61,72,70,37,48,22,75],[41,33,51,19,25,50,57,24,64,34],[5,46,30,16,58,14,55,20,60,15,54],[18,45,4,17,52,7,69,28,53],[35,47,9,36,8,12,67,66,39,59],[68,27,13,40,10,26,56,32,11,73]],"distance":752.484611098599},{"fuel":1033.6891812117244,"trucks":[[76,3,63,29,62,23,65,43,42,44,2,74],[31,49,6,38,21,71,61,72,70,37,48,22,75],[41,33,51,19,25,50,57,24,64,34],[5,46,30,16,58,14,55,20,15,60,54],[18,45,4,17,52,7,69,28,53],[35,47,9,36,8,12,67,66,39,59],[68,27,13,40,10,26,56,32,11,73]],"distance":753.1490126358475},{"fuel":1033.411053420421,"trucks":[[76,3,63,29,62,23,65,43,42,44,2,74],[31,49,6,38,21,71,61,72,70,37,48,22,75],[41,33,51,19,25,50,57,24,64,52],[5,46,30,16,58,14,55,20,15,60,54],[18,45,4,17,34,7,69,28,53],[35,47,9,36,8,12,67,66,39,59],[68,27,13,40,10,26,56,32,11,73]],"distance":755.2925619206644}],"benchmark":"E-n76-k7","Optimal":682}