{"front":[{"trucks":[[7,34,64,57,24,50,25,19,51,26,56,32],[31,22,48,38,21,71,61,72,37,70,62,29,75],[41,33,45,4,17,52],[10,40,73,59,11,39,66,67,60,15],[47,35,53,28,46,30,49,6,16,58,14,55],[27,68,8,9,20,36,54,12,13,18],[5,76,69,3,63,23,65,43,42,44,2,74]],"distance":768.2934862077445,"fuel":1057.2775938062673},{"distance":770.0540076019441,"fuel":1055.4548133395665,"trucks":[[7,34,64,57,24,50,25,19,51,26,56,32],[31,22,48,38,21,71,61,72,37,70,62,29,75],[13,41,33,45,4,17,52],[10,40,73,59,11,39,66,67,60,15],[47,35,53,28,46,30,49,6,16,58,14,55],[27,68,8,9,20,36,54,12,18],[5,76,69,3,63,23,65,43,42,44,2,74]]},{"distance":771.7412598912249,"fuel":1053.6554213724087,"trucks":[[5,3,63,23,65,43,42,44,2,74],[31,22,48,38,21,71,61,72,37,70,62,29,75],[41,33,45,4,50,25,19,51,26,56,32],[10,40,73,59,11,39,66,67,60,15],[35,47,53,28,46,30,49,6,16,58,14,55],[27,68,8,9,20,36,54,12,13,18],[76,69,7,34,64,57,24,17,52]]},{"trucks":[[5,3,63,23,65,43,42,44,2,74],[31,22,48,38,21,71,61,72,37,70,62,29,75],[41,33,45,4,50,25,19,51,26,56,32],[10,40,73,59,11,39,66,67,60,9],[47,35,53,28,46,30,49,6,16,58,14,55],[27,68,8,36,20,15,54,12,13,18],[76,69,7,34,64,57,24,17,52]],"fuel":1053.4720585366047,"distance":773.2926966290061}],"benchmark":"E-n76-k7","Optimal":682}