{"benchmark":"A-n39-k5","Optimal":822,"front":[{"distance":845.6546548531455,"fuel":1216.2464662052241,"trucks":[[6,17,8,4,23,33,11],[25,3,36,38,35,27,18],[7,37,28,29,14,31,22],[19,10,32,2,24,21,30,16,39,12,9],[5,13,34,26,20,15]]},{"trucks":[[6,17,8,4,23,33,11],[25,3,36,38,35,27,18],[7,37,28,29,14,31,22],[19,10,32,2,24,21,30,16,39,12,9],[5,15,20,26,34,13]],"distance":853.2278549601407,"fuel":1216.0959454748622}]}