{"optimalDistance":820,"fuelSequence":[1402.0366418180163,1402.0366418180163,1402.0366418180163,1402.0366418180163,1402.0366418180163,1402.0366418180163,1402.0366418180163,1402.0366418180163,1402.0366418180163,1402.0366418180163,1402.0366418180163,1402.0366418180163,1402.0366418180163,1402.0366418180163,1402.0366418180163,1402.0366418180163,1402.0366418180163,1402.0366418180163,1402.0366418180163,1402.0366418180163,1402.0366418180163,1402.0366418180163,1402.0366418180163,1402.0366418180163,1402.0366418180163,1402.0366418180163,1402.0366418180163,1402.0366418180163,1402.0366418180163,1402.0366418180163,1402.0366418180163,1402.0366418180163,1402.0366418180163,1402.0366418180163,1402.0366418180163,1402.0366418180163,1402.0366418180163,1402.0366418180163,1402.0366418180163,1402.0366418180163,1402.0366418180163,1402.0366418180163,1402.0366418180163,1402.0366418180163,1402.0366418180163,1402.0366418180163,1402.0366418180163,1402.0366418180163,1402.0366418180163,1402.0366418180163,1402.0366418180163,1402.0366418180163,1402.0366418180163,1402.0366418180163,1402.0366418180163,1402.0366418180163,1402.0366418180163,1402.0366418180163,1402.0366418180163,1402.0366418180163,1397.8955387644503,1397.8955387644503,1397.8955387644503,1397.8955387644503,1397.8955387644503,1397.8955387644503,1397.8955387644503,1397.8955387644503,1397.8955387644503,1397.8955387644503,1397.8955387644503,1397.8955387644503,1397.8955387644503,1397.8955387644503,1397.8955387644503,1397.8955387644503,1397.8955387644503,1397.8955387644503,1397.8955387644503,1397.8955387644503,1397.8955387644503,1397.8955387644503,1397.8955387644503,1397.8955387644503,1397.8955387644503,1397.8955387644503,1397.8955387644503,1397.8955387644503,1397.8955387644503,1397.8955387644503,1397.8955387644503,1397.8955387644503,1397.8955387644503,1397.8955387644503,1397.8955387644503,1397.8955387644503,1397.8955387644503,1397.8955387644503,1397.8955387644503,1397.8955387644503,1397.8955387644503,1397.8955387644503,1397.8955387644503,1397.8955387644503,1397.8955387644503,1397.8955387644503,1397.8955387644503,1397.8955387644503,1397.8955387644503,1397.8955387644503,1397.8955387644503,1397.8955387644503,1397.8955387644503,1397.8955387644503,1397.8955387644503,1397.8955387644503,1397.8955387644503,1397.8955387644503,1397.8955387644503,1397.8955387644503,1397.8955387644503,1397.8955387644503,1397.8955387644503,1397.8955387644503,1397.8955387644503,1397.8955387644503,1397.8955387644503,1397.8955387644503,1397.8955387644503,1397.8955387644503,1397.8955387644503,1397.8955387644503,1397.8955387644503,1397.8955387644503,1397.8955387644503,1397.8955387644503,1397.8955387644503,1397.8955387644503,1387.3444836881313,1387.3444836881313,1387.3444836881313,1387.3444836881313,1387.3444836881313,1387.3444836881313,1387.3444836881313,1387.3444836881313,1387.3444836881313,1387.3444836881313,1387.3444836881313,1387.3444836881313,1387.3444836881313,1387.3444836881313,1387.3444836881313,1387.3444836881313,1387.3444836881313,1387.3444836881313,1387.3444836881313,1387.3444836881313,1387.3444836881313,1387.3444836881313,1387.3444836881313,1387.3444836881313,1387.3444836881313,1387.3444836881313,1384.2382964112217,1384.2382964112217,1384.2382964112217,1384.2382964112217,1384.2382964112217,1384.2382964112217,1384.2382964112217,1384.2382964112217,1384.2382964112217,1384.2382964112217,1384.2382964112217,1384.2382964112217,1384.2382964112217,1384.2382964112217,1350.6360489451224,1350.6360489451224,1350.6360489451224,1350.6360489451224,1350.6360489451224,1350.6360489451224,1350.6360489451224,1350.6360489451224,1350.6360489451224,1350.6360489451224,1350.6360489451224,1350.6360489451224,1350.6360489451224,1350.6360489451224,1350.6360489451224,1350.6360489451224,1350.6360489451224,1350.6360489451224,1350.6360489451224,1350.6360489451224,1350.6360489451224,1350.6360489451224,1350.6360489451224,1350.6360489451224,1350.6360489451224,1350.6360489451224,1350.6360489451224,1350.6360489451224,1350.6360489451224,1350.6360489451224,1350.6360489451224,1350.6360489451224,1350.6360489451224,1350.6360489451224,1350.6360489451224,1350.6360489451224,1350.6360489451224,1350.6360489451224,1350.6360489451224,1350.6360489451224,1350.6360489451224,1350.6360489451224,1350.6360489451224,1350.6360489451224,1350.6360489451224,1350.6360489451224,1350.6360489451224,1350.6360489451224,1350.6360489451224,1350.6360489451224,1350.6360489451224,1350.6360489451224,1350.6360489451224,1350.6360489451224,1350.6360489451224,1350.6360489451224,1350.6360489451224,1350.6360489451224,1350.6360489451224,1350.6360489451224,1350.6360489451224,1350.6360489451224,1350.6360489451224,1350.6360489451224,1350.6360489451224,1350.6360489451224,1350.6360489451224,1350.6360489451224,1350.6360489451224,1350.6360489451224,1350.6360489451224,1350.6360489451224,1350.6360489451224,1350.6360489451224,1350.6360489451224,1350.6360489451224,1350.6360489451224,1350.6360489451224,1350.6360489451224,1350.6360489451224,1350.6360489451224,1350.6360489451224,1350.6360489451224,1350.6360489451224,1350.6360489451224,1350.6360489451224,1350.6360489451224,1350.6360489451224,1350.6360489451224,1350.6360489451224,1350.6360489451224,1350.6360489451224,1350.6360489451224,1350.6360489451224,1337.7943783599044,1337.7943783599044,1337.7943783599044,1337.7943783599044,1337.7943783599044,1337.7943783599044,1337.7943783599044,1337.7943783599044,1337.7943783599044,1328.0019141654307,1328.0019141654307,1328.0019141654307,1328.0019141654307,1328.0019141654307,1328.0019141654307,1328.0019141654307,1328.0019141654307,1328.0019141654307,1328.0019141654307,1328.0019141654307,1328.0019141654307,1328.0019141654307,1328.0019141654307,1328.0019141654307,1328.0019141654307,1328.0019141654307,1328.0019141654307,1328.0019141654307,1328.0019141654307,1301.4297364310569,1301.4297364310569,1301.4297364310569,1301.4297364310569,1301.4297364310569,1301.4297364310569,1301.4297364310569,1301.4297364310569,1301.4297364310569,1301.4297364310569,1301.4297364310569,1301.4297364310569,1301.4297364310569,1301.4297364310569,1301.4297364310569,1301.4297364310569,1301.4297364310569,1301.4297364310569,1301.4297364310569,1301.4297364310569,1301.4297364310569,1301.4297364310569,1301.4297364310569,1301.4297364310569,1301.4297364310569,1301.4297364310569,1301.4297364310569,1301.4297364310569,1301.4297364310569,1301.4297364310569,1301.4297364310569,1301.4297364310569,1301.4297364310569,1301.4297364310569,1301.4297364310569,1301.4297364310569,1301.4297364310569,1301.4297364310569,1301.4297364310569,1301.4297364310569,1301.4297364310569,1301.4297364310569,1301.4297364310569,1301.4297364310569,1301.4297364310569,1301.4297364310569,1301.4297364310569,1301.4297364310569,1301.4297364310569,1301.4297364310569,1301.4297364310569,1301.4297364310569,1301.4297364310569,1301.4297364310569,1301.4297364310569,1301.4297364310569,1301.4297364310569,1301.4297364310569,1301.4297364310569,1301.4297364310569,1301.4297364310569,1301.4297364310569,1301.4297364310569,1301.4297364310569,1301.4297364310569,1301.4297364310569,1301.4297364310569,1301.4297364310569,1301.4297364310569,1301.4297364310569,1301.4297364310569,1301.4297364310569,1301.4297364310569,1301.4297364310569,1301.4297364310569,1301.4297364310569,1301.4297364310569,1301.4297364310569,1301.4297364310569,1301.4297364310569,1301.4297364310569,1301.4297364310569,1301.4297364310569,1301.4297364310569,1301.4297364310569,1301.4297364310569,1301.4297364310569,1301.4297364310569,1301.4297364310569,1301.4297364310569,1301.4297364310569,1301.4297364310569,1301.4297364310569,1301.4297364310569,1301.4297364310569,1301.4297364310569,1301.4297364310569,1301.4297364310569,1301.4297364310569,1301.4297364310569,1301.4297364310569,1301.4297364310569,1301.4297364310569,1301.4297364310569,1301.4297364310569,1301.4297364310569,1301.4297364310569,1301.4297364310569,1301.4297364310569,1301.4297364310569,1301.4297364310569,1301.4297364310569,1301.4297364310569,1301.4297364310569,1301.4297364310569,1301.4297364310569,1301.4297364310569,1301.4297364310569,