{"optimalDistance":820,"benchmark":"M-n101-k10","distanceSequence":[990.6254431331074,990.6254431331074,990.6254431331074,990.6254431331074,990.6254431331074,990.6254431331074,990.6254431331074,990.6254431331074,990.6254431331074,990.6254431331074,990.6254431331074,990.6254431331074,990.6254431331074,990.6254431331074,990.6254431331074,990.6254431331074,990.6254431331074,990.6254431331074,971.2511031580608,971.2511031580608,971.2511031580608,971.2511031580608,971.2511031580608,971.2511031580608,971.2511031580608,971.2511031580608,971.2511031580608,971.2511031580608,971.2511031580608,971.2511031580608,971.2511031580608,971.2511031580608,971.2511031580608,971.2511031580608,971.2511031580608,971.2511031580608,971.2511031580608,971.2511031580608,971.2511031580608,971.2511031580608,971.2511031580608,971.2511031580608,971.2511031580608,971.2511031580608,971.2511031580608,971.2511031580608,971.2511031580608,971.2511031580608,971.2511031580608,971.2511031580608,971.2511031580608,971.2511031580608,971.2511031580608,971.2511031580608,971.2511031580608,971.2511031580608,971.2511031580608,971.2511031580608,971.2511031580608,971.2511031580608,971.2511031580608,971.2511031580608,971.2511031580608,971.2511031580608,971.2511031580608,971.2511031580608,971.2511031580608,971.2511031580608,971.2511031580608,971.2511031580608,971.2511031580608,971.2511031580608,971.2511031580608,971.2511031580608,971.2511031580608,971.2511031580608,971.2511031580608,971.2511031580608,971.2511031580608,971.2511031580608,971.2511031580608,971.2511031580608,971.2511031580608,971.2511031580608,971.2511031580608,971.2511031580608,971.2511031580608,971.2511031580608,971.2511031580608,971.2511031580608,971.2511031580608,971.2511031580608,971.2511031580608,971.2511031580608,971.2511031580608,971.2511031580608,971.2511031580608,971.2511031580608,919.9163837464287,919.9163837464287,919.9163837464287,919.9163837464287,919.9163837464287,919.9163837464287,919.9163837464287,919.9163837464287,919.9163837464287,919.9163837464287,919.9163837464287,919.9163837464287,919.9163837464287,919.9163837464287,919.9163837464287,919.9163837464287,919.9163837464287,919.9163837464287,919.9163837464287,919.9163837464287,919.9163837464287,919.9163837464287,919.9163837464287,919.9163837464287,919.9163837464287,919.9163837464287,919.9163837464287,919.9163837464287,919.9163837464287,919.9163837464287,919.9163837464287,919.9163837464287,919.9163837464287,919.9163837464287,919.9163837464287,919.9163837464287,919.9163837464287,919.9163837464287,919.9163837464287,919.9163837464287,919.9163837464287,919.9163837464287,919.9163837464287,919.9163837464287,919.9163837464287,919.9163837464287,919.9163837464287,919.9163837464287,919.9163837464287,919.9163837464287,919.9163837464287,919.9163837464287,919.9163837464287,919.9163837464287,919.9163837464287,919.9163837464287,919.9163837464287,919.9163837464287,919.9163837464287,919.9163837464287,919.9163837464287,919.9163837464287,919.9163837464287,919.9163837464287,919.9163837464287,919.9163837464287,919.9163837464287,919.9163837464287,919.9163837464287,919.9163837464287,919.9163837464287,919.9163837464287,919.9163837464287,919.9163837464287,919.9163837464287,919.9163837464287,919.9163837464287,919.9163837464287,919.9163837464287,919.9163837464287,919.9163837464287,919.9163837464287,919.9163837464287,919.9163837464287,919.9163837464287,919.9163837464287,919.9163837464287,919.9163837464287,919.9163837464287,919.9163837464287,919.9163837464287,919.9163837464287,919.9163837464287,919.9163837464287,919.9163837464287,919.9163837464287,919.9163837464287,919.9163837464287,919.9163837464287,919.9163837464287,919.9163837464287,919.9163837464287,919.9163837464287,919.9163837464287,919.9163837464287,919.9163837464287,919.9163837464287,919.9163837464287,919.9163837464287,919.9163837464287,919.9163837464287,919.9163837464287,919.9163837464287,919.9163837464287,919.9163837464287,919.9163837464287,919.9163837464287,919.9163837464287,919.9163837464287,919.9163837464287,919.9163837464287,919.9163837464287,919.9163837464287,919.9163837464287,919.9163837464287,919.9163837464287,919.9163837464287,919.9163837464287,919.9163837464287,919.9163837464287,919.9163837464287,919.9163837464287,919.9163837464287,919.9163837464287,919.9163837464287,919.9163837464287,919.9163837464287,919.9163837464287,919.9163837464287,919.9163837464287,919.9163837464287,919.9163837464287,919.9163837464287,919.9163837464287,919.9163837464287,919.9163837464287,919.9163837464287,919.9163837464287,919.9163837464287,919.9163837464287,919.9163837464287,919.9163837464287,919.9163837464287,919.9163837464287,919.9163837464287,919.9163837464287,919.9163837464287,919.9163837464287,919.9163837464287,919.9163837464287,919.9163837464287,919.9163837464287,919.9163837464287,919.9163837464287,919.9163837464287,919.9163837464287,919.9163837464287,919.9163837464287,919.9163837464287,919.9163837464287,919.9163837464287,919.9163837464287,919.9163837464287,919.9163837464287,919.9163837464287,919.9163837464287,919.9163837464287,919.9163837464287,919.9163837464287,919.9163837464287,919.9163837464287,919.9163837464287,919.9163837464287,919.9163837464287,919.9163837464287,919.9163837464287,919.9163837464287,919.9163837464287,919.9163837464287,919.9163837464287,919.9163837464287,919.9163837464287,919.9163837464287,919.9163837464287,919.9163837464287,919.9163837464287,919.9163837464287,919.9163837464287,919.9163837464287,919.9163837464287,919.9163837464287,919.9163837464287,919.9163837464287,919.9163837464287,919.9163837464287,919.9163837464287,919.9163837464287,919.9163837464287,919.9163837464287,919.9163837464287,919.9163837464287,919.9163837464287,919.9163837464287,919.9163837464287,919.9163837464287,919.9163837464287,919.9163837464287,919.9163837464287,919.9163837464287,919.9163837464287,919.9163837464287,919.9163837464287,919.9163837464287,919.9163837464287,919.9163837464287,919.9163837464287,919.9163837464287,919.9163837464287,919.9163837464287,919.9163837464287,919.9163837464287,919.9163837464287,919.9163837464287,919.9163837464287,919.9163837464287,911.0677015282827,911.0677015282827,911.0677015282827,911.0677015282827,911.0677015282827,911.0677015282827,911.0677015282827,911.0677015282827,911.0677015282827,911.0677015282827,911.0677015282827,911.0677015282827,911.0677015282827,911.0677015282827,911.0677015282827,911.0677015282827,911.0677015282827,911.0677015282827,911.0677015282827,911.0677015282827,911.0677015282827,911.0677015282827,911.0677015282827,911.0677015282827,911.0677015282827,911.0677015282827,911.0677015282827,911.0677015282827,911.0677015282827,911.0677015282827,911.0677015282827,911.0677015282827,911.0677015282827,911.0677015282827,911.0677015282827,911.0677015282827,911.0677015282827,911.0677015282827,911.0677015282827,911.0677015282827,911.0677015282827,911.0677015282827,911.0677015282827,911.0677015282827,911.0677015282827,911.0677015282827,911.0677015282827,911.0677015282827,911.0677015282827,911.0677015282827,911.0677015282827,911.0677015282827,911.0677015282827,911.0677015282827,911.0677015282827,911.0677015282827,911.0677015282827,911.0677015282827,911.0677015282827,911.0677015282827,911.0677015282827,911.0677015282827,910.2147550902517,910.2147550902517,910.2147550902517,910.2147550902517,910.2147550902517,910.2147550902517,910.2147550902517,910.2147550902517,910.2147550902517,910.2147550902517,910.2147550902517,910.2147550902517,910.2147550902517,910.2147550902517,910.2147550902517,910.2147550902517,910.2147550902517,910.2147550902517,910.2147550902517,910.2147550902517,910.2147550902517,910.2147550902517,910.2147550902517,910.2147550902517,910.2147550902517,910.2147550902517,910.2147550902517,910.2147550902517,910.2147550902517,910.2147550902517,910.2147550902517,910.2147550902517,910.2147550902517,910.2147550902517,910.2147550902517,910.2147550902517,910.2147550902517,910.2147550902517,910.2147550902517,910.2147550902517,910.2147550902517,910.2147550902517,910.2147550902517,910.2147550902517,910.2147550902517,