{"benchmark":"M-n101-k10","Optimal":820,"front":[{"fuel":1289.3972980698666,"distance":907.2746531727377,"trucks":[[64,66,68,67,70,69,65,62,73,75,63],[76,3,2,8,6,4,5,7,9,10,12,11],[59,57,54,55,56,58,60,61],[85,84,83,82,79,77,72,71,74,78,80,81],[33,34,38,39,40,37,35,36,32],[99,97,96,95,94,93,98,101,100],[16,14,13,15,18,20,19,17],[44,43,47,48,50,53,51,52,49,46,45,41,42],[22,23,26,28,29,27,24,31,30,25,21],[91,90,89,86,87,88,92]]}]}