{"Optimal":792,"front":[{"trucks":[[30,6,38,37,61,21,16,58],[8,36,20,60,15,54],[59,12,39,11,40],[17,64,24,57,42,43,44,2],[49,48,22,62,29],[35,53,28,14,55,9,47],[45,51,19,56,26,32,10],[13,41,33,4,25,50],[7,34,65,23,63,3],[5,46,31,52,18,27]],"fuel":1236.7189304127805,"distance":861.0866003510666},{"fuel":1229.886791724107,"trucks":[[30,6,38,37,61,21,16,58],[8,36,54,15,60,20],[59,12,39,11,40],[17,64,24,57,42,43,44,2],[49,48,22,62,29],[35,53,28,14,55,9,47],[45,51,19,56,26,32,10],[13,41,33,4,25,50],[7,34,65,23,63,3],[5,46,31,52,18,27]],"distance":861.544322185716},{"trucks":[[30,6,38,37,61,21,16,58],[8,36,54,15,60,20],[40,59,11,39,12],[17,64,24,57,42,43,44,2],[49,48,22,62,29],[35,47,53,28,14,55,9],[45,51,19,56,26,32,10],[13,41,33,4,25,50],[7,34,65,23,63,3],[5,46,31,52,18,27]],"distance":861.6207700052532,"fuel":1223.4236293653762},{"distance":864.806722519732,"fuel":1220.156852561948,"trucks":[[30,6,38,37,61,21,16,58],[8,36,54,15,60,20],[40,59,11,39,12],[17,64,24,57,42,43,44,2],[49,48,22,62,29],[35,47,53,28,14,55,9],[45,51,19,56,26,32,10],[13,41,33,4,25,50],[7,3,63,23,65,34],[5,46,31,52,18,27]]}],"benchmark":"P-n65-k10"}