{"Optimal":792,"front":[{"trucks":[[30,6,38,21,61,37,48],[59,11,39,12,54],[63,23,2,44,43,42,57,24],[64,50,25,19,51,26,56,32],[36,15,60,20,55,14,58,16],[7,34,17,4,45,33],[52,18,41,10,40,13],[3,29,22,49,31],[35,47,9,8,27],[5,53,28,46,62,65]],"fuel":1224.6176810714655,"distance":867.7291338446125},{"fuel":1195.146161247033,"trucks":[[17,64,24,57,42,43,44,2],[5,46,30,6,38,21,16],[29,22,62,65,23,63],[7,34,50,25,19,51,26],[54,12,60,15,36],[47,53,28,14,55,20,9],[3,31,49,48,37,61,58],[27,59,39,11,32,56],[18,41,13,8,35],[52,4,45,33,10,40]],"distance":867.8599673184227},{"distance":872.0993451147857,"trucks":[[17,64,24,57,42,43,44,2],[5,46,30,6,38,21,16],[63,29,22,62,65,23],[7,34,50,25,19,51,26],[54,12,60,15,36],[47,53,28,14,55,20,9],[3,31,49,48,37,61,58],[27,59,39,11,32,56],[18,41,13,8,35],[52,4,45,33,10,40]],"fuel":1194.0514471582717}],"benchmark":"P-n65-k10"}