{"optimalDistance":627,"benchmark":"P-n76-k5","fuelSequence":[1029.3072865792622,1029.3072865792622,1029.3072865792622,1029.3072865792622,1029.3072865792622,1029.3072865792622,1029.3072865792622,1029.3072865792622,1029.3072865792622,1029.3072865792622,1029.3072865792622,1022.8259252459069,1022.8259252459069,1022.8259252459069,1022.8259252459069,1021.4443198511276,1021.4443198511276,1021.4443198511276,1021.4443198511276,1019.8067620922288,1019.8067620922288,1019.8067620922288,1019.8067620922288,1019.8067620922288,1018.6326000002159,1018.6326000002159,1018.6326000002159,1018.6326000002159,1018.6326000002159,1018.6326000002159,1018.6326000002159,1013.3151266124942,1013.3151266124942,1013.3151266124942,1013.3151266124942,1013.3151266124942,1013.3151266124942,1013.3151266124942,1013.3151266124942,1013.3151266124942,1013.3151266124942,1013.3151266124942,1013.3151266124942,1009.1218013668032,1009.1218013668032,1009.1218013668032,1009.1218013668032,1009.1218013668032,1009.1218013668032,1009.1218013668032,1009.1218013668032,1009.1218013668032,1009.1218013668032,1009.1218013668032,1009.1218013668032,1009.1218013668032,1009.1218013668032,1009.1218013668032,1009.1218013668032,1008.8241438468584,1008.8241438468584,1008.8241438468584,1006.0186611255041,1006.0186611255041,1006.0186611255041,1006.0186611255041,1006.0186611255041,1006.0186611255041,1006.0186611255041,1006.0186611255041,1006.0186611255041,1006.0186611255041,1006.0186611255041,1006.0186611255041,1006.0186611255041,1006.0186611255041,1006.0186611255041,1006.0186611255041,1006.0186611255041,1006.0186611255041,1006.0186611255041,1006.0186611255041,1003.4166706586549,1003.4166706586549,1003.4166706586549,1003.4166706586549,1003.4166706586549,1003.4166706586549,1003.4166706586549,1003.4166706586549,1003.4166706586549,1003.4166706586549,1003.4166706586549,1003.4166706586549,1003.4166706586549,1003.4166706586549,1003.4166706586549,1003.4166706586549,1003.4166706586549,1003.4166706586549,1003.4166706586549,1003.4166706586549,1003.4166706586549,1003.4166706586549,1003.4166706586549,1003.4166706586549,1003.4166706586549,1003.4166706586549,1003.4166706586549,1003.4166706586549,1003.4166706586549,1003.4166706586549,1003.4166706586549,1003.4166706586549,1003.4166706586549,1003.4166706586549,1003.4166706586549,1003.4166706586549,1003.4166706586549,1003.4166706586549,1003.4166706586549,1003.4166706586549,1003.4166706586549,1003.4166706586549,1003.4166706586549,1003.4166706586549,1003.4166706586549,1003.4166706586549,1003.4166706586549,1002.6608962856335,1002.6608962856335,1002.6608962856335,1002.6608962856335,1002.6608962856335,1002.6608962856335,1002.6608962856335,1002.6608962856335,1002.6608962856335,1002.6608962856335,1002.6608962856335,1002.6608962856335,1002.6608962856335,1002.6608962856335,1002.6608962856335,1002.6608962856335,1002.6608962856335,1002.6608962856335,1002.6608962856335,1002.6608962856335,1002.6608962856335,1002.6608962856335,1002.6608962856335,1002.6608962856335,1002.6608962856335,1002.6608962856335,1002.6608962856335,1002.6608962856335,1002.6608962856335,1002.6608962856335,1002.6608962856335,1002.6608962856335,1002.6608962856335,1002.6608962856335,1002.6608962856335,1002.6608962856335,1002.6608962856335,1002.6608962856335,999.5143699502185,995.802405321938,995.802405321938,995.802405321938,995.802405321938,995.802405321938,995.802405321938,995.802405321938,995.802405321938,995.802405321938,995.802405321938,995.802405321938,995.802405321938,995.802405321938,995.802405321938,995.802405321938,995.802405321938,995.802405321938,995.802405321938,995.802405321938,995.802405321938,995.802405321938,995.802405321938,995.802405321938,995.802405321938,995.802405321938,995.802405321938,995.802405321938,995.802405321938,995.802405321938,995.802405321938,995.802405321938,995.802405321938,995.802405321938,995.802405321938,995.802405321938,995.802405321938,995.802405321938,995.802405321938,995.802405321938,995.802405321938,995.802405321938,995.802405321938,995.802405321938,995.802405321938,995.802405321938,995.802405321938,995.802405321938,995.802405321938,995.802405321938,995.802405321938,995.802405321938,995.802405321938,995.802405321938,995.802405321938,995.802405321938,995.802405321938,995.802405321938,995.802405321938,995.802405321938,995.802405321938,995.802405321938,995.802405321938,995.802405321938,995.802405321938,995.802405321938,995.802405321938,995.802405321938,995.802405321938,995.802405321938,995.802405321938,995.802405321938,995.802405321938,995.802405321938,995.802405321938,995.802405321938,995.802405321938,995.802405321938,995.802405321938,995.802405321938,995.802405321938,995.802405321938,995.802405321938,995.802405321938,995.802405321938,995.802405321938,995.802405321938,995.802405321938,995.802405321938,995.802405321938,995.802405321938,995.802405321938,995.802405321938,995.802405321938,995.802405321938,995.802405321938,995.802405321938,995.802405321938,995.802405321938,995.802405321938,995.802405321938,995.802405321938,995.802405321938,995.802405321938,995.802405321938,995.802405321938,995.802405321938,995.802405321938,995.802405321938,995.802405321938,995.802405321938,995.802405321938,995.802405321938,995.802405321938,995.802405321938,995.802405321938,995.802405321938,995.802405321938,995.802405321938,995.802405321938,995.802405321938,995.802405321938,995.802405321938,995.802405321938,995.802405321938,995.802405321938,995.802405321938,995.802405321938,995.802405321938,995.802405321938,995.802405321938,995.802405321938,995.802405321938,995.802405321938,995.802405321938,995.802405321938,995.802405321938,995.802405321938,995.802405321938,995.802405321938,995.802405321938,995.802405321938,995.802405321938,995.802405321938,995.802405321938,995.802405321938,995.802405321938,995.802405321938,995.802405321938,995.802405321938,995.802405321938,995.802405321938,995.802405321938,995.802405321938,995.802405321938,995.802405321938,995.802405321938,995.802405321938,995.802405321938,995.802405321938,995.802405321938,995.802405321938,995.802405321938,995.802405321938,995.802405321938,995.802405321938,995.802405321938,995.802405321938,995.802405321938,995.802405321938,995.802405321938,995.802405321938,995.802405321938,995.802405321938,995.802405321938,995.802405321938,995.802405321938,995.802405321938,995.802405321938,995.802405321938,995.802405321938,995.802405321938,995.802405321938,995.802405321938,995.802405321938,995.802405321938,995.802405321938,995.802405321938,995.802405321938,995.802405321938,995.802405321938,995.802405321938,995.802405321938,995.802405321938,995.802405321938,995.802405321938,995.802405321938,995.802405321938,995.802405321938,995.802405321938,995.802405321938,995.802405321938,995.802405321938,995.802405321938,995.802405321938,995.802405321938,995.802405321938,995.802405321938,995.802405321938,995.802405321938,995.802405321938,995.802405321938,995.802405321938,995.802405321938,995.802405321938,995.802405321938,995.802405321938,995.802405321938,995.802405321938,995.802405321938,995.802405321938,995.802405321938,995.802405321938,995.802405321938,995.802405321938,995.802405321938,995.802405321938,995.802405321938,995.802405321938,995.802405321938,995.802405321938,995.802405321938,995.802405321938,995.802405321938,995.802405321938,995.802405321938,995.802405321938,995.802405321938,995.802405321938,995.802405321938,995.802405321938,995.802405321938,995.802405321938,995.802405321938,995.802405321938,995.802405321938,995.802405321938,995.802405321938,995.802405321938,995.802405321938,995.802405321938,995.802405321938,995.802405321938,995.802405321938,995.802405321938,995.802405321938,995.802405321938,995.802405321938,995.802405321938,995.802405321938,995.802405321938,995.802405321938,995.802405321938,995.802405321938,995.802405321938,995.802405321938,995.802405321938,995.802405321938,995.802405321938,995.802405321938,995.802405321938,995.802405321938,995.802405321938,995.802405321938,995.802405321938,995.802405321938,995.802405321938,995.802405321938,995.802405321938,995.802405321938,