{"Optimal":627,"benchmark":"P-n76-k5","front":[{"distance":706.991138825319,"fuel":1012.5074384465529,"trucks":[[7,34,74,2,44,42,43,65,23,63,29,62,22,38,6],[52,17,64,24,57,50,25,19,51,26,56,32,11,39,66,60,36],[76,69,3,75,49,48,37,70,72,61,71,21,16,58,14,55,20,15],[47,9,8,54,12,67,59,73,40,10,33,45,4],[18,41,13,27,68,35,53,28,46,30,31,5]]}]}