{"Optimal":627,"front":[{"fuel":940.2610197145483,"distance":658.6914419717798,"trucks":[[13,59,11,39,66,67,12,54,15,60,20,55],[76,31,49,6,38,21,71,61,72,70,37,48,22,75,3,69],[52,18,41,33,45,4,50,25,19,51,26,56,32,10,40,73],[7,34,2,74,63,29,62,23,65,43,44,42,57,24,64,17],[27,68,8,36,9,47,35,53,28,14,58,16,30,46,5]]},{"fuel":938.5230295532796,"distance":658.7995348497839,"trucks":[[13,59,11,39,66,67,12,54,15,60,20,55],[76,69,3,75,22,48,37,70,72,61,71,21,38,6,49,31],[52,18,41,33,45,4,50,25,19,51,26,56,32,10,40,73],[7,34,2,74,63,29,62,23,65,43,44,42,57,24,64,17],[27,68,8,36,9,47,35,53,28,14,58,16,30,46,5]]}],"benchmark":"P-n76-k5"}