{"Optimal":549,"front":[{"distance":553.2673599367333,"fuel":782.3620553989899,"trucks":[[2,27,23,17,31,24,38,22,25,34,3],[10,35,20,21,7,19,14,11],[28,39,33,26,13,12,16,6],[4,29,5,36,18,37,32],[9,15,8,30]]},{"distance":553.2738052452703,"trucks":[[2,27,3,34,22,25,38,24,31,17,23],[10,35,20,21,7,19,14,11],[28,39,33,26,13,12,16,6],[4,29,5,36,18,37,32],[9,15,8,30]],"fuel":771.1117296591376},{"trucks":[[2,27,3,34,22,25,38,24,31,17,23],[10,35,20,21,7,19,11,14],[28,39,33,26,13,12,16,6],[4,29,5,36,18,37,32],[9,15,8,30]],"fuel":770.8827488360446,"distance":553.4179928277429}],"benchmark":"B-n39-k5"}