{"front":[{"trucks":[[10,35,21,20,7,19,14,11],[4,29,5,36,18,37,32],[2,27,23,17,31,24,38,22,25,34,3],[9,15,8,30],[28,39,33,26,13,12,16,6]],"distance":553.2673599367333,"fuel":782.3620553989899},{"trucks":[[10,35,20,21,7,19,14,11],[4,29,5,36,18,37,32],[2,27,3,34,22,25,38,24,31,17,23],[9,15,8,30],[28,39,33,26,13,12,16,6]],"distance":553.2738052452703,"fuel":771.1117296591376},{"trucks":[[10,35,20,21,7,19,11,14],[4,29,5,36,18,37,32],[2,27,3,34,22,25,38,24,31,17,23],[9,15,8,30],[28,39,33,26,13,12,16,6]],"distance":553.4179928277429,"fuel":770.8827488360446}],"benchmark":"B-n39-k5","Optimal":549}