{"front":[{"fuel":771.1117296591376,"distance":553.2738052452703,"trucks":[[10,35,20,21,7,19,14,11],[4,29,5,36,18,37,32],[2,27,3,34,25,22,38,24,31,17,23],[28,39,33,26,13,12,16,6],[9,15,8,30]]},{"fuel":770.8827488360446,"distance":553.4179928277429,"trucks":[[10,35,20,21,7,19,11,14],[4,29,5,36,18,37,32],[2,27,3,34,25,22,38,24,31,17,23],[28,39,33,26,13,12,16,6],[9,15,8,30]]}],"Optimal":549,"benchmark":"B-n39-k5"}