{"Optimal":549,"benchmark":"B-n39-k5","front":[{"distance":563.0492587069022,"fuel":784.2349406900496,"trucks":[[10,35,20,21,7,19,14,11],[4,29,18,28,36,5,37],[2,26,27,13,12,16,6],[32,39,33,3,34,25,22,38,24,31,17,23],[9,15,8,30]]},{"trucks":[[10,35,20,21,7,19,14,11],[4,29,37,5,36,28,18],[2,26,27,13,12,16,6],[32,39,33,3,34,22,25,38,24,31,17,23],[9,15,8,30]],"distance":563.5827931857115,"fuel":781.3222483172244},{"trucks":[[10,35,21,20,7,19,14,11],[4,29,37,5,36,18,28],[2,26,27,13,12,16,6],[32,39,33,3,34,22,25,38,24,31,17,23],[9,15,8,30]],"distance":563.655281876002,"fuel":779.8581513441507},{"trucks":[[10,35,21,20,7,19,11,14],[4,29,37,5,36,18,28],[2,26,27,13,12,16,6],[32,39,33,3,34,22,25,38,24,31,17,23],[9,15,8,30]],"distance":563.7994694584746,"fuel":779.6291705210576}]}