{"Optimal":549,"front":[{"distance":553.2673599367333,"trucks":[[28,39,33,26,13,12,16,6],[2,27,23,17,31,24,38,22,25,34,3],[10,35,20,21,7,19,14,11],[4,29,5,36,18,37,32],[9,15,8,30]],"fuel":782.3620553989899},{"trucks":[[28,39,33,26,13,12,16,6],[2,27,23,17,31,24,38,22,25,34,3],[10,35,20,21,7,19,11,14],[4,29,5,36,18,37,32],[9,15,8,30]],"distance":553.4115475192058,"fuel":782.133074575897}],"benchmark":"B-n39-k5"}