{"benchmark":"A-n37-k5","optimalDistance":669,"fuelSequence":[1042.1626889539193,1042.1626889539193,1042.1626889539193,1042.1626889539193,1042.1626889539193,1042.1626889539193,1042.1626889539193,1042.1626889539193,1042.1626889539193,1042.1626889539193,1042.1626889539193,1042.1626889539193,1042.1626889539193,1042.1626889539193,1042.1626889539193,1042.1626889539193,1042.1626889539193,1042.1626889539193,1042.1626889539193,1042.1626889539193,1042.1626889539193,1042.1626889539193,1042.1626889539193,1042.1626889539193,1042.1626889539193,1042.1626889539193,1042.1626889539193,1042.1626889539193,1042.1626889539193,1042.1626889539193,1042.1626889539193,1042.1626889539193,1042.1626889539193,1042.1626889539193,1042.1626889539193,1042.1626889539193,1042.1626889539193,1042.1626889539193,1042.1626889539193,1042.1626889539193,1042.1626889539193,1042.1626889539193,1042.1626889539193,1042.1626889539193,1042.1626889539193,1042.1626889539193,1042.1626889539193,1042.1626889539193,1042.1626889539193,1042.1626889539193,1042.1626889539193,1042.1626889539193,1042.1626889539193,1042.1626889539193,1042.1626889539193,1042.1626889539193,1042.1626889539193,1042.1626889539193,1042.1626889539193,1042.1626889539193,1042.1626889539193,1042.1626889539193,1042.1626889539193,1042.1626889539193,1042.1626889539193,1042.1626889539193,1042.1626889539193,1042.1626889539193,1042.1626889539193,1042.1626889539193,1042.1626889539193,1042.1626889539193,1042.1626889539193,1042.1626889539193,1042.1626889539193,1042.1626889539193,1042.1626889539193,1042.1626889539193,1042.1626889539193,1042.1626889539193,1042.1626889539193,1042.1626889539193,1042.1626889539193,1042.1626889539193,1042.1626889539193,1042.1626889539193,1042.1626889539193,1042.1626889539193,1042.1626889539193,1042.1626889539193,1042.1626889539193,1042.1626889539193,1042.1626889539193,1042.1626889539193,1042.1626889539193,1042.1626889539193,1042.1626889539193,1042.1626889539193,1042.1626889539193,1042.1626889539193,1042.1626889539193,1042.1626889539193,1042.1626889539193,1042.1626889539193,1042.1626889539193,1042.1626889539193,1042.1626889539193,1042.1626889539193,1042.1626889539193,1042.1626889539193,1042.1626889539193,1042.1626889539193,1042.1626889539193,1042.1626889539193,1042.1626889539193,1042.1626889539193,1042.1626889539193,1042.1626889539193,1042.1626889539193,1042.1626889539193,1042.1626889539193,1042.1626889539193,1042.1626889539193,1042.1626889539193,1042.1626889539193,1042.1626889539193,1042.1626889539193,1042.1626889539193,1042.1626889539193,1042.1626889539193,1042.1626889539193,1042.1626889539193,1042.1626889539193,1042.1626889539193,1042.1626889539193,1042.1626889539193,1042.1626889539193,1042.1626889539193,1042.1626889539193,1042.1626889539193,1042.1626889539193,1042.1626889539193,1042.1626889539193,1042.1626889539193,1042.1626889539193,1042.1626889539193,1042.1626889539193,1042.1626889539193,1042.1626889539193,1042.1626889539193,1042.1626889539193,1042.1626889539193,1042.1626889539193,1042.1626889539193,1042.1626889539193,1042.1626889539193,1042.1626889539193,1042.1626889539193,1042.1626889539193,1042.1626889539193,1042.1626889539193,1042.1626889539193,1042.1626889539193,1042.1626889539193,1042.1626889539193,1042.1626889539193,1042.1626889539193,1042.1626889539193,1042.1626889539193,1042.1626889539193,1042.1626889539193,1042.1626889539193,1042.1626889539193,1042.1626889539193,1042.1626889539193,1042.1626889539193,1042.1626889539193,1042.1626889539193,1042.1626889539193,1042.1626889539193,1042.1626889539193,1042.1626889539193,1036.6156695873783,1036.6156695873783,1036.6156695873783,1036.6156695873783,1036.6156695873783,1036.6156695873783,1036.6156695873783,1036.6156695873783,1036.6156695873783,1036.6156695873783,1036.6156695873783,1036.6156695873783,1036.6156695873783,1036.6156695873783,1036.6156695873783,1036.6156695873783,1036.6156695873783,1036.6156695873783,1036.6156695873783,1036.6156695873783,1036.6156695873783,1036.6156695873783,1036.6156695873783,1036.6156695873783,1036.6156695873783,1036.6156695873783,1036.6156695873783,1036.6156695873783,1036.6156695873783,1036.6156695873783,1036.6156695873783,1036.6156695873783,1036.6156695873783,1021.5559390802902,1021.5559390802902,1021.5559390802902,1021.5559390802902,1021.5559390802902,1021.5559390802902,1021.5559390802902,1021.5559390802902,1021.5559390802902,1021.5559390802902,1021.5559390802902,1021.5559390802902,1021.5559390802902,1021.5559390802902,1021.5559390802902,1021.5559390802902,1021.5559390802902,1021.5559390802902,1021.5559390802902,1021.5559390802902,1021.5559390802902,1021.5559390802902,1021.5559390802902,1021.5559390802902,1021.5559390802902,1021.5559390802902,1021.5559390802902,1021.5559390802902,1021.5559390802902,1015.303123395507,1015.303123395507,1015.303123395507,1015.303123395507,1015.303123395507,1015.303123395507,1015.303123395507,1015.303123395507,1015.303123395507,1015.303123395507,1015.303123395507,1015.303123395507,1015.303123395507,1015.303123395507,1015.303123395507,1015.303123395507,1015.303123395507,1015.303123395507,1015.303123395507,1015.303123395507,1015.303123395507,1015.303123395507,1015.303123395507,1015.303123395507,1015.303123395507,1015.303123395507,1015.303123395507,1015.303123395507,1015.303123395507,1015.303123395507,1015.303123395507,1015.303123395507,1015.303123395507,1015.303123395507,1015.303123395507,1015.303123395507,1015.303123395507,1015.303123395507,1015.303123395507,1015.303123395507,1015.303123395507,1015.303123395507,1015.303123395507,1015.303123395507,1015.303123395507,1015.303123395507,1015.303123395507,1015.303123395507,1015.303123395507,1015.303123395507,1015.303123395507,1015.303123395507,1015.303123395507,1015.303123395507,1015.303123395507,1015.303123395507,1015.303123395507,1015.303123395507,1015.303123395507,1015.303123395507,1015.303123395507,1015.303123395507,1015.303123395507,1015.303123395507,1015.303123395507,1015.303123395507,1015.303123395507,1015.303123395507,1015.303123395507,1015.303123395507,1015.303123395507,1015.303123395507,1015.303123395507,1015.303123395507,1015.303123395507,1015.303123395507,1015.303123395507,1015.303123395507,1015.303123395507,1015.303123395507,1015.303123395507,1015.303123395507,1015.303123395507,1015.303123395507,1015.303123395507,1015.303123395507,1015.303123395507,1015.303123395507,1015.303123395507,1015.303123395507,1015.303123395507,1015.303123395507,1015.303123395507,1015.303123395507,1015.303123395507,1015.303123395507,1015.303123395507,1015.303123395507,1015.303123395507,1015.303123395507,1015.303123395507,1015.303123395507,1015.303123395507,1015.303123395507,1015.303123395507,1015.303123395507,1015.303123395507,1015.303123395507,1015.303123395507,1015.303123395507,1015.303123395507,1015.303123395507,1015.303123395507,1015.303123395507,1015.303123395507,1015.303123395507,1015.303123395507,1015.303123395507,1012.5991204692763,1012.5991204692763,1012.5991204692763,1012.5991204692763,1010.7247495030216,1010.7247495030216,1010.7247495030216,1010.7247495030216,1010.7247495030216,1010.7247495030216,1010.7247495030216,1010.7247495030216,1010.7247495030216,1010.7247495030216,1010.7247495030216,1010.7247495030216,1010.7247495030216,1010.7247495030216,1010.7247495030216,1010.7247495030216,1010.7247495030216,1010.7247495030216,1010.7247495030216,1010.7247495030216,1010.7247495030216,1010.7247495030216,1010.7247495030216,1010.7247495030216,1010.7247495030216,1010.7247495030216,1010.7247495030216,1010.7247495030216,1010.7247495030216,1010.7247495030216,1010.7247495030216,1010.7247495030216,1010.7247495030216,1010.7247495030216,1010.7247495030216,1010.7247495030216,1010.7247495030216,1010.7247495030216,1010.7247495030216,1010.7247495030216,1010.7247495030216,1010.7247495030216,1010.7247495030216,1010.7247495030216,1010.7247495030216,1010.7247495030216,1010.7247495030216,1010.7247495030216,1010.7247495030216,1010.7247495030216,1010.7247495030216,1010.7247495030216,1010.7247495030216,983.5895988154859,983.5895988154859,983.5895988154859,983.5895988154859,983.5895988154859,