{"Optimal":669,"front":[{"fuel":1039.4702961196178,"distance":728.6165292187552,"trucks":[[16,31,26,36,19,27,32,29,33,30],[2,7,11,3,20,21,24,15,18],[17,23,14,6,34,5,8],[22,4,25,12,10,28,9,13],[35,37]]},{"fuel":1015.8181359540635,"distance":735.290294430405,"trucks":[[16,31,26,19,36,27,32,29,33,30],[17,23,14,6,34,5,8],[15,21,20,3,7,13,11],[22,2,18,24,9,12,28,10,25,4],[35,37]]},{"fuel":1003.9887411563441,"distance":744.2580618962692,"trucks":[[13,3,20,21,24,18,15,2],[35,30,33,29,32,27,19,36,26,31],[22,17,8,5,37,16],[23,14,34,6,7,11],[4,9,28,10,12,25]]}],"benchmark":"A-n37-k5"}